Hour,GeneratorKey,BA,Fuel_Type,Power_MW,Status,Startup
1,3243,AESO,BIO,21.335,1.0,0.0
1,3284,AESO,BIO,21.25,1.0,0.0
1,3292,AESO,BIO,11.6,1.0,0.0
1,3343,AESO,BIO,5.07,1.0,0.0
1,3384,AESO,BIO,14.28,1.0,0.0
1,3385,AESO,BIO,14.28,1.0,0.0
1,3386,AESO,BIO,6.16,1.0,0.0
1,9565,AESO,BIO,4.94,1.0,0.0
1,9566,AESO,BIO,7.54,1.0,0.0
1,9592,AESO,BIO,4.5,1.0,0.0
1,13106,AESO,BIO,30.0,1.0,0.0
1,3218,AESO,NG,407.0,1.0,0.0
1,3219,AESO,NG,148.0,1.0,0.0
1,3220,AESO,NG,148.0,1.0,0.0
1,3221,AESO,NG,408.0,1.0,0.0
1,3222,AESO,NG,408.0,1.0,0.0
1,3238,AESO,NG,151.0,1.0,0.0
1,9198,AESO,NG,280.0,1.0,0.0
1,3017,AESO,NG,101.0,1.0,0.0
1,3041,AESO,NG,1.0,1.0,0.0
1,3042,AESO,NG,1.0,1.0,0.0
1,3043,AESO,NG,1.0,1.0,0.0
1,3044,AESO,NG,1.0,1.0,0.0
1,3047,AESO,NG,105.0,1.0,0.0
1,3072,AESO,NG,101.0,1.0,0.0
1,3096,AESO,NG,3.24,1.0,0.0
1,3126,AESO,NG,46.0,1.0,0.0
1,3139,AESO,NG,3.0,1.0,0.0
1,3190,AESO,NG,21.6,1.0,0.0
1,3217,AESO,NG,48.0,1.0,0.0
1,3232,AESO,NG,101.0,1.0,0.0
1,3235,AESO,NG,13.5,1.0,0.0
1,3242,AESO,NG,18.0,1.0,0.0
1,3244,AESO,NG,50.0,1.0,0.0
1,3245,AESO,NG,20.25,1.0,0.0
1,3249,AESO,NG,8.4,1.0,0.0
1,3250,AESO,NG,36.5,1.0,0.0
1,3254,AESO,NG,101.0,1.0,0.0
1,3259,AESO,NG,10.66,1.0,0.0
1,3261,AESO,NG,9.828,1.0,0.0
1,3263,AESO,NG,10.348,1.0,0.0
1,3357,AESO,NG,1.8,1.0,0.0
1,3358,AESO,NG,1.8,1.0,0.0
1,3359,AESO,NG,2.94,1.0,0.0
1,3370,AESO,NG,47.5,1.0,0.0
1,5241,AESO,NG,48.0,1.0,0.0
1,5274,AESO,NG,48.0,1.0,0.0
1,5302,AESO,NG,48.0,1.0,0.0
1,5802,AESO,NG,120.0,1.0,0.0
1,6087,AESO,NG,330.0,1.0,0.0
1,6150,AESO,NG,120.0,1.0,0.0
1,6611,AESO,NG,128.0,1.0,0.0
1,7724,AESO,NG,3.6,1.0,0.0
1,7725,AESO,NG,3.15,1.0,0.0
1,7727,AESO,NG,2.7,1.0,0.0
1,7851,AESO,NG,1.35,1.0,0.0
1,7852,AESO,NG,0.9,1.0,0.0
1,8055,AESO,NG,7.2,1.0,0.0
1,8417,AESO,NG,63.45,1.0,0.0
1,8781,AESO,NG,1.35,1.0,0.0
1,8782,AESO,NG,1.575,1.0,0.0
1,8783,AESO,NG,1.35,1.0,0.0
1,10169,AESO,NG,195.0,1.0,0.0
1,10179,AESO,NG,783.9746052999997,1.0,0.0
1,13133,AESO,NG,16.8,1.0,0.0
1,13136,AESO,NG,8.25,1.0,0.0
1,13137,AESO,NG,8.75,1.0,0.0
1,14586,AESO,NG,9.45,1.0,0.0
1,14605,AESO,NG,199.0,1.0,0.0
1,14624,AESO,NG,21.0,1.0,0.0
1,14625,AESO,NG,21.0,1.0,0.0
1,14644,AESO,NG,21.0,1.0,0.0
1,14662,AESO,NG,21.0,1.0,0.0
1,15481,AESO,NG,3.25,1.0,0.0
1,15482,AESO,NG,3.25,1.0,0.0
1,15483,AESO,NG,3.25,1.0,0.0
1,15484,AESO,NG,3.25,1.0,0.0
1,15485,AESO,NG,3.25,1.0,0.0
1,15659,AESO,NG,164.4,1.0,0.0
1,15660,AESO,NG,164.4,1.0,0.0
1,15661,AESO,NG,162.4,1.0,0.0
1,15662,AESO,NG,162.4,1.0,0.0
1,15663,AESO,NG,141.2,1.0,0.0
1,15667,AESO,NG,160.4,1.0,0.0
1,16052,AESO,NG,605.2,1.0,0.0
1,16053,AESO,NG,262.8,1.0,0.0
1,2190,AVA,BIO,2.79,1.0,0.0
1,2200,AVA,BIO,26.0,1.0,0.0
1,8427,AVA,NG,301.49,1.0,0.0
1,9848,AVA,NG,287.0,1.0,0.0
1,14033,AZPS,BIO,28.0,1.0,0.0
1,16040,AZPS,NG,252.4,1.0,0.0
1,16041,AZPS,NG,252.4,1.0,0.0
1,16042,AZPS,NG,252.4,1.0,0.0
1,16043,AZPS,NG,252.4,1.0,0.0
1,16070,AZPS,NG,136.428,1.0,0.0
1,13708,BANC,NG,8.1,1.0,0.0
1,15928,BANC,NG,180.0,1.0,0.0
1,15929,BANC,NG,180.0,1.0,0.0
1,16060,BANC,NG,144.375,1.0,0.0
1,16061,BANC,NG,144.375,1.0,0.0
1,2516,BCHA,BIO,30.461,1.0,0.0
1,2634,BCHA,BIO,9.18,1.0,0.0
1,2644,BCHA,BIO,24.75,1.0,0.0
1,2645,BCHA,BIO,0.75,1.0,0.0
1,2646,BCHA,BIO,0.75,1.0,0.0
1,2647,BCHA,BIO,0.75,1.0,0.0
1,2648,BCHA,BIO,0.8325,1.0,0.0
1,2744,BCHA,BIO,4.8,1.0,0.0
1,2745,BCHA,BIO,8.4,1.0,0.0
1,2766,BCHA,BIO,3.375,1.0,0.0
1,2990,BCHA,BIO,52.29,1.0,0.0
1,2991,BCHA,BIO,48.0,1.0,0.0
1,6066,BCHA,BIO,1.44,1.0,0.0
1,6104,BCHA,BIO,14.4,1.0,0.0
1,6155,BCHA,BIO,0.378,1.0,0.0
1,6833,BCHA,BIO,0.309,1.0,0.0
1,7014,BCHA,BIO,0.102,1.0,0.0
1,7068,BCHA,BIO,16.5,1.0,0.0
1,8349,BCHA,BIO,11.4,1.0,0.0
1,11890,BCHA,BIO,1.0,1.0,0.0
1,11891,BCHA,BIO,1.0,1.0,0.0
1,15470,BCHA,BIO,12.0,1.0,0.0
1,15471,BCHA,BIO,9.0,1.0,0.0
1,15664,BCHA,BIO,12.0,1.0,0.0
1,10736,BCHA,GEO,107.0,1.0,1.0
1,3040,AESO,NG,0.192,1.0,0.0
1,3247,AESO,NG,12.0,1.0,0.0
1,3248,AESO,NG,9.0,1.0,0.0
1,5051,BCHA,NG,290.0,1.0,0.0
1,6625,AESO,NG,11.25,1.0,0.0
1,6755,AESO,NG,101.0,1.0,0.0
1,7003,AESO,NG,27.9,1.0,0.0
1,7726,AESO,NG,1.845,1.0,0.0
1,8260,AESO,NG,20.7,1.0,0.0
1,8632,AESO,NG,2.475,1.0,0.0
1,9134,AESO,NG,9.0,1.0,0.0
1,9219,AESO,NG,189.2,1.0,0.0
1,11725,AESO,NG,1.0,1.0,0.0
1,11726,AESO,NG,1.0,1.0,0.0
1,11841,AESO,NG,1.0,1.0,0.0
1,11842,AESO,NG,1.0,1.0,0.0
1,11914,AESO,NG,1.0,1.0,0.0
1,11915,AESO,NG,1.0,1.0,0.0
1,11916,AESO,NG,1.0,1.0,0.0
1,13128,AESO,NG,6.75,1.0,0.0
1,13129,AESO,NG,6.75,1.0,0.0
1,13134,AESO,NG,1.6,1.0,0.0
1,13135,AESO,NG,1.6,1.0,0.0
1,14834,AESO,NG,22.622,1.0,0.0
1,15656,AESO,NG,408.0,1.0,0.0
1,15657,AESO,NG,418.5,1.0,0.0
1,15658,AESO,NG,430.0,1.0,0.0
1,15674,AESO,NG,10.0,1.0,0.0
1,15675,AESO,NG,1.0,1.0,0.0
1,15676,AESO,NG,1.0,1.0,0.0
1,15677,AESO,NG,3.0,1.0,0.0
1,2051,BPAT,BIO,8.1,1.0,0.0
1,2076,BPAT,BIO,0.35,1.0,0.0
1,2077,BPAT,BIO,20.0,1.0,0.0
1,2078,BPAT,BIO,25.0,1.0,0.0
1,2079,BPAT,BIO,12.25,1.0,0.0
1,6343,BPAT,BIO,0.16,1.0,0.0
1,6344,BPAT,BIO,0.16,1.0,0.0
1,6345,BPAT,BIO,0.3,1.0,0.0
1,6346,BPAT,BIO,0.3,1.0,0.0
1,9593,BPAT,BIO,5.0,1.0,0.0
1,9595,BPAT,BIO,31.28,1.0,0.0
1,13116,BPAT,BIO,8.0,1.0,0.0
1,14572,BPAT,BIO,1.0,1.0,0.0
1,2063,BPAT,NG,148.8,1.0,0.0
1,6835,BPAT,NG,162.0,1.0,0.0
1,14571,BPAT,NG,9.9,1.0,0.0
1,2491,BPAT,NUCLEAR,1186.0,1.0,0.0
1,437,CENACE,GEO,25.0,1.0,1.0
1,438,CENACE,GEO,25.0,1.0,1.0
1,439,CENACE,GEO,25.0,1.0,1.0
1,440,CENACE,GEO,25.0,1.0,1.0
1,441,CENACE,GEO,30.0,1.0,1.0
1,446,CENACE,GEO,110.0,1.0,1.0
1,447,CENACE,GEO,110.0,1.0,1.0
1,448,CENACE,GEO,110.0,1.0,1.0
1,457,CENACE,GEO,110.0,1.0,1.0
1,8227,CENACE,NG,277.0,1.0,0.0
1,14839,CENACE,NG,248.0,1.0,0.0
1,15254,CENACE,NG,793.0,1.0,0.0
1,15341,CENACE,NG,1.0,1.0,0.0
1,15991,CENACE,NG,165.0,1.0,0.0
1,15992,CENACE,NG,165.0,1.0,0.0
1,15993,CENACE,NG,405.0,1.0,0.0
1,548,CISO,BIO,2.999999999985448,1.0,0.0
1,549,CISO,BIO,0.95,1.0,0.0
1,550,CISO,BIO,5.0,1.0,0.0
1,551,CISO,BIO,3.0,1.0,0.0
1,555,CISO,BIO,2.9,1.0,0.0
1,570,CISO,BIO,1.88,1.0,0.0
1,572,CISO,BIO,1.88,1.0,0.0
1,629,CISO,BIO,47.0,1.0,0.0
1,633,CISO,BIO,34.0,1.0,0.0
1,795,CISO,BIO,24.5,1.0,0.0
1,836,CISO,BIO,1.3,1.0,0.0
1,1008,CISO,BIO,1.88,1.0,0.0
1,1154,CISO,BIO,25.0,1.0,0.0
1,1156,CISO,BIO,10.5,1.0,0.0
1,1168,CISO,BIO,10.8,1.0,0.0
1,1178,CISO,BIO,28.5,1.0,0.0
1,1187,CISO,BIO,24.48,1.0,0.0
1,1188,CISO,BIO,22.0,1.0,0.0
1,1297,CISO,BIO,30.5,1.0,0.0
1,1300,CISO,BIO,12.0,1.0,0.0
1,1331,CISO,BIO,57.43,1.0,0.0
1,1392,CISO,BIO,24.2,1.0,0.0
1,1398,CISO,BIO,2.57,1.0,0.0
1,1399,CISO,BIO,2.57,1.0,0.0
1,1400,CISO,BIO,2.57,1.0,0.0
1,1401,CISO,BIO,2.57,1.0,0.0
1,1402,CISO,BIO,2.57,1.0,0.0
1,1403,CISO,BIO,2.57,1.0,0.0
1,1404,CISO,BIO,2.57,1.0,0.0
1,1413,CISO,BIO,10.0,1.0,0.0
1,1589,CISO,BIO,8.6,1.0,0.0
1,1590,CISO,BIO,5.7,1.0,0.0
1,1634,CISO,BIO,13.8,1.0,0.0
1,1635,CISO,BIO,12.5,1.0,0.0
1,1636,CISO,BIO,12.5,1.0,0.0
1,1637,CISO,BIO,12.5,1.0,0.0
1,1638,CISO,BIO,19.9,1.0,0.0
1,1768,CISO,BIO,22.0,1.0,0.0
1,1774,CISO,BIO,13.1,1.0,0.0
1,1793,CISO,BIO,29.07,1.0,0.0
1,1794,CISO,BIO,25.5,1.0,0.0
1,1838,CISO,BIO,17.2,1.0,0.0
1,1839,CISO,BIO,24.4,1.0,0.0
1,5728,CISO,BIO,1.25,1.0,0.0
1,5729,CISO,BIO,1.25,1.0,0.0
1,5809,CISO,BIO,3.0,1.0,0.0
1,5865,CISO,BIO,0.75,1.0,0.0
1,5866,CISO,BIO,0.75,1.0,0.0
1,5872,CISO,BIO,14.4,1.0,0.0
1,5899,CISO,BIO,4.0,1.0,0.0
1,5900,CISO,BIO,3.7,1.0,0.0
1,5901,CISO,BIO,0.3,1.0,0.0
1,5999,CISO,BIO,37.828,1.0,0.0
1,6045,CISO,BIO,9.8,1.0,0.0
1,6069,CISO,BIO,4.6,1.0,0.0
1,6070,CISO,BIO,4.6,1.0,0.0
1,6071,CISO,BIO,4.6,1.0,0.0
1,6116,CISO,BIO,1.1,1.0,0.0
1,6117,CISO,BIO,1.1,1.0,0.0
1,6349,CISO,BIO,1.5,1.0,0.0
1,6352,CISO,BIO,1.2,1.0,0.0
1,6492,CISO,BIO,24.5,1.0,0.0
1,6601,CISO,BIO,1.5,1.0,0.0
1,6602,CISO,BIO,1.5,1.0,0.0
1,6603,CISO,BIO,1.5,1.0,0.0
1,6651,CISO,BIO,1.35,1.0,0.0
1,6652,CISO,BIO,1.35,1.0,0.0
1,6653,CISO,BIO,1.35,1.0,0.0
1,6710,CISO,BIO,20.0,1.0,0.0
1,6756,CISO,BIO,0.7,1.0,0.0
1,7146,CISO,BIO,0.2,1.0,0.0
1,7147,CISO,BIO,0.2,1.0,0.0
1,7373,CISO,BIO,4.4,1.0,0.0
1,7374,CISO,BIO,3.0,1.0,0.0
1,7388,CISO,BIO,27.15,1.0,0.0
1,7556,CISO,BIO,0.8,1.0,0.0
1,7557,CISO,BIO,0.8,1.0,0.0
1,7558,CISO,BIO,0.8,1.0,0.0
1,7559,CISO,BIO,0.8,1.0,0.0
1,7560,CISO,BIO,0.8,1.0,0.0
1,7561,CISO,BIO,0.8,1.0,0.0
1,7780,CISO,BIO,2.9,1.0,0.0
1,7816,CISO,BIO,1.3,1.0,0.0
1,7840,CISO,BIO,1.25,1.0,0.0
1,7841,CISO,BIO,1.25,1.0,0.0
1,7860,CISO,BIO,3.0,1.0,0.0
1,7861,CISO,BIO,3.0,1.0,0.0
1,7862,CISO,BIO,1.6,1.0,0.0
1,7868,CISO,BIO,6.5,1.0,0.0
1,7869,CISO,BIO,4.9,1.0,0.0
1,8080,CISO,BIO,23.8,1.0,0.0
1,8084,CISO,BIO,1.88,1.0,0.0
1,8085,CISO,BIO,1.88,1.0,0.0
1,8162,CISO,BIO,1.6,1.0,0.0
1,8163,CISO,BIO,2.7,1.0,0.0
1,8311,CISO,BIO,0.46,1.0,0.0
1,8312,CISO,BIO,2.29,1.0,0.0
1,8313,CISO,BIO,2.2,1.0,0.0
1,8371,CISO,BIO,3.0,1.0,0.0
1,8403,CISO,BIO,2.8,1.0,0.0
1,8404,CISO,BIO,3.3,1.0,0.0
1,8405,CISO,BIO,3.3,1.0,0.0
1,8406,CISO,BIO,3.3,1.0,0.0
1,8434,CISO,BIO,1.2,1.0,0.0
1,8682,CISO,BIO,3.0,1.0,0.0
1,8685,CISO,BIO,11.16,1.0,0.0
1,8811,CISO,BIO,1.3,1.0,0.0
1,8812,CISO,BIO,1.3,1.0,0.0
1,9227,CISO,BIO,3.0,1.0,0.0
1,9228,CISO,BIO,1.2,1.0,0.0
1,9229,CISO,BIO,1.2,1.0,0.0
1,9242,CISO,BIO,3.05,1.0,0.0
1,9322,CISO,BIO,2.8,1.0,0.0
1,9337,CISO,BIO,1.8,1.0,0.0
1,9338,CISO,BIO,1.8,1.0,0.0
1,9399,CISO,BIO,1.2,1.0,0.0
1,9723,CISO,BIO,0.5,1.0,0.0
1,10025,CISO,BIO,1.6,1.0,0.0
1,10026,CISO,BIO,1.0,1.0,0.0
1,10027,CISO,BIO,1.0,1.0,0.0
1,10028,CISO,BIO,1.4,1.0,0.0
1,10227,CISO,BIO,35.2,1.0,0.0
1,11103,CISO,BIO,28.24,1.0,0.0
1,11120,CISO,BIO,50.0,1.0,0.0
1,11138,CISO,BIO,5.0,1.0,0.0
1,12396,CISO,BIO,1.0,1.0,0.0
1,12397,CISO,BIO,0.4,1.0,0.0
1,12837,CISO,BIO,1.5,1.0,0.0
1,13104,CISO,BIO,50.0,1.0,0.0
1,13107,CISO,BIO,30.0,1.0,0.0
1,14499,CISO,BIO,26.5,1.0,0.0
1,14833,CISO,BIO,18.13,1.0,0.0
1,14884,CISO,BIO,1.2,1.0,0.0
1,14896,CISO,BIO,5.0,1.0,0.0
1,15377,CISO,BIO,12.0,1.0,0.0
1,15432,CISO,BIO,32.0,1.0,0.0
1,15783,CISO,BIO,4.7,1.0,0.0
1,15794,CISO,BIO,28.5,1.0,0.0
1,15797,CISO,BIO,24.0,1.0,0.0
1,15798,CISO,BIO,24.0,1.0,0.0
1,442,CISO,GEO,35.7,1.0,1.0
1,443,CISO,GEO,35.7,1.0,1.0
1,444,CISO,GEO,35.7,1.0,1.0
1,445,CISO,GEO,35.7,1.0,1.0
1,656,CISO,GEO,26.66667,1.0,1.0
1,657,CISO,GEO,26.66667,1.0,1.0
1,658,CISO,GEO,26.66667,1.0,1.0
1,663,CISO,GEO,16.0,1.0,1.0
1,664,CISO,GEO,16.0,1.0,1.0
1,665,CISO,GEO,16.0,1.0,1.0
1,1005,CISO,GEO,30.0,1.0,1.0
1,1006,CISO,GEO,30.0,1.0,1.0
1,1007,CISO,GEO,30.0,1.0,1.0
1,1265,CISO,GEO,1.5,1.0,1.0
1,1266,CISO,GEO,1.5,1.0,1.0
1,1597,CISO,GEO,11.0,1.0,1.0
1,1598,CISO,GEO,11.0,1.0,1.0
1,1602,CISO,GEO,47.0,1.0,1.0
1,1603,CISO,GEO,50.0,1.0,1.0
1,1604,CISO,GEO,72.0,1.0,1.0
1,1605,CISO,GEO,75.5,1.0,1.0
1,1606,CISO,GEO,27.5,1.0,1.0
1,1607,CISO,GEO,63.0,1.0,1.0
1,1608,CISO,GEO,70.0,1.0,1.0
1,1609,CISO,GEO,73.0,1.0,1.0
1,1610,CISO,GEO,57.0,1.0,1.0
1,1611,CISO,GEO,86.8,1.0,1.0
1,1612,CISO,GEO,47.9,1.0,1.0
1,1613,CISO,GEO,47.9,1.0,1.0
1,1614,CISO,GEO,49.215,1.0,1.0
1,1615,CISO,GEO,49.215,1.0,1.0
1,1616,CISO,GEO,12.5,1.0,1.0
1,1617,CISO,GEO,12.5,1.0,1.0
1,1618,CISO,GEO,6.5,1.0,1.0
1,1619,CISO,GEO,6.5,1.0,1.0
1,1620,CISO,GEO,36.0,1.0,1.0
1,1621,CISO,GEO,36.0,1.0,1.0
1,7684,CISO,GEO,20.0,1.0,1.0
1,7942,CISO,GEO,11.0,1.0,1.0
1,7943,CISO,GEO,11.0,1.0,1.0
1,8300,CISO,GEO,5.0,1.0,1.0
1,8301,CISO,GEO,5.0,1.0,1.0
1,8302,CISO,GEO,5.0,1.0,1.0
1,11122,CISO,GEO,78.0,1.0,1.0
1,13026,CISO,GEO,14.0,1.0,1.0
1,13102,CISO,GEO,51.9,1.0,1.0
1,13103,CISO,GEO,51.9,1.0,1.0
1,13105,CISO,GEO,59.0,1.0,1.0
1,14055,CISO,GEO,38.85,1.0,1.0
1,14056,CISO,GEO,50.0,1.0,1.0
1,14057,CISO,GEO,42.42,1.0,1.0
1,14058,CISO,GEO,52.73,1.0,1.0
1,14848,CISO,GEO,30.0,1.0,1.0
1,14923,CISO,GEO,38.0,1.0,1.0
1,15381,CISO,GEO,20.0,1.0,1.0
1,1248,CISO,NUCLEAR,1150.0,1.0,0.0
1,1249,CISO,NUCLEAR,1150.0,1.0,0.0
1,13507,IID,BIO,26.999999999999886,1.0,0.0
1,13560,IID,BIO,20.5,1.0,0.0
1,13561,IID,BIO,21.0,1.0,0.0
1,13509,IID,GEO,53.0,1.0,1.0
1,13510,IID,GEO,8.75,1.0,1.0
1,13511,IID,GEO,4.37,1.0,1.0
1,13516,IID,GEO,34.39,1.0,1.0
1,13517,IID,GEO,34.39,1.0,1.0
1,13519,IID,GEO,34.39,1.0,1.0
1,13520,IID,GEO,29.0,1.0,1.0
1,13521,IID,GEO,9.19,1.0,1.0
1,13522,IID,GEO,10.5,1.0,1.0
1,13523,IID,GEO,49.0,1.0,1.0
1,13524,IID,GEO,50.0,1.0,1.0
1,13543,IID,GEO,33.0,1.0,1.0
1,13544,IID,GEO,16.0,1.0,1.0
1,13554,IID,GEO,49.89,1.0,1.0
1,13555,IID,GEO,4.79,1.0,1.0
1,13556,IID,GEO,4.5,1.0,1.0
1,13557,IID,GEO,11.1,1.0,1.0
1,13558,IID,GEO,11.0,1.0,1.0
1,13559,IID,GEO,50.0,1.0,1.0
1,13562,IID,GEO,21.6,1.0,1.0
1,13563,IID,GEO,8.0,1.0,1.0
1,13564,IID,GEO,22.0,1.0,1.0
1,13570,IID,GEO,24.0,1.0,1.0
1,13571,IID,GEO,15.0,1.0,1.0
1,13572,IID,GEO,18.5,1.0,1.0
1,13573,IID,GEO,7.0,1.0,1.0
1,13574,IID,GEO,8.45,1.0,1.0
1,13578,IID,GEO,16.0,1.0,1.0
1,13579,IID,GEO,16.0,1.0,1.0
1,13580,IID,GEO,16.0,1.0,1.0
1,13581,IID,GEO,16.0,1.0,1.0
1,13582,IID,GEO,16.0,1.0,1.0
1,13583,IID,GEO,16.0,1.0,1.0
1,13584,IID,GEO,16.0,1.0,1.0
1,3434,IPCO,BIO,2.25,1.0,0.0
1,6118,IPCO,BIO,0.16,1.0,0.0
1,6119,IPCO,BIO,0.16,1.0,0.0
1,6120,IPCO,BIO,0.16,1.0,0.0
1,7116,IPCO,BIO,0.32,1.0,0.0
1,7117,IPCO,BIO,0.32,1.0,0.0
1,10116,IPCO,BIO,2.25,1.0,0.0
1,3400,IPCO,GEO,18.0,1.0,1.0
1,7941,IPCO,GEO,11.0,1.0,1.0
1,3407,IPCO,NG,40.0,1.0,0.0
1,7509,IPCO,NG,330.0,1.0,0.0
1,8599,IPCO,NG,4.16,1.0,0.0
1,13714,NEVP,GEO,19.999999999996362,1.0,1.0
1,13715,NEVP,GEO,60.0,1.0,1.0
1,13716,NEVP,GEO,10.1,1.0,1.0
1,13717,NEVP,GEO,19.2,1.0,1.0
1,13718,NEVP,GEO,11.8,1.0,1.0
1,13719,NEVP,GEO,11.8,1.0,1.0
1,13720,NEVP,GEO,11.8,1.0,1.0
1,13721,NEVP,GEO,11.8,1.0,1.0
1,13724,NEVP,GEO,8.0,1.0,1.0
1,13725,NEVP,GEO,8.0,1.0,1.0
1,13726,NEVP,GEO,8.0,1.0,1.0
1,13727,NEVP,GEO,18.9,1.0,1.0
1,13728,NEVP,GEO,11.3,1.0,1.0
1,13729,NEVP,GEO,11.3,1.0,1.0
1,13730,NEVP,GEO,11.3,1.0,1.0
1,13731,NEVP,GEO,11.3,1.0,1.0
1,13732,NEVP,GEO,11.25,1.0,1.0
1,13733,NEVP,GEO,11.25,1.0,1.0
1,13734,NEVP,GEO,25.0,1.0,1.0
1,13752,NEVP,GEO,15.0,1.0,1.0
1,13753,NEVP,GEO,15.0,1.0,1.0
1,13754,NEVP,GEO,15.0,1.0,1.0
1,13755,NEVP,GEO,15.0,1.0,1.0
1,13756,NEVP,GEO,26.5,1.0,1.0
1,13757,NEVP,GEO,10.0,1.0,1.0
1,13758,NEVP,GEO,10.0,1.0,1.0
1,13759,NEVP,GEO,10.0,1.0,1.0
1,13760,NEVP,GEO,16.5,1.0,1.0
1,13762,NEVP,GEO,25.0,1.0,1.0
1,13763,NEVP,GEO,16.0,1.0,1.0
1,13764,NEVP,GEO,16.0,1.0,1.0
1,13765,NEVP,GEO,21.3,1.0,1.0
1,13766,NEVP,GEO,21.3,1.0,1.0
1,13767,NEVP,GEO,21.3,1.0,1.0
1,13769,NEVP,GEO,20.0,1.0,1.0
1,13770,NEVP,GEO,20.0,1.0,1.0
1,13771,NEVP,GEO,12.0,1.0,1.0
1,13772,NEVP,GEO,11.8,1.0,1.0
1,13774,NEVP,GEO,20.0,1.0,1.0
1,13775,NEVP,GEO,20.0,1.0,1.0
1,13776,NEVP,GEO,12.0,1.0,1.0
1,13427,NEVP,NG,21.0,1.0,0.0
1,13428,NEVP,NG,250.0,1.0,0.0
1,13429,NEVP,NG,250.0,1.0,0.0
1,13430,NEVP,NG,142.5,1.0,0.0
1,13433,NEVP,NG,96.26,1.0,0.0
1,13434,NEVP,NG,111.26,1.0,0.0
1,13440,NEVP,NG,267.74,1.0,0.0
1,13441,NEVP,NG,735.0,1.0,0.0
1,13442,NEVP,NG,267.74,1.0,0.0
1,13443,NEVP,NG,258.56,1.0,0.0
1,13444,NEVP,NG,281.38,1.0,0.0
1,13445,NEVP,NG,281.38,1.0,0.0
1,13449,NEVP,NG,112.4,1.0,0.0
1,13450,NEVP,NG,112.4,1.0,0.0
1,13773,NEVP,NG,266.37,1.0,0.0
1,15914,NEVP,NG,403.0,1.0,0.0
1,15916,NEVP,NG,659.6,1.0,0.0
1,15966,NEVP,NG,258.56,1.0,0.0
1,15972,NEVP,NG,356.0,1.0,0.0
1,15996,NEVP,NG,181.5,1.0,0.0
1,16028,NEVP,NG,367.5,1.0,0.0
1,16029,NEVP,NG,325.6889022999991,1.0,0.0
1,16054,NEVP,NG,152.5,1.0,0.0
1,3617,PACE,GEO,26.099999999999092,1.0,1.0
1,3618,PACE,GEO,12.0,1.0,1.0
1,3612,PACE,NG,17.0,1.0,0.0
1,3613,PACE,NG,17.0,1.0,0.0
1,3614,PACE,NG,17.0,1.0,0.0
1,3639,PACE,NG,16.106,1.0,0.0
1,3640,PACE,NG,16.106,1.0,0.0
1,3641,PACE,NG,16.2,1.0,0.0
1,3718,PACE,NG,13.5,1.0,0.0
1,3719,PACE,NG,13.5,1.0,0.0
1,6466,PACE,NG,242.0,1.0,0.0
1,7491,PACE,NG,303.6,1.0,0.0
1,7494,PACE,NG,288.2,1.0,0.0
1,14694,PACE,NG,1.0,1.0,0.0
1,15930,PACE,NG,420.7,1.0,0.0
1,15987,PACE,NG,408.6,1.0,0.0
1,15988,PACE,NG,182.7,1.0,0.0
1,15989,PACE,NG,185.4,1.0,0.0
1,15990,PACE,NG,469.8,1.0,0.0
1,1889,PACW,BIO,2.25,1.0,0.0
1,7432,PACW,NG,275.0,1.0,0.0
1,9960,PACW,NG,279.55999999999955,1.0,0.0
1,9961,PACW,NG,279.56,1.0,0.0
1,15985,PACW,NG,150.0,1.0,0.0
1,15986,PACW,NG,150.0,1.0,0.0
1,2346,PGE,BIO,10.0,1.0,0.0
1,5829,PGE,NG,212.906,1.0,0.0
1,9847,PGE,NG,296.0,1.0,0.0
1,10103,PGE,NG,225.0,1.0,0.0
1,6353,PNM,BIO,0.16,1.0,0.0
1,6354,PNM,BIO,0.16,1.0,0.0
1,6355,PNM,BIO,0.16,1.0,0.0
1,6356,PNM,BIO,0.16,1.0,0.0
1,6357,PNM,BIO,0.16,1.0,0.0
1,6358,PNM,BIO,0.16,1.0,0.0
1,6359,PNM,BIO,0.16,1.0,0.0
1,6360,PNM,BIO,0.16,1.0,0.0
1,6483,PNM,BIO,1.35,1.0,0.0
1,7634,PNM,BIO,0.067,1.0,0.0
1,8319,PNM,BIO,0.9,1.0,0.0
1,8320,PNM,BIO,2.25,1.0,0.0
1,8517,PNM,BIO,0.16,1.0,0.0
1,8518,PNM,BIO,0.16,1.0,0.0
1,8519,PNM,BIO,0.16,1.0,0.0
1,8520,PNM,BIO,0.16,1.0,0.0
1,8521,PNM,BIO,0.16,1.0,0.0
1,8522,PNM,BIO,0.16,1.0,0.0
1,10202,PNM,BIO,8.0,1.0,0.0
1,11101,PNM,BIO,11.5,1.0,0.0
1,11102,PNM,BIO,11.5,1.0,0.0
1,13110,PNM,BIO,10.0,1.0,0.0
1,13265,PNM,GEO,4.0,1.0,1.0
1,6828,PNM,NG,3.42,1.0,0.0
1,11104,PNM,NG,3.42,1.0,0.0
1,11105,PNM,NG,3.42,1.0,0.0
1,11106,PNM,NG,3.42,1.0,0.0
1,13240,PNM,NG,256.69,1.0,0.0
1,13243,PNM,NG,287.93,1.0,0.0
1,13503,PNM,NG,67.2,1.0,0.0
1,16004,PNM,NG,497.26,1.0,0.0
1,13785,PSCO,NG,300.14,1.0,0.0
1,13807,PSCO,NG,314.97,1.0,0.0
1,13813,PSCO,NG,41.0,1.0,0.0
1,13816,PSCO,NG,52.0,1.0,0.0
1,13869,PSCO,NG,483.96629717366653,1.0,0.0
1,15920,PSCO,NG,155.0,1.0,0.0
1,15945,PSCO,NG,140.0,1.0,0.0
1,16046,PSCO,NG,122.5,1.0,0.0
1,6692,PSEI,NG,52.92,1.0,0.0
1,6749,PSEI,NG,253.44,1.0,0.0
1,7707,PSEI,NG,66.816,1.0,0.0
1,7855,PSEI,NG,182.0,1.0,0.0
1,13338,SRP,NG,276.27,1.0,0.0
1,13370,SRP,NG,277.0,1.0,0.0
1,13375,SRP,NG,324.23,1.0,0.0
1,15937,SRP,NG,180.0,1.0,0.0
1,16050,SRP,NG,157.5,1.0,0.0
1,14108,TIDC,NG,253.24,1.0,0.0
1,16068,TIDC,NG,87.5,1.0,0.0
1,10145,TPWR,BIO,26.0,1.0,0.0
1,13976,WACM,NG,238.76,1.0,0.0
1,13986,WACM,NG,49.55,1.0,0.0
1,15948,WACM,NG,400.4,1.0,0.0
1,15949,WACM,NG,153.9,1.0,0.0
1,13494,WALC,NG,250.69,1.0,0.0
1,13495,WALC,NG,336.0,1.0,0.0
1,15962,WALC,NG,478.4,1.0,0.0
1,16056,WALC,NG,275.0,1.0,0.0
1,16057,WALC,NG,275.0,1.0,0.0
1,1115,CISO,NG,267.0,1.0,0.0
1,1116,CISO,NG,266.0,1.0,0.0
1,1117,CISO,NG,266.0,1.0,0.0
1,1118,CISO,NG,267.0,1.0,0.0
1,1405,CISO,NG,3.105,1.0,0.0
1,1445,CISO,NG,56.2,1.0,0.0
1,1447,CISO,NG,21.384,1.0,0.0
1,1448,CISO,NG,21.384,1.0,0.0
1,1449,CISO,NG,21.384,1.0,0.0
1,9895,CISO,NG,83.24667,1.0,0.0
1,9896,CISO,NG,41.62333,1.0,0.0
1,10214,CISO,NG,625.0,1.0,0.0
1,15255,CISO,NG,322.0,1.0,0.0
1,15908,CISO,NG,493.63,1.0,0.0
1,15939,CISO,NG,247.29,1.0,0.0
1,15940,CISO,NG,247.29,1.0,0.0
1,15943,CISO,NG,275.85,1.0,0.0
1,15944,CISO,NG,275.85,1.0,0.0
1,15974,CISO,NG,283.3333,1.0,0.0
1,15975,CISO,NG,283.3333,1.0,0.0
1,15976,CISO,NG,283.3333,1.0,0.0
1,15978,CISO,NG,336.9,1.0,0.0
1,16006,CISO,NG,69.5,1.0,0.0
1,16007,CISO,NG,69.5,1.0,0.0
1,16018,CISO,NG,277.5,1.0,0.0
1,16019,CISO,NG,277.5,1.0,0.0
1,16020,CISO,NG,277.5,1.0,0.0
1,16021,CISO,NG,277.5,1.0,0.0
1,16030,CISO,NG,305.0,1.0,0.0
1,16031,CISO,NG,305.0,1.0,0.0
1,16032,CISO,NG,294.105,1.0,0.0
1,16033,CISO,NG,294.105,1.0,0.0
1,16034,CISO,NG,266.49,1.0,0.0
1,16035,CISO,NG,266.49,1.0,0.0
1,16058,CISO,NG,293.01,1.0,0.0
1,16059,CISO,NG,293.01,1.0,0.0
1,13304,SRP,NUCLEAR,1372.2,1.0,0.0
1,13305,SRP,NUCLEAR,1375.05,1.0,0.0
1,13306,SRP,NUCLEAR,1373.15,1.0,0.0
1,15322,AZPS,NG,87.0,1.0,0.0
1,15323,AZPS,NG,87.0,1.0,0.0
1,15324,AZPS,NG,87.0,1.0,0.0
1,15325,AZPS,NG,87.0,1.0,0.0
1,15326,AZPS,NG,87.0,1.0,0.0
1,15327,AZPS,NG,87.0,1.0,0.0
1,14088,BANC,NG,79.94,1.0,0.0
1,17031,LDWP,NG,5.0,1.0,0.0
1,13614,LDWP,NG,110.0,1.0,0.0
1,17212,LDWP,NG,397.9999999999998,1.0,0.0
1,17210,LDWP,NG,398.0,1.0,0.0
1,13284,TEPC,NG,550.0,1.0,0.0
1,13403,TEPC,NG,297.0,1.0,0.0
1,13404,TEPC,NG,297.0,1.0,0.0
1,13295,AZPS,COAL,818.1,1.0,0.0
1,3504,IPCO,COAL,307.0,1.0,0.0
1,3505,IPCO,COAL,307.0,1.0,0.0
1,3694,IPCO,COAL,50.0,1.0,0.0
1,3695,IPCO,COAL,25.0,1.0,0.0
1,3696,IPCO,COAL,25.0,1.0,0.0
1,3582,NEVP,COAL,268.0,1.0,0.0
1,3583,NEVP,COAL,254.0,1.0,0.0
1,3507,NWMT,COAL,740.0001,1.0,0.0
1,3506,NWMT,COAL,740.0,1.0,0.0
1,3497,NWMT,COAL,135.0,1.0,0.0
1,3510,NWMT,COAL,64.0,1.0,0.0
1,3391,PACE,COAL,584.0,1.0,0.0
1,3461,PACE,COAL,140.0,1.0,0.0
1,3463,PACE,COAL,531.0,1.0,0.0
1,3462,PACE,COAL,527.0,1.0,0.0
1,3656,PACE,COAL,517.5,1.0,0.0
1,3619,PACE,COAL,499.5,1.0,0.0
1,3655,PACE,COAL,498.0,1.0,0.0
1,3638,PACE,COAL,495.6,1.0,0.0
1,3637,PACE,COAL,488.3,1.0,0.0
1,3636,PACE,COAL,488.3,1.0,0.0
1,3698,PACE,COAL,362.1,1.0,0.0
1,3635,PACE,COAL,360.0,1.0,0.0
1,3634,PACE,COAL,229.5,1.0,0.0
1,11093,PACE,COAL,217.6,1.0,0.0
1,13294,PNM,COAL,271.0,1.0,0.0
1,13796,PSCO,COAL,552.28,1.0,0.0
1,13888,PSCO,COAL,467.261,1.0,0.0
1,14002,PSCO,COAL,428.0,1.0,0.0
1,14129,PSCO,COAL,380.8,1.0,0.0
1,13787,PSCO,COAL,335.0,1.0,0.0
1,13786,PSCO,COAL,325.0,1.0,0.0
1,13960,PSCO,COAL,49.65,1.0,0.0
1,13386,SRP,COAL,750.0,1.0,0.0
1,13387,SRP,COAL,750.0,1.0,0.0
1,13388,SRP,COAL,750.0,1.0,0.0
1,13385,SRP,COAL,170.0,1.0,0.0
1,13384,SRP,COAL,138.182,1.0,0.0
1,13389,TEPC,COAL,424.8,1.0,0.0
1,4029,WACM,COAL,621.0,1.0,0.0
1,4030,WACM,COAL,621.0,1.0,0.0
1,14004,WACM,COAL,448.0,1.0,0.0
1,14003,WACM,COAL,428.0,1.0,0.0
1,14001,WACM,COAL,405.0,1.0,0.0
1,14009,WACM,COAL,275.4,1.0,0.0
1,13958,WACM,COAL,207.0,1.0,0.0
1,14008,WACM,COAL,190.0,1.0,0.0
1,13962,WACM,COAL,141.031,1.0,0.0
1,13983,WACM,COAL,116.2,1.0,0.0
1,13982,WACM,COAL,95.0,1.0,0.0
1,13981,WACM,COAL,88.0,1.0,0.0
1,13961,WACM,COAL,83.19,1.0,0.0
1,13943,WACM,COAL,80.0,1.0,0.0
1,13422,WALC,COAL,49.359,1.0,0.0
2,3243,AESO,BIO,22.335,1.0,0.0
2,3284,AESO,BIO,25.0,1.0,0.0
2,3292,AESO,BIO,11.6,1.0,0.0
2,3343,AESO,BIO,18.0,1.0,0.0
2,3384,AESO,BIO,41.0,1.0,0.0
2,3385,AESO,BIO,41.0,1.0,0.0
2,3386,AESO,BIO,17.0,1.0,0.0
2,9565,AESO,BIO,20.0,1.0,0.0
2,9566,AESO,BIO,30.0,1.0,0.0
2,9592,AESO,BIO,4.5,1.0,0.0
2,13106,AESO,BIO,43.0,1.0,0.0
2,3218,AESO,NG,407.0,1.0,0.0
2,3219,AESO,NG,148.0,1.0,0.0
2,3220,AESO,NG,148.0,1.0,0.0
2,3221,AESO,NG,408.0,1.0,0.0
2,3222,AESO,NG,408.0,1.0,0.0
2,3238,AESO,NG,151.0,1.0,0.0
2,9198,AESO,NG,280.0,1.0,0.0
2,3017,AESO,NG,101.0,1.0,0.0
2,3041,AESO,NG,1.0,1.0,0.0
2,3042,AESO,NG,1.0,1.0,0.0
2,3043,AESO,NG,1.0,1.0,0.0
2,3044,AESO,NG,1.0,1.0,0.0
2,3047,AESO,NG,105.0,1.0,0.0
2,3072,AESO,NG,101.0,1.0,0.0
2,3096,AESO,NG,3.24,1.0,0.0
2,3126,AESO,NG,46.0,1.0,0.0
2,3139,AESO,NG,3.0,1.0,0.0
2,3190,AESO,NG,21.6,1.0,0.0
2,3217,AESO,NG,48.0,1.0,0.0
2,3232,AESO,NG,101.0,1.0,0.0
2,3235,AESO,NG,46.76407895999901,1.0,0.0
2,3242,AESO,NG,18.0,1.0,0.0
2,3244,AESO,NG,50.0,1.0,0.0
2,3245,AESO,NG,20.25,1.0,0.0
2,3249,AESO,NG,36.5,1.0,0.0
2,3250,AESO,NG,36.5,1.0,0.0
2,3254,AESO,NG,101.0,1.0,0.0
2,3259,AESO,NG,10.66,1.0,0.0
2,3261,AESO,NG,9.828,1.0,0.0
2,3263,AESO,NG,10.348,1.0,0.0
2,3357,AESO,NG,1.8,1.0,0.0
2,3358,AESO,NG,1.8,1.0,0.0
2,3359,AESO,NG,2.94,1.0,0.0
2,3370,AESO,NG,47.5,1.0,0.0
2,5241,AESO,NG,48.0,1.0,0.0
2,5274,AESO,NG,48.0,1.0,0.0
2,5302,AESO,NG,48.0,1.0,0.0
2,5802,AESO,NG,120.0,1.0,0.0
2,6087,AESO,NG,330.0,1.0,0.0
2,6150,AESO,NG,120.0,1.0,0.0
2,6611,AESO,NG,128.0,1.0,0.0
2,7724,AESO,NG,3.6,1.0,0.0
2,7725,AESO,NG,3.15,1.0,0.0
2,7727,AESO,NG,2.7,1.0,0.0
2,7851,AESO,NG,1.35,1.0,0.0
2,7852,AESO,NG,0.9,1.0,0.0
2,8055,AESO,NG,7.2,1.0,0.0
2,8417,AESO,NG,63.45,1.0,0.0
2,8781,AESO,NG,1.35,1.0,0.0
2,8782,AESO,NG,1.575,1.0,0.0
2,8783,AESO,NG,1.35,1.0,0.0
2,10169,AESO,NG,195.0,1.0,0.0
2,10179,AESO,NG,870.0,1.0,0.0
2,13133,AESO,NG,16.8,1.0,0.0
2,13136,AESO,NG,8.25,1.0,0.0
2,13137,AESO,NG,8.75,1.0,0.0
2,14586,AESO,NG,9.45,1.0,0.0
2,14605,AESO,NG,199.0,1.0,0.0
2,14624,AESO,NG,21.0,1.0,0.0
2,14625,AESO,NG,21.0,1.0,0.0
2,14644,AESO,NG,21.0,1.0,0.0
2,14662,AESO,NG,21.0,1.0,0.0
2,15481,AESO,NG,3.25,1.0,0.0
2,15482,AESO,NG,3.25,1.0,0.0
2,15483,AESO,NG,3.25,1.0,0.0
2,15484,AESO,NG,3.25,1.0,0.0
2,15485,AESO,NG,3.25,1.0,0.0
2,15659,AESO,NG,164.4,1.0,0.0
2,15660,AESO,NG,164.4,1.0,0.0
2,15661,AESO,NG,162.4,1.0,0.0
2,15662,AESO,NG,162.4,1.0,0.0
2,15663,AESO,NG,141.2,1.0,0.0
2,15667,AESO,NG,160.4,1.0,0.0
2,16052,AESO,NG,605.2,1.0,0.0
2,16053,AESO,NG,262.8,1.0,0.0
2,2190,AVA,BIO,2.79,1.0,0.0
2,2200,AVA,BIO,26.0,1.0,0.0
2,8427,AVA,NG,301.49,1.0,0.0
2,9848,AVA,NG,287.0,1.0,0.0
2,14033,AZPS,BIO,27.99999999999818,1.0,0.0
2,16040,AZPS,NG,252.4,1.0,0.0
2,16041,AZPS,NG,252.4,1.0,0.0
2,16042,AZPS,NG,252.4,1.0,0.0
2,16043,AZPS,NG,252.4,1.0,0.0
2,16070,AZPS,NG,136.428,1.0,0.0
2,13708,BANC,NG,8.1,1.0,0.0
2,15928,BANC,NG,180.0,1.0,0.0
2,15929,BANC,NG,180.0,1.0,0.0
2,16060,BANC,NG,144.375,1.0,0.0
2,16061,BANC,NG,144.375,1.0,0.0
2,2516,BCHA,BIO,30.461,1.0,0.0
2,2634,BCHA,BIO,20.39,1.0,0.0
2,2644,BCHA,BIO,24.75,1.0,0.0
2,2645,BCHA,BIO,0.75,1.0,0.0
2,2646,BCHA,BIO,0.75,1.0,0.0
2,2647,BCHA,BIO,0.75,1.0,0.0
2,2648,BCHA,BIO,0.8325,1.0,0.0
2,2744,BCHA,BIO,4.8,1.0,0.0
2,2745,BCHA,BIO,8.4,1.0,0.0
2,2766,BCHA,BIO,3.375,1.0,0.0
2,2990,BCHA,BIO,52.29,1.0,0.0
2,2991,BCHA,BIO,48.0,1.0,0.0
2,6066,BCHA,BIO,1.44,1.0,0.0
2,6104,BCHA,BIO,36.0,1.0,0.0
2,6155,BCHA,BIO,0.378,1.0,0.0
2,6833,BCHA,BIO,0.309,1.0,0.0
2,7014,BCHA,BIO,0.102,1.0,0.0
2,7068,BCHA,BIO,16.5,1.0,0.0
2,8349,BCHA,BIO,11.4,1.0,0.0
2,11890,BCHA,BIO,1.0,1.0,0.0
2,11891,BCHA,BIO,1.0,1.0,0.0
2,15470,BCHA,BIO,28.0,1.0,0.0
2,15471,BCHA,BIO,16.0,1.0,0.0
2,15664,BCHA,BIO,12.0,1.0,0.0
2,10736,BCHA,GEO,107.0,1.0,0.0
2,3040,AESO,NG,0.192,1.0,0.0
2,3247,AESO,NG,12.0,1.0,0.0
2,3248,AESO,NG,9.0,1.0,0.0
2,5051,BCHA,NG,290.0,1.0,0.0
2,6625,AESO,NG,11.25,1.0,0.0
2,6755,AESO,NG,101.0,1.0,0.0
2,7003,AESO,NG,27.9,1.0,0.0
2,7726,AESO,NG,1.845,1.0,0.0
2,8260,AESO,NG,20.7,1.0,0.0
2,8632,AESO,NG,2.475,1.0,0.0
2,9134,AESO,NG,9.0,1.0,0.0
2,9219,AESO,NG,189.2,1.0,0.0
2,11725,AESO,NG,1.0,1.0,0.0
2,11726,AESO,NG,1.0,1.0,0.0
2,11841,AESO,NG,1.0,1.0,0.0
2,11842,AESO,NG,1.0,1.0,0.0
2,11914,AESO,NG,1.0,1.0,0.0
2,11915,AESO,NG,1.0,1.0,0.0
2,11916,AESO,NG,1.0,1.0,0.0
2,13128,AESO,NG,6.75,1.0,0.0
2,13129,AESO,NG,6.75,1.0,0.0
2,13134,AESO,NG,1.6,1.0,0.0
2,13135,AESO,NG,1.6,1.0,0.0
2,14834,AESO,NG,22.622,1.0,0.0
2,15656,AESO,NG,408.0,1.0,0.0
2,15657,AESO,NG,418.5,1.0,0.0
2,15658,AESO,NG,430.0,1.0,0.0
2,15674,AESO,NG,10.0,1.0,0.0
2,15675,AESO,NG,1.0,1.0,0.0
2,15676,AESO,NG,1.0,1.0,0.0
2,15677,AESO,NG,3.0,1.0,0.0
2,2051,BPAT,BIO,8.1,1.0,0.0
2,2076,BPAT,BIO,0.35,1.0,0.0
2,2077,BPAT,BIO,20.0,1.0,0.0
2,2078,BPAT,BIO,25.0,1.0,0.0
2,2079,BPAT,BIO,12.25,1.0,0.0
2,6343,BPAT,BIO,0.16,1.0,0.0
2,6344,BPAT,BIO,0.16,1.0,0.0
2,6345,BPAT,BIO,0.3,1.0,0.0
2,6346,BPAT,BIO,0.3,1.0,0.0
2,9593,BPAT,BIO,5.0,1.0,0.0
2,9595,BPAT,BIO,31.28,1.0,0.0
2,13116,BPAT,BIO,8.0,1.0,0.0
2,14572,BPAT,BIO,1.0,1.0,0.0
2,2063,BPAT,NG,148.8,1.0,0.0
2,6835,BPAT,NG,162.0,1.0,0.0
2,14571,BPAT,NG,9.9,1.0,0.0
2,2491,BPAT,NUCLEAR,1186.0,1.0,0.0
2,437,CENACE,GEO,25.0,1.0,0.0
2,438,CENACE,GEO,25.0,1.0,0.0
2,439,CENACE,GEO,25.0,1.0,0.0
2,440,CENACE,GEO,25.0,1.0,0.0
2,441,CENACE,GEO,30.0,1.0,0.0
2,446,CENACE,GEO,110.0,1.0,0.0
2,447,CENACE,GEO,110.0,1.0,0.0
2,448,CENACE,GEO,110.0,1.0,0.0
2,457,CENACE,GEO,110.0,1.0,0.0
2,8227,CENACE,NG,277.0,1.0,0.0
2,14839,CENACE,NG,248.0,1.0,0.0
2,15254,CENACE,NG,793.0,1.0,0.0
2,15341,CENACE,NG,1.0,1.0,0.0
2,15991,CENACE,NG,165.0,1.0,0.0
2,15992,CENACE,NG,165.0,1.0,0.0
2,15993,CENACE,NG,405.0,1.0,0.0
2,548,CISO,BIO,3.0,1.0,0.0
2,549,CISO,BIO,0.95,1.0,0.0
2,550,CISO,BIO,5.0,1.0,0.0
2,551,CISO,BIO,3.0,1.0,0.0
2,555,CISO,BIO,2.9,1.0,0.0
2,570,CISO,BIO,1.88,1.0,0.0
2,572,CISO,BIO,1.88,1.0,0.0
2,629,CISO,BIO,47.0,1.0,0.0
2,633,CISO,BIO,34.0,1.0,0.0
2,795,CISO,BIO,24.5,1.0,0.0
2,836,CISO,BIO,1.3,1.0,0.0
2,1008,CISO,BIO,1.88,1.0,0.0
2,1154,CISO,BIO,25.0,1.0,0.0
2,1156,CISO,BIO,10.5,1.0,0.0
2,1168,CISO,BIO,10.8,1.0,0.0
2,1178,CISO,BIO,28.5,1.0,0.0
2,1187,CISO,BIO,24.48,1.0,0.0
2,1188,CISO,BIO,22.0,1.0,0.0
2,1297,CISO,BIO,30.5,1.0,0.0
2,1300,CISO,BIO,12.0,1.0,0.0
2,1331,CISO,BIO,57.43,1.0,0.0
2,1392,CISO,BIO,24.2,1.0,0.0
2,1398,CISO,BIO,2.57,1.0,0.0
2,1399,CISO,BIO,2.57,1.0,0.0
2,1400,CISO,BIO,2.57,1.0,0.0
2,1401,CISO,BIO,2.57,1.0,0.0
2,1402,CISO,BIO,2.57,1.0,0.0
2,1403,CISO,BIO,2.57,1.0,0.0
2,1404,CISO,BIO,2.57,1.0,0.0
2,1413,CISO,BIO,10.0,1.0,0.0
2,1589,CISO,BIO,8.6,1.0,0.0
2,1590,CISO,BIO,5.7,1.0,0.0
2,1634,CISO,BIO,13.8,1.0,0.0
2,1635,CISO,BIO,12.5,1.0,0.0
2,1636,CISO,BIO,12.5,1.0,0.0
2,1637,CISO,BIO,12.5,1.0,0.0
2,1638,CISO,BIO,19.9,1.0,0.0
2,1768,CISO,BIO,22.0,1.0,0.0
2,1774,CISO,BIO,13.1,1.0,0.0
2,1793,CISO,BIO,29.07,1.0,0.0
2,1794,CISO,BIO,25.5,1.0,0.0
2,1838,CISO,BIO,17.2,1.0,0.0
2,1839,CISO,BIO,24.4,1.0,0.0
2,5728,CISO,BIO,1.25,1.0,0.0
2,5729,CISO,BIO,1.25,1.0,0.0
2,5809,CISO,BIO,3.0,1.0,0.0
2,5865,CISO,BIO,0.75,1.0,0.0
2,5866,CISO,BIO,0.75,1.0,0.0
2,5872,CISO,BIO,14.4,1.0,0.0
2,5899,CISO,BIO,4.0,1.0,0.0
2,5900,CISO,BIO,3.7,1.0,0.0
2,5901,CISO,BIO,0.3,1.0,0.0
2,5999,CISO,BIO,37.828,1.0,0.0
2,6045,CISO,BIO,9.8,1.0,0.0
2,6069,CISO,BIO,4.6,1.0,0.0
2,6070,CISO,BIO,4.6,1.0,0.0
2,6071,CISO,BIO,4.6,1.0,0.0
2,6116,CISO,BIO,1.1,1.0,0.0
2,6117,CISO,BIO,1.1,1.0,0.0
2,6349,CISO,BIO,1.5,1.0,0.0
2,6352,CISO,BIO,1.2,1.0,0.0
2,6492,CISO,BIO,24.5,1.0,0.0
2,6601,CISO,BIO,1.5,1.0,0.0
2,6602,CISO,BIO,1.5,1.0,0.0
2,6603,CISO,BIO,1.5,1.0,0.0
2,6651,CISO,BIO,1.35,1.0,0.0
2,6652,CISO,BIO,1.35,1.0,0.0
2,6653,CISO,BIO,1.35,1.0,0.0
2,6710,CISO,BIO,20.0,1.0,0.0
2,6756,CISO,BIO,0.7,1.0,0.0
2,7146,CISO,BIO,0.2,1.0,0.0
2,7147,CISO,BIO,0.2,1.0,0.0
2,7373,CISO,BIO,4.4,1.0,0.0
2,7374,CISO,BIO,3.0,1.0,0.0
2,7388,CISO,BIO,27.15,1.0,0.0
2,7556,CISO,BIO,0.8,1.0,0.0
2,7557,CISO,BIO,0.8,1.0,0.0
2,7558,CISO,BIO,0.8,1.0,0.0
2,7559,CISO,BIO,0.8,1.0,0.0
2,7560,CISO,BIO,0.8,1.0,0.0
2,7561,CISO,BIO,0.8,1.0,0.0
2,7780,CISO,BIO,2.9,1.0,0.0
2,7816,CISO,BIO,1.3,1.0,0.0
2,7840,CISO,BIO,1.25,1.0,0.0
2,7841,CISO,BIO,1.25,1.0,0.0
2,7860,CISO,BIO,3.0,1.0,0.0
2,7861,CISO,BIO,3.0,1.0,0.0
2,7862,CISO,BIO,1.6,1.0,0.0
2,7868,CISO,BIO,6.5,1.0,0.0
2,7869,CISO,BIO,4.9,1.0,0.0
2,8080,CISO,BIO,23.8,1.0,0.0
2,8084,CISO,BIO,1.88,1.0,0.0
2,8085,CISO,BIO,1.88,1.0,0.0
2,8162,CISO,BIO,1.6,1.0,0.0
2,8163,CISO,BIO,2.7,1.0,0.0
2,8311,CISO,BIO,0.46,1.0,0.0
2,8312,CISO,BIO,2.29,1.0,0.0
2,8313,CISO,BIO,2.2,1.0,0.0
2,8371,CISO,BIO,3.0,1.0,0.0
2,8403,CISO,BIO,2.8,1.0,0.0
2,8404,CISO,BIO,3.3,1.0,0.0
2,8405,CISO,BIO,3.3,1.0,0.0
2,8406,CISO,BIO,3.3,1.0,0.0
2,8434,CISO,BIO,1.2,1.0,0.0
2,8682,CISO,BIO,3.0,1.0,0.0
2,8685,CISO,BIO,11.16,1.0,0.0
2,8811,CISO,BIO,1.3,1.0,0.0
2,8812,CISO,BIO,1.3,1.0,0.0
2,9227,CISO,BIO,3.0,1.0,0.0
2,9228,CISO,BIO,1.2,1.0,0.0
2,9229,CISO,BIO,1.2,1.0,0.0
2,9242,CISO,BIO,3.05,1.0,0.0
2,9322,CISO,BIO,2.8,1.0,0.0
2,9337,CISO,BIO,1.8,1.0,0.0
2,9338,CISO,BIO,1.8,1.0,0.0
2,9399,CISO,BIO,1.2,1.0,0.0
2,9723,CISO,BIO,0.5,1.0,0.0
2,10025,CISO,BIO,1.6,1.0,0.0
2,10026,CISO,BIO,1.0,1.0,0.0
2,10027,CISO,BIO,1.0,1.0,0.0
2,10028,CISO,BIO,1.4,1.0,0.0
2,10227,CISO,BIO,35.2,1.0,0.0
2,11103,CISO,BIO,28.24,1.0,0.0
2,11120,CISO,BIO,50.0,1.0,0.0
2,11138,CISO,BIO,5.0,1.0,0.0
2,12396,CISO,BIO,1.0,1.0,0.0
2,12397,CISO,BIO,0.4,1.0,0.0
2,12837,CISO,BIO,1.5,1.0,0.0
2,13104,CISO,BIO,50.0,1.0,0.0
2,13107,CISO,BIO,30.0,1.0,0.0
2,14499,CISO,BIO,26.5,1.0,0.0
2,14833,CISO,BIO,18.13,1.0,0.0
2,14884,CISO,BIO,1.2,1.0,0.0
2,14896,CISO,BIO,5.0,1.0,0.0
2,15377,CISO,BIO,12.0,1.0,0.0
2,15432,CISO,BIO,32.0,1.0,0.0
2,15783,CISO,BIO,4.7,1.0,0.0
2,15794,CISO,BIO,28.5,1.0,0.0
2,15797,CISO,BIO,24.0,1.0,0.0
2,15798,CISO,BIO,24.0,1.0,0.0
2,442,CISO,GEO,35.7,1.0,0.0
2,443,CISO,GEO,35.7,1.0,0.0
2,444,CISO,GEO,35.7,1.0,0.0
2,445,CISO,GEO,35.7,1.0,0.0
2,656,CISO,GEO,26.66667,1.0,0.0
2,657,CISO,GEO,26.66667,1.0,0.0
2,658,CISO,GEO,26.66667,1.0,0.0
2,663,CISO,GEO,16.0,1.0,0.0
2,664,CISO,GEO,16.0,1.0,0.0
2,665,CISO,GEO,16.0,1.0,0.0
2,1005,CISO,GEO,30.0,1.0,0.0
2,1006,CISO,GEO,30.0,1.0,0.0
2,1007,CISO,GEO,30.0,1.0,0.0
2,1265,CISO,GEO,1.5,1.0,0.0
2,1266,CISO,GEO,1.5,1.0,0.0
2,1597,CISO,GEO,11.0,1.0,0.0
2,1598,CISO,GEO,11.0,1.0,0.0
2,1602,CISO,GEO,47.0,1.0,0.0
2,1603,CISO,GEO,50.0,1.0,0.0
2,1604,CISO,GEO,72.0,1.0,0.0
2,1605,CISO,GEO,75.5,1.0,0.0
2,1606,CISO,GEO,27.5,1.0,0.0
2,1607,CISO,GEO,63.0,1.0,0.0
2,1608,CISO,GEO,70.0,1.0,0.0
2,1609,CISO,GEO,73.0,1.0,0.0
2,1610,CISO,GEO,57.0,1.0,0.0
2,1611,CISO,GEO,86.8,1.0,0.0
2,1612,CISO,GEO,47.9,1.0,0.0
2,1613,CISO,GEO,47.9,1.0,0.0
2,1614,CISO,GEO,49.215,1.0,0.0
2,1615,CISO,GEO,49.215,1.0,0.0
2,1616,CISO,GEO,12.5,1.0,0.0
2,1617,CISO,GEO,12.5,1.0,0.0
2,1618,CISO,GEO,6.5,1.0,0.0
2,1619,CISO,GEO,6.5,1.0,0.0
2,1620,CISO,GEO,36.0,1.0,0.0
2,1621,CISO,GEO,36.0,1.0,0.0
2,7684,CISO,GEO,20.0,1.0,0.0
2,7942,CISO,GEO,11.0,1.0,0.0
2,7943,CISO,GEO,11.0,1.0,0.0
2,8300,CISO,GEO,5.0,1.0,0.0
2,8301,CISO,GEO,5.0,1.0,0.0
2,8302,CISO,GEO,5.0,1.0,0.0
2,11122,CISO,GEO,78.0,1.0,0.0
2,13026,CISO,GEO,14.0,1.0,0.0
2,13102,CISO,GEO,51.9,1.0,0.0
2,13103,CISO,GEO,51.9,1.0,0.0
2,13105,CISO,GEO,59.0,1.0,0.0
2,14055,CISO,GEO,38.85,1.0,0.0
2,14056,CISO,GEO,50.0,1.0,0.0
2,14057,CISO,GEO,42.42,1.0,0.0
2,14058,CISO,GEO,52.73,1.0,0.0
2,14848,CISO,GEO,30.0,1.0,0.0
2,14923,CISO,GEO,38.0,1.0,0.0
2,15381,CISO,GEO,20.0,1.0,0.0
2,1248,CISO,NUCLEAR,1150.0,1.0,0.0
2,1249,CISO,NUCLEAR,1150.0,1.0,0.0
2,13507,IID,BIO,26.999999999999886,1.0,0.0
2,13560,IID,BIO,5.480000000000018,1.0,0.0
2,13561,IID,BIO,21.0,1.0,0.0
2,13509,IID,GEO,53.0,1.0,0.0
2,13510,IID,GEO,8.75,1.0,0.0
2,13511,IID,GEO,4.37,1.0,0.0
2,13516,IID,GEO,34.39,1.0,0.0
2,13517,IID,GEO,34.39,1.0,0.0
2,13519,IID,GEO,34.39,1.0,0.0
2,13520,IID,GEO,29.0,1.0,0.0
2,13521,IID,GEO,9.19,1.0,0.0
2,13522,IID,GEO,10.5,1.0,0.0
2,13523,IID,GEO,49.0,1.0,0.0
2,13524,IID,GEO,50.0,1.0,0.0
2,13543,IID,GEO,33.0,1.0,0.0
2,13544,IID,GEO,16.0,1.0,0.0
2,13554,IID,GEO,49.89,1.0,0.0
2,13555,IID,GEO,4.79,1.0,0.0
2,13556,IID,GEO,4.5,1.0,0.0
2,13557,IID,GEO,11.1,1.0,0.0
2,13558,IID,GEO,11.0,1.0,0.0
2,13559,IID,GEO,50.0,1.0,0.0
2,13562,IID,GEO,21.6,1.0,0.0
2,13563,IID,GEO,8.0,1.0,0.0
2,13564,IID,GEO,22.0,1.0,0.0
2,13570,IID,GEO,24.0,1.0,0.0
2,13571,IID,GEO,15.0,1.0,0.0
2,13572,IID,GEO,18.5,1.0,0.0
2,13573,IID,GEO,7.0,1.0,0.0
2,13574,IID,GEO,8.45,1.0,0.0
2,13578,IID,GEO,16.0,1.0,0.0
2,13579,IID,GEO,16.0,1.0,0.0
2,13580,IID,GEO,16.0,1.0,0.0
2,13581,IID,GEO,16.0,1.0,0.0
2,13582,IID,GEO,16.0,1.0,0.0
2,13583,IID,GEO,16.0,1.0,0.0
2,13584,IID,GEO,16.0,1.0,0.0
2,3434,IPCO,BIO,2.25,1.0,0.0
2,6118,IPCO,BIO,0.16,1.0,0.0
2,6119,IPCO,BIO,0.16,1.0,0.0
2,6120,IPCO,BIO,0.16,1.0,0.0
2,7116,IPCO,BIO,0.32,1.0,0.0
2,7117,IPCO,BIO,0.32,1.0,0.0
2,10116,IPCO,BIO,2.25,1.0,0.0
2,3400,IPCO,GEO,18.0,1.0,0.0
2,7941,IPCO,GEO,11.0,1.0,0.0
2,3407,IPCO,NG,40.0,1.0,0.0
2,7509,IPCO,NG,330.0,1.0,0.0
2,8599,IPCO,NG,4.16,1.0,0.0
2,13714,NEVP,GEO,20.0,1.0,0.0
2,13715,NEVP,GEO,60.0,1.0,0.0
2,13716,NEVP,GEO,10.1,1.0,0.0
2,13717,NEVP,GEO,19.2,1.0,0.0
2,13718,NEVP,GEO,11.8,1.0,0.0
2,13719,NEVP,GEO,11.8,1.0,0.0
2,13720,NEVP,GEO,11.8,1.0,0.0
2,13721,NEVP,GEO,11.8,1.0,0.0
2,13724,NEVP,GEO,8.0,1.0,0.0
2,13725,NEVP,GEO,8.0,1.0,0.0
2,13726,NEVP,GEO,8.0,1.0,0.0
2,13727,NEVP,GEO,18.9,1.0,0.0
2,13728,NEVP,GEO,11.3,1.0,0.0
2,13729,NEVP,GEO,11.3,1.0,0.0
2,13730,NEVP,GEO,11.3,1.0,0.0
2,13731,NEVP,GEO,11.3,1.0,0.0
2,13732,NEVP,GEO,11.25,1.0,0.0
2,13733,NEVP,GEO,11.25,1.0,0.0
2,13734,NEVP,GEO,25.0,1.0,0.0
2,13752,NEVP,GEO,15.0,1.0,0.0
2,13753,NEVP,GEO,15.0,1.0,0.0
2,13754,NEVP,GEO,15.0,1.0,0.0
2,13755,NEVP,GEO,15.0,1.0,0.0
2,13756,NEVP,GEO,26.5,1.0,0.0
2,13757,NEVP,GEO,10.0,1.0,0.0
2,13758,NEVP,GEO,10.0,1.0,0.0
2,13759,NEVP,GEO,10.0,1.0,0.0
2,13760,NEVP,GEO,16.5,1.0,0.0
2,13762,NEVP,GEO,25.0,1.0,0.0
2,13763,NEVP,GEO,16.0,1.0,0.0
2,13764,NEVP,GEO,16.0,1.0,0.0
2,13765,NEVP,GEO,21.3,1.0,0.0
2,13766,NEVP,GEO,21.3,1.0,0.0
2,13767,NEVP,GEO,21.3,1.0,0.0
2,13769,NEVP,GEO,20.0,1.0,0.0
2,13770,NEVP,GEO,20.0,1.0,0.0
2,13771,NEVP,GEO,12.0,1.0,0.0
2,13772,NEVP,GEO,11.8,1.0,0.0
2,13774,NEVP,GEO,20.0,1.0,0.0
2,13775,NEVP,GEO,20.0,1.0,0.0
2,13776,NEVP,GEO,12.0,1.0,0.0
2,13427,NEVP,NG,105.0,1.0,0.0
2,13428,NEVP,NG,250.0,1.0,0.0
2,13429,NEVP,NG,250.0,1.0,0.0
2,13430,NEVP,NG,142.5,1.0,0.0
2,13433,NEVP,NG,96.26,1.0,0.0
2,13434,NEVP,NG,111.26,1.0,0.0
2,13440,NEVP,NG,267.74,1.0,0.0
2,13441,NEVP,NG,735.0,1.0,0.0
2,13442,NEVP,NG,267.74,1.0,0.0
2,13443,NEVP,NG,258.56,1.0,0.0
2,13444,NEVP,NG,309.52390229999975,1.0,0.0
2,13445,NEVP,NG,281.38,1.0,0.0
2,13449,NEVP,NG,112.4,1.0,0.0
2,13450,NEVP,NG,112.4,1.0,0.0
2,13773,NEVP,NG,266.37,1.0,0.0
2,15914,NEVP,NG,403.0,1.0,0.0
2,15916,NEVP,NG,659.6,1.0,0.0
2,15966,NEVP,NG,258.56,1.0,0.0
2,15972,NEVP,NG,356.0,1.0,0.0
2,15996,NEVP,NG,181.5,1.0,0.0
2,16028,NEVP,NG,367.5,1.0,0.0
2,16029,NEVP,NG,367.5,1.0,0.0
2,16054,NEVP,NG,540.6,1.0,0.0
2,3617,PACE,GEO,26.099999999998182,1.0,0.0
2,3618,PACE,GEO,12.0,1.0,0.0
2,3612,PACE,NG,17.0,1.0,0.0
2,3613,PACE,NG,17.0,1.0,0.0
2,3614,PACE,NG,17.0,1.0,0.0
2,3639,PACE,NG,16.106,1.0,0.0
2,3640,PACE,NG,16.106,1.0,0.0
2,3641,PACE,NG,16.2,1.0,0.0
2,3718,PACE,NG,13.5,1.0,0.0
2,3719,PACE,NG,13.5,1.0,0.0
2,6466,PACE,NG,242.0,1.0,0.0
2,7491,PACE,NG,303.6,1.0,0.0
2,7494,PACE,NG,288.2,1.0,0.0
2,14694,PACE,NG,1.0,1.0,0.0
2,15930,PACE,NG,420.7,1.0,0.0
2,15987,PACE,NG,408.6,1.0,0.0
2,15988,PACE,NG,182.7,1.0,0.0
2,15989,PACE,NG,185.4,1.0,0.0
2,15990,PACE,NG,469.8,1.0,0.0
2,1889,PACW,BIO,2.25,1.0,0.0
2,7432,PACW,NG,275.0,1.0,0.0
2,9960,PACW,NG,279.56,1.0,0.0
2,9961,PACW,NG,279.56,1.0,0.0
2,15985,PACW,NG,150.0,1.0,0.0
2,15986,PACW,NG,150.0,1.0,0.0
2,2346,PGE,BIO,9.999999999999773,1.0,0.0
2,5829,PGE,NG,212.906,1.0,0.0
2,9847,PGE,NG,296.0,1.0,0.0
2,10103,PGE,NG,225.0,1.0,0.0
2,6353,PNM,BIO,0.16,1.0,0.0
2,6354,PNM,BIO,0.16,1.0,0.0
2,6355,PNM,BIO,0.16,1.0,0.0
2,6356,PNM,BIO,0.16,1.0,0.0
2,6357,PNM,BIO,0.16,1.0,0.0
2,6358,PNM,BIO,0.16,1.0,0.0
2,6359,PNM,BIO,0.16,1.0,0.0
2,6360,PNM,BIO,0.16,1.0,0.0
2,6483,PNM,BIO,1.35,1.0,0.0
2,7634,PNM,BIO,0.067,1.0,0.0
2,8319,PNM,BIO,0.9,1.0,0.0
2,8320,PNM,BIO,2.25,1.0,0.0
2,8517,PNM,BIO,0.16,1.0,0.0
2,8518,PNM,BIO,0.16,1.0,0.0
2,8519,PNM,BIO,0.16,1.0,0.0
2,8520,PNM,BIO,0.16,1.0,0.0
2,8521,PNM,BIO,0.16,1.0,0.0
2,8522,PNM,BIO,0.16,1.0,0.0
2,10202,PNM,BIO,7.999999999999545,1.0,0.0
2,11101,PNM,BIO,11.5,1.0,0.0
2,11102,PNM,BIO,11.5,1.0,0.0
2,13110,PNM,BIO,10.0,1.0,0.0
2,13265,PNM,GEO,4.0,1.0,0.0
2,6828,PNM,NG,3.42,1.0,0.0
2,11104,PNM,NG,3.42,1.0,0.0
2,11105,PNM,NG,3.42,1.0,0.0
2,11106,PNM,NG,3.42,1.0,0.0
2,13240,PNM,NG,256.69,1.0,0.0
2,13243,PNM,NG,287.93,1.0,0.0
2,13503,PNM,NG,67.2,1.0,0.0
2,16004,PNM,NG,497.26,1.0,0.0
2,13785,PSCO,NG,300.14,1.0,0.0
2,13807,PSCO,NG,314.97,1.0,0.0
2,13813,PSCO,NG,41.0,1.0,0.0
2,13816,PSCO,NG,52.0,1.0,0.0
2,13869,PSCO,NG,542.3389999999999,1.0,0.0
2,15920,PSCO,NG,155.0,1.0,0.0
2,15945,PSCO,NG,140.0,1.0,0.0
2,16046,PSCO,NG,122.5,1.0,0.0
2,6692,PSEI,NG,52.92,1.0,0.0
2,6749,PSEI,NG,253.44,1.0,0.0
2,7707,PSEI,NG,66.816,1.0,0.0
2,7855,PSEI,NG,182.0,1.0,0.0
2,13338,SRP,NG,276.27,1.0,0.0
2,13370,SRP,NG,276.9999999999991,1.0,0.0
2,13375,SRP,NG,324.23,1.0,0.0
2,15937,SRP,NG,180.0,1.0,0.0
2,16050,SRP,NG,456.0,1.0,0.0
2,14108,TIDC,NG,242.65499999999997,1.0,0.0
2,16068,TIDC,NG,87.5,1.0,0.0
2,10145,TPWR,BIO,26.0,1.0,0.0
2,13976,WACM,NG,238.76,1.0,0.0
2,13986,WACM,NG,100.0,1.0,0.0
2,15948,WACM,NG,400.4,1.0,0.0
2,15949,WACM,NG,153.9,1.0,0.0
2,13494,WALC,NG,250.69,1.0,0.0
2,13495,WALC,NG,336.0,1.0,0.0
2,15962,WALC,NG,478.4,1.0,0.0
2,16056,WALC,NG,275.0,1.0,0.0
2,16057,WALC,NG,275.0,1.0,0.0
2,1115,CISO,NG,267.0,1.0,0.0
2,1116,CISO,NG,266.0,1.0,0.0
2,1117,CISO,NG,266.0,1.0,0.0
2,1118,CISO,NG,267.0,1.0,0.0
2,1233,CISO,NG,20.0,1.0,1.0
2,1405,CISO,NG,3.105,1.0,0.0
2,1445,CISO,NG,56.2,1.0,0.0
2,1447,CISO,NG,21.384,1.0,0.0
2,1448,CISO,NG,21.384,1.0,0.0
2,1449,CISO,NG,21.384,1.0,0.0
2,9895,CISO,NG,83.24667,1.0,0.0
2,9896,CISO,NG,41.62333,1.0,0.0
2,10214,CISO,NG,625.0,1.0,0.0
2,15255,CISO,NG,322.0,1.0,0.0
2,15908,CISO,NG,493.63,1.0,0.0
2,15939,CISO,NG,247.29,1.0,0.0
2,15940,CISO,NG,247.29,1.0,0.0
2,15943,CISO,NG,275.85,1.0,0.0
2,15944,CISO,NG,275.85,1.0,0.0
2,15975,CISO,NG,283.3333,1.0,0.0
2,15976,CISO,NG,283.3333,1.0,0.0
2,15978,CISO,NG,336.9,1.0,0.0
2,16006,CISO,NG,69.5,1.0,0.0
2,16007,CISO,NG,69.5,1.0,0.0
2,16018,CISO,NG,277.5,1.0,0.0
2,16019,CISO,NG,277.5,1.0,0.0
2,16020,CISO,NG,277.5,1.0,0.0
2,16021,CISO,NG,277.5,1.0,0.0
2,16030,CISO,NG,305.0,1.0,0.0
2,16031,CISO,NG,305.0,1.0,0.0
2,16032,CISO,NG,294.105,1.0,0.0
2,16033,CISO,NG,294.105,1.0,0.0
2,16034,CISO,NG,266.49,1.0,0.0
2,16035,CISO,NG,266.49,1.0,0.0
2,16058,CISO,NG,293.01,1.0,0.0
2,16059,CISO,NG,293.01,1.0,0.0
2,13304,SRP,NUCLEAR,1372.2,1.0,0.0
2,13305,SRP,NUCLEAR,1375.05,1.0,0.0
2,13306,SRP,NUCLEAR,1373.15,1.0,0.0
2,15322,AZPS,NG,87.0,1.0,0.0
2,15323,AZPS,NG,87.0,1.0,0.0
2,15324,AZPS,NG,87.0,1.0,0.0
2,15325,AZPS,NG,87.0,1.0,0.0
2,15326,AZPS,NG,87.0,1.0,0.0
2,15327,AZPS,NG,87.0,1.0,0.0
2,14088,BANC,NG,79.94,1.0,0.0
2,17031,LDWP,NG,5.0,1.0,0.0
2,13614,LDWP,NG,110.0,1.0,0.0
2,17212,LDWP,NG,398.0,1.0,0.0
2,17210,LDWP,NG,398.0,1.0,0.0
2,13284,TEPC,NG,550.0,1.0,0.0
2,13403,TEPC,NG,297.0,1.0,0.0
2,13404,TEPC,NG,297.0,1.0,0.0
2,13295,AZPS,COAL,818.1,1.0,0.0
2,3504,IPCO,COAL,307.0,1.0,0.0
2,3505,IPCO,COAL,307.0,1.0,0.0
2,3694,IPCO,COAL,50.0,1.0,0.0
2,3695,IPCO,COAL,25.0,1.0,0.0
2,3696,IPCO,COAL,25.0,1.0,0.0
2,3582,NEVP,COAL,268.0,1.0,0.0
2,3583,NEVP,COAL,254.0,1.0,0.0
2,3507,NWMT,COAL,740.0001,1.0,0.0
2,3506,NWMT,COAL,740.0,1.0,0.0
2,3497,NWMT,COAL,135.0,1.0,0.0
2,3510,NWMT,COAL,64.0,1.0,0.0
2,3391,PACE,COAL,584.0,1.0,0.0
2,3461,PACE,COAL,140.0,1.0,0.0
2,3463,PACE,COAL,531.0,1.0,0.0
2,3462,PACE,COAL,527.0,1.0,0.0
2,3656,PACE,COAL,517.5,1.0,0.0
2,3619,PACE,COAL,499.5,1.0,0.0
2,3655,PACE,COAL,498.0,1.0,0.0
2,3638,PACE,COAL,495.6,1.0,0.0
2,3637,PACE,COAL,488.3,1.0,0.0
2,3636,PACE,COAL,488.3,1.0,0.0
2,3698,PACE,COAL,362.1,1.0,0.0
2,3635,PACE,COAL,360.0,1.0,0.0
2,3634,PACE,COAL,229.5,1.0,0.0
2,11093,PACE,COAL,217.6,1.0,0.0
2,13294,PNM,COAL,271.0,1.0,0.0
2,13796,PSCO,COAL,552.28,1.0,0.0
2,13888,PSCO,COAL,467.261,1.0,0.0
2,14002,PSCO,COAL,428.0,1.0,0.0
2,14129,PSCO,COAL,380.8,1.0,0.0
2,13787,PSCO,COAL,335.0,1.0,0.0
2,13786,PSCO,COAL,325.0,1.0,0.0
2,13960,PSCO,COAL,49.65,1.0,0.0
2,13386,SRP,COAL,750.0,1.0,0.0
2,13387,SRP,COAL,750.0,1.0,0.0
2,13388,SRP,COAL,750.0,1.0,0.0
2,13385,SRP,COAL,170.0,1.0,0.0
2,13384,SRP,COAL,138.182,1.0,0.0
2,13389,TEPC,COAL,424.8,1.0,0.0
2,4029,WACM,COAL,621.0,1.0,0.0
2,4030,WACM,COAL,621.0,1.0,0.0
2,14004,WACM,COAL,448.0,1.0,0.0
2,14003,WACM,COAL,428.0,1.0,0.0
2,14001,WACM,COAL,405.0,1.0,0.0
2,14009,WACM,COAL,275.4,1.0,0.0
2,13958,WACM,COAL,207.0,1.0,0.0
2,14008,WACM,COAL,190.0,1.0,0.0
2,13962,WACM,COAL,141.031,1.0,0.0
2,13983,WACM,COAL,116.2,1.0,0.0
2,13982,WACM,COAL,95.0,1.0,0.0
2,13981,WACM,COAL,88.0,1.0,0.0
2,13961,WACM,COAL,83.19,1.0,0.0
2,13943,WACM,COAL,80.0,1.0,0.0
2,13422,WALC,COAL,49.359,1.0,0.0
3,3243,AESO,BIO,22.335,1.0,0.0
3,3284,AESO,BIO,25.0,1.0,0.0
3,3292,AESO,BIO,11.6,1.0,0.0
3,3343,AESO,BIO,18.0,1.0,0.0
3,3384,AESO,BIO,41.0,1.0,0.0
3,3385,AESO,BIO,41.0,1.0,0.0
3,3386,AESO,BIO,17.0,1.0,0.0
3,9565,AESO,BIO,20.0,1.0,0.0
3,9566,AESO,BIO,30.0,1.0,0.0
3,9592,AESO,BIO,4.5,1.0,0.0
3,13106,AESO,BIO,43.0,1.0,0.0
3,3218,AESO,NG,407.0,1.0,0.0
3,3219,AESO,NG,148.0,1.0,0.0
3,3220,AESO,NG,148.0,1.0,0.0
3,3221,AESO,NG,408.0,1.0,0.0
3,3222,AESO,NG,408.0,1.0,0.0
3,3238,AESO,NG,151.0,1.0,0.0
3,9198,AESO,NG,280.0,1.0,0.0
3,3017,AESO,NG,101.0,1.0,0.0
3,3041,AESO,NG,1.0,1.0,0.0
3,3042,AESO,NG,1.0,1.0,0.0
3,3043,AESO,NG,1.0,1.0,0.0
3,3044,AESO,NG,1.0,1.0,0.0
3,3047,AESO,NG,105.0,1.0,0.0
3,3072,AESO,NG,101.0,1.0,0.0
3,3096,AESO,NG,3.24,1.0,0.0
3,3126,AESO,NG,46.0,1.0,0.0
3,3139,AESO,NG,3.0,1.0,0.0
3,3190,AESO,NG,21.6,1.0,0.0
3,3217,AESO,NG,48.0,1.0,0.0
3,3232,AESO,NG,101.0,1.0,0.0
3,3235,AESO,NG,50.0,1.0,0.0
3,3242,AESO,NG,18.0,1.0,0.0
3,3244,AESO,NG,50.0,1.0,0.0
3,3245,AESO,NG,20.25,1.0,0.0
3,3249,AESO,NG,36.5,1.0,0.0
3,3250,AESO,NG,36.5,1.0,0.0
3,3254,AESO,NG,101.0,1.0,0.0
3,3259,AESO,NG,10.66,1.0,0.0
3,3261,AESO,NG,9.828,1.0,0.0
3,3263,AESO,NG,10.348,1.0,0.0
3,3357,AESO,NG,1.8,1.0,0.0
3,3358,AESO,NG,1.8,1.0,0.0
3,3359,AESO,NG,2.94,1.0,0.0
3,3370,AESO,NG,47.5,1.0,0.0
3,5241,AESO,NG,48.0,1.0,0.0
3,5274,AESO,NG,48.0,1.0,0.0
3,5302,AESO,NG,48.0,1.0,0.0
3,5802,AESO,NG,120.0,1.0,0.0
3,6087,AESO,NG,330.0,1.0,0.0
3,6150,AESO,NG,120.0,1.0,0.0
3,6611,AESO,NG,128.0,1.0,0.0
3,7724,AESO,NG,3.6,1.0,0.0
3,7725,AESO,NG,3.15,1.0,0.0
3,7727,AESO,NG,2.7,1.0,0.0
3,7851,AESO,NG,1.35,1.0,0.0
3,7852,AESO,NG,0.9,1.0,0.0
3,8055,AESO,NG,7.2,1.0,0.0
3,8417,AESO,NG,63.45,1.0,0.0
3,8781,AESO,NG,1.35,1.0,0.0
3,8782,AESO,NG,1.575,1.0,0.0
3,8783,AESO,NG,1.35,1.0,0.0
3,10169,AESO,NG,195.0,1.0,0.0
3,10179,AESO,NG,870.0,1.0,0.0
3,13133,AESO,NG,16.8,1.0,0.0
3,13136,AESO,NG,8.25,1.0,0.0
3,13137,AESO,NG,8.75,1.0,0.0
3,14586,AESO,NG,9.45,1.0,0.0
3,14605,AESO,NG,199.0,1.0,0.0
3,14624,AESO,NG,21.0,1.0,0.0
3,14625,AESO,NG,21.0,1.0,0.0
3,14644,AESO,NG,21.0,1.0,0.0
3,14662,AESO,NG,21.0,1.0,0.0
3,15481,AESO,NG,3.25,1.0,0.0
3,15482,AESO,NG,3.25,1.0,0.0
3,15483,AESO,NG,3.25,1.0,0.0
3,15484,AESO,NG,3.25,1.0,0.0
3,15485,AESO,NG,3.25,1.0,0.0
3,15659,AESO,NG,164.4,1.0,0.0
3,15660,AESO,NG,164.4,1.0,0.0
3,15661,AESO,NG,162.4,1.0,0.0
3,15662,AESO,NG,162.4,1.0,0.0
3,15663,AESO,NG,141.2,1.0,0.0
3,15667,AESO,NG,160.4,1.0,0.0
3,16052,AESO,NG,605.2,1.0,0.0
3,16053,AESO,NG,262.8,1.0,0.0
3,2190,AVA,BIO,2.79,1.0,0.0
3,2200,AVA,BIO,25.999999999999886,1.0,0.0
3,8427,AVA,NG,301.49,1.0,0.0
3,9848,AVA,NG,287.0,1.0,0.0
3,14033,AZPS,BIO,27.99999999999909,1.0,0.0
3,16040,AZPS,NG,252.4,1.0,0.0
3,16041,AZPS,NG,252.4,1.0,0.0
3,16042,AZPS,NG,252.4,1.0,0.0
3,16043,AZPS,NG,252.4,1.0,0.0
3,16070,AZPS,NG,136.428,1.0,0.0
3,13708,BANC,NG,8.1,1.0,0.0
3,15928,BANC,NG,180.0,1.0,0.0
3,15929,BANC,NG,180.0,1.0,0.0
3,16060,BANC,NG,144.375,1.0,0.0
3,16061,BANC,NG,144.375,1.0,0.0
3,2516,BCHA,BIO,40.359052609997235,1.0,0.0
3,2634,BCHA,BIO,20.39,1.0,0.0
3,2644,BCHA,BIO,24.75,1.0,0.0
3,2645,BCHA,BIO,1.667,1.0,0.0
3,2646,BCHA,BIO,1.667,1.0,0.0
3,2647,BCHA,BIO,1.667,1.0,0.0
3,2648,BCHA,BIO,1.851,1.0,0.0
3,2744,BCHA,BIO,4.8,1.0,0.0
3,2745,BCHA,BIO,8.4,1.0,0.0
3,2766,BCHA,BIO,7.5,1.0,0.0
3,2990,BCHA,BIO,52.29,1.0,0.0
3,2991,BCHA,BIO,48.0,1.0,0.0
3,6066,BCHA,BIO,4.8,1.0,0.0
3,6104,BCHA,BIO,36.0,1.0,0.0
3,6155,BCHA,BIO,1.26,1.0,0.0
3,6833,BCHA,BIO,1.03,1.0,0.0
3,7014,BCHA,BIO,0.34,1.0,0.0
3,7068,BCHA,BIO,16.5,1.0,0.0
3,8349,BCHA,BIO,11.4,1.0,0.0
3,11890,BCHA,BIO,1.0,1.0,0.0
3,11891,BCHA,BIO,1.0,1.0,0.0
3,15470,BCHA,BIO,28.0,1.0,0.0
3,15471,BCHA,BIO,16.0,1.0,0.0
3,15664,BCHA,BIO,12.0,1.0,0.0
3,10736,BCHA,GEO,107.0,1.0,0.0
3,3040,AESO,NG,0.192,1.0,0.0
3,3247,AESO,NG,12.0,1.0,0.0
3,3248,AESO,NG,9.0,1.0,0.0
3,5051,BCHA,NG,290.0,1.0,0.0
3,6625,AESO,NG,11.25,1.0,0.0
3,6755,AESO,NG,101.0,1.0,0.0
3,7003,AESO,NG,27.9,1.0,0.0
3,7726,AESO,NG,1.845,1.0,0.0
3,8260,AESO,NG,20.7,1.0,0.0
3,8632,AESO,NG,2.475,1.0,0.0
3,9134,AESO,NG,9.0,1.0,0.0
3,9219,AESO,NG,189.2,1.0,0.0
3,11725,AESO,NG,1.0,1.0,0.0
3,11726,AESO,NG,1.0,1.0,0.0
3,11841,AESO,NG,1.0,1.0,0.0
3,11842,AESO,NG,1.0,1.0,0.0
3,11914,AESO,NG,1.0,1.0,0.0
3,11915,AESO,NG,1.0,1.0,0.0
3,11916,AESO,NG,1.0,1.0,0.0
3,13128,AESO,NG,6.75,1.0,0.0
3,13129,AESO,NG,6.75,1.0,0.0
3,13134,AESO,NG,1.6,1.0,0.0
3,13135,AESO,NG,1.6,1.0,0.0
3,14834,AESO,NG,22.622,1.0,0.0
3,15656,AESO,NG,408.0,1.0,0.0
3,15657,AESO,NG,418.5,1.0,0.0
3,15658,AESO,NG,430.0,1.0,0.0
3,15674,AESO,NG,10.0,1.0,0.0
3,15675,AESO,NG,1.0,1.0,0.0
3,15676,AESO,NG,1.0,1.0,0.0
3,15677,AESO,NG,3.0,1.0,0.0
3,2051,BPAT,BIO,8.1,1.0,0.0
3,2076,BPAT,BIO,0.35,1.0,0.0
3,2077,BPAT,BIO,20.0,1.0,0.0
3,2078,BPAT,BIO,25.0,1.0,0.0
3,2079,BPAT,BIO,12.25,1.0,0.0
3,6343,BPAT,BIO,0.16,1.0,0.0
3,6344,BPAT,BIO,0.16,1.0,0.0
3,6345,BPAT,BIO,0.3,1.0,0.0
3,6346,BPAT,BIO,0.3,1.0,0.0
3,9593,BPAT,BIO,5.0,1.0,0.0
3,9595,BPAT,BIO,31.28,1.0,0.0
3,13116,BPAT,BIO,8.0,1.0,0.0
3,14572,BPAT,BIO,1.0,1.0,0.0
3,2063,BPAT,NG,148.8,1.0,0.0
3,6835,BPAT,NG,162.0,1.0,0.0
3,14571,BPAT,NG,9.9,1.0,0.0
3,2491,BPAT,NUCLEAR,1186.0,1.0,0.0
3,437,CENACE,GEO,25.0,1.0,0.0
3,438,CENACE,GEO,25.0,1.0,0.0
3,439,CENACE,GEO,25.0,1.0,0.0
3,440,CENACE,GEO,25.0,1.0,0.0
3,441,CENACE,GEO,30.0,1.0,0.0
3,446,CENACE,GEO,110.0,1.0,0.0
3,447,CENACE,GEO,110.0,1.0,0.0
3,448,CENACE,GEO,110.0,1.0,0.0
3,457,CENACE,GEO,110.0,1.0,0.0
3,8227,CENACE,NG,277.0,1.0,0.0
3,14839,CENACE,NG,248.0,1.0,0.0
3,15254,CENACE,NG,793.0,1.0,0.0
3,15341,CENACE,NG,1.0,1.0,0.0
3,15991,CENACE,NG,165.0,1.0,0.0
3,15992,CENACE,NG,165.0,1.0,0.0
3,15993,CENACE,NG,405.0,1.0,0.0
3,548,CISO,BIO,2.999999999992724,1.0,0.0
3,549,CISO,BIO,0.95,1.0,0.0
3,550,CISO,BIO,5.0,1.0,0.0
3,551,CISO,BIO,3.0,1.0,0.0
3,555,CISO,BIO,2.9,1.0,0.0
3,570,CISO,BIO,1.88,1.0,0.0
3,572,CISO,BIO,1.88,1.0,0.0
3,629,CISO,BIO,47.0,1.0,0.0
3,633,CISO,BIO,34.0,1.0,0.0
3,795,CISO,BIO,24.5,1.0,0.0
3,836,CISO,BIO,1.3,1.0,0.0
3,1008,CISO,BIO,1.88,1.0,0.0
3,1154,CISO,BIO,25.0,1.0,0.0
3,1156,CISO,BIO,10.5,1.0,0.0
3,1168,CISO,BIO,10.8,1.0,0.0
3,1178,CISO,BIO,28.5,1.0,0.0
3,1187,CISO,BIO,24.48,1.0,0.0
3,1188,CISO,BIO,22.0,1.0,0.0
3,1297,CISO,BIO,30.5,1.0,0.0
3,1300,CISO,BIO,12.0,1.0,0.0
3,1331,CISO,BIO,57.43,1.0,0.0
3,1392,CISO,BIO,24.2,1.0,0.0
3,1398,CISO,BIO,2.57,1.0,0.0
3,1399,CISO,BIO,2.57,1.0,0.0
3,1400,CISO,BIO,2.57,1.0,0.0
3,1401,CISO,BIO,2.57,1.0,0.0
3,1402,CISO,BIO,2.57,1.0,0.0
3,1403,CISO,BIO,2.57,1.0,0.0
3,1404,CISO,BIO,2.57,1.0,0.0
3,1413,CISO,BIO,10.0,1.0,0.0
3,1589,CISO,BIO,8.6,1.0,0.0
3,1590,CISO,BIO,5.7,1.0,0.0
3,1634,CISO,BIO,13.8,1.0,0.0
3,1635,CISO,BIO,12.5,1.0,0.0
3,1636,CISO,BIO,12.5,1.0,0.0
3,1637,CISO,BIO,12.5,1.0,0.0
3,1638,CISO,BIO,19.9,1.0,0.0
3,1768,CISO,BIO,22.0,1.0,0.0
3,1774,CISO,BIO,13.1,1.0,0.0
3,1793,CISO,BIO,29.07,1.0,0.0
3,1794,CISO,BIO,25.5,1.0,0.0
3,1838,CISO,BIO,17.2,1.0,0.0
3,1839,CISO,BIO,24.4,1.0,0.0
3,5728,CISO,BIO,1.25,1.0,0.0
3,5729,CISO,BIO,1.25,1.0,0.0
3,5809,CISO,BIO,3.0,1.0,0.0
3,5865,CISO,BIO,0.75,1.0,0.0
3,5866,CISO,BIO,0.75,1.0,0.0
3,5872,CISO,BIO,14.4,1.0,0.0
3,5899,CISO,BIO,4.0,1.0,0.0
3,5900,CISO,BIO,3.7,1.0,0.0
3,5901,CISO,BIO,0.3,1.0,0.0
3,5999,CISO,BIO,37.828,1.0,0.0
3,6045,CISO,BIO,9.8,1.0,0.0
3,6069,CISO,BIO,4.6,1.0,0.0
3,6070,CISO,BIO,4.6,1.0,0.0
3,6071,CISO,BIO,4.6,1.0,0.0
3,6116,CISO,BIO,1.1,1.0,0.0
3,6117,CISO,BIO,1.1,1.0,0.0
3,6349,CISO,BIO,1.5,1.0,0.0
3,6352,CISO,BIO,1.2,1.0,0.0
3,6492,CISO,BIO,24.5,1.0,0.0
3,6601,CISO,BIO,1.5,1.0,0.0
3,6602,CISO,BIO,1.5,1.0,0.0
3,6603,CISO,BIO,1.5,1.0,0.0
3,6651,CISO,BIO,1.35,1.0,0.0
3,6652,CISO,BIO,1.35,1.0,0.0
3,6653,CISO,BIO,1.35,1.0,0.0
3,6710,CISO,BIO,20.0,1.0,0.0
3,6756,CISO,BIO,0.7,1.0,0.0
3,7146,CISO,BIO,0.2,1.0,0.0
3,7147,CISO,BIO,0.2,1.0,0.0
3,7373,CISO,BIO,4.4,1.0,0.0
3,7374,CISO,BIO,3.0,1.0,0.0
3,7388,CISO,BIO,27.15,1.0,0.0
3,7556,CISO,BIO,0.8,1.0,0.0
3,7557,CISO,BIO,0.8,1.0,0.0
3,7558,CISO,BIO,0.8,1.0,0.0
3,7559,CISO,BIO,0.8,1.0,0.0
3,7560,CISO,BIO,0.8,1.0,0.0
3,7561,CISO,BIO,0.8,1.0,0.0
3,7780,CISO,BIO,2.9,1.0,0.0
3,7816,CISO,BIO,1.3,1.0,0.0
3,7840,CISO,BIO,1.25,1.0,0.0
3,7841,CISO,BIO,1.25,1.0,0.0
3,7860,CISO,BIO,3.0,1.0,0.0
3,7861,CISO,BIO,3.0,1.0,0.0
3,7862,CISO,BIO,1.6,1.0,0.0
3,7868,CISO,BIO,6.5,1.0,0.0
3,7869,CISO,BIO,4.9,1.0,0.0
3,8080,CISO,BIO,23.8,1.0,0.0
3,8084,CISO,BIO,1.88,1.0,0.0
3,8085,CISO,BIO,1.88,1.0,0.0
3,8162,CISO,BIO,1.6,1.0,0.0
3,8163,CISO,BIO,2.7,1.0,0.0
3,8311,CISO,BIO,0.46,1.0,0.0
3,8312,CISO,BIO,2.29,1.0,0.0
3,8313,CISO,BIO,2.2,1.0,0.0
3,8371,CISO,BIO,3.0,1.0,0.0
3,8403,CISO,BIO,2.8,1.0,0.0
3,8404,CISO,BIO,3.3,1.0,0.0
3,8405,CISO,BIO,3.3,1.0,0.0
3,8406,CISO,BIO,3.3,1.0,0.0
3,8434,CISO,BIO,1.2,1.0,0.0
3,8682,CISO,BIO,3.0,1.0,0.0
3,8685,CISO,BIO,11.16,1.0,0.0
3,8811,CISO,BIO,1.3,1.0,0.0
3,8812,CISO,BIO,1.3,1.0,0.0
3,9227,CISO,BIO,3.0,1.0,0.0
3,9228,CISO,BIO,1.2,1.0,0.0
3,9229,CISO,BIO,1.2,1.0,0.0
3,9242,CISO,BIO,3.05,1.0,0.0
3,9322,CISO,BIO,2.8,1.0,0.0
3,9337,CISO,BIO,1.8,1.0,0.0
3,9338,CISO,BIO,1.8,1.0,0.0
3,9399,CISO,BIO,1.2,1.0,0.0
3,9723,CISO,BIO,0.5,1.0,0.0
3,10025,CISO,BIO,1.6,1.0,0.0
3,10026,CISO,BIO,1.0,1.0,0.0
3,10027,CISO,BIO,1.0,1.0,0.0
3,10028,CISO,BIO,1.4,1.0,0.0
3,10227,CISO,BIO,35.2,1.0,0.0
3,11103,CISO,BIO,28.24,1.0,0.0
3,11120,CISO,BIO,50.0,1.0,0.0
3,11138,CISO,BIO,5.0,1.0,0.0
3,12396,CISO,BIO,1.0,1.0,0.0
3,12397,CISO,BIO,0.4,1.0,0.0
3,12837,CISO,BIO,1.5,1.0,0.0
3,13104,CISO,BIO,50.0,1.0,0.0
3,13107,CISO,BIO,30.0,1.0,0.0
3,14499,CISO,BIO,26.5,1.0,0.0
3,14833,CISO,BIO,18.13,1.0,0.0
3,14884,CISO,BIO,1.2,1.0,0.0
3,14896,CISO,BIO,5.0,1.0,0.0
3,15377,CISO,BIO,12.0,1.0,0.0
3,15432,CISO,BIO,32.0,1.0,0.0
3,15783,CISO,BIO,4.7,1.0,0.0
3,15794,CISO,BIO,28.5,1.0,0.0
3,15797,CISO,BIO,24.0,1.0,0.0
3,15798,CISO,BIO,24.0,1.0,0.0
3,442,CISO,GEO,35.7,1.0,0.0
3,443,CISO,GEO,35.7,1.0,0.0
3,444,CISO,GEO,35.7,1.0,0.0
3,445,CISO,GEO,35.7,1.0,0.0
3,656,CISO,GEO,26.66667,1.0,0.0
3,657,CISO,GEO,26.66667,1.0,0.0
3,658,CISO,GEO,26.66667,1.0,0.0
3,663,CISO,GEO,16.0,1.0,0.0
3,664,CISO,GEO,16.0,1.0,0.0
3,665,CISO,GEO,16.0,1.0,0.0
3,1005,CISO,GEO,30.0,1.0,0.0
3,1006,CISO,GEO,30.0,1.0,0.0
3,1007,CISO,GEO,30.0,1.0,0.0
3,1265,CISO,GEO,1.5,1.0,0.0
3,1266,CISO,GEO,1.5,1.0,0.0
3,1597,CISO,GEO,11.0,1.0,0.0
3,1598,CISO,GEO,11.0,1.0,0.0
3,1602,CISO,GEO,47.0,1.0,0.0
3,1603,CISO,GEO,50.0,1.0,0.0
3,1604,CISO,GEO,72.0,1.0,0.0
3,1605,CISO,GEO,75.5,1.0,0.0
3,1606,CISO,GEO,27.5,1.0,0.0
3,1607,CISO,GEO,63.0,1.0,0.0
3,1608,CISO,GEO,70.0,1.0,0.0
3,1609,CISO,GEO,73.0,1.0,0.0
3,1610,CISO,GEO,57.0,1.0,0.0
3,1611,CISO,GEO,86.8,1.0,0.0
3,1612,CISO,GEO,47.9,1.0,0.0
3,1613,CISO,GEO,47.9,1.0,0.0
3,1614,CISO,GEO,49.215,1.0,0.0
3,1615,CISO,GEO,49.215,1.0,0.0
3,1616,CISO,GEO,12.5,1.0,0.0
3,1617,CISO,GEO,12.5,1.0,0.0
3,1618,CISO,GEO,6.5,1.0,0.0
3,1619,CISO,GEO,6.5,1.0,0.0
3,1620,CISO,GEO,36.0,1.0,0.0
3,1621,CISO,GEO,36.0,1.0,0.0
3,7684,CISO,GEO,20.0,1.0,0.0
3,7942,CISO,GEO,11.0,1.0,0.0
3,7943,CISO,GEO,11.0,1.0,0.0
3,8300,CISO,GEO,5.0,1.0,0.0
3,8301,CISO,GEO,5.0,1.0,0.0
3,8302,CISO,GEO,5.0,1.0,0.0
3,11122,CISO,GEO,78.0,1.0,0.0
3,13026,CISO,GEO,14.0,1.0,0.0
3,13102,CISO,GEO,51.9,1.0,0.0
3,13103,CISO,GEO,51.9,1.0,0.0
3,13105,CISO,GEO,59.0,1.0,0.0
3,14055,CISO,GEO,38.85,1.0,0.0
3,14056,CISO,GEO,50.0,1.0,0.0
3,14057,CISO,GEO,42.42,1.0,0.0
3,14058,CISO,GEO,52.73,1.0,0.0
3,14848,CISO,GEO,30.0,1.0,0.0
3,14923,CISO,GEO,38.0,1.0,0.0
3,15381,CISO,GEO,20.0,1.0,0.0
3,1248,CISO,NUCLEAR,1150.0,1.0,0.0
3,1249,CISO,NUCLEAR,1150.0,1.0,0.0
3,13507,IID,BIO,27.0,1.0,0.0
3,13561,IID,BIO,21.0,1.0,0.0
3,13509,IID,GEO,53.0,1.0,0.0
3,13510,IID,GEO,8.75,1.0,0.0
3,13511,IID,GEO,4.37,1.0,0.0
3,13516,IID,GEO,34.39,1.0,0.0
3,13517,IID,GEO,34.39,1.0,0.0
3,13519,IID,GEO,34.39,1.0,0.0
3,13520,IID,GEO,29.0,1.0,0.0
3,13521,IID,GEO,9.19,1.0,0.0
3,13522,IID,GEO,10.5,1.0,0.0
3,13523,IID,GEO,49.0,1.0,0.0
3,13524,IID,GEO,50.0,1.0,0.0
3,13543,IID,GEO,33.0,1.0,0.0
3,13544,IID,GEO,16.0,1.0,0.0
3,13554,IID,GEO,49.89,1.0,0.0
3,13555,IID,GEO,4.79,1.0,0.0
3,13556,IID,GEO,4.5,1.0,0.0
3,13557,IID,GEO,11.1,1.0,0.0
3,13558,IID,GEO,11.0,1.0,0.0
3,13559,IID,GEO,50.0,1.0,0.0
3,13562,IID,GEO,21.6,1.0,0.0
3,13563,IID,GEO,8.0,1.0,0.0
3,13564,IID,GEO,22.0,1.0,0.0
3,13570,IID,GEO,24.0,1.0,0.0
3,13571,IID,GEO,15.0,1.0,0.0
3,13572,IID,GEO,18.5,1.0,0.0
3,13573,IID,GEO,7.0,1.0,0.0
3,13574,IID,GEO,8.45,1.0,0.0
3,13578,IID,GEO,16.0,1.0,0.0
3,13579,IID,GEO,16.0,1.0,0.0
3,13580,IID,GEO,16.0,1.0,0.0
3,13581,IID,GEO,16.0,1.0,0.0
3,13582,IID,GEO,16.0,1.0,0.0
3,13583,IID,GEO,16.0,1.0,0.0
3,13584,IID,GEO,16.0,1.0,0.0
3,3434,IPCO,BIO,2.25,1.0,0.0
3,6118,IPCO,BIO,0.16,1.0,0.0
3,6119,IPCO,BIO,0.16,1.0,0.0
3,6120,IPCO,BIO,0.16,1.0,0.0
3,7116,IPCO,BIO,0.32,1.0,0.0
3,7117,IPCO,BIO,0.32,1.0,0.0
3,10116,IPCO,BIO,2.25,1.0,0.0
3,3400,IPCO,GEO,17.999999999999773,1.0,0.0
3,7941,IPCO,GEO,11.0,1.0,0.0
3,3407,IPCO,NG,40.0,1.0,0.0
3,7509,IPCO,NG,330.0,1.0,0.0
3,8599,IPCO,NG,4.16,1.0,0.0
3,13714,NEVP,GEO,20.0,1.0,0.0
3,13715,NEVP,GEO,60.0,1.0,0.0
3,13716,NEVP,GEO,10.1,1.0,0.0
3,13717,NEVP,GEO,19.2,1.0,0.0
3,13718,NEVP,GEO,11.8,1.0,0.0
3,13719,NEVP,GEO,11.8,1.0,0.0
3,13720,NEVP,GEO,11.8,1.0,0.0
3,13721,NEVP,GEO,11.8,1.0,0.0
3,13724,NEVP,GEO,8.0,1.0,0.0
3,13725,NEVP,GEO,8.0,1.0,0.0
3,13726,NEVP,GEO,8.0,1.0,0.0
3,13727,NEVP,GEO,18.9,1.0,0.0
3,13728,NEVP,GEO,11.3,1.0,0.0
3,13729,NEVP,GEO,11.3,1.0,0.0
3,13730,NEVP,GEO,11.3,1.0,0.0
3,13731,NEVP,GEO,11.3,1.0,0.0
3,13732,NEVP,GEO,11.25,1.0,0.0
3,13733,NEVP,GEO,11.25,1.0,0.0
3,13734,NEVP,GEO,25.0,1.0,0.0
3,13752,NEVP,GEO,15.0,1.0,0.0
3,13753,NEVP,GEO,15.0,1.0,0.0
3,13754,NEVP,GEO,15.0,1.0,0.0
3,13755,NEVP,GEO,15.0,1.0,0.0
3,13756,NEVP,GEO,26.5,1.0,0.0
3,13757,NEVP,GEO,10.0,1.0,0.0
3,13758,NEVP,GEO,10.0,1.0,0.0
3,13759,NEVP,GEO,10.0,1.0,0.0
3,13760,NEVP,GEO,16.5,1.0,0.0
3,13762,NEVP,GEO,25.0,1.0,0.0
3,13763,NEVP,GEO,16.0,1.0,0.0
3,13764,NEVP,GEO,16.0,1.0,0.0
3,13765,NEVP,GEO,21.3,1.0,0.0
3,13766,NEVP,GEO,21.3,1.0,0.0
3,13767,NEVP,GEO,21.3,1.0,0.0
3,13769,NEVP,GEO,20.0,1.0,0.0
3,13770,NEVP,GEO,20.0,1.0,0.0
3,13771,NEVP,GEO,12.0,1.0,0.0
3,13772,NEVP,GEO,11.8,1.0,0.0
3,13774,NEVP,GEO,20.0,1.0,0.0
3,13775,NEVP,GEO,20.0,1.0,0.0
3,13776,NEVP,GEO,12.0,1.0,0.0
3,13427,NEVP,NG,105.0,1.0,0.0
3,13428,NEVP,NG,250.0,1.0,0.0
3,13429,NEVP,NG,250.0,1.0,0.0
3,13430,NEVP,NG,142.5,1.0,0.0
3,13433,NEVP,NG,96.26,1.0,0.0
3,13434,NEVP,NG,111.26,1.0,0.0
3,13440,NEVP,NG,267.74,1.0,0.0
3,13441,NEVP,NG,735.0,1.0,0.0
3,13442,NEVP,NG,267.74,1.0,0.0
3,13443,NEVP,NG,258.56,1.0,0.0
3,13444,NEVP,NG,281.38,1.0,0.0
3,13445,NEVP,NG,281.38,1.0,0.0
3,13449,NEVP,NG,112.4,1.0,0.0
3,13450,NEVP,NG,112.4,1.0,0.0
3,13773,NEVP,NG,266.37,1.0,0.0
3,15914,NEVP,NG,403.0,1.0,0.0
3,15916,NEVP,NG,659.6,1.0,0.0
3,15966,NEVP,NG,258.56,1.0,0.0
3,15972,NEVP,NG,356.0,1.0,0.0
3,15996,NEVP,NG,181.5,1.0,0.0
3,16028,NEVP,NG,367.5,1.0,0.0
3,16029,NEVP,NG,367.5,1.0,0.0
3,16054,NEVP,NG,375.65890229999854,1.0,0.0
3,3617,PACE,GEO,26.099999999998182,1.0,0.0
3,3618,PACE,GEO,12.0,1.0,0.0
3,3612,PACE,NG,17.0,1.0,0.0
3,3613,PACE,NG,17.0,1.0,0.0
3,3614,PACE,NG,17.0,1.0,0.0
3,3639,PACE,NG,16.106,1.0,0.0
3,3640,PACE,NG,16.106,1.0,0.0
3,3641,PACE,NG,16.2,1.0,0.0
3,3718,PACE,NG,13.5,1.0,0.0
3,3719,PACE,NG,13.5,1.0,0.0
3,6466,PACE,NG,242.0,1.0,0.0
3,7491,PACE,NG,303.6,1.0,0.0
3,7494,PACE,NG,288.2,1.0,0.0
3,14694,PACE,NG,1.0,1.0,0.0
3,15930,PACE,NG,420.7,1.0,0.0
3,15987,PACE,NG,408.6,1.0,0.0
3,15988,PACE,NG,182.7,1.0,0.0
3,15989,PACE,NG,185.4,1.0,0.0
3,15990,PACE,NG,469.8,1.0,0.0
3,1889,PACW,BIO,2.25,1.0,0.0
3,7432,PACW,NG,275.0,1.0,0.0
3,9960,PACW,NG,279.55999999999955,1.0,0.0
3,9961,PACW,NG,279.56,1.0,0.0
3,15985,PACW,NG,150.0,1.0,0.0
3,15986,PACW,NG,150.0,1.0,0.0
3,2346,PGE,BIO,10.0,1.0,0.0
3,5829,PGE,NG,212.906,1.0,0.0
3,9847,PGE,NG,296.0,1.0,0.0
3,10103,PGE,NG,225.0,1.0,0.0
3,6353,PNM,BIO,0.16,1.0,0.0
3,6354,PNM,BIO,0.16,1.0,0.0
3,6355,PNM,BIO,0.16,1.0,0.0
3,6356,PNM,BIO,0.16,1.0,0.0
3,6357,PNM,BIO,0.16,1.0,0.0
3,6358,PNM,BIO,0.16,1.0,0.0
3,6359,PNM,BIO,0.16,1.0,0.0
3,6360,PNM,BIO,0.16,1.0,0.0
3,6483,PNM,BIO,1.35,1.0,0.0
3,7634,PNM,BIO,0.067,1.0,0.0
3,8319,PNM,BIO,0.9,1.0,0.0
3,8320,PNM,BIO,2.25,1.0,0.0
3,8517,PNM,BIO,0.16,1.0,0.0
3,8518,PNM,BIO,0.16,1.0,0.0
3,8519,PNM,BIO,0.16,1.0,0.0
3,8520,PNM,BIO,0.16,1.0,0.0
3,8521,PNM,BIO,0.16,1.0,0.0
3,8522,PNM,BIO,0.16,1.0,0.0
3,10202,PNM,BIO,8.0,1.0,0.0
3,11101,PNM,BIO,11.5,1.0,0.0
3,11102,PNM,BIO,11.5,1.0,0.0
3,13110,PNM,BIO,10.0,1.0,0.0
3,13265,PNM,GEO,4.0,1.0,0.0
3,6828,PNM,NG,3.42,1.0,0.0
3,11104,PNM,NG,3.42,1.0,0.0
3,11105,PNM,NG,3.42,1.0,0.0
3,11106,PNM,NG,3.42,1.0,0.0
3,13240,PNM,NG,256.69,1.0,0.0
3,13243,PNM,NG,287.93,1.0,0.0
3,13503,PNM,NG,67.2,1.0,0.0
3,16004,PNM,NG,497.26,1.0,0.0
3,13785,PSCO,NG,300.14,1.0,0.0
3,13807,PSCO,NG,314.97,1.0,0.0
3,13813,PSCO,NG,41.0,1.0,0.0
3,13816,PSCO,NG,52.0,1.0,0.0
3,13869,PSCO,NG,512.7189999999994,1.0,0.0
3,15920,PSCO,NG,155.0,1.0,0.0
3,15945,PSCO,NG,140.0,1.0,0.0
3,16046,PSCO,NG,122.5,1.0,0.0
3,6692,PSEI,NG,52.92,1.0,0.0
3,6749,PSEI,NG,253.44,1.0,0.0
3,7707,PSEI,NG,66.816,1.0,0.0
3,7855,PSEI,NG,182.0,1.0,0.0
3,13338,SRP,NG,276.27,1.0,0.0
3,13370,SRP,NG,276.9999999999991,1.0,0.0
3,13375,SRP,NG,324.23,1.0,0.0
3,15937,SRP,NG,180.0,1.0,0.0
3,16050,SRP,NG,456.0,1.0,0.0
3,14108,TIDC,NG,232.07,1.0,0.0
3,16068,TIDC,NG,87.5,1.0,0.0
3,10145,TPWR,BIO,25.999999999999943,1.0,0.0
3,13976,WACM,NG,238.76,1.0,0.0
3,13986,WACM,NG,49.55,1.0,0.0
3,15948,WACM,NG,400.4,1.0,0.0
3,15949,WACM,NG,153.9,1.0,0.0
3,13494,WALC,NG,250.69,1.0,0.0
3,13495,WALC,NG,336.0,1.0,0.0
3,15962,WALC,NG,478.4,1.0,0.0
3,16056,WALC,NG,275.0,1.0,0.0
3,16057,WALC,NG,275.0,1.0,0.0
3,1115,CISO,NG,267.0,1.0,0.0
3,1116,CISO,NG,266.0,1.0,0.0
3,1117,CISO,NG,266.0,1.0,0.0
3,1118,CISO,NG,267.0,1.0,0.0
3,1405,CISO,NG,3.105,1.0,0.0
3,1445,CISO,NG,56.2,1.0,0.0
3,1447,CISO,NG,21.384,1.0,0.0
3,1448,CISO,NG,21.384,1.0,0.0
3,1449,CISO,NG,21.384,1.0,0.0
3,1658,CISO,NG,26.0,1.0,1.0
3,9895,CISO,NG,83.24667,1.0,0.0
3,9896,CISO,NG,41.62333,1.0,0.0
3,10214,CISO,NG,625.0,1.0,0.0
3,15255,CISO,NG,322.0,1.0,0.0
3,15908,CISO,NG,493.63,1.0,0.0
3,15939,CISO,NG,247.29,1.0,0.0
3,15940,CISO,NG,247.29,1.0,0.0
3,15943,CISO,NG,275.85,1.0,0.0
3,15944,CISO,NG,275.85,1.0,0.0
3,15975,CISO,NG,283.3333,1.0,0.0
3,15976,CISO,NG,283.3333,1.0,0.0
3,15978,CISO,NG,336.9,1.0,0.0
3,16006,CISO,NG,69.5,1.0,0.0
3,16007,CISO,NG,69.5,1.0,0.0
3,16018,CISO,NG,277.5,1.0,0.0
3,16019,CISO,NG,277.5,1.0,0.0
3,16020,CISO,NG,277.5,1.0,0.0
3,16021,CISO,NG,277.5,1.0,0.0
3,16030,CISO,NG,305.0,1.0,0.0
3,16031,CISO,NG,305.0,1.0,0.0
3,16032,CISO,NG,294.105,1.0,0.0
3,16033,CISO,NG,294.105,1.0,0.0
3,16034,CISO,NG,266.49,1.0,0.0
3,16035,CISO,NG,266.49,1.0,0.0
3,16058,CISO,NG,293.01,1.0,0.0
3,16059,CISO,NG,293.01,1.0,0.0
3,13304,SRP,NUCLEAR,1372.2,1.0,0.0
3,13305,SRP,NUCLEAR,1375.05,1.0,0.0
3,13306,SRP,NUCLEAR,1373.15,1.0,0.0
3,15322,AZPS,NG,87.0,1.0,0.0
3,15323,AZPS,NG,87.0,1.0,0.0
3,15324,AZPS,NG,87.0,1.0,0.0
3,15325,AZPS,NG,87.0,1.0,0.0
3,15326,AZPS,NG,87.0,1.0,0.0
3,15327,AZPS,NG,87.0,1.0,0.0
3,14088,BANC,NG,79.94,1.0,0.0
3,17031,LDWP,NG,5.0,1.0,0.0
3,13614,LDWP,NG,110.0,1.0,0.0
3,17212,LDWP,NG,397.9999999999998,1.0,0.0
3,17210,LDWP,NG,398.0,1.0,0.0
3,13284,TEPC,NG,549.9999999999998,1.0,0.0
3,13403,TEPC,NG,297.0,1.0,0.0
3,13404,TEPC,NG,297.0,1.0,0.0
3,13295,AZPS,COAL,818.1,1.0,0.0
3,3504,IPCO,COAL,307.0,1.0,0.0
3,3505,IPCO,COAL,307.0,1.0,0.0
3,3694,IPCO,COAL,50.0,1.0,0.0
3,3695,IPCO,COAL,25.0,1.0,0.0
3,3696,IPCO,COAL,25.0,1.0,0.0
3,3582,NEVP,COAL,268.0,1.0,0.0
3,3583,NEVP,COAL,254.0,1.0,0.0
3,3507,NWMT,COAL,740.0001,1.0,0.0
3,3506,NWMT,COAL,740.0,1.0,0.0
3,3497,NWMT,COAL,135.0,1.0,0.0
3,3510,NWMT,COAL,64.0,1.0,0.0
3,3391,PACE,COAL,584.0,1.0,0.0
3,3461,PACE,COAL,140.0,1.0,0.0
3,3463,PACE,COAL,531.0,1.0,0.0
3,3462,PACE,COAL,527.0,1.0,0.0
3,3656,PACE,COAL,517.5,1.0,0.0
3,3619,PACE,COAL,499.5,1.0,0.0
3,3655,PACE,COAL,498.0,1.0,0.0
3,3638,PACE,COAL,495.6,1.0,0.0
3,3637,PACE,COAL,488.3,1.0,0.0
3,3636,PACE,COAL,488.3,1.0,0.0
3,3698,PACE,COAL,362.1,1.0,0.0
3,3635,PACE,COAL,360.0,1.0,0.0
3,3634,PACE,COAL,229.5,1.0,0.0
3,11093,PACE,COAL,217.6,1.0,0.0
3,13294,PNM,COAL,271.0,1.0,0.0
3,13796,PSCO,COAL,552.28,1.0,0.0
3,13888,PSCO,COAL,467.261,1.0,0.0
3,14002,PSCO,COAL,428.0,1.0,0.0
3,14129,PSCO,COAL,380.8,1.0,0.0
3,13787,PSCO,COAL,335.0,1.0,0.0
3,13786,PSCO,COAL,325.0,1.0,0.0
3,13960,PSCO,COAL,49.65,1.0,0.0
3,13386,SRP,COAL,750.0,1.0,0.0
3,13387,SRP,COAL,750.0,1.0,0.0
3,13388,SRP,COAL,750.0,1.0,0.0
3,13385,SRP,COAL,170.0,1.0,0.0
3,13384,SRP,COAL,138.182,1.0,0.0
3,13389,TEPC,COAL,424.8,1.0,0.0
3,4029,WACM,COAL,621.0,1.0,0.0
3,4030,WACM,COAL,621.0,1.0,0.0
3,14004,WACM,COAL,448.0,1.0,0.0
3,14003,WACM,COAL,428.0,1.0,0.0
3,14001,WACM,COAL,405.0,1.0,0.0
3,14009,WACM,COAL,275.4,1.0,0.0
3,13958,WACM,COAL,207.0,1.0,0.0
3,14008,WACM,COAL,190.0,1.0,0.0
3,13962,WACM,COAL,141.031,1.0,0.0
3,13983,WACM,COAL,116.2,1.0,0.0
3,13982,WACM,COAL,95.0,1.0,0.0
3,13981,WACM,COAL,88.0,1.0,0.0
3,13961,WACM,COAL,83.19,1.0,0.0
3,13943,WACM,COAL,80.0,1.0,0.0
3,13422,WALC,COAL,49.359,1.0,0.0
4,3243,AESO,BIO,22.335,1.0,0.0
4,3284,AESO,BIO,25.0,1.0,0.0
4,3292,AESO,BIO,11.6,1.0,0.0
4,3343,AESO,BIO,18.0,1.0,0.0
4,3384,AESO,BIO,41.0,1.0,0.0
4,3385,AESO,BIO,41.0,1.0,0.0
4,3386,AESO,BIO,17.0,1.0,0.0
4,9565,AESO,BIO,20.0,1.0,0.0
4,9566,AESO,BIO,30.0,1.0,0.0
4,9592,AESO,BIO,4.5,1.0,0.0
4,13106,AESO,BIO,43.0,1.0,0.0
4,3218,AESO,NG,407.0,1.0,0.0
4,3219,AESO,NG,148.0,1.0,0.0
4,3220,AESO,NG,148.0,1.0,0.0
4,3221,AESO,NG,408.0,1.0,0.0
4,3222,AESO,NG,408.0,1.0,0.0
4,3238,AESO,NG,151.0,1.0,0.0
4,9198,AESO,NG,280.0,1.0,0.0
4,3017,AESO,NG,101.0,1.0,0.0
4,3041,AESO,NG,1.0,1.0,0.0
4,3042,AESO,NG,1.0,1.0,0.0
4,3043,AESO,NG,1.0,1.0,0.0
4,3044,AESO,NG,1.0,1.0,0.0
4,3047,AESO,NG,105.0,1.0,0.0
4,3072,AESO,NG,101.0,1.0,0.0
4,3096,AESO,NG,3.24,1.0,0.0
4,3126,AESO,NG,46.0,1.0,0.0
4,3139,AESO,NG,3.0,1.0,0.0
4,3190,AESO,NG,21.6,1.0,0.0
4,3217,AESO,NG,48.0,1.0,0.0
4,3232,AESO,NG,101.0,1.0,0.0
4,3235,AESO,NG,32.616710519999,1.0,0.0
4,3242,AESO,NG,18.0,1.0,0.0
4,3244,AESO,NG,50.0,1.0,0.0
4,3245,AESO,NG,20.25,1.0,0.0
4,3249,AESO,NG,36.5,1.0,0.0
4,3250,AESO,NG,36.5,1.0,0.0
4,3254,AESO,NG,101.0,1.0,0.0
4,3259,AESO,NG,10.66,1.0,0.0
4,3261,AESO,NG,9.828,1.0,0.0
4,3263,AESO,NG,10.348,1.0,0.0
4,3357,AESO,NG,1.8,1.0,0.0
4,3358,AESO,NG,1.8,1.0,0.0
4,3359,AESO,NG,2.94,1.0,0.0
4,3370,AESO,NG,47.5,1.0,0.0
4,5241,AESO,NG,48.0,1.0,0.0
4,5274,AESO,NG,48.0,1.0,0.0
4,5302,AESO,NG,48.0,1.0,0.0
4,5802,AESO,NG,120.0,1.0,0.0
4,6087,AESO,NG,330.0,1.0,0.0
4,6150,AESO,NG,120.0,1.0,0.0
4,6611,AESO,NG,128.0,1.0,0.0
4,7724,AESO,NG,3.6,1.0,0.0
4,7725,AESO,NG,3.15,1.0,0.0
4,7727,AESO,NG,2.7,1.0,0.0
4,7851,AESO,NG,1.35,1.0,0.0
4,7852,AESO,NG,0.9,1.0,0.0
4,8055,AESO,NG,7.2,1.0,0.0
4,8417,AESO,NG,63.45,1.0,0.0
4,8781,AESO,NG,1.35,1.0,0.0
4,8782,AESO,NG,1.575,1.0,0.0
4,8783,AESO,NG,1.35,1.0,0.0
4,10169,AESO,NG,195.0,1.0,0.0
4,10179,AESO,NG,870.0,1.0,0.0
4,13133,AESO,NG,16.8,1.0,0.0
4,13136,AESO,NG,8.25,1.0,0.0
4,13137,AESO,NG,8.75,1.0,0.0
4,14586,AESO,NG,9.45,1.0,0.0
4,14605,AESO,NG,199.0,1.0,0.0
4,14624,AESO,NG,21.0,1.0,0.0
4,14625,AESO,NG,21.0,1.0,0.0
4,14644,AESO,NG,21.0,1.0,0.0
4,14662,AESO,NG,21.0,1.0,0.0
4,15481,AESO,NG,3.25,1.0,0.0
4,15482,AESO,NG,3.25,1.0,0.0
4,15483,AESO,NG,3.25,1.0,0.0
4,15484,AESO,NG,3.25,1.0,0.0
4,15485,AESO,NG,3.25,1.0,0.0
4,15659,AESO,NG,164.4,1.0,0.0
4,15660,AESO,NG,164.4,1.0,0.0
4,15661,AESO,NG,162.4,1.0,0.0
4,15662,AESO,NG,162.4,1.0,0.0
4,15663,AESO,NG,141.2,1.0,0.0
4,15667,AESO,NG,160.4,1.0,0.0
4,16052,AESO,NG,605.2,1.0,0.0
4,16053,AESO,NG,262.8,1.0,0.0
4,2190,AVA,BIO,2.79,1.0,0.0
4,2200,AVA,BIO,25.999999999999773,1.0,0.0
4,8427,AVA,NG,301.49,1.0,0.0
4,9848,AVA,NG,287.0,1.0,0.0
4,14033,AZPS,BIO,28.0,1.0,0.0
4,16040,AZPS,NG,252.4,1.0,0.0
4,16041,AZPS,NG,252.4,1.0,0.0
4,16042,AZPS,NG,252.4,1.0,0.0
4,16043,AZPS,NG,252.4,1.0,0.0
4,16070,AZPS,NG,136.428,1.0,0.0
4,13708,BANC,NG,8.1,1.0,0.0
4,15928,BANC,NG,180.0,1.0,0.0
4,15929,BANC,NG,180.0,1.0,0.0
4,16060,BANC,NG,144.375,1.0,0.0
4,16061,BANC,NG,144.375,1.0,0.0
4,2516,BCHA,BIO,30.461,1.0,0.0
4,2634,BCHA,BIO,20.39,1.0,0.0
4,2644,BCHA,BIO,24.75,1.0,0.0
4,2645,BCHA,BIO,0.75,1.0,0.0
4,2646,BCHA,BIO,0.75,1.0,0.0
4,2647,BCHA,BIO,0.75,1.0,0.0
4,2648,BCHA,BIO,0.8325,1.0,0.0
4,2744,BCHA,BIO,4.8,1.0,0.0
4,2745,BCHA,BIO,8.4,1.0,0.0
4,2766,BCHA,BIO,3.375,1.0,0.0
4,2990,BCHA,BIO,52.29,1.0,0.0
4,2991,BCHA,BIO,48.0,1.0,0.0
4,6066,BCHA,BIO,1.44,1.0,0.0
4,6104,BCHA,BIO,36.0,1.0,0.0
4,6155,BCHA,BIO,0.378,1.0,0.0
4,6833,BCHA,BIO,0.309,1.0,0.0
4,7014,BCHA,BIO,0.102,1.0,0.0
4,7068,BCHA,BIO,16.5,1.0,0.0
4,8349,BCHA,BIO,11.4,1.0,0.0
4,11890,BCHA,BIO,1.0,1.0,0.0
4,11891,BCHA,BIO,1.0,1.0,0.0
4,15470,BCHA,BIO,28.0,1.0,0.0
4,15471,BCHA,BIO,16.0,1.0,0.0
4,15664,BCHA,BIO,12.0,1.0,0.0
4,10736,BCHA,GEO,107.0,1.0,0.0
4,3040,AESO,NG,0.192,1.0,0.0
4,3247,AESO,NG,12.0,1.0,0.0
4,3248,AESO,NG,9.0,1.0,0.0
4,5051,BCHA,NG,290.0,1.0,0.0
4,6625,AESO,NG,11.25,1.0,0.0
4,6755,AESO,NG,101.0,1.0,0.0
4,7003,AESO,NG,27.9,1.0,0.0
4,7726,AESO,NG,1.845,1.0,0.0
4,8260,AESO,NG,20.7,1.0,0.0
4,8632,AESO,NG,2.475,1.0,0.0
4,9134,AESO,NG,9.0,1.0,0.0
4,9219,AESO,NG,189.2,1.0,0.0
4,11725,AESO,NG,1.0,1.0,0.0
4,11726,AESO,NG,1.0,1.0,0.0
4,11841,AESO,NG,1.0,1.0,0.0
4,11842,AESO,NG,1.0,1.0,0.0
4,11914,AESO,NG,1.0,1.0,0.0
4,11915,AESO,NG,1.0,1.0,0.0
4,11916,AESO,NG,1.0,1.0,0.0
4,13128,AESO,NG,6.75,1.0,0.0
4,13129,AESO,NG,6.75,1.0,0.0
4,13134,AESO,NG,1.6,1.0,0.0
4,13135,AESO,NG,1.6,1.0,0.0
4,14834,AESO,NG,22.622,1.0,0.0
4,15656,AESO,NG,408.0,1.0,0.0
4,15657,AESO,NG,418.5,1.0,0.0
4,15658,AESO,NG,430.0,1.0,0.0
4,15674,AESO,NG,10.0,1.0,0.0
4,15675,AESO,NG,1.0,1.0,0.0
4,15676,AESO,NG,1.0,1.0,0.0
4,15677,AESO,NG,3.0,1.0,0.0
4,2051,BPAT,BIO,8.1,1.0,0.0
4,2076,BPAT,BIO,0.35,1.0,0.0
4,2077,BPAT,BIO,19.99999999999909,1.0,0.0
4,2078,BPAT,BIO,25.0,1.0,0.0
4,2079,BPAT,BIO,12.25,1.0,0.0
4,6343,BPAT,BIO,0.16,1.0,0.0
4,6344,BPAT,BIO,0.16,1.0,0.0
4,6345,BPAT,BIO,0.3,1.0,0.0
4,6346,BPAT,BIO,0.3,1.0,0.0
4,9593,BPAT,BIO,5.0,1.0,0.0
4,9595,BPAT,BIO,31.280000000000015,1.0,0.0
4,13116,BPAT,BIO,8.0,1.0,0.0
4,14572,BPAT,BIO,1.0,1.0,0.0
4,2063,BPAT,NG,148.8,1.0,0.0
4,6835,BPAT,NG,162.0,1.0,0.0
4,14571,BPAT,NG,9.9,1.0,0.0
4,2491,BPAT,NUCLEAR,1186.0,1.0,0.0
4,437,CENACE,GEO,25.0,1.0,0.0
4,438,CENACE,GEO,25.0,1.0,0.0
4,439,CENACE,GEO,25.0,1.0,0.0
4,440,CENACE,GEO,25.0,1.0,0.0
4,441,CENACE,GEO,30.0,1.0,0.0
4,446,CENACE,GEO,110.0,1.0,0.0
4,447,CENACE,GEO,110.0,1.0,0.0
4,448,CENACE,GEO,110.0,1.0,0.0
4,457,CENACE,GEO,110.0,1.0,0.0
4,8227,CENACE,NG,277.0,1.0,0.0
4,14839,CENACE,NG,248.0,1.0,0.0
4,15254,CENACE,NG,793.0,1.0,0.0
4,15341,CENACE,NG,1.0,1.0,0.0
4,15991,CENACE,NG,165.0,1.0,0.0
4,15992,CENACE,NG,165.0,1.0,0.0
4,15993,CENACE,NG,405.0,1.0,0.0
4,548,CISO,BIO,2.999999999996362,1.0,0.0
4,549,CISO,BIO,0.95,1.0,0.0
4,550,CISO,BIO,5.0,1.0,0.0
4,551,CISO,BIO,3.0,1.0,0.0
4,555,CISO,BIO,2.9,1.0,0.0
4,570,CISO,BIO,1.88,1.0,0.0
4,572,CISO,BIO,1.88,1.0,0.0
4,629,CISO,BIO,47.0,1.0,0.0
4,633,CISO,BIO,34.0,1.0,0.0
4,795,CISO,BIO,24.5,1.0,0.0
4,836,CISO,BIO,1.3,1.0,0.0
4,1008,CISO,BIO,1.88,1.0,0.0
4,1154,CISO,BIO,25.0,1.0,0.0
4,1156,CISO,BIO,10.5,1.0,0.0
4,1168,CISO,BIO,10.8,1.0,0.0
4,1178,CISO,BIO,28.5,1.0,0.0
4,1187,CISO,BIO,24.48,1.0,0.0
4,1188,CISO,BIO,22.0,1.0,0.0
4,1297,CISO,BIO,30.5,1.0,0.0
4,1300,CISO,BIO,12.0,1.0,0.0
4,1331,CISO,BIO,57.43,1.0,0.0
4,1392,CISO,BIO,24.2,1.0,0.0
4,1398,CISO,BIO,2.57,1.0,0.0
4,1399,CISO,BIO,2.57,1.0,0.0
4,1400,CISO,BIO,2.57,1.0,0.0
4,1401,CISO,BIO,2.57,1.0,0.0
4,1402,CISO,BIO,2.57,1.0,0.0
4,1403,CISO,BIO,2.57,1.0,0.0
4,1404,CISO,BIO,2.57,1.0,0.0
4,1413,CISO,BIO,10.0,1.0,0.0
4,1589,CISO,BIO,8.6,1.0,0.0
4,1590,CISO,BIO,5.7,1.0,0.0
4,1634,CISO,BIO,13.8,1.0,0.0
4,1635,CISO,BIO,12.5,1.0,0.0
4,1636,CISO,BIO,12.5,1.0,0.0
4,1637,CISO,BIO,12.5,1.0,0.0
4,1638,CISO,BIO,19.9,1.0,0.0
4,1768,CISO,BIO,22.0,1.0,0.0
4,1774,CISO,BIO,13.1,1.0,0.0
4,1793,CISO,BIO,29.07,1.0,0.0
4,1794,CISO,BIO,25.5,1.0,0.0
4,1838,CISO,BIO,17.2,1.0,0.0
4,1839,CISO,BIO,24.4,1.0,0.0
4,5728,CISO,BIO,1.25,1.0,0.0
4,5729,CISO,BIO,1.25,1.0,0.0
4,5809,CISO,BIO,3.0,1.0,0.0
4,5865,CISO,BIO,0.75,1.0,0.0
4,5866,CISO,BIO,0.75,1.0,0.0
4,5872,CISO,BIO,14.4,1.0,0.0
4,5899,CISO,BIO,4.0,1.0,0.0
4,5900,CISO,BIO,3.7,1.0,0.0
4,5901,CISO,BIO,0.3,1.0,0.0
4,5999,CISO,BIO,37.828,1.0,0.0
4,6045,CISO,BIO,9.8,1.0,0.0
4,6069,CISO,BIO,4.6,1.0,0.0
4,6070,CISO,BIO,4.6,1.0,0.0
4,6071,CISO,BIO,4.6,1.0,0.0
4,6116,CISO,BIO,1.1,1.0,0.0
4,6117,CISO,BIO,1.1,1.0,0.0
4,6349,CISO,BIO,1.5,1.0,0.0
4,6352,CISO,BIO,1.2,1.0,0.0
4,6492,CISO,BIO,24.5,1.0,0.0
4,6601,CISO,BIO,1.5,1.0,0.0
4,6602,CISO,BIO,1.5,1.0,0.0
4,6603,CISO,BIO,1.5,1.0,0.0
4,6651,CISO,BIO,1.35,1.0,0.0
4,6652,CISO,BIO,1.35,1.0,0.0
4,6653,CISO,BIO,1.35,1.0,0.0
4,6710,CISO,BIO,20.0,1.0,0.0
4,6756,CISO,BIO,0.7,1.0,0.0
4,7146,CISO,BIO,0.2,1.0,0.0
4,7147,CISO,BIO,0.2,1.0,0.0
4,7373,CISO,BIO,4.4,1.0,0.0
4,7374,CISO,BIO,3.0,1.0,0.0
4,7388,CISO,BIO,27.15,1.0,0.0
4,7556,CISO,BIO,0.8,1.0,0.0
4,7557,CISO,BIO,0.8,1.0,0.0
4,7558,CISO,BIO,0.8,1.0,0.0
4,7559,CISO,BIO,0.8,1.0,0.0
4,7560,CISO,BIO,0.8,1.0,0.0
4,7561,CISO,BIO,0.8,1.0,0.0
4,7780,CISO,BIO,2.9,1.0,0.0
4,7816,CISO,BIO,1.3,1.0,0.0
4,7840,CISO,BIO,1.25,1.0,0.0
4,7841,CISO,BIO,1.25,1.0,0.0
4,7860,CISO,BIO,3.0,1.0,0.0
4,7861,CISO,BIO,3.0,1.0,0.0
4,7862,CISO,BIO,1.6,1.0,0.0
4,7868,CISO,BIO,6.5,1.0,0.0
4,7869,CISO,BIO,4.9,1.0,0.0
4,8080,CISO,BIO,23.8,1.0,0.0
4,8084,CISO,BIO,1.88,1.0,0.0
4,8085,CISO,BIO,1.88,1.0,0.0
4,8162,CISO,BIO,1.6,1.0,0.0
4,8163,CISO,BIO,2.7,1.0,0.0
4,8311,CISO,BIO,0.46,1.0,0.0
4,8312,CISO,BIO,2.29,1.0,0.0
4,8313,CISO,BIO,2.2,1.0,0.0
4,8371,CISO,BIO,3.0,1.0,0.0
4,8403,CISO,BIO,2.8,1.0,0.0
4,8404,CISO,BIO,3.3,1.0,0.0
4,8405,CISO,BIO,3.3,1.0,0.0
4,8406,CISO,BIO,3.3,1.0,0.0
4,8434,CISO,BIO,1.2,1.0,0.0
4,8682,CISO,BIO,3.0,1.0,0.0
4,8685,CISO,BIO,11.16,1.0,0.0
4,8811,CISO,BIO,1.3,1.0,0.0
4,8812,CISO,BIO,1.3,1.0,0.0
4,9227,CISO,BIO,3.0,1.0,0.0
4,9228,CISO,BIO,1.2,1.0,0.0
4,9229,CISO,BIO,1.2,1.0,0.0
4,9242,CISO,BIO,3.05,1.0,0.0
4,9322,CISO,BIO,2.8,1.0,0.0
4,9337,CISO,BIO,1.8,1.0,0.0
4,9338,CISO,BIO,1.8,1.0,0.0
4,9399,CISO,BIO,1.2,1.0,0.0
4,9723,CISO,BIO,0.5,1.0,0.0
4,10025,CISO,BIO,1.6,1.0,0.0
4,10026,CISO,BIO,1.0,1.0,0.0
4,10027,CISO,BIO,1.0,1.0,0.0
4,10028,CISO,BIO,1.4,1.0,0.0
4,10227,CISO,BIO,35.2,1.0,0.0
4,11103,CISO,BIO,28.24,1.0,0.0
4,11120,CISO,BIO,50.0,1.0,0.0
4,11138,CISO,BIO,5.0,1.0,0.0
4,12396,CISO,BIO,1.0,1.0,0.0
4,12397,CISO,BIO,0.4,1.0,0.0
4,12837,CISO,BIO,1.5,1.0,0.0
4,13104,CISO,BIO,50.0,1.0,0.0
4,13107,CISO,BIO,30.0,1.0,0.0
4,14499,CISO,BIO,26.5,1.0,0.0
4,14833,CISO,BIO,18.13,1.0,0.0
4,14884,CISO,BIO,1.2,1.0,0.0
4,14896,CISO,BIO,5.0,1.0,0.0
4,15377,CISO,BIO,12.0,1.0,0.0
4,15432,CISO,BIO,32.0,1.0,0.0
4,15783,CISO,BIO,4.7,1.0,0.0
4,15794,CISO,BIO,28.5,1.0,0.0
4,15797,CISO,BIO,24.0,1.0,0.0
4,15798,CISO,BIO,24.0,1.0,0.0
4,442,CISO,GEO,35.7,1.0,0.0
4,443,CISO,GEO,35.7,1.0,0.0
4,444,CISO,GEO,35.7,1.0,0.0
4,445,CISO,GEO,35.7,1.0,0.0
4,656,CISO,GEO,26.66667,1.0,0.0
4,657,CISO,GEO,26.66667,1.0,0.0
4,658,CISO,GEO,26.66667,1.0,0.0
4,663,CISO,GEO,16.0,1.0,0.0
4,664,CISO,GEO,16.0,1.0,0.0
4,665,CISO,GEO,16.0,1.0,0.0
4,1005,CISO,GEO,30.0,1.0,0.0
4,1006,CISO,GEO,30.0,1.0,0.0
4,1007,CISO,GEO,30.0,1.0,0.0
4,1265,CISO,GEO,1.5,1.0,0.0
4,1266,CISO,GEO,1.5,1.0,0.0
4,1597,CISO,GEO,11.0,1.0,0.0
4,1598,CISO,GEO,11.0,1.0,0.0
4,1602,CISO,GEO,47.0,1.0,0.0
4,1603,CISO,GEO,50.0,1.0,0.0
4,1604,CISO,GEO,72.0,1.0,0.0
4,1605,CISO,GEO,75.5,1.0,0.0
4,1606,CISO,GEO,27.5,1.0,0.0
4,1607,CISO,GEO,63.0,1.0,0.0
4,1608,CISO,GEO,70.0,1.0,0.0
4,1609,CISO,GEO,73.0,1.0,0.0
4,1610,CISO,GEO,57.0,1.0,0.0
4,1611,CISO,GEO,86.8,1.0,0.0
4,1612,CISO,GEO,47.9,1.0,0.0
4,1613,CISO,GEO,47.9,1.0,0.0
4,1614,CISO,GEO,49.215,1.0,0.0
4,1615,CISO,GEO,49.215,1.0,0.0
4,1616,CISO,GEO,12.5,1.0,0.0
4,1617,CISO,GEO,12.5,1.0,0.0
4,1618,CISO,GEO,6.5,1.0,0.0
4,1619,CISO,GEO,6.5,1.0,0.0
4,1620,CISO,GEO,36.0,1.0,0.0
4,1621,CISO,GEO,36.0,1.0,0.0
4,7684,CISO,GEO,20.0,1.0,0.0
4,7942,CISO,GEO,11.0,1.0,0.0
4,7943,CISO,GEO,11.0,1.0,0.0
4,8300,CISO,GEO,5.0,1.0,0.0
4,8301,CISO,GEO,5.0,1.0,0.0
4,8302,CISO,GEO,5.0,1.0,0.0
4,11122,CISO,GEO,78.0,1.0,0.0
4,13026,CISO,GEO,14.0,1.0,0.0
4,13102,CISO,GEO,51.9,1.0,0.0
4,13103,CISO,GEO,51.9,1.0,0.0
4,13105,CISO,GEO,59.0,1.0,0.0
4,14055,CISO,GEO,38.85,1.0,0.0
4,14056,CISO,GEO,50.0,1.0,0.0
4,14057,CISO,GEO,42.42,1.0,0.0
4,14058,CISO,GEO,52.73,1.0,0.0
4,14848,CISO,GEO,30.0,1.0,0.0
4,14923,CISO,GEO,38.0,1.0,0.0
4,15381,CISO,GEO,20.0,1.0,0.0
4,1248,CISO,NUCLEAR,1150.0,1.0,0.0
4,1249,CISO,NUCLEAR,1150.0,1.0,0.0
4,13507,IID,BIO,26.999999999999943,1.0,0.0
4,13561,IID,BIO,21.0,1.0,0.0
4,13509,IID,GEO,53.0,1.0,0.0
4,13510,IID,GEO,8.75,1.0,0.0
4,13511,IID,GEO,4.37,1.0,0.0
4,13516,IID,GEO,34.39,1.0,0.0
4,13517,IID,GEO,34.39,1.0,0.0
4,13519,IID,GEO,34.39,1.0,0.0
4,13520,IID,GEO,29.0,1.0,0.0
4,13521,IID,GEO,9.19,1.0,0.0
4,13522,IID,GEO,10.5,1.0,0.0
4,13523,IID,GEO,49.0,1.0,0.0
4,13524,IID,GEO,50.0,1.0,0.0
4,13543,IID,GEO,33.0,1.0,0.0
4,13544,IID,GEO,16.0,1.0,0.0
4,13554,IID,GEO,49.89,1.0,0.0
4,13555,IID,GEO,4.79,1.0,0.0
4,13556,IID,GEO,4.5,1.0,0.0
4,13557,IID,GEO,11.1,1.0,0.0
4,13558,IID,GEO,11.0,1.0,0.0
4,13559,IID,GEO,50.0,1.0,0.0
4,13562,IID,GEO,21.6,1.0,0.0
4,13563,IID,GEO,8.0,1.0,0.0
4,13564,IID,GEO,22.0,1.0,0.0
4,13570,IID,GEO,24.0,1.0,0.0
4,13571,IID,GEO,15.0,1.0,0.0
4,13572,IID,GEO,18.5,1.0,0.0
4,13573,IID,GEO,7.0,1.0,0.0
4,13574,IID,GEO,8.45,1.0,0.0
4,13578,IID,GEO,16.0,1.0,0.0
4,13579,IID,GEO,16.0,1.0,0.0
4,13580,IID,GEO,16.0,1.0,0.0
4,13581,IID,GEO,16.0,1.0,0.0
4,13582,IID,GEO,16.0,1.0,0.0
4,13583,IID,GEO,16.0,1.0,0.0
4,13584,IID,GEO,16.0,1.0,0.0
4,3434,IPCO,BIO,2.25,1.0,0.0
4,6118,IPCO,BIO,0.16,1.0,0.0
4,6119,IPCO,BIO,0.16,1.0,0.0
4,6120,IPCO,BIO,0.16,1.0,0.0
4,7116,IPCO,BIO,0.32,1.0,0.0
4,7117,IPCO,BIO,0.32,1.0,0.0
4,10116,IPCO,BIO,2.25,1.0,0.0
4,3400,IPCO,GEO,18.0,1.0,0.0
4,7941,IPCO,GEO,11.0,1.0,0.0
4,3407,IPCO,NG,40.0,1.0,0.0
4,7509,IPCO,NG,330.0,1.0,0.0
4,8599,IPCO,NG,4.16,1.0,0.0
4,13714,NEVP,GEO,20.0,1.0,0.0
4,13715,NEVP,GEO,60.0,1.0,0.0
4,13716,NEVP,GEO,10.1,1.0,0.0
4,13717,NEVP,GEO,19.2,1.0,0.0
4,13718,NEVP,GEO,11.8,1.0,0.0
4,13719,NEVP,GEO,11.8,1.0,0.0
4,13720,NEVP,GEO,11.8,1.0,0.0
4,13721,NEVP,GEO,11.8,1.0,0.0
4,13724,NEVP,GEO,8.0,1.0,0.0
4,13725,NEVP,GEO,8.0,1.0,0.0
4,13726,NEVP,GEO,8.0,1.0,0.0
4,13727,NEVP,GEO,18.9,1.0,0.0
4,13728,NEVP,GEO,11.3,1.0,0.0
4,13729,NEVP,GEO,11.3,1.0,0.0
4,13730,NEVP,GEO,11.3,1.0,0.0
4,13731,NEVP,GEO,11.3,1.0,0.0
4,13732,NEVP,GEO,11.25,1.0,0.0
4,13733,NEVP,GEO,11.25,1.0,0.0
4,13734,NEVP,GEO,25.0,1.0,0.0
4,13752,NEVP,GEO,15.0,1.0,0.0
4,13753,NEVP,GEO,15.0,1.0,0.0
4,13754,NEVP,GEO,15.0,1.0,0.0
4,13755,NEVP,GEO,15.0,1.0,0.0
4,13756,NEVP,GEO,26.5,1.0,0.0
4,13757,NEVP,GEO,10.0,1.0,0.0
4,13758,NEVP,GEO,10.0,1.0,0.0
4,13759,NEVP,GEO,10.0,1.0,0.0
4,13760,NEVP,GEO,16.5,1.0,0.0
4,13762,NEVP,GEO,25.0,1.0,0.0
4,13763,NEVP,GEO,16.0,1.0,0.0
4,13764,NEVP,GEO,16.0,1.0,0.0
4,13765,NEVP,GEO,21.3,1.0,0.0
4,13766,NEVP,GEO,21.3,1.0,0.0
4,13767,NEVP,GEO,21.3,1.0,0.0
4,13769,NEVP,GEO,20.0,1.0,0.0
4,13770,NEVP,GEO,20.0,1.0,0.0
4,13771,NEVP,GEO,12.0,1.0,0.0
4,13772,NEVP,GEO,11.8,1.0,0.0
4,13774,NEVP,GEO,20.0,1.0,0.0
4,13775,NEVP,GEO,20.0,1.0,0.0
4,13776,NEVP,GEO,12.0,1.0,0.0
4,13427,NEVP,NG,21.0,1.0,0.0
4,13428,NEVP,NG,250.0,1.0,0.0
4,13429,NEVP,NG,250.0,1.0,0.0
4,13430,NEVP,NG,142.5,1.0,0.0
4,13433,NEVP,NG,96.26,1.0,0.0
4,13434,NEVP,NG,111.26,1.0,0.0
4,13440,NEVP,NG,267.74,1.0,0.0
4,13441,NEVP,NG,735.0,1.0,0.0
4,13442,NEVP,NG,267.74,1.0,0.0
4,13443,NEVP,NG,258.56,1.0,0.0
4,13444,NEVP,NG,281.38,1.0,0.0
4,13445,NEVP,NG,281.38,1.0,0.0
4,13449,NEVP,NG,112.4,1.0,0.0
4,13450,NEVP,NG,112.4,1.0,0.0
4,13773,NEVP,NG,266.37,1.0,0.0
4,15914,NEVP,NG,403.0,1.0,0.0
4,15916,NEVP,NG,659.6,1.0,0.0
4,15966,NEVP,NG,258.56,1.0,0.0
4,15972,NEVP,NG,356.0,1.0,0.0
4,15996,NEVP,NG,181.5,1.0,0.0
4,16028,NEVP,NG,147.0,1.0,0.0
4,16029,NEVP,NG,147.0,1.0,0.0
4,16054,NEVP,NG,152.5,1.0,0.0
4,3617,PACE,GEO,26.099999999999092,1.0,0.0
4,3618,PACE,GEO,12.0,1.0,0.0
4,3612,PACE,NG,17.0,1.0,0.0
4,3613,PACE,NG,17.0,1.0,0.0
4,3614,PACE,NG,17.0,1.0,0.0
4,3639,PACE,NG,16.106,1.0,0.0
4,3640,PACE,NG,16.106,1.0,0.0
4,3641,PACE,NG,16.2,1.0,0.0
4,3718,PACE,NG,13.5,1.0,0.0
4,3719,PACE,NG,13.5,1.0,0.0
4,6466,PACE,NG,242.0,1.0,0.0
4,7491,PACE,NG,303.6,1.0,0.0
4,7494,PACE,NG,288.2,1.0,0.0
4,14694,PACE,NG,1.0,1.0,0.0
4,15930,PACE,NG,420.7,1.0,0.0
4,15987,PACE,NG,408.6,1.0,0.0
4,15988,PACE,NG,182.7,1.0,0.0
4,15989,PACE,NG,185.4,1.0,0.0
4,15990,PACE,NG,469.8,1.0,0.0
4,1889,PACW,BIO,2.25,1.0,0.0
4,7432,PACW,NG,275.0,1.0,0.0
4,9960,PACW,NG,279.56,1.0,0.0
4,9961,PACW,NG,279.56,1.0,0.0
4,15985,PACW,NG,150.0,1.0,0.0
4,15986,PACW,NG,150.0,1.0,0.0
4,2346,PGE,BIO,10.0,1.0,0.0
4,5829,PGE,NG,212.906,1.0,0.0
4,9847,PGE,NG,145.0,1.0,0.0
4,10103,PGE,NG,225.0,1.0,0.0
4,6353,PNM,BIO,0.16,1.0,0.0
4,6354,PNM,BIO,0.16,1.0,0.0
4,6355,PNM,BIO,0.16,1.0,0.0
4,6356,PNM,BIO,0.16,1.0,0.0
4,6357,PNM,BIO,0.16,1.0,0.0
4,6358,PNM,BIO,0.16,1.0,0.0
4,6359,PNM,BIO,0.16,1.0,0.0
4,6360,PNM,BIO,0.16,1.0,0.0
4,6483,PNM,BIO,1.35,1.0,0.0
4,7634,PNM,BIO,0.067,1.0,0.0
4,8319,PNM,BIO,0.9,1.0,0.0
4,8320,PNM,BIO,2.25,1.0,0.0
4,8517,PNM,BIO,0.16,1.0,0.0
4,8518,PNM,BIO,0.16,1.0,0.0
4,8519,PNM,BIO,0.16,1.0,0.0
4,8520,PNM,BIO,0.16,1.0,0.0
4,8521,PNM,BIO,0.16,1.0,0.0
4,8522,PNM,BIO,0.16,1.0,0.0
4,10202,PNM,BIO,8.0,1.0,0.0
4,11101,PNM,BIO,3.45,1.0,0.0
4,11102,PNM,BIO,3.45,1.0,0.0
4,13110,PNM,BIO,10.0,1.0,0.0
4,13265,PNM,GEO,4.0,1.0,0.0
4,6828,PNM,NG,3.42,1.0,0.0
4,11104,PNM,NG,3.42,1.0,0.0
4,11105,PNM,NG,3.42,1.0,0.0
4,11106,PNM,NG,3.42,1.0,0.0
4,13240,PNM,NG,256.69,1.0,0.0
4,13243,PNM,NG,287.93,1.0,0.0
4,13503,PNM,NG,13.44,1.0,0.0
4,16004,PNM,NG,497.26,1.0,0.0
4,13785,PSCO,NG,300.14,1.0,0.0
4,13807,PSCO,NG,314.97,1.0,0.0
4,13813,PSCO,NG,41.0,1.0,0.0
4,13816,PSCO,NG,52.0,1.0,0.0
4,13869,PSCO,NG,267.74000000000024,1.0,0.0
4,15920,PSCO,NG,155.0,1.0,0.0
4,15945,PSCO,NG,140.0,1.0,0.0
4,16046,PSCO,NG,122.5,1.0,0.0
4,6692,PSEI,NG,52.92,1.0,0.0
4,6749,PSEI,NG,253.44,1.0,0.0
4,7707,PSEI,NG,66.816,1.0,0.0
4,7855,PSEI,NG,182.0,1.0,0.0
4,13338,SRP,NG,276.27,1.0,0.0
4,13370,SRP,NG,239.6189022999971,1.0,0.0
4,13375,SRP,NG,324.23,1.0,0.0
4,15937,SRP,NG,180.0,1.0,0.0
4,16050,SRP,NG,157.5,1.0,0.0
4,14108,TIDC,NG,216.9,1.0,0.0
4,16068,TIDC,NG,87.5,1.0,0.0
4,10145,TPWR,BIO,26.0,1.0,0.0
4,13976,WACM,NG,238.76,1.0,0.0
4,13986,WACM,NG,49.55,1.0,0.0
4,15948,WACM,NG,400.4,1.0,0.0
4,15949,WACM,NG,153.9,1.0,0.0
4,13494,WALC,NG,250.69,1.0,0.0
4,13495,WALC,NG,336.0,1.0,0.0
4,15962,WALC,NG,478.39999999999964,1.0,0.0
4,16056,WALC,NG,275.0,1.0,0.0
4,16057,WALC,NG,275.0,1.0,0.0
4,1010,CISO,NG,31.5,1.0,1.0
4,1115,CISO,NG,267.0,1.0,0.0
4,1116,CISO,NG,266.0,1.0,0.0
4,1117,CISO,NG,266.0,1.0,0.0
4,1118,CISO,NG,267.0,1.0,0.0
4,1405,CISO,NG,3.105,1.0,0.0
4,1445,CISO,NG,56.2,1.0,0.0
4,1447,CISO,NG,21.384,1.0,0.0
4,1448,CISO,NG,21.384,1.0,0.0
4,1449,CISO,NG,21.384,1.0,0.0
4,4658,CISO,NG,20.0,1.0,1.0
4,9895,CISO,NG,83.24667,1.0,0.0
4,9896,CISO,NG,41.62333,1.0,0.0
4,10214,CISO,NG,625.0,1.0,0.0
4,15255,CISO,NG,322.0,1.0,0.0
4,15908,CISO,NG,493.63,1.0,0.0
4,15939,CISO,NG,247.29,1.0,0.0
4,15940,CISO,NG,247.29,1.0,0.0
4,15943,CISO,NG,275.85,1.0,0.0
4,15944,CISO,NG,275.85,1.0,0.0
4,15975,CISO,NG,283.3333,1.0,0.0
4,15978,CISO,NG,336.9,1.0,0.0
4,16006,CISO,NG,69.5,1.0,0.0
4,16007,CISO,NG,69.5,1.0,0.0
4,16018,CISO,NG,277.5,1.0,0.0
4,16019,CISO,NG,277.5,1.0,0.0
4,16020,CISO,NG,277.5,1.0,0.0
4,16021,CISO,NG,277.5,1.0,0.0
4,16030,CISO,NG,305.0,1.0,0.0
4,16031,CISO,NG,305.0,1.0,0.0
4,16032,CISO,NG,294.105,1.0,0.0
4,16033,CISO,NG,294.105,1.0,0.0
4,16034,CISO,NG,266.49,1.0,0.0
4,16035,CISO,NG,266.49,1.0,0.0
4,16058,CISO,NG,293.01,1.0,0.0
4,16059,CISO,NG,293.01,1.0,0.0
4,13304,SRP,NUCLEAR,1372.2,1.0,0.0
4,13305,SRP,NUCLEAR,1375.05,1.0,0.0
4,13306,SRP,NUCLEAR,1373.15,1.0,0.0
4,15322,AZPS,NG,87.0,1.0,0.0
4,15323,AZPS,NG,87.0,1.0,0.0
4,15324,AZPS,NG,87.0,1.0,0.0
4,15325,AZPS,NG,87.0,1.0,0.0
4,15326,AZPS,NG,87.0,1.0,0.0
4,15327,AZPS,NG,87.0,1.0,0.0
4,14088,BANC,NG,79.94,1.0,0.0
4,17031,LDWP,NG,5.0,1.0,0.0
4,13614,LDWP,NG,110.0,1.0,0.0
4,17212,LDWP,NG,397.9999999999998,1.0,0.0
4,17210,LDWP,NG,398.0,1.0,0.0
4,13284,TEPC,NG,549.9999999999998,1.0,0.0
4,13403,TEPC,NG,297.0,1.0,0.0
4,13404,TEPC,NG,297.0,1.0,0.0
4,13295,AZPS,COAL,818.1,1.0,0.0
4,3504,IPCO,COAL,307.0,1.0,0.0
4,3505,IPCO,COAL,307.0,1.0,0.0
4,3694,IPCO,COAL,50.0,1.0,0.0
4,3695,IPCO,COAL,25.0,1.0,0.0
4,3696,IPCO,COAL,25.0,1.0,0.0
4,3582,NEVP,COAL,268.0,1.0,0.0
4,3583,NEVP,COAL,254.0,1.0,0.0
4,3507,NWMT,COAL,740.0001,1.0,0.0
4,3506,NWMT,COAL,740.0,1.0,0.0
4,3497,NWMT,COAL,135.0,1.0,0.0
4,3510,NWMT,COAL,64.0,1.0,0.0
4,3391,PACE,COAL,584.0,1.0,0.0
4,3461,PACE,COAL,140.0,1.0,0.0
4,3463,PACE,COAL,531.0,1.0,0.0
4,3462,PACE,COAL,527.0,1.0,0.0
4,3656,PACE,COAL,517.5,1.0,0.0
4,3619,PACE,COAL,499.5,1.0,0.0
4,3655,PACE,COAL,498.0,1.0,0.0
4,3638,PACE,COAL,495.6,1.0,0.0
4,3637,PACE,COAL,488.3,1.0,0.0
4,3636,PACE,COAL,488.3,1.0,0.0
4,3698,PACE,COAL,362.1,1.0,0.0
4,3635,PACE,COAL,360.0,1.0,0.0
4,3634,PACE,COAL,229.5,1.0,0.0
4,11093,PACE,COAL,217.6,1.0,0.0
4,13294,PNM,COAL,271.0,1.0,0.0
4,13796,PSCO,COAL,552.28,1.0,0.0
4,13888,PSCO,COAL,467.261,1.0,0.0
4,14002,PSCO,COAL,428.0,1.0,0.0
4,14129,PSCO,COAL,380.8,1.0,0.0
4,13787,PSCO,COAL,335.0,1.0,0.0
4,13786,PSCO,COAL,325.0,1.0,0.0
4,13960,PSCO,COAL,49.65,1.0,0.0
4,13386,SRP,COAL,750.0,1.0,0.0
4,13387,SRP,COAL,750.0,1.0,0.0
4,13388,SRP,COAL,750.0,1.0,0.0
4,13385,SRP,COAL,170.0,1.0,0.0
4,13384,SRP,COAL,138.182,1.0,0.0
4,13389,TEPC,COAL,424.8,1.0,0.0
4,4029,WACM,COAL,621.0,1.0,0.0
4,4030,WACM,COAL,621.0,1.0,0.0
4,14004,WACM,COAL,448.0,1.0,0.0
4,14003,WACM,COAL,428.0,1.0,0.0
4,14001,WACM,COAL,405.0,1.0,0.0
4,14009,WACM,COAL,275.4,1.0,0.0
4,13958,WACM,COAL,207.0,1.0,0.0
4,14008,WACM,COAL,190.0,1.0,0.0
4,13962,WACM,COAL,141.031,1.0,0.0
4,13983,WACM,COAL,116.2,1.0,0.0
4,13982,WACM,COAL,95.0,1.0,0.0
4,13981,WACM,COAL,88.0,1.0,0.0
4,13961,WACM,COAL,83.19,1.0,0.0
4,13943,WACM,COAL,80.0,1.0,0.0
4,13422,WALC,COAL,49.359,1.0,0.0
5,3243,AESO,BIO,22.335,1.0,0.0
5,3284,AESO,BIO,25.0,1.0,0.0
5,3292,AESO,BIO,11.6,1.0,0.0
5,3343,AESO,BIO,18.0,1.0,0.0
5,3384,AESO,BIO,41.0,1.0,0.0
5,3385,AESO,BIO,41.0,1.0,0.0
5,3386,AESO,BIO,17.0,1.0,0.0
5,9565,AESO,BIO,20.0,1.0,0.0
5,9566,AESO,BIO,30.0,1.0,0.0
5,9592,AESO,BIO,4.5,1.0,0.0
5,13106,AESO,BIO,43.0,1.0,0.0
5,3218,AESO,NG,407.0,1.0,0.0
5,3219,AESO,NG,148.0,1.0,0.0
5,3220,AESO,NG,148.0,1.0,0.0
5,3221,AESO,NG,408.0,1.0,0.0
5,3222,AESO,NG,408.0,1.0,0.0
5,3238,AESO,NG,151.0,1.0,0.0
5,9198,AESO,NG,280.0,1.0,0.0
5,3017,AESO,NG,101.0,1.0,0.0
5,3041,AESO,NG,1.0,1.0,0.0
5,3042,AESO,NG,1.0,1.0,0.0
5,3043,AESO,NG,1.0,1.0,0.0
5,3044,AESO,NG,1.0,1.0,0.0
5,3047,AESO,NG,105.0,1.0,0.0
5,3072,AESO,NG,101.0,1.0,0.0
5,3096,AESO,NG,3.24,1.0,0.0
5,3126,AESO,NG,46.0,1.0,0.0
5,3139,AESO,NG,3.0,1.0,0.0
5,3190,AESO,NG,21.6,1.0,0.0
5,3217,AESO,NG,48.0,1.0,0.0
5,3232,AESO,NG,101.0,1.0,0.0
5,3235,AESO,NG,50.0,1.0,0.0
5,3242,AESO,NG,18.0,1.0,0.0
5,3244,AESO,NG,50.0,1.0,0.0
5,3245,AESO,NG,20.25,1.0,0.0
5,3249,AESO,NG,36.5,1.0,0.0
5,3250,AESO,NG,36.5,1.0,0.0
5,3254,AESO,NG,101.0,1.0,0.0
5,3259,AESO,NG,10.66,1.0,0.0
5,3261,AESO,NG,9.828,1.0,0.0
5,3263,AESO,NG,10.348,1.0,0.0
5,3357,AESO,NG,1.8,1.0,0.0
5,3358,AESO,NG,1.8,1.0,0.0
5,3359,AESO,NG,2.94,1.0,0.0
5,3370,AESO,NG,47.5,1.0,0.0
5,5241,AESO,NG,48.0,1.0,0.0
5,5274,AESO,NG,48.0,1.0,0.0
5,5302,AESO,NG,48.0,1.0,0.0
5,5802,AESO,NG,120.0,1.0,0.0
5,6087,AESO,NG,330.0,1.0,0.0
5,6150,AESO,NG,120.0,1.0,0.0
5,6611,AESO,NG,128.0,1.0,0.0
5,7724,AESO,NG,3.6,1.0,0.0
5,7725,AESO,NG,3.15,1.0,0.0
5,7727,AESO,NG,2.7,1.0,0.0
5,7851,AESO,NG,1.35,1.0,0.0
5,7852,AESO,NG,0.9,1.0,0.0
5,8055,AESO,NG,7.2,1.0,0.0
5,8417,AESO,NG,63.45,1.0,0.0
5,8781,AESO,NG,1.35,1.0,0.0
5,8782,AESO,NG,1.575,1.0,0.0
5,8783,AESO,NG,1.35,1.0,0.0
5,10169,AESO,NG,195.0,1.0,0.0
5,10179,AESO,NG,870.0,1.0,0.0
5,13133,AESO,NG,16.8,1.0,0.0
5,13136,AESO,NG,8.25,1.0,0.0
5,13137,AESO,NG,8.75,1.0,0.0
5,14586,AESO,NG,9.45,1.0,0.0
5,14605,AESO,NG,199.0,1.0,0.0
5,14624,AESO,NG,21.0,1.0,0.0
5,14625,AESO,NG,21.0,1.0,0.0
5,14644,AESO,NG,21.0,1.0,0.0
5,14662,AESO,NG,21.0,1.0,0.0
5,15481,AESO,NG,3.25,1.0,0.0
5,15482,AESO,NG,3.25,1.0,0.0
5,15483,AESO,NG,3.25,1.0,0.0
5,15484,AESO,NG,3.25,1.0,0.0
5,15485,AESO,NG,3.25,1.0,0.0
5,15659,AESO,NG,164.4,1.0,0.0
5,15660,AESO,NG,164.4,1.0,0.0
5,15661,AESO,NG,167.03115791999912,1.0,0.0
5,15662,AESO,NG,162.4,1.0,0.0
5,15663,AESO,NG,141.2,1.0,0.0
5,15667,AESO,NG,160.4,1.0,0.0
5,16052,AESO,NG,605.2,1.0,0.0
5,16053,AESO,NG,262.8,1.0,0.0
5,2190,AVA,BIO,2.79,1.0,0.0
5,2200,AVA,BIO,26.0,1.0,0.0
5,8427,AVA,NG,301.49,1.0,0.0
5,9848,AVA,NG,287.0,1.0,0.0
5,14033,AZPS,BIO,28.0,1.0,0.0
5,16040,AZPS,NG,252.4,1.0,0.0
5,16041,AZPS,NG,252.4,1.0,0.0
5,16042,AZPS,NG,252.4,1.0,0.0
5,16043,AZPS,NG,252.4,1.0,0.0
5,16070,AZPS,NG,136.428,1.0,0.0
5,13708,BANC,NG,8.1,1.0,0.0
5,15928,BANC,NG,180.0,1.0,0.0
5,15929,BANC,NG,180.0,1.0,0.0
5,16060,BANC,NG,144.375,1.0,0.0
5,16061,BANC,NG,144.375,1.0,0.0
5,2516,BCHA,BIO,66.0,1.0,0.0
5,2634,BCHA,BIO,20.39,1.0,0.0
5,2644,BCHA,BIO,24.75,1.0,0.0
5,2645,BCHA,BIO,1.667,1.0,0.0
5,2646,BCHA,BIO,1.667,1.0,0.0
5,2647,BCHA,BIO,1.667,1.0,0.0
5,2648,BCHA,BIO,1.851,1.0,0.0
5,2744,BCHA,BIO,4.8,1.0,0.0
5,2745,BCHA,BIO,8.4,1.0,0.0
5,2766,BCHA,BIO,7.5,1.0,0.0
5,2990,BCHA,BIO,52.29,1.0,0.0
5,2991,BCHA,BIO,48.0,1.0,0.0
5,6066,BCHA,BIO,4.8,1.0,0.0
5,6104,BCHA,BIO,36.0,1.0,0.0
5,6155,BCHA,BIO,1.26,1.0,0.0
5,6833,BCHA,BIO,1.03,1.0,0.0
5,7014,BCHA,BIO,0.34,1.0,0.0
5,7068,BCHA,BIO,55.0,1.0,0.0
5,8349,BCHA,BIO,11.4,1.0,0.0
5,11890,BCHA,BIO,1.0,1.0,0.0
5,11891,BCHA,BIO,1.0,1.0,0.0
5,15470,BCHA,BIO,28.0,1.0,0.0
5,15471,BCHA,BIO,16.0,1.0,0.0
5,15664,BCHA,BIO,38.7,1.0,0.0
5,10736,BCHA,GEO,107.0,1.0,0.0
5,3040,AESO,NG,0.192,1.0,0.0
5,3247,AESO,NG,12.0,1.0,0.0
5,3248,AESO,NG,9.0,1.0,0.0
5,5051,BCHA,NG,290.0,1.0,0.0
5,6625,AESO,NG,11.25,1.0,0.0
5,6755,AESO,NG,101.0,1.0,0.0
5,7003,AESO,NG,27.9,1.0,0.0
5,7726,AESO,NG,1.845,1.0,0.0
5,8260,AESO,NG,20.7,1.0,0.0
5,8632,AESO,NG,2.475,1.0,0.0
5,9134,AESO,NG,9.0,1.0,0.0
5,9219,AESO,NG,189.2,1.0,0.0
5,11725,AESO,NG,1.0,1.0,0.0
5,11726,AESO,NG,1.0,1.0,0.0
5,11841,AESO,NG,1.0,1.0,0.0
5,11842,AESO,NG,1.0,1.0,0.0
5,11914,AESO,NG,1.0,1.0,0.0
5,11915,AESO,NG,1.0,1.0,0.0
5,11916,AESO,NG,1.0,1.0,0.0
5,13128,AESO,NG,6.75,1.0,0.0
5,13129,AESO,NG,6.75,1.0,0.0
5,13134,AESO,NG,1.6,1.0,0.0
5,13135,AESO,NG,1.6,1.0,0.0
5,14834,AESO,NG,22.622,1.0,0.0
5,15656,AESO,NG,408.0,1.0,0.0
5,15657,AESO,NG,418.5,1.0,0.0
5,15658,AESO,NG,430.0,1.0,0.0
5,15674,AESO,NG,10.0,1.0,0.0
5,15675,AESO,NG,1.0,1.0,0.0
5,15676,AESO,NG,1.0,1.0,0.0
5,15677,AESO,NG,3.0,1.0,0.0
5,2051,BPAT,BIO,8.1,1.0,0.0
5,2076,BPAT,BIO,0.35,1.0,0.0
5,2077,BPAT,BIO,20.0,1.0,0.0
5,2078,BPAT,BIO,25.0,1.0,0.0
5,2079,BPAT,BIO,12.25,1.0,0.0
5,6343,BPAT,BIO,0.16,1.0,0.0
5,6344,BPAT,BIO,0.16,1.0,0.0
5,6345,BPAT,BIO,0.3,1.0,0.0
5,6346,BPAT,BIO,0.3,1.0,0.0
5,9593,BPAT,BIO,5.0,1.0,0.0
5,9595,BPAT,BIO,31.280000000000015,1.0,0.0
5,13116,BPAT,BIO,8.0,1.0,0.0
5,14572,BPAT,BIO,1.0,1.0,0.0
5,2063,BPAT,NG,148.8,1.0,0.0
5,6835,BPAT,NG,162.0,1.0,0.0
5,14571,BPAT,NG,9.9,1.0,0.0
5,2491,BPAT,NUCLEAR,1186.0,1.0,0.0
5,437,CENACE,GEO,25.0,1.0,0.0
5,438,CENACE,GEO,25.0,1.0,0.0
5,439,CENACE,GEO,25.0,1.0,0.0
5,440,CENACE,GEO,25.0,1.0,0.0
5,441,CENACE,GEO,30.0,1.0,0.0
5,446,CENACE,GEO,110.0,1.0,0.0
5,447,CENACE,GEO,110.0,1.0,0.0
5,448,CENACE,GEO,110.0,1.0,0.0
5,457,CENACE,GEO,110.0,1.0,0.0
5,8227,CENACE,NG,277.0,1.0,0.0
5,14839,CENACE,NG,248.0,1.0,0.0
5,15254,CENACE,NG,793.0,1.0,0.0
5,15341,CENACE,NG,1.0,1.0,0.0
5,15991,CENACE,NG,165.0,1.0,0.0
5,15992,CENACE,NG,165.0,1.0,0.0
5,15993,CENACE,NG,405.0,1.0,0.0
5,548,CISO,BIO,3.0,1.0,0.0
5,549,CISO,BIO,0.95,1.0,0.0
5,550,CISO,BIO,5.0,1.0,0.0
5,551,CISO,BIO,3.0,1.0,0.0
5,555,CISO,BIO,2.9,1.0,0.0
5,570,CISO,BIO,1.88,1.0,0.0
5,572,CISO,BIO,1.88,1.0,0.0
5,629,CISO,BIO,47.0,1.0,0.0
5,633,CISO,BIO,34.0,1.0,0.0
5,795,CISO,BIO,24.5,1.0,0.0
5,836,CISO,BIO,1.3,1.0,0.0
5,1008,CISO,BIO,1.88,1.0,0.0
5,1156,CISO,BIO,10.5,1.0,0.0
5,1168,CISO,BIO,10.8,1.0,0.0
5,1178,CISO,BIO,28.5,1.0,0.0
5,1187,CISO,BIO,24.48,1.0,0.0
5,1188,CISO,BIO,20.336680262791674,1.0,0.0
5,1297,CISO,BIO,30.5,1.0,0.0
5,1300,CISO,BIO,12.0,1.0,0.0
5,1331,CISO,BIO,57.43,1.0,0.0
5,1392,CISO,BIO,24.2,1.0,0.0
5,1398,CISO,BIO,2.57,1.0,0.0
5,1399,CISO,BIO,2.57,1.0,0.0
5,1400,CISO,BIO,2.57,1.0,0.0
5,1401,CISO,BIO,2.57,1.0,0.0
5,1402,CISO,BIO,2.57,1.0,0.0
5,1403,CISO,BIO,2.57,1.0,0.0
5,1404,CISO,BIO,2.57,1.0,0.0
5,1413,CISO,BIO,10.0,1.0,0.0
5,1589,CISO,BIO,8.6,1.0,0.0
5,1590,CISO,BIO,5.7,1.0,0.0
5,1634,CISO,BIO,13.8,1.0,0.0
5,1635,CISO,BIO,12.5,1.0,0.0
5,1636,CISO,BIO,12.5,1.0,0.0
5,1637,CISO,BIO,12.5,1.0,0.0
5,1768,CISO,BIO,22.0,1.0,0.0
5,1774,CISO,BIO,13.1,1.0,0.0
5,1793,CISO,BIO,29.07,1.0,0.0
5,1794,CISO,BIO,25.5,1.0,0.0
5,1838,CISO,BIO,17.2,1.0,0.0
5,1839,CISO,BIO,8.64,1.0,0.0
5,5728,CISO,BIO,1.25,1.0,0.0
5,5729,CISO,BIO,1.25,1.0,0.0
5,5809,CISO,BIO,3.0,1.0,0.0
5,5865,CISO,BIO,0.75,1.0,0.0
5,5866,CISO,BIO,0.75,1.0,0.0
5,5872,CISO,BIO,14.4,1.0,0.0
5,5899,CISO,BIO,4.0,1.0,0.0
5,5900,CISO,BIO,3.7,1.0,0.0
5,5901,CISO,BIO,0.3,1.0,0.0
5,5999,CISO,BIO,37.828,1.0,0.0
5,6045,CISO,BIO,9.8,1.0,0.0
5,6069,CISO,BIO,4.6,1.0,0.0
5,6070,CISO,BIO,4.6,1.0,0.0
5,6071,CISO,BIO,4.6,1.0,0.0
5,6116,CISO,BIO,1.1,1.0,0.0
5,6117,CISO,BIO,1.1,1.0,0.0
5,6349,CISO,BIO,1.5,1.0,0.0
5,6352,CISO,BIO,1.2,1.0,0.0
5,6492,CISO,BIO,24.5,1.0,0.0
5,6601,CISO,BIO,1.5,1.0,0.0
5,6602,CISO,BIO,1.5,1.0,0.0
5,6603,CISO,BIO,1.5,1.0,0.0
5,6651,CISO,BIO,1.35,1.0,0.0
5,6652,CISO,BIO,1.35,1.0,0.0
5,6653,CISO,BIO,1.35,1.0,0.0
5,6710,CISO,BIO,20.0,1.0,0.0
5,6756,CISO,BIO,0.7,1.0,0.0
5,7146,CISO,BIO,0.2,1.0,0.0
5,7147,CISO,BIO,0.2,1.0,0.0
5,7373,CISO,BIO,4.4,1.0,0.0
5,7374,CISO,BIO,3.0,1.0,0.0
5,7388,CISO,BIO,27.15,1.0,0.0
5,7556,CISO,BIO,0.8,1.0,0.0
5,7557,CISO,BIO,0.8,1.0,0.0
5,7558,CISO,BIO,0.8,1.0,0.0
5,7559,CISO,BIO,0.8,1.0,0.0
5,7560,CISO,BIO,0.8,1.0,0.0
5,7561,CISO,BIO,0.8,1.0,0.0
5,7780,CISO,BIO,2.9,1.0,0.0
5,7816,CISO,BIO,1.3,1.0,0.0
5,7840,CISO,BIO,1.25,1.0,0.0
5,7841,CISO,BIO,1.25,1.0,0.0
5,7860,CISO,BIO,3.0,1.0,0.0
5,7861,CISO,BIO,3.0,1.0,0.0
5,7862,CISO,BIO,1.6,1.0,0.0
5,7868,CISO,BIO,1.95,1.0,0.0
5,7869,CISO,BIO,4.9,1.0,0.0
5,8080,CISO,BIO,7.14,1.0,0.0
5,8084,CISO,BIO,1.88,1.0,0.0
5,8085,CISO,BIO,1.88,1.0,0.0
5,8162,CISO,BIO,1.6,1.0,0.0
5,8163,CISO,BIO,2.7,1.0,0.0
5,8311,CISO,BIO,0.46,1.0,0.0
5,8312,CISO,BIO,2.29,1.0,0.0
5,8313,CISO,BIO,2.2,1.0,0.0
5,8371,CISO,BIO,3.0,1.0,0.0
5,8403,CISO,BIO,2.8,1.0,0.0
5,8404,CISO,BIO,3.3,1.0,0.0
5,8405,CISO,BIO,3.3,1.0,0.0
5,8406,CISO,BIO,3.3,1.0,0.0
5,8434,CISO,BIO,1.2,1.0,0.0
5,8682,CISO,BIO,3.0,1.0,0.0
5,8685,CISO,BIO,11.16,1.0,0.0
5,8811,CISO,BIO,1.3,1.0,0.0
5,8812,CISO,BIO,1.3,1.0,0.0
5,9227,CISO,BIO,3.0,1.0,0.0
5,9228,CISO,BIO,1.2,1.0,0.0
5,9229,CISO,BIO,1.2,1.0,0.0
5,9242,CISO,BIO,3.05,1.0,0.0
5,9322,CISO,BIO,2.8,1.0,0.0
5,9337,CISO,BIO,1.8,1.0,0.0
5,9338,CISO,BIO,1.8,1.0,0.0
5,9399,CISO,BIO,1.2,1.0,0.0
5,9723,CISO,BIO,0.5,1.0,0.0
5,10025,CISO,BIO,1.6,1.0,0.0
5,10026,CISO,BIO,1.0,1.0,0.0
5,10027,CISO,BIO,1.0,1.0,0.0
5,10028,CISO,BIO,1.4,1.0,0.0
5,10227,CISO,BIO,35.2,1.0,0.0
5,11103,CISO,BIO,28.24,1.0,0.0
5,11120,CISO,BIO,50.0,1.0,0.0
5,11138,CISO,BIO,5.0,1.0,0.0
5,12396,CISO,BIO,1.0,1.0,0.0
5,12397,CISO,BIO,0.4,1.0,0.0
5,12837,CISO,BIO,1.5,1.0,0.0
5,13104,CISO,BIO,50.0,1.0,0.0
5,13107,CISO,BIO,30.0,1.0,0.0
5,14499,CISO,BIO,26.5,1.0,0.0
5,14833,CISO,BIO,18.13,1.0,0.0
5,14884,CISO,BIO,1.2,1.0,0.0
5,14896,CISO,BIO,5.0,1.0,0.0
5,15377,CISO,BIO,12.0,1.0,0.0
5,15432,CISO,BIO,32.0,1.0,0.0
5,15783,CISO,BIO,4.7,1.0,0.0
5,15794,CISO,BIO,28.5,1.0,0.0
5,15797,CISO,BIO,24.0,1.0,0.0
5,15798,CISO,BIO,24.0,1.0,0.0
5,442,CISO,GEO,35.7,1.0,0.0
5,443,CISO,GEO,35.7,1.0,0.0
5,444,CISO,GEO,35.7,1.0,0.0
5,445,CISO,GEO,35.7,1.0,0.0
5,656,CISO,GEO,26.66667,1.0,0.0
5,657,CISO,GEO,26.66667,1.0,0.0
5,658,CISO,GEO,26.66667,1.0,0.0
5,663,CISO,GEO,16.0,1.0,0.0
5,664,CISO,GEO,16.0,1.0,0.0
5,665,CISO,GEO,16.0,1.0,0.0
5,1005,CISO,GEO,30.0,1.0,0.0
5,1006,CISO,GEO,30.0,1.0,0.0
5,1007,CISO,GEO,30.0,1.0,0.0
5,1265,CISO,GEO,1.5,1.0,0.0
5,1266,CISO,GEO,1.5,1.0,0.0
5,1597,CISO,GEO,11.0,1.0,0.0
5,1598,CISO,GEO,11.0,1.0,0.0
5,1602,CISO,GEO,47.0,1.0,0.0
5,1603,CISO,GEO,50.0,1.0,0.0
5,1604,CISO,GEO,72.0,1.0,0.0
5,1605,CISO,GEO,75.5,1.0,0.0
5,1606,CISO,GEO,27.5,1.0,0.0
5,1607,CISO,GEO,63.0,1.0,0.0
5,1608,CISO,GEO,70.0,1.0,0.0
5,1609,CISO,GEO,73.0,1.0,0.0
5,1610,CISO,GEO,57.0,1.0,0.0
5,1611,CISO,GEO,86.8,1.0,0.0
5,1612,CISO,GEO,47.9,1.0,0.0
5,1613,CISO,GEO,47.9,1.0,0.0
5,1614,CISO,GEO,49.215,1.0,0.0
5,1615,CISO,GEO,49.215,1.0,0.0
5,1616,CISO,GEO,12.5,1.0,0.0
5,1617,CISO,GEO,12.5,1.0,0.0
5,1618,CISO,GEO,6.5,1.0,0.0
5,1619,CISO,GEO,6.5,1.0,0.0
5,1620,CISO,GEO,36.0,1.0,0.0
5,1621,CISO,GEO,36.0,1.0,0.0
5,7684,CISO,GEO,20.0,1.0,0.0
5,7942,CISO,GEO,11.0,1.0,0.0
5,7943,CISO,GEO,11.0,1.0,0.0
5,8300,CISO,GEO,5.0,1.0,0.0
5,8301,CISO,GEO,5.0,1.0,0.0
5,8302,CISO,GEO,5.0,1.0,0.0
5,11122,CISO,GEO,78.0,1.0,0.0
5,13026,CISO,GEO,14.0,1.0,0.0
5,13102,CISO,GEO,51.9,1.0,0.0
5,13103,CISO,GEO,51.9,1.0,0.0
5,13105,CISO,GEO,59.0,1.0,0.0
5,14055,CISO,GEO,38.85,1.0,0.0
5,14056,CISO,GEO,50.0,1.0,0.0
5,14057,CISO,GEO,42.42,1.0,0.0
5,14058,CISO,GEO,52.73,1.0,0.0
5,14848,CISO,GEO,30.0,1.0,0.0
5,14923,CISO,GEO,38.0,1.0,0.0
5,15381,CISO,GEO,20.0,1.0,0.0
5,1248,CISO,NUCLEAR,1150.0,1.0,0.0
5,1249,CISO,NUCLEAR,1150.0,1.0,0.0
5,13507,IID,BIO,26.999999999999943,1.0,0.0
5,13561,IID,BIO,21.0,1.0,0.0
5,13509,IID,GEO,53.0,1.0,0.0
5,13510,IID,GEO,8.75,1.0,0.0
5,13511,IID,GEO,4.37,1.0,0.0
5,13516,IID,GEO,34.39,1.0,0.0
5,13517,IID,GEO,34.39,1.0,0.0
5,13519,IID,GEO,34.39,1.0,0.0
5,13520,IID,GEO,29.0,1.0,0.0
5,13521,IID,GEO,9.19,1.0,0.0
5,13522,IID,GEO,10.5,1.0,0.0
5,13523,IID,GEO,49.0,1.0,0.0
5,13524,IID,GEO,50.0,1.0,0.0
5,13543,IID,GEO,33.0,1.0,0.0
5,13544,IID,GEO,16.0,1.0,0.0
5,13554,IID,GEO,49.89,1.0,0.0
5,13555,IID,GEO,4.79,1.0,0.0
5,13556,IID,GEO,4.5,1.0,0.0
5,13557,IID,GEO,11.1,1.0,0.0
5,13558,IID,GEO,11.0,1.0,0.0
5,13559,IID,GEO,50.0,1.0,0.0
5,13562,IID,GEO,21.6,1.0,0.0
5,13563,IID,GEO,8.0,1.0,0.0
5,13564,IID,GEO,22.0,1.0,0.0
5,13570,IID,GEO,24.0,1.0,0.0
5,13571,IID,GEO,15.0,1.0,0.0
5,13572,IID,GEO,18.5,1.0,0.0
5,13573,IID,GEO,7.0,1.0,0.0
5,13574,IID,GEO,8.45,1.0,0.0
5,13578,IID,GEO,16.0,1.0,0.0
5,13579,IID,GEO,16.0,1.0,0.0
5,13580,IID,GEO,16.0,1.0,0.0
5,13581,IID,GEO,16.0,1.0,0.0
5,13582,IID,GEO,16.0,1.0,0.0
5,13583,IID,GEO,16.0,1.0,0.0
5,13584,IID,GEO,16.0,1.0,0.0
5,3434,IPCO,BIO,2.25,1.0,0.0
5,6118,IPCO,BIO,0.16,1.0,0.0
5,6119,IPCO,BIO,0.16,1.0,0.0
5,6120,IPCO,BIO,0.16,1.0,0.0
5,7116,IPCO,BIO,0.32,1.0,0.0
5,7117,IPCO,BIO,0.32,1.0,0.0
5,10116,IPCO,BIO,2.25,1.0,0.0
5,3400,IPCO,GEO,18.0,1.0,0.0
5,7941,IPCO,GEO,11.0,1.0,0.0
5,3407,IPCO,NG,40.0,1.0,0.0
5,7509,IPCO,NG,330.0,1.0,0.0
5,8599,IPCO,NG,4.16,1.0,0.0
5,13714,NEVP,GEO,20.0,1.0,0.0
5,13715,NEVP,GEO,60.0,1.0,0.0
5,13716,NEVP,GEO,10.1,1.0,0.0
5,13717,NEVP,GEO,19.2,1.0,0.0
5,13718,NEVP,GEO,11.8,1.0,0.0
5,13719,NEVP,GEO,11.8,1.0,0.0
5,13720,NEVP,GEO,11.8,1.0,0.0
5,13721,NEVP,GEO,11.8,1.0,0.0
5,13724,NEVP,GEO,8.0,1.0,0.0
5,13725,NEVP,GEO,8.0,1.0,0.0
5,13726,NEVP,GEO,8.0,1.0,0.0
5,13727,NEVP,GEO,18.9,1.0,0.0
5,13728,NEVP,GEO,11.3,1.0,0.0
5,13729,NEVP,GEO,11.3,1.0,0.0
5,13730,NEVP,GEO,11.3,1.0,0.0
5,13731,NEVP,GEO,11.3,1.0,0.0
5,13732,NEVP,GEO,11.25,1.0,0.0
5,13733,NEVP,GEO,11.25,1.0,0.0
5,13734,NEVP,GEO,25.0,1.0,0.0
5,13752,NEVP,GEO,15.0,1.0,0.0
5,13753,NEVP,GEO,15.0,1.0,0.0
5,13754,NEVP,GEO,15.0,1.0,0.0
5,13755,NEVP,GEO,15.0,1.0,0.0
5,13756,NEVP,GEO,26.5,1.0,0.0
5,13757,NEVP,GEO,10.0,1.0,0.0
5,13758,NEVP,GEO,10.0,1.0,0.0
5,13759,NEVP,GEO,10.0,1.0,0.0
5,13760,NEVP,GEO,16.5,1.0,0.0
5,13762,NEVP,GEO,25.0,1.0,0.0
5,13763,NEVP,GEO,16.0,1.0,0.0
5,13764,NEVP,GEO,16.0,1.0,0.0
5,13765,NEVP,GEO,21.3,1.0,0.0
5,13766,NEVP,GEO,21.3,1.0,0.0
5,13767,NEVP,GEO,21.3,1.0,0.0
5,13769,NEVP,GEO,20.0,1.0,0.0
5,13770,NEVP,GEO,20.0,1.0,0.0
5,13771,NEVP,GEO,12.0,1.0,0.0
5,13772,NEVP,GEO,11.8,1.0,0.0
5,13774,NEVP,GEO,20.0,1.0,0.0
5,13775,NEVP,GEO,20.0,1.0,0.0
5,13776,NEVP,GEO,12.0,1.0,0.0
5,13427,NEVP,NG,21.0,1.0,0.0
5,13428,NEVP,NG,250.0,1.0,0.0
5,13429,NEVP,NG,250.0,1.0,0.0
5,13430,NEVP,NG,142.5,1.0,0.0
5,13433,NEVP,NG,96.26,1.0,0.0
5,13434,NEVP,NG,111.26,1.0,0.0
5,13440,NEVP,NG,267.74,1.0,0.0
5,13441,NEVP,NG,735.0,1.0,0.0
5,13442,NEVP,NG,267.74,1.0,0.0
5,13443,NEVP,NG,258.56,1.0,0.0
5,13444,NEVP,NG,281.38,1.0,0.0
5,13445,NEVP,NG,281.38,1.0,0.0
5,13449,NEVP,NG,112.4,1.0,0.0
5,13450,NEVP,NG,112.4,1.0,0.0
5,13773,NEVP,NG,266.37,1.0,0.0
5,15914,NEVP,NG,403.0,1.0,0.0
5,15916,NEVP,NG,659.6,1.0,0.0
5,15966,NEVP,NG,258.56,1.0,0.0
5,15972,NEVP,NG,356.0,1.0,0.0
5,15996,NEVP,NG,181.5,1.0,0.0
5,16028,NEVP,NG,147.0,1.0,0.0
5,16029,NEVP,NG,147.0,1.0,0.0
5,16054,NEVP,NG,152.5,1.0,0.0
5,3617,PACE,GEO,26.099999999998182,1.0,0.0
5,3618,PACE,GEO,12.0,1.0,0.0
5,3612,PACE,NG,17.0,1.0,0.0
5,3613,PACE,NG,17.0,1.0,0.0
5,3614,PACE,NG,17.0,1.0,0.0
5,3639,PACE,NG,16.106,1.0,0.0
5,3640,PACE,NG,16.106,1.0,0.0
5,3641,PACE,NG,16.2,1.0,0.0
5,3718,PACE,NG,13.5,1.0,0.0
5,3719,PACE,NG,13.5,1.0,0.0
5,6466,PACE,NG,242.0,1.0,0.0
5,7491,PACE,NG,303.6,1.0,0.0
5,7494,PACE,NG,288.2,1.0,0.0
5,14694,PACE,NG,1.0,1.0,0.0
5,15930,PACE,NG,420.7,1.0,0.0
5,15987,PACE,NG,408.6,1.0,0.0
5,15988,PACE,NG,182.7,1.0,0.0
5,15989,PACE,NG,185.4,1.0,0.0
5,15990,PACE,NG,469.8,1.0,0.0
5,1889,PACW,BIO,2.25,1.0,0.0
5,7432,PACW,NG,275.0,1.0,0.0
5,9960,PACW,NG,279.56,1.0,0.0
5,9961,PACW,NG,279.56,1.0,0.0
5,15985,PACW,NG,150.0,1.0,0.0
5,15986,PACW,NG,150.0,1.0,0.0
5,2346,PGE,BIO,10.0,1.0,0.0
5,5829,PGE,NG,212.906,1.0,0.0
5,9847,PGE,NG,181.51890229999765,1.0,0.0
5,10103,PGE,NG,225.0,1.0,0.0
5,6353,PNM,BIO,0.16,1.0,0.0
5,6354,PNM,BIO,0.16,1.0,0.0
5,6355,PNM,BIO,0.16,1.0,0.0
5,6356,PNM,BIO,0.16,1.0,0.0
5,6357,PNM,BIO,0.16,1.0,0.0
5,6358,PNM,BIO,0.16,1.0,0.0
5,6359,PNM,BIO,0.16,1.0,0.0
5,6360,PNM,BIO,0.16,1.0,0.0
5,6483,PNM,BIO,1.35,1.0,0.0
5,7634,PNM,BIO,0.067,1.0,0.0
5,8319,PNM,BIO,0.9,1.0,0.0
5,8320,PNM,BIO,2.25,1.0,0.0
5,8517,PNM,BIO,0.16,1.0,0.0
5,8518,PNM,BIO,0.16,1.0,0.0
5,8519,PNM,BIO,0.16,1.0,0.0
5,8520,PNM,BIO,0.16,1.0,0.0
5,8521,PNM,BIO,0.16,1.0,0.0
5,8522,PNM,BIO,0.16,1.0,0.0
5,10202,PNM,BIO,7.999999999999545,1.0,0.0
5,11101,PNM,BIO,11.5,1.0,0.0
5,11102,PNM,BIO,11.5,1.0,0.0
5,13110,PNM,BIO,10.0,1.0,0.0
5,13265,PNM,GEO,4.0,1.0,0.0
5,6828,PNM,NG,3.42,1.0,0.0
5,11104,PNM,NG,3.42,1.0,0.0
5,11105,PNM,NG,3.42,1.0,0.0
5,11106,PNM,NG,3.42,1.0,0.0
5,13240,PNM,NG,256.69,1.0,0.0
5,13243,PNM,NG,287.93,1.0,0.0
5,13503,PNM,NG,67.2,1.0,0.0
5,16004,PNM,NG,497.26,1.0,0.0
5,13785,PSCO,NG,300.14,1.0,0.0
5,13807,PSCO,NG,314.97,1.0,0.0
5,13813,PSCO,NG,41.0,1.0,0.0
5,13816,PSCO,NG,52.0,1.0,0.0
5,13869,PSCO,NG,267.73999999999967,1.0,0.0
5,15920,PSCO,NG,155.0,1.0,0.0
5,15945,PSCO,NG,140.0,1.0,0.0
5,16046,PSCO,NG,122.5,1.0,0.0
5,6692,PSEI,NG,52.92,1.0,0.0
5,6749,PSEI,NG,253.44,1.0,0.0
5,7707,PSEI,NG,66.816,1.0,0.0
5,7855,PSEI,NG,182.0,1.0,0.0
5,13338,SRP,NG,276.27,1.0,0.0
5,13370,SRP,NG,277.0,1.0,0.0
5,13375,SRP,NG,324.23,1.0,0.0
5,15937,SRP,NG,180.0,1.0,0.0
5,16050,SRP,NG,157.5,1.0,0.0
5,14108,TIDC,NG,209.61,1.0,0.0
5,16068,TIDC,NG,87.5,1.0,0.0
5,10145,TPWR,BIO,26.0,1.0,0.0
5,13976,WACM,NG,238.76,1.0,0.0
5,13986,WACM,NG,49.55,1.0,0.0
5,15948,WACM,NG,400.4,1.0,0.0
5,15949,WACM,NG,153.9,1.0,0.0
5,13494,WALC,NG,250.69,1.0,0.0
5,13495,WALC,NG,336.0,1.0,0.0
5,15962,WALC,NG,478.39999999999975,1.0,0.0
5,16056,WALC,NG,275.0,1.0,0.0
5,16057,WALC,NG,275.0,1.0,0.0
5,1115,CISO,NG,267.0,1.0,0.0
5,1116,CISO,NG,266.0,1.0,0.0
5,1117,CISO,NG,266.0,1.0,0.0
5,1118,CISO,NG,267.0,1.0,0.0
5,1405,CISO,NG,3.105,1.0,0.0
5,1445,CISO,NG,56.2,1.0,0.0
5,1447,CISO,NG,21.384,1.0,0.0
5,1448,CISO,NG,21.384,1.0,0.0
5,1449,CISO,NG,21.384,1.0,0.0
5,9895,CISO,NG,83.24667,1.0,0.0
5,9896,CISO,NG,41.62333,1.0,0.0
5,10214,CISO,NG,625.0,1.0,0.0
5,15255,CISO,NG,322.0,1.0,0.0
5,15908,CISO,NG,493.63,1.0,0.0
5,15939,CISO,NG,247.29,1.0,0.0
5,15940,CISO,NG,247.29,1.0,0.0
5,15943,CISO,NG,275.85,1.0,0.0
5,15944,CISO,NG,275.85,1.0,0.0
5,15975,CISO,NG,283.3333,1.0,0.0
5,15978,CISO,NG,336.9,1.0,0.0
5,16018,CISO,NG,277.5,1.0,0.0
5,16019,CISO,NG,277.5,1.0,0.0
5,16020,CISO,NG,277.5,1.0,0.0
5,16021,CISO,NG,277.5,1.0,0.0
5,16030,CISO,NG,305.0,1.0,0.0
5,16031,CISO,NG,305.0,1.0,0.0
5,16032,CISO,NG,294.105,1.0,0.0
5,16033,CISO,NG,294.105,1.0,0.0
5,16034,CISO,NG,266.49,1.0,0.0
5,16035,CISO,NG,266.49,1.0,0.0
5,16058,CISO,NG,293.01,1.0,0.0
5,16059,CISO,NG,293.01,1.0,0.0
5,13304,SRP,NUCLEAR,1372.2,1.0,0.0
5,13305,SRP,NUCLEAR,1375.05,1.0,0.0
5,13306,SRP,NUCLEAR,1373.15,1.0,0.0
5,15322,AZPS,NG,87.0,1.0,0.0
5,15323,AZPS,NG,87.0,1.0,0.0
5,15324,AZPS,NG,87.0,1.0,0.0
5,15325,AZPS,NG,87.0,1.0,0.0
5,15326,AZPS,NG,87.0,1.0,0.0
5,15327,AZPS,NG,87.0,1.0,0.0
5,14088,BANC,NG,79.94,1.0,0.0
5,17031,LDWP,NG,5.0,1.0,0.0
5,13614,LDWP,NG,110.0,1.0,0.0
5,17212,LDWP,NG,397.9999999999998,1.0,0.0
5,17210,LDWP,NG,398.0,1.0,0.0
5,13284,TEPC,NG,550.0,1.0,0.0
5,13403,TEPC,NG,297.0,1.0,0.0
5,13404,TEPC,NG,297.0,1.0,0.0
5,13295,AZPS,COAL,818.1,1.0,0.0
5,3504,IPCO,COAL,307.0,1.0,0.0
5,3505,IPCO,COAL,307.0,1.0,0.0
5,3694,IPCO,COAL,50.0,1.0,0.0
5,3695,IPCO,COAL,25.0,1.0,0.0
5,3696,IPCO,COAL,25.0,1.0,0.0
5,3582,NEVP,COAL,268.0,1.0,0.0
5,3583,NEVP,COAL,254.0,1.0,0.0
5,3507,NWMT,COAL,740.0001,1.0,0.0
5,3506,NWMT,COAL,740.0,1.0,0.0
5,3497,NWMT,COAL,135.0,1.0,0.0
5,3510,NWMT,COAL,64.0,1.0,0.0
5,3391,PACE,COAL,584.0,1.0,0.0
5,3461,PACE,COAL,140.0,1.0,0.0
5,3463,PACE,COAL,531.0,1.0,0.0
5,3462,PACE,COAL,527.0,1.0,0.0
5,3656,PACE,COAL,517.5,1.0,0.0
5,3619,PACE,COAL,499.5,1.0,0.0
5,3655,PACE,COAL,498.0,1.0,0.0
5,3638,PACE,COAL,495.6,1.0,0.0
5,3637,PACE,COAL,488.3,1.0,0.0
5,3636,PACE,COAL,488.3,1.0,0.0
5,3698,PACE,COAL,362.1,1.0,0.0
5,3635,PACE,COAL,360.0,1.0,0.0
5,3634,PACE,COAL,229.5,1.0,0.0
5,11093,PACE,COAL,217.6,1.0,0.0
5,13294,PNM,COAL,271.0,1.0,0.0
5,13796,PSCO,COAL,552.28,1.0,0.0
5,13888,PSCO,COAL,467.261,1.0,0.0
5,14002,PSCO,COAL,428.0,1.0,0.0
5,14129,PSCO,COAL,380.8,1.0,0.0
5,13787,PSCO,COAL,335.0,1.0,0.0
5,13786,PSCO,COAL,325.0,1.0,0.0
5,13960,PSCO,COAL,49.65,1.0,0.0
5,13386,SRP,COAL,750.0,1.0,0.0
5,13387,SRP,COAL,750.0,1.0,0.0
5,13388,SRP,COAL,750.0,1.0,0.0
5,13385,SRP,COAL,170.0,1.0,0.0
5,13384,SRP,COAL,138.182,1.0,0.0
5,13389,TEPC,COAL,424.8,1.0,0.0
5,4029,WACM,COAL,621.0,1.0,0.0
5,4030,WACM,COAL,621.0,1.0,0.0
5,14004,WACM,COAL,448.0,1.0,0.0
5,14003,WACM,COAL,428.0,1.0,0.0
5,14001,WACM,COAL,405.0,1.0,0.0
5,14009,WACM,COAL,275.4,1.0,0.0
5,13958,WACM,COAL,207.0,1.0,0.0
5,14008,WACM,COAL,190.0,1.0,0.0
5,13962,WACM,COAL,141.031,1.0,0.0
5,13983,WACM,COAL,116.2,1.0,0.0
5,13982,WACM,COAL,95.0,1.0,0.0
5,13981,WACM,COAL,88.0,1.0,0.0
5,13961,WACM,COAL,83.19,1.0,0.0
5,13943,WACM,COAL,80.0,1.0,0.0
5,13422,WALC,COAL,49.359,1.0,0.0
6,3243,AESO,BIO,22.335,1.0,0.0
6,3284,AESO,BIO,25.0,1.0,0.0
6,3292,AESO,BIO,11.6,1.0,0.0
6,3343,AESO,BIO,18.0,1.0,0.0
6,3384,AESO,BIO,41.0,1.0,0.0
6,3385,AESO,BIO,41.0,1.0,0.0
6,3386,AESO,BIO,17.0,1.0,0.0
6,9565,AESO,BIO,20.0,1.0,0.0
6,9566,AESO,BIO,30.0,1.0,0.0
6,9592,AESO,BIO,4.5,1.0,0.0
6,13106,AESO,BIO,43.0,1.0,0.0
6,3218,AESO,NG,407.0,1.0,0.0
6,3219,AESO,NG,148.0,1.0,0.0
6,3220,AESO,NG,148.0,1.0,0.0
6,3221,AESO,NG,408.0,1.0,0.0
6,3222,AESO,NG,408.0,1.0,0.0
6,3238,AESO,NG,151.0,1.0,0.0
6,9198,AESO,NG,280.0,1.0,0.0
6,3017,AESO,NG,101.0,1.0,0.0
6,3041,AESO,NG,1.0,1.0,0.0
6,3042,AESO,NG,1.0,1.0,0.0
6,3043,AESO,NG,1.0,1.0,0.0
6,3044,AESO,NG,1.0,1.0,0.0
6,3047,AESO,NG,105.0,1.0,0.0
6,3072,AESO,NG,101.0,1.0,0.0
6,3096,AESO,NG,3.24,1.0,0.0
6,3126,AESO,NG,46.0,1.0,0.0
6,3139,AESO,NG,3.0,1.0,0.0
6,3190,AESO,NG,21.6,1.0,0.0
6,3217,AESO,NG,48.0,1.0,0.0
6,3232,AESO,NG,101.0,1.0,0.0
6,3235,AESO,NG,50.0,1.0,0.0
6,3242,AESO,NG,18.0,1.0,0.0
6,3244,AESO,NG,50.0,1.0,0.0
6,3245,AESO,NG,20.25,1.0,0.0
6,3249,AESO,NG,36.5,1.0,0.0
6,3250,AESO,NG,36.5,1.0,0.0
6,3254,AESO,NG,101.0,1.0,0.0
6,3259,AESO,NG,10.66,1.0,0.0
6,3261,AESO,NG,9.828,1.0,0.0
6,3263,AESO,NG,10.348,1.0,0.0
6,3357,AESO,NG,1.8,1.0,0.0
6,3358,AESO,NG,1.8,1.0,0.0
6,3359,AESO,NG,2.94,1.0,0.0
6,3370,AESO,NG,47.5,1.0,0.0
6,5241,AESO,NG,48.0,1.0,0.0
6,5274,AESO,NG,48.0,1.0,0.0
6,5302,AESO,NG,48.0,1.0,0.0
6,5802,AESO,NG,120.0,1.0,0.0
6,6087,AESO,NG,330.0,1.0,0.0
6,6150,AESO,NG,120.0,1.0,0.0
6,6611,AESO,NG,128.0,1.0,0.0
6,7724,AESO,NG,3.6,1.0,0.0
6,7725,AESO,NG,3.15,1.0,0.0
6,7727,AESO,NG,2.7,1.0,0.0
6,7851,AESO,NG,1.35,1.0,0.0
6,7852,AESO,NG,0.9,1.0,0.0
6,8055,AESO,NG,7.2,1.0,0.0
6,8417,AESO,NG,63.45,1.0,0.0
6,8781,AESO,NG,1.35,1.0,0.0
6,8782,AESO,NG,1.575,1.0,0.0
6,8783,AESO,NG,1.35,1.0,0.0
6,10169,AESO,NG,195.0,1.0,0.0
6,10179,AESO,NG,870.0,1.0,0.0
6,13133,AESO,NG,16.8,1.0,0.0
6,13136,AESO,NG,8.25,1.0,0.0
6,13137,AESO,NG,8.75,1.0,0.0
6,14586,AESO,NG,9.45,1.0,0.0
6,14605,AESO,NG,199.0,1.0,0.0
6,14624,AESO,NG,21.0,1.0,0.0
6,14625,AESO,NG,21.0,1.0,0.0
6,14644,AESO,NG,21.0,1.0,0.0
6,14662,AESO,NG,21.0,1.0,0.0
6,15481,AESO,NG,3.25,1.0,0.0
6,15482,AESO,NG,3.25,1.0,0.0
6,15483,AESO,NG,3.25,1.0,0.0
6,15484,AESO,NG,3.25,1.0,0.0
6,15485,AESO,NG,3.25,1.0,0.0
6,15659,AESO,NG,164.4,1.0,0.0
6,15660,AESO,NG,164.4,1.0,0.0
6,15661,AESO,NG,315.1385263099987,1.0,0.0
6,15662,AESO,NG,162.4,1.0,0.0
6,15663,AESO,NG,141.2,1.0,0.0
6,15667,AESO,NG,160.4,1.0,0.0
6,16052,AESO,NG,605.2,1.0,0.0
6,16053,AESO,NG,262.8,1.0,0.0
6,2190,AVA,BIO,2.79,1.0,0.0
6,2200,AVA,BIO,25.999999999999773,1.0,0.0
6,8427,AVA,NG,301.49,1.0,0.0
6,9848,AVA,NG,287.0,1.0,0.0
6,14033,AZPS,BIO,27.99999999999909,1.0,0.0
6,16040,AZPS,NG,252.4,1.0,0.0
6,16041,AZPS,NG,252.4,1.0,0.0
6,16042,AZPS,NG,252.4,1.0,0.0
6,16043,AZPS,NG,252.4,1.0,0.0
6,16070,AZPS,NG,136.428,1.0,0.0
6,13708,BANC,NG,8.1,1.0,0.0
6,15928,BANC,NG,180.0,1.0,0.0
6,15929,BANC,NG,180.0,1.0,0.0
6,16060,BANC,NG,144.375,1.0,0.0
6,16061,BANC,NG,144.375,1.0,0.0
6,2516,BCHA,BIO,66.0,1.0,0.0
6,2634,BCHA,BIO,20.39,1.0,0.0
6,2644,BCHA,BIO,24.75,1.0,0.0
6,2645,BCHA,BIO,1.667,1.0,0.0
6,2646,BCHA,BIO,1.667,1.0,0.0
6,2647,BCHA,BIO,1.667,1.0,0.0
6,2648,BCHA,BIO,1.851,1.0,0.0
6,2744,BCHA,BIO,4.8,1.0,0.0
6,2745,BCHA,BIO,8.4,1.0,0.0
6,2766,BCHA,BIO,7.5,1.0,0.0
6,2990,BCHA,BIO,52.29,1.0,0.0
6,2991,BCHA,BIO,48.0,1.0,0.0
6,6066,BCHA,BIO,4.8,1.0,0.0
6,6104,BCHA,BIO,36.0,1.0,0.0
6,6155,BCHA,BIO,1.26,1.0,0.0
6,6833,BCHA,BIO,1.03,1.0,0.0
6,7014,BCHA,BIO,0.34,1.0,0.0
6,7068,BCHA,BIO,55.0,1.0,0.0
6,8349,BCHA,BIO,11.4,1.0,0.0
6,11890,BCHA,BIO,1.0,1.0,0.0
6,11891,BCHA,BIO,1.0,1.0,0.0
6,15470,BCHA,BIO,28.0,1.0,0.0
6,15471,BCHA,BIO,16.0,1.0,0.0
6,15664,BCHA,BIO,38.7,1.0,0.0
6,10736,BCHA,GEO,107.0,1.0,0.0
6,3040,AESO,NG,0.192,1.0,0.0
6,3247,AESO,NG,12.0,1.0,0.0
6,3248,AESO,NG,9.0,1.0,0.0
6,5051,BCHA,NG,290.0,1.0,0.0
6,6625,AESO,NG,11.25,1.0,0.0
6,6755,AESO,NG,101.0,1.0,0.0
6,7003,AESO,NG,27.9,1.0,0.0
6,7726,AESO,NG,1.845,1.0,0.0
6,8260,AESO,NG,20.7,1.0,0.0
6,8632,AESO,NG,2.475,1.0,0.0
6,9134,AESO,NG,9.0,1.0,0.0
6,9219,AESO,NG,189.2,1.0,0.0
6,11725,AESO,NG,1.0,1.0,0.0
6,11726,AESO,NG,1.0,1.0,0.0
6,11841,AESO,NG,1.0,1.0,0.0
6,11842,AESO,NG,1.0,1.0,0.0
6,11914,AESO,NG,1.0,1.0,0.0
6,11915,AESO,NG,1.0,1.0,0.0
6,11916,AESO,NG,1.0,1.0,0.0
6,13128,AESO,NG,6.75,1.0,0.0
6,13129,AESO,NG,6.75,1.0,0.0
6,13134,AESO,NG,1.6,1.0,0.0
6,13135,AESO,NG,1.6,1.0,0.0
6,14834,AESO,NG,22.622,1.0,0.0
6,15656,AESO,NG,408.0,1.0,0.0
6,15657,AESO,NG,418.5,1.0,0.0
6,15658,AESO,NG,430.0,1.0,0.0
6,15674,AESO,NG,10.0,1.0,0.0
6,15675,AESO,NG,1.0,1.0,0.0
6,15676,AESO,NG,1.0,1.0,0.0
6,15677,AESO,NG,3.0,1.0,0.0
6,2051,BPAT,BIO,8.1,1.0,0.0
6,2076,BPAT,BIO,0.35,1.0,0.0
6,2077,BPAT,BIO,20.0,1.0,0.0
6,2078,BPAT,BIO,25.0,1.0,0.0
6,2079,BPAT,BIO,12.25,1.0,0.0
6,6343,BPAT,BIO,0.16,1.0,0.0
6,6344,BPAT,BIO,0.16,1.0,0.0
6,6345,BPAT,BIO,0.3,1.0,0.0
6,6346,BPAT,BIO,0.3,1.0,0.0
6,9593,BPAT,BIO,5.0,1.0,0.0
6,9595,BPAT,BIO,31.28,1.0,0.0
6,13116,BPAT,BIO,8.0,1.0,0.0
6,14572,BPAT,BIO,1.0,1.0,0.0
6,2063,BPAT,NG,148.8,1.0,0.0
6,6835,BPAT,NG,162.0,1.0,0.0
6,14571,BPAT,NG,9.9,1.0,0.0
6,2491,BPAT,NUCLEAR,1186.0,1.0,0.0
6,437,CENACE,GEO,25.0,1.0,0.0
6,438,CENACE,GEO,25.0,1.0,0.0
6,439,CENACE,GEO,25.0,1.0,0.0
6,440,CENACE,GEO,25.0,1.0,0.0
6,441,CENACE,GEO,30.0,1.0,0.0
6,446,CENACE,GEO,110.0,1.0,0.0
6,447,CENACE,GEO,110.0,1.0,0.0
6,448,CENACE,GEO,110.0,1.0,0.0
6,457,CENACE,GEO,110.0,1.0,0.0
6,8227,CENACE,NG,277.0,1.0,0.0
6,14839,CENACE,NG,248.0,1.0,0.0
6,15254,CENACE,NG,793.0,1.0,0.0
6,15341,CENACE,NG,1.0,1.0,0.0
6,15991,CENACE,NG,165.0,1.0,0.0
6,15992,CENACE,NG,165.0,1.0,0.0
6,15993,CENACE,NG,405.0,1.0,0.0
6,548,CISO,BIO,2.999999999989086,1.0,0.0
6,549,CISO,BIO,0.95,1.0,0.0
6,550,CISO,BIO,5.0,1.0,0.0
6,551,CISO,BIO,3.0,1.0,0.0
6,555,CISO,BIO,2.9,1.0,0.0
6,570,CISO,BIO,1.88,1.0,0.0
6,572,CISO,BIO,1.88,1.0,0.0
6,629,CISO,BIO,47.0,1.0,0.0
6,633,CISO,BIO,34.0,1.0,0.0
6,795,CISO,BIO,24.5,1.0,0.0
6,836,CISO,BIO,1.3,1.0,0.0
6,1008,CISO,BIO,1.88,1.0,0.0
6,1156,CISO,BIO,10.5,1.0,0.0
6,1168,CISO,BIO,10.8,1.0,0.0
6,1178,CISO,BIO,28.5,1.0,0.0
6,1187,CISO,BIO,24.48,1.0,0.0
6,1188,CISO,BIO,6.6,1.0,0.0
6,1297,CISO,BIO,30.5,1.0,0.0
6,1300,CISO,BIO,12.0,1.0,0.0
6,1331,CISO,BIO,57.43,1.0,0.0
6,1392,CISO,BIO,24.2,1.0,0.0
6,1398,CISO,BIO,2.57,1.0,0.0
6,1399,CISO,BIO,2.57,1.0,0.0
6,1400,CISO,BIO,2.57,1.0,0.0
6,1401,CISO,BIO,2.57,1.0,0.0
6,1402,CISO,BIO,2.57,1.0,0.0
6,1403,CISO,BIO,2.57,1.0,0.0
6,1404,CISO,BIO,2.57,1.0,0.0
6,1413,CISO,BIO,10.0,1.0,0.0
6,1589,CISO,BIO,8.6,1.0,0.0
6,1590,CISO,BIO,5.7,1.0,0.0
6,1634,CISO,BIO,13.8,1.0,0.0
6,1635,CISO,BIO,12.5,1.0,0.0
6,1636,CISO,BIO,12.5,1.0,0.0
6,1637,CISO,BIO,12.5,1.0,0.0
6,1768,CISO,BIO,22.0,1.0,0.0
6,1774,CISO,BIO,13.1,1.0,0.0
6,1793,CISO,BIO,29.07,1.0,0.0
6,1794,CISO,BIO,25.5,1.0,0.0
6,1838,CISO,BIO,17.2,1.0,0.0
6,1839,CISO,BIO,8.64,1.0,0.0
6,5728,CISO,BIO,1.25,1.0,0.0
6,5729,CISO,BIO,1.25,1.0,0.0
6,5809,CISO,BIO,3.0,1.0,0.0
6,5865,CISO,BIO,0.75,1.0,0.0
6,5866,CISO,BIO,0.75,1.0,0.0
6,5872,CISO,BIO,14.4,1.0,0.0
6,5899,CISO,BIO,4.0,1.0,0.0
6,5900,CISO,BIO,3.7,1.0,0.0
6,5901,CISO,BIO,0.3,1.0,0.0
6,5999,CISO,BIO,37.828,1.0,0.0
6,6045,CISO,BIO,9.8,1.0,0.0
6,6069,CISO,BIO,4.6,1.0,0.0
6,6070,CISO,BIO,4.6,1.0,0.0
6,6071,CISO,BIO,4.6,1.0,0.0
6,6116,CISO,BIO,1.1,1.0,0.0
6,6117,CISO,BIO,1.1,1.0,0.0
6,6349,CISO,BIO,1.5,1.0,0.0
6,6352,CISO,BIO,1.2,1.0,0.0
6,6492,CISO,BIO,24.5,1.0,0.0
6,6601,CISO,BIO,1.5,1.0,0.0
6,6602,CISO,BIO,1.5,1.0,0.0
6,6603,CISO,BIO,1.5,1.0,0.0
6,6651,CISO,BIO,1.35,1.0,0.0
6,6652,CISO,BIO,1.35,1.0,0.0
6,6653,CISO,BIO,1.35,1.0,0.0
6,6710,CISO,BIO,20.0,1.0,0.0
6,6756,CISO,BIO,0.7,1.0,0.0
6,7146,CISO,BIO,0.2,1.0,0.0
6,7147,CISO,BIO,0.2,1.0,0.0
6,7373,CISO,BIO,4.4,1.0,0.0
6,7374,CISO,BIO,3.0,1.0,0.0
6,7388,CISO,BIO,27.15,1.0,0.0
6,7556,CISO,BIO,0.8,1.0,0.0
6,7557,CISO,BIO,0.8,1.0,0.0
6,7558,CISO,BIO,0.8,1.0,0.0
6,7559,CISO,BIO,0.8,1.0,0.0
6,7560,CISO,BIO,0.8,1.0,0.0
6,7561,CISO,BIO,0.8,1.0,0.0
6,7780,CISO,BIO,2.9,1.0,0.0
6,7816,CISO,BIO,1.3,1.0,0.0
6,7840,CISO,BIO,1.25,1.0,0.0
6,7841,CISO,BIO,1.25,1.0,0.0
6,7860,CISO,BIO,3.0,1.0,0.0
6,7861,CISO,BIO,3.0,1.0,0.0
6,7862,CISO,BIO,1.6,1.0,0.0
6,7868,CISO,BIO,1.95,1.0,0.0
6,7869,CISO,BIO,4.9,1.0,0.0
6,8080,CISO,BIO,23.8,1.0,0.0
6,8084,CISO,BIO,1.88,1.0,0.0
6,8085,CISO,BIO,1.88,1.0,0.0
6,8162,CISO,BIO,1.6,1.0,0.0
6,8163,CISO,BIO,2.7,1.0,0.0
6,8311,CISO,BIO,0.46,1.0,0.0
6,8312,CISO,BIO,2.29,1.0,0.0
6,8313,CISO,BIO,2.2,1.0,0.0
6,8371,CISO,BIO,3.0,1.0,0.0
6,8403,CISO,BIO,2.8,1.0,0.0
6,8404,CISO,BIO,3.3,1.0,0.0
6,8405,CISO,BIO,3.3,1.0,0.0
6,8406,CISO,BIO,3.3,1.0,0.0
6,8434,CISO,BIO,1.2,1.0,0.0
6,8682,CISO,BIO,3.0,1.0,0.0
6,8685,CISO,BIO,11.16,1.0,0.0
6,8811,CISO,BIO,1.3,1.0,0.0
6,8812,CISO,BIO,1.3,1.0,0.0
6,9227,CISO,BIO,3.0,1.0,0.0
6,9228,CISO,BIO,1.2,1.0,0.0
6,9229,CISO,BIO,1.2,1.0,0.0
6,9242,CISO,BIO,3.05,1.0,0.0
6,9322,CISO,BIO,2.8,1.0,0.0
6,9337,CISO,BIO,1.8,1.0,0.0
6,9338,CISO,BIO,1.8,1.0,0.0
6,9399,CISO,BIO,1.2,1.0,0.0
6,9723,CISO,BIO,0.5,1.0,0.0
6,10025,CISO,BIO,1.6,1.0,0.0
6,10026,CISO,BIO,1.0,1.0,0.0
6,10027,CISO,BIO,1.0,1.0,0.0
6,10028,CISO,BIO,1.4,1.0,0.0
6,10227,CISO,BIO,35.2,1.0,0.0
6,11103,CISO,BIO,28.24,1.0,0.0
6,11120,CISO,BIO,50.0,1.0,0.0
6,11138,CISO,BIO,5.0,1.0,0.0
6,12396,CISO,BIO,1.0,1.0,0.0
6,12397,CISO,BIO,0.4,1.0,0.0
6,12837,CISO,BIO,1.5,1.0,0.0
6,13104,CISO,BIO,50.0,1.0,0.0
6,13107,CISO,BIO,30.0,1.0,0.0
6,14499,CISO,BIO,26.5,1.0,0.0
6,14833,CISO,BIO,18.13,1.0,0.0
6,14884,CISO,BIO,1.2,1.0,0.0
6,14896,CISO,BIO,5.0,1.0,0.0
6,15377,CISO,BIO,12.0,1.0,0.0
6,15432,CISO,BIO,32.0,1.0,0.0
6,15783,CISO,BIO,4.7,1.0,0.0
6,15794,CISO,BIO,28.5,1.0,0.0
6,15797,CISO,BIO,24.0,1.0,0.0
6,15798,CISO,BIO,24.0,1.0,0.0
6,442,CISO,GEO,35.7,1.0,0.0
6,443,CISO,GEO,35.7,1.0,0.0
6,444,CISO,GEO,35.7,1.0,0.0
6,445,CISO,GEO,35.7,1.0,0.0
6,656,CISO,GEO,26.66667,1.0,0.0
6,657,CISO,GEO,26.66667,1.0,0.0
6,658,CISO,GEO,26.66667,1.0,0.0
6,663,CISO,GEO,16.0,1.0,0.0
6,664,CISO,GEO,16.0,1.0,0.0
6,665,CISO,GEO,16.0,1.0,0.0
6,1005,CISO,GEO,30.0,1.0,0.0
6,1006,CISO,GEO,30.0,1.0,0.0
6,1007,CISO,GEO,30.0,1.0,0.0
6,1265,CISO,GEO,1.5,1.0,0.0
6,1266,CISO,GEO,1.5,1.0,0.0
6,1597,CISO,GEO,11.0,1.0,0.0
6,1598,CISO,GEO,11.0,1.0,0.0
6,1602,CISO,GEO,47.0,1.0,0.0
6,1603,CISO,GEO,50.0,1.0,0.0
6,1604,CISO,GEO,72.0,1.0,0.0
6,1605,CISO,GEO,75.5,1.0,0.0
6,1606,CISO,GEO,27.5,1.0,0.0
6,1607,CISO,GEO,63.0,1.0,0.0
6,1608,CISO,GEO,70.0,1.0,0.0
6,1609,CISO,GEO,73.0,1.0,0.0
6,1610,CISO,GEO,57.0,1.0,0.0
6,1611,CISO,GEO,86.8,1.0,0.0
6,1612,CISO,GEO,47.9,1.0,0.0
6,1613,CISO,GEO,47.9,1.0,0.0
6,1614,CISO,GEO,49.215,1.0,0.0
6,1615,CISO,GEO,49.215,1.0,0.0
6,1616,CISO,GEO,12.5,1.0,0.0
6,1617,CISO,GEO,12.5,1.0,0.0
6,1618,CISO,GEO,6.5,1.0,0.0
6,1619,CISO,GEO,6.5,1.0,0.0
6,1620,CISO,GEO,36.0,1.0,0.0
6,1621,CISO,GEO,36.0,1.0,0.0
6,7684,CISO,GEO,20.0,1.0,0.0
6,7942,CISO,GEO,11.0,1.0,0.0
6,7943,CISO,GEO,11.0,1.0,0.0
6,8300,CISO,GEO,5.0,1.0,0.0
6,8301,CISO,GEO,5.0,1.0,0.0
6,8302,CISO,GEO,5.0,1.0,0.0
6,11122,CISO,GEO,78.0,1.0,0.0
6,13026,CISO,GEO,14.0,1.0,0.0
6,13102,CISO,GEO,51.9,1.0,0.0
6,13103,CISO,GEO,51.9,1.0,0.0
6,13105,CISO,GEO,59.0,1.0,0.0
6,14055,CISO,GEO,38.85,1.0,0.0
6,14056,CISO,GEO,50.0,1.0,0.0
6,14057,CISO,GEO,42.42,1.0,0.0
6,14058,CISO,GEO,52.73,1.0,0.0
6,14848,CISO,GEO,30.0,1.0,0.0
6,14923,CISO,GEO,38.0,1.0,0.0
6,15381,CISO,GEO,20.0,1.0,0.0
6,1248,CISO,NUCLEAR,1150.0,1.0,0.0
6,1249,CISO,NUCLEAR,1150.0,1.0,0.0
6,13507,IID,BIO,26.999999999999943,1.0,0.0
6,13561,IID,BIO,21.0,1.0,0.0
6,13509,IID,GEO,53.0,1.0,0.0
6,13510,IID,GEO,8.75,1.0,0.0
6,13511,IID,GEO,4.37,1.0,0.0
6,13516,IID,GEO,34.39,1.0,0.0
6,13517,IID,GEO,34.39,1.0,0.0
6,13519,IID,GEO,34.39,1.0,0.0
6,13520,IID,GEO,29.0,1.0,0.0
6,13521,IID,GEO,9.19,1.0,0.0
6,13522,IID,GEO,10.5,1.0,0.0
6,13523,IID,GEO,49.0,1.0,0.0
6,13524,IID,GEO,50.0,1.0,0.0
6,13543,IID,GEO,33.0,1.0,0.0
6,13544,IID,GEO,16.0,1.0,0.0
6,13554,IID,GEO,49.89,1.0,0.0
6,13555,IID,GEO,4.79,1.0,0.0
6,13556,IID,GEO,4.5,1.0,0.0
6,13557,IID,GEO,11.1,1.0,0.0
6,13558,IID,GEO,11.0,1.0,0.0
6,13559,IID,GEO,50.0,1.0,0.0
6,13562,IID,GEO,21.6,1.0,0.0
6,13563,IID,GEO,8.0,1.0,0.0
6,13564,IID,GEO,22.0,1.0,0.0
6,13570,IID,GEO,24.0,1.0,0.0
6,13571,IID,GEO,15.0,1.0,0.0
6,13572,IID,GEO,18.5,1.0,0.0
6,13573,IID,GEO,7.0,1.0,0.0
6,13574,IID,GEO,8.45,1.0,0.0
6,13578,IID,GEO,16.0,1.0,0.0
6,13579,IID,GEO,16.0,1.0,0.0
6,13580,IID,GEO,16.0,1.0,0.0
6,13581,IID,GEO,16.0,1.0,0.0
6,13582,IID,GEO,16.0,1.0,0.0
6,13583,IID,GEO,16.0,1.0,0.0
6,13584,IID,GEO,16.0,1.0,0.0
6,3434,IPCO,BIO,2.25,1.0,0.0
6,6118,IPCO,BIO,0.16,1.0,0.0
6,6119,IPCO,BIO,0.16,1.0,0.0
6,6120,IPCO,BIO,0.16,1.0,0.0
6,7116,IPCO,BIO,0.32,1.0,0.0
6,7117,IPCO,BIO,0.32,1.0,0.0
6,10116,IPCO,BIO,2.25,1.0,0.0
6,3400,IPCO,GEO,18.0,1.0,0.0
6,7941,IPCO,GEO,11.0,1.0,0.0
6,3407,IPCO,NG,40.0,1.0,0.0
6,7509,IPCO,NG,330.0,1.0,0.0
6,8599,IPCO,NG,4.16,1.0,0.0
6,13714,NEVP,GEO,20.0,1.0,0.0
6,13715,NEVP,GEO,60.0,1.0,0.0
6,13716,NEVP,GEO,10.1,1.0,0.0
6,13717,NEVP,GEO,19.2,1.0,0.0
6,13718,NEVP,GEO,11.8,1.0,0.0
6,13719,NEVP,GEO,11.8,1.0,0.0
6,13720,NEVP,GEO,11.8,1.0,0.0
6,13721,NEVP,GEO,11.8,1.0,0.0
6,13724,NEVP,GEO,8.0,1.0,0.0
6,13725,NEVP,GEO,8.0,1.0,0.0
6,13726,NEVP,GEO,8.0,1.0,0.0
6,13727,NEVP,GEO,18.9,1.0,0.0
6,13728,NEVP,GEO,11.3,1.0,0.0
6,13729,NEVP,GEO,11.3,1.0,0.0
6,13730,NEVP,GEO,11.3,1.0,0.0
6,13731,NEVP,GEO,11.3,1.0,0.0
6,13732,NEVP,GEO,11.25,1.0,0.0
6,13733,NEVP,GEO,11.25,1.0,0.0
6,13734,NEVP,GEO,25.0,1.0,0.0
6,13752,NEVP,GEO,15.0,1.0,0.0
6,13753,NEVP,GEO,15.0,1.0,0.0
6,13754,NEVP,GEO,15.0,1.0,0.0
6,13755,NEVP,GEO,15.0,1.0,0.0
6,13756,NEVP,GEO,26.5,1.0,0.0
6,13757,NEVP,GEO,10.0,1.0,0.0
6,13758,NEVP,GEO,10.0,1.0,0.0
6,13759,NEVP,GEO,10.0,1.0,0.0
6,13760,NEVP,GEO,16.5,1.0,0.0
6,13762,NEVP,GEO,25.0,1.0,0.0
6,13763,NEVP,GEO,16.0,1.0,0.0
6,13764,NEVP,GEO,16.0,1.0,0.0
6,13765,NEVP,GEO,21.3,1.0,0.0
6,13766,NEVP,GEO,21.3,1.0,0.0
6,13767,NEVP,GEO,21.3,1.0,0.0
6,13769,NEVP,GEO,20.0,1.0,0.0
6,13770,NEVP,GEO,20.0,1.0,0.0
6,13771,NEVP,GEO,12.0,1.0,0.0
6,13772,NEVP,GEO,11.8,1.0,0.0
6,13774,NEVP,GEO,20.0,1.0,0.0
6,13775,NEVP,GEO,20.0,1.0,0.0
6,13776,NEVP,GEO,12.0,1.0,0.0
6,13427,NEVP,NG,105.0,1.0,0.0
6,13428,NEVP,NG,250.0,1.0,0.0
6,13429,NEVP,NG,250.0,1.0,0.0
6,13430,NEVP,NG,142.5,1.0,0.0
6,13433,NEVP,NG,96.26,1.0,0.0
6,13434,NEVP,NG,111.26,1.0,0.0
6,13440,NEVP,NG,267.74,1.0,0.0
6,13441,NEVP,NG,735.0,1.0,0.0
6,13442,NEVP,NG,267.74,1.0,0.0
6,13443,NEVP,NG,258.56,1.0,0.0
6,13444,NEVP,NG,281.38,1.0,0.0
6,13445,NEVP,NG,281.38,1.0,0.0
6,13449,NEVP,NG,112.4,1.0,0.0
6,13450,NEVP,NG,112.4,1.0,0.0
6,13773,NEVP,NG,266.37,1.0,0.0
6,15914,NEVP,NG,403.0,1.0,0.0
6,15916,NEVP,NG,659.6,1.0,0.0
6,15966,NEVP,NG,258.56,1.0,0.0
6,15972,NEVP,NG,356.0,1.0,0.0
6,15996,NEVP,NG,181.5,1.0,0.0
6,16028,NEVP,NG,363.10023474222703,1.0,0.0
6,16029,NEVP,NG,367.5,1.0,0.0
6,16054,NEVP,NG,152.5,1.0,0.0
6,3617,PACE,GEO,26.099999999997273,1.0,0.0
6,3618,PACE,GEO,12.0,1.0,0.0
6,3612,PACE,NG,17.0,1.0,0.0
6,3613,PACE,NG,17.0,1.0,0.0
6,3614,PACE,NG,17.0,1.0,0.0
6,3639,PACE,NG,16.106,1.0,0.0
6,3640,PACE,NG,16.106,1.0,0.0
6,3641,PACE,NG,16.2,1.0,0.0
6,3718,PACE,NG,13.5,1.0,0.0
6,3719,PACE,NG,13.5,1.0,0.0
6,6466,PACE,NG,242.0,1.0,0.0
6,7491,PACE,NG,303.6,1.0,0.0
6,7494,PACE,NG,288.2,1.0,0.0
6,14694,PACE,NG,1.0,1.0,0.0
6,15930,PACE,NG,420.7,1.0,0.0
6,15987,PACE,NG,408.6,1.0,0.0
6,15988,PACE,NG,182.7,1.0,0.0
6,15989,PACE,NG,185.4,1.0,0.0
6,15990,PACE,NG,469.8,1.0,0.0
6,1889,PACW,BIO,2.25,1.0,0.0
6,7432,PACW,NG,275.0,1.0,0.0
6,9960,PACW,NG,279.56,1.0,0.0
6,9961,PACW,NG,279.56,1.0,0.0
6,15985,PACW,NG,150.0,1.0,0.0
6,15986,PACW,NG,150.0,1.0,0.0
6,2346,PGE,BIO,10.0,1.0,0.0
6,5829,PGE,NG,212.906,1.0,0.0
6,9847,PGE,NG,296.0,1.0,0.0
6,10103,PGE,NG,225.0,1.0,0.0
6,6353,PNM,BIO,0.16,1.0,0.0
6,6354,PNM,BIO,0.16,1.0,0.0
6,6355,PNM,BIO,0.16,1.0,0.0
6,6356,PNM,BIO,0.16,1.0,0.0
6,6357,PNM,BIO,0.16,1.0,0.0
6,6358,PNM,BIO,0.16,1.0,0.0
6,6359,PNM,BIO,0.16,1.0,0.0
6,6360,PNM,BIO,0.16,1.0,0.0
6,6483,PNM,BIO,1.35,1.0,0.0
6,7634,PNM,BIO,0.067,1.0,0.0
6,8319,PNM,BIO,0.9,1.0,0.0
6,8320,PNM,BIO,2.25,1.0,0.0
6,8517,PNM,BIO,0.16,1.0,0.0
6,8518,PNM,BIO,0.16,1.0,0.0
6,8519,PNM,BIO,0.16,1.0,0.0
6,8520,PNM,BIO,0.16,1.0,0.0
6,8521,PNM,BIO,0.16,1.0,0.0
6,8522,PNM,BIO,0.16,1.0,0.0
6,10202,PNM,BIO,8.0,1.0,0.0
6,11101,PNM,BIO,11.5,1.0,0.0
6,11102,PNM,BIO,11.5,1.0,0.0
6,13110,PNM,BIO,10.0,1.0,0.0
6,13265,PNM,GEO,4.0,1.0,0.0
6,6828,PNM,NG,3.42,1.0,0.0
6,11104,PNM,NG,3.42,1.0,0.0
6,11105,PNM,NG,3.42,1.0,0.0
6,11106,PNM,NG,3.42,1.0,0.0
6,13240,PNM,NG,256.69,1.0,0.0
6,13243,PNM,NG,287.93,1.0,0.0
6,13503,PNM,NG,67.2,1.0,0.0
6,16004,PNM,NG,497.26,1.0,0.0
6,13785,PSCO,NG,300.14,1.0,0.0
6,13807,PSCO,NG,314.97,1.0,0.0
6,13813,PSCO,NG,41.0,1.0,0.0
6,13816,PSCO,NG,52.0,1.0,0.0
6,13869,PSCO,NG,267.74,1.0,0.0
6,15920,PSCO,NG,155.0,1.0,0.0
6,15945,PSCO,NG,140.0,1.0,0.0
6,16046,PSCO,NG,122.5,1.0,0.0
6,6692,PSEI,NG,52.92,1.0,0.0
6,6749,PSEI,NG,253.44,1.0,0.0
6,7707,PSEI,NG,66.816,1.0,0.0
6,7855,PSEI,NG,182.0,1.0,0.0
6,13338,SRP,NG,276.27,1.0,0.0
6,13370,SRP,NG,277.0,1.0,0.0
6,13375,SRP,NG,324.23,1.0,0.0
6,15937,SRP,NG,180.0,1.0,0.0
6,16050,SRP,NG,157.5,1.0,0.0
6,14108,TIDC,NG,215.39,1.0,0.0
6,16068,TIDC,NG,87.5,1.0,0.0
6,10145,TPWR,BIO,26.0,1.0,0.0
6,13976,WACM,NG,238.76,1.0,0.0
6,13986,WACM,NG,49.55,1.0,0.0
6,15948,WACM,NG,400.4,1.0,0.0
6,15949,WACM,NG,153.9,1.0,0.0
6,13494,WALC,NG,250.69,1.0,0.0
6,13495,WALC,NG,336.0,1.0,0.0
6,15962,WALC,NG,478.4,1.0,0.0
6,16056,WALC,NG,275.0,1.0,0.0
6,16057,WALC,NG,275.0,1.0,0.0
6,1115,CISO,NG,267.0,1.0,0.0
6,1116,CISO,NG,266.0,1.0,0.0
6,1117,CISO,NG,266.0,1.0,0.0
6,1118,CISO,NG,267.0,1.0,0.0
6,1405,CISO,NG,3.105,1.0,0.0
6,1445,CISO,NG,56.2,1.0,0.0
6,1447,CISO,NG,21.384,1.0,0.0
6,1448,CISO,NG,21.384,1.0,0.0
6,1449,CISO,NG,21.384,1.0,0.0
6,9895,CISO,NG,83.24667,1.0,0.0
6,9896,CISO,NG,41.62333,1.0,0.0
6,10214,CISO,NG,625.0,1.0,0.0
6,15255,CISO,NG,322.0,1.0,0.0
6,15908,CISO,NG,493.63,1.0,0.0
6,15939,CISO,NG,247.29,1.0,0.0
6,15940,CISO,NG,247.29,1.0,0.0
6,15943,CISO,NG,275.85,1.0,0.0
6,15944,CISO,NG,275.85,1.0,0.0
6,15975,CISO,NG,283.3333,1.0,0.0
6,15978,CISO,NG,336.9,1.0,0.0
6,16018,CISO,NG,277.5,1.0,0.0
6,16019,CISO,NG,277.5,1.0,0.0
6,16020,CISO,NG,277.5,1.0,0.0
6,16021,CISO,NG,277.5,1.0,0.0
6,16030,CISO,NG,305.0,1.0,0.0
6,16031,CISO,NG,305.0,1.0,0.0
6,16032,CISO,NG,294.105,1.0,0.0
6,16033,CISO,NG,294.105,1.0,0.0
6,16034,CISO,NG,266.49,1.0,0.0
6,16035,CISO,NG,266.49,1.0,0.0
6,16058,CISO,NG,293.01,1.0,0.0
6,16059,CISO,NG,293.01,1.0,0.0
6,13304,SRP,NUCLEAR,1372.2,1.0,0.0
6,13305,SRP,NUCLEAR,1375.05,1.0,0.0
6,13306,SRP,NUCLEAR,1373.15,1.0,0.0
6,15322,AZPS,NG,87.0,1.0,0.0
6,15323,AZPS,NG,87.0,1.0,0.0
6,15324,AZPS,NG,87.0,1.0,0.0
6,15325,AZPS,NG,87.0,1.0,0.0
6,15326,AZPS,NG,87.0,1.0,0.0
6,15327,AZPS,NG,87.0,1.0,0.0
6,14088,BANC,NG,79.94,1.0,0.0
6,17031,LDWP,NG,5.0,1.0,0.0
6,13614,LDWP,NG,110.0,1.0,0.0
6,17212,LDWP,NG,397.9999999999998,1.0,0.0
6,17210,LDWP,NG,398.0,1.0,0.0
6,13284,TEPC,NG,549.9999999999998,1.0,0.0
6,13403,TEPC,NG,297.0,1.0,0.0
6,13404,TEPC,NG,297.0,1.0,0.0
6,13295,AZPS,COAL,818.1,1.0,0.0
6,3504,IPCO,COAL,307.0,1.0,0.0
6,3505,IPCO,COAL,307.0,1.0,0.0
6,3694,IPCO,COAL,50.0,1.0,0.0
6,3695,IPCO,COAL,25.0,1.0,0.0
6,3696,IPCO,COAL,25.0,1.0,0.0
6,3582,NEVP,COAL,268.0,1.0,0.0
6,3583,NEVP,COAL,254.0,1.0,0.0
6,3507,NWMT,COAL,740.0001,1.0,0.0
6,3506,NWMT,COAL,740.0,1.0,0.0
6,3497,NWMT,COAL,135.0,1.0,0.0
6,3510,NWMT,COAL,64.0,1.0,0.0
6,3391,PACE,COAL,584.0,1.0,0.0
6,3461,PACE,COAL,140.0,1.0,0.0
6,3463,PACE,COAL,531.0,1.0,0.0
6,3462,PACE,COAL,527.0,1.0,0.0
6,3656,PACE,COAL,517.5,1.0,0.0
6,3619,PACE,COAL,499.5,1.0,0.0
6,3655,PACE,COAL,498.0,1.0,0.0
6,3638,PACE,COAL,495.6,1.0,0.0
6,3637,PACE,COAL,488.3,1.0,0.0
6,3636,PACE,COAL,488.3,1.0,0.0
6,3698,PACE,COAL,362.1,1.0,0.0
6,3635,PACE,COAL,360.0,1.0,0.0
6,3634,PACE,COAL,229.5,1.0,0.0
6,11093,PACE,COAL,217.6,1.0,0.0
6,13294,PNM,COAL,271.0,1.0,0.0
6,13796,PSCO,COAL,552.28,1.0,0.0
6,13888,PSCO,COAL,467.261,1.0,0.0
6,14002,PSCO,COAL,428.0,1.0,0.0
6,14129,PSCO,COAL,380.8,1.0,0.0
6,13787,PSCO,COAL,335.0,1.0,0.0
6,13786,PSCO,COAL,325.0,1.0,0.0
6,13960,PSCO,COAL,49.65,1.0,0.0
6,13386,SRP,COAL,750.0,1.0,0.0
6,13387,SRP,COAL,750.0,1.0,0.0
6,13388,SRP,COAL,750.0,1.0,0.0
6,13385,SRP,COAL,170.0,1.0,0.0
6,13384,SRP,COAL,138.182,1.0,0.0
6,13389,TEPC,COAL,424.8,1.0,0.0
6,4029,WACM,COAL,621.0,1.0,0.0
6,4030,WACM,COAL,621.0,1.0,0.0
6,14004,WACM,COAL,448.0,1.0,0.0
6,14003,WACM,COAL,428.0,1.0,0.0
6,14001,WACM,COAL,405.0,1.0,0.0
6,14009,WACM,COAL,275.4,1.0,0.0
6,13958,WACM,COAL,207.0,1.0,0.0
6,14008,WACM,COAL,190.0,1.0,0.0
6,13962,WACM,COAL,141.031,1.0,0.0
6,13983,WACM,COAL,116.2,1.0,0.0
6,13982,WACM,COAL,95.0,1.0,0.0
6,13981,WACM,COAL,88.0,1.0,0.0
6,13961,WACM,COAL,83.19,1.0,0.0
6,13943,WACM,COAL,80.0,1.0,0.0
6,13422,WALC,COAL,49.359,1.0,0.0
7,3243,AESO,BIO,22.335,1.0,0.0
7,3284,AESO,BIO,25.0,1.0,0.0
7,3292,AESO,BIO,11.6,1.0,0.0
7,3343,AESO,BIO,18.0,1.0,0.0
7,3384,AESO,BIO,41.0,1.0,0.0
7,3385,AESO,BIO,41.0,1.0,0.0
7,3386,AESO,BIO,17.0,1.0,0.0
7,9565,AESO,BIO,20.0,1.0,0.0
7,9566,AESO,BIO,30.0,1.0,0.0
7,9592,AESO,BIO,4.5,1.0,0.0
7,13106,AESO,BIO,43.0,1.0,0.0
7,3218,AESO,NG,407.0,1.0,0.0
7,3219,AESO,NG,148.0,1.0,0.0
7,3220,AESO,NG,148.0,1.0,0.0
7,3221,AESO,NG,408.0,1.0,0.0
7,3222,AESO,NG,408.0,1.0,0.0
7,3238,AESO,NG,151.0,1.0,0.0
7,9198,AESO,NG,280.0,1.0,0.0
7,3017,AESO,NG,101.0,1.0,0.0
7,3041,AESO,NG,1.0,1.0,0.0
7,3042,AESO,NG,1.0,1.0,0.0
7,3043,AESO,NG,1.0,1.0,0.0
7,3044,AESO,NG,1.0,1.0,0.0
7,3047,AESO,NG,105.0,1.0,0.0
7,3072,AESO,NG,101.0,1.0,0.0
7,3096,AESO,NG,3.24,1.0,0.0
7,3126,AESO,NG,46.0,1.0,0.0
7,3139,AESO,NG,3.0,1.0,0.0
7,3190,AESO,NG,21.6,1.0,0.0
7,3217,AESO,NG,48.0,1.0,0.0
7,3232,AESO,NG,101.0,1.0,0.0
7,3235,AESO,NG,50.0,1.0,0.0
7,3242,AESO,NG,18.0,1.0,0.0
7,3244,AESO,NG,50.0,1.0,0.0
7,3245,AESO,NG,20.25,1.0,0.0
7,3249,AESO,NG,36.5,1.0,0.0
7,3250,AESO,NG,36.5,1.0,0.0
7,3254,AESO,NG,101.0,1.0,0.0
7,3259,AESO,NG,10.66,1.0,0.0
7,3261,AESO,NG,9.828,1.0,0.0
7,3263,AESO,NG,10.348,1.0,0.0
7,3357,AESO,NG,1.8,1.0,0.0
7,3358,AESO,NG,1.8,1.0,0.0
7,3359,AESO,NG,2.94,1.0,0.0
7,3370,AESO,NG,47.5,1.0,0.0
7,5241,AESO,NG,48.0,1.0,0.0
7,5274,AESO,NG,48.0,1.0,0.0
7,5302,AESO,NG,48.0,1.0,0.0
7,5802,AESO,NG,120.0,1.0,0.0
7,6087,AESO,NG,330.0,1.0,0.0
7,6150,AESO,NG,120.0,1.0,0.0
7,6611,AESO,NG,128.0,1.0,0.0
7,7724,AESO,NG,3.6,1.0,0.0
7,7725,AESO,NG,3.15,1.0,0.0
7,7727,AESO,NG,2.7,1.0,0.0
7,7851,AESO,NG,1.35,1.0,0.0
7,7852,AESO,NG,0.9,1.0,0.0
7,8055,AESO,NG,7.2,1.0,0.0
7,8417,AESO,NG,63.45,1.0,0.0
7,8781,AESO,NG,1.35,1.0,0.0
7,8782,AESO,NG,1.575,1.0,0.0
7,8783,AESO,NG,1.35,1.0,0.0
7,10169,AESO,NG,195.0,1.0,0.0
7,10179,AESO,NG,870.0,1.0,0.0
7,13133,AESO,NG,16.8,1.0,0.0
7,13136,AESO,NG,8.25,1.0,0.0
7,13137,AESO,NG,8.75,1.0,0.0
7,14586,AESO,NG,9.45,1.0,0.0
7,14605,AESO,NG,199.0,1.0,0.0
7,14624,AESO,NG,21.0,1.0,0.0
7,14625,AESO,NG,21.0,1.0,0.0
7,14644,AESO,NG,21.0,1.0,0.0
7,14662,AESO,NG,21.0,1.0,0.0
7,15481,AESO,NG,3.25,1.0,0.0
7,15482,AESO,NG,3.25,1.0,0.0
7,15483,AESO,NG,3.25,1.0,0.0
7,15484,AESO,NG,3.25,1.0,0.0
7,15485,AESO,NG,3.25,1.0,0.0
7,15659,AESO,NG,164.4,1.0,0.0
7,15660,AESO,NG,164.4,1.0,0.0
7,15661,AESO,NG,406.0,1.0,0.0
7,15662,AESO,NG,282.47747368999893,1.0,0.0
7,15663,AESO,NG,141.2,1.0,0.0
7,15667,AESO,NG,160.4,1.0,0.0
7,16052,AESO,NG,605.2,1.0,0.0
7,16053,AESO,NG,262.8,1.0,0.0
7,2190,AVA,BIO,2.79,1.0,0.0
7,2200,AVA,BIO,26.0,1.0,0.0
7,8427,AVA,NG,301.49,1.0,0.0
7,9848,AVA,NG,287.0,1.0,0.0
7,14033,AZPS,BIO,28.0,1.0,0.0
7,16040,AZPS,NG,252.4,1.0,0.0
7,16041,AZPS,NG,252.4,1.0,0.0
7,16042,AZPS,NG,252.4,1.0,0.0
7,16043,AZPS,NG,252.4,1.0,0.0
7,16070,AZPS,NG,136.428,1.0,0.0
7,13708,BANC,NG,8.1,1.0,0.0
7,15928,BANC,NG,180.0,1.0,0.0
7,15929,BANC,NG,180.0,1.0,0.0
7,16060,BANC,NG,274.5,1.0,0.0
7,16061,BANC,NG,274.5,1.0,0.0
7,2516,BCHA,BIO,66.0,1.0,0.0
7,2634,BCHA,BIO,20.39,1.0,0.0
7,2644,BCHA,BIO,24.75,1.0,0.0
7,2645,BCHA,BIO,1.667,1.0,0.0
7,2646,BCHA,BIO,1.667,1.0,0.0
7,2647,BCHA,BIO,1.667,1.0,0.0
7,2648,BCHA,BIO,1.851,1.0,0.0
7,2744,BCHA,BIO,4.8,1.0,0.0
7,2745,BCHA,BIO,8.4,1.0,0.0
7,2766,BCHA,BIO,7.5,1.0,0.0
7,2990,BCHA,BIO,52.29,1.0,0.0
7,2991,BCHA,BIO,48.0,1.0,0.0
7,6066,BCHA,BIO,4.8,1.0,0.0
7,6104,BCHA,BIO,36.0,1.0,0.0
7,6155,BCHA,BIO,1.26,1.0,0.0
7,6833,BCHA,BIO,1.03,1.0,0.0
7,7014,BCHA,BIO,0.34,1.0,0.0
7,7068,BCHA,BIO,55.0,1.0,0.0
7,8349,BCHA,BIO,11.4,1.0,0.0
7,11890,BCHA,BIO,1.0,1.0,0.0
7,11891,BCHA,BIO,1.0,1.0,0.0
7,15470,BCHA,BIO,28.0,1.0,0.0
7,15471,BCHA,BIO,16.0,1.0,0.0
7,15664,BCHA,BIO,38.7,1.0,0.0
7,10736,BCHA,GEO,107.0,1.0,0.0
7,3040,AESO,NG,0.192,1.0,0.0
7,3247,AESO,NG,12.0,1.0,0.0
7,3248,AESO,NG,9.0,1.0,0.0
7,5051,BCHA,NG,290.0,1.0,0.0
7,6625,AESO,NG,11.25,1.0,0.0
7,6755,AESO,NG,101.0,1.0,0.0
7,7003,AESO,NG,27.9,1.0,0.0
7,7726,AESO,NG,1.845,1.0,0.0
7,8260,AESO,NG,20.7,1.0,0.0
7,8632,AESO,NG,2.475,1.0,0.0
7,9134,AESO,NG,9.0,1.0,0.0
7,9219,AESO,NG,189.2,1.0,0.0
7,11725,AESO,NG,1.0,1.0,0.0
7,11726,AESO,NG,1.0,1.0,0.0
7,11841,AESO,NG,1.0,1.0,0.0
7,11842,AESO,NG,1.0,1.0,0.0
7,11914,AESO,NG,1.0,1.0,0.0
7,11915,AESO,NG,1.0,1.0,0.0
7,11916,AESO,NG,1.0,1.0,0.0
7,13128,AESO,NG,6.75,1.0,0.0
7,13129,AESO,NG,6.75,1.0,0.0
7,13134,AESO,NG,1.6,1.0,0.0
7,13135,AESO,NG,1.6,1.0,0.0
7,14834,AESO,NG,22.622,1.0,0.0
7,15656,AESO,NG,408.0,1.0,0.0
7,15657,AESO,NG,418.5,1.0,0.0
7,15658,AESO,NG,430.0,1.0,0.0
7,15674,AESO,NG,10.0,1.0,0.0
7,15675,AESO,NG,1.0,1.0,0.0
7,15676,AESO,NG,1.0,1.0,0.0
7,15677,AESO,NG,3.0,1.0,0.0
7,2051,BPAT,BIO,8.1,1.0,0.0
7,2076,BPAT,BIO,14.699999999999772,1.0,0.0
7,2077,BPAT,BIO,20.0,1.0,0.0
7,2078,BPAT,BIO,25.0,1.0,0.0
7,2079,BPAT,BIO,12.25,1.0,0.0
7,6343,BPAT,BIO,0.8,1.0,0.0
7,6344,BPAT,BIO,0.8,1.0,0.0
7,6345,BPAT,BIO,1.5,1.0,0.0
7,6346,BPAT,BIO,1.5,1.0,0.0
7,9593,BPAT,BIO,5.0,1.0,0.0
7,9595,BPAT,BIO,31.279999999999994,1.0,0.0
7,13116,BPAT,BIO,8.0,1.0,0.0
7,14572,BPAT,BIO,1.0,1.0,0.0
7,2063,BPAT,NG,148.8,1.0,0.0
7,6835,BPAT,NG,162.0,1.0,0.0
7,14571,BPAT,NG,9.9,1.0,0.0
7,2491,BPAT,NUCLEAR,1186.0,1.0,0.0
7,437,CENACE,GEO,25.0,1.0,0.0
7,438,CENACE,GEO,25.0,1.0,0.0
7,439,CENACE,GEO,25.0,1.0,0.0
7,440,CENACE,GEO,25.0,1.0,0.0
7,441,CENACE,GEO,30.0,1.0,0.0
7,446,CENACE,GEO,110.0,1.0,0.0
7,447,CENACE,GEO,110.0,1.0,0.0
7,448,CENACE,GEO,110.0,1.0,0.0
7,457,CENACE,GEO,110.0,1.0,0.0
7,8227,CENACE,NG,277.0,1.0,0.0
7,14839,CENACE,NG,248.0,1.0,0.0
7,15254,CENACE,NG,793.0,1.0,0.0
7,15341,CENACE,NG,1.0,1.0,0.0
7,15991,CENACE,NG,165.0,1.0,0.0
7,15992,CENACE,NG,165.0,1.0,0.0
7,15993,CENACE,NG,405.0,1.0,0.0
7,548,CISO,BIO,2.999999999985448,1.0,0.0
7,549,CISO,BIO,0.95,1.0,0.0
7,550,CISO,BIO,5.0,1.0,0.0
7,551,CISO,BIO,3.0,1.0,0.0
7,555,CISO,BIO,2.9,1.0,0.0
7,570,CISO,BIO,1.88,1.0,0.0
7,572,CISO,BIO,1.88,1.0,0.0
7,629,CISO,BIO,47.0,1.0,0.0
7,633,CISO,BIO,34.0,1.0,0.0
7,795,CISO,BIO,24.5,1.0,0.0
7,836,CISO,BIO,1.3,1.0,0.0
7,1008,CISO,BIO,1.88,1.0,0.0
7,1156,CISO,BIO,10.5,1.0,0.0
7,1168,CISO,BIO,10.8,1.0,0.0
7,1178,CISO,BIO,28.5,1.0,0.0
7,1187,CISO,BIO,24.48,1.0,0.0
7,1188,CISO,BIO,22.0,1.0,0.0
7,1297,CISO,BIO,30.5,1.0,0.0
7,1300,CISO,BIO,12.0,1.0,0.0
7,1331,CISO,BIO,57.43,1.0,0.0
7,1392,CISO,BIO,24.2,1.0,0.0
7,1398,CISO,BIO,2.57,1.0,0.0
7,1399,CISO,BIO,2.57,1.0,0.0
7,1400,CISO,BIO,2.57,1.0,0.0
7,1401,CISO,BIO,2.57,1.0,0.0
7,1402,CISO,BIO,2.57,1.0,0.0
7,1403,CISO,BIO,2.57,1.0,0.0
7,1404,CISO,BIO,2.57,1.0,0.0
7,1413,CISO,BIO,10.0,1.0,0.0
7,1589,CISO,BIO,8.6,1.0,0.0
7,1590,CISO,BIO,5.7,1.0,0.0
7,1634,CISO,BIO,13.8,1.0,0.0
7,1635,CISO,BIO,12.5,1.0,0.0
7,1636,CISO,BIO,12.5,1.0,0.0
7,1637,CISO,BIO,12.5,1.0,0.0
7,1768,CISO,BIO,22.0,1.0,0.0
7,1774,CISO,BIO,13.1,1.0,0.0
7,1793,CISO,BIO,29.07,1.0,0.0
7,1794,CISO,BIO,25.5,1.0,0.0
7,1838,CISO,BIO,17.2,1.0,0.0
7,1839,CISO,BIO,8.64,1.0,0.0
7,5728,CISO,BIO,1.25,1.0,0.0
7,5729,CISO,BIO,1.25,1.0,0.0
7,5809,CISO,BIO,3.0,1.0,0.0
7,5865,CISO,BIO,0.75,1.0,0.0
7,5866,CISO,BIO,0.75,1.0,0.0
7,5872,CISO,BIO,14.4,1.0,0.0
7,5899,CISO,BIO,4.0,1.0,0.0
7,5900,CISO,BIO,3.7,1.0,0.0
7,5901,CISO,BIO,0.3,1.0,0.0
7,5999,CISO,BIO,37.828,1.0,0.0
7,6045,CISO,BIO,9.8,1.0,0.0
7,6069,CISO,BIO,4.6,1.0,0.0
7,6070,CISO,BIO,4.6,1.0,0.0
7,6071,CISO,BIO,4.6,1.0,0.0
7,6116,CISO,BIO,1.1,1.0,0.0
7,6117,CISO,BIO,1.1,1.0,0.0
7,6349,CISO,BIO,1.5,1.0,0.0
7,6352,CISO,BIO,1.2,1.0,0.0
7,6492,CISO,BIO,24.5,1.0,0.0
7,6601,CISO,BIO,1.5,1.0,0.0
7,6602,CISO,BIO,1.5,1.0,0.0
7,6603,CISO,BIO,1.5,1.0,0.0
7,6651,CISO,BIO,1.35,1.0,0.0
7,6652,CISO,BIO,1.35,1.0,0.0
7,6653,CISO,BIO,1.35,1.0,0.0
7,6710,CISO,BIO,20.0,1.0,0.0
7,6756,CISO,BIO,0.7,1.0,0.0
7,7146,CISO,BIO,0.2,1.0,0.0
7,7147,CISO,BIO,0.2,1.0,0.0
7,7373,CISO,BIO,4.4,1.0,0.0
7,7374,CISO,BIO,3.0,1.0,0.0
7,7388,CISO,BIO,27.15,1.0,0.0
7,7556,CISO,BIO,0.8,1.0,0.0
7,7557,CISO,BIO,0.8,1.0,0.0
7,7558,CISO,BIO,0.8,1.0,0.0
7,7559,CISO,BIO,0.8,1.0,0.0
7,7560,CISO,BIO,0.8,1.0,0.0
7,7561,CISO,BIO,0.8,1.0,0.0
7,7780,CISO,BIO,2.9,1.0,0.0
7,7816,CISO,BIO,1.3,1.0,0.0
7,7840,CISO,BIO,1.25,1.0,0.0
7,7841,CISO,BIO,1.25,1.0,0.0
7,7860,CISO,BIO,3.0,1.0,0.0
7,7861,CISO,BIO,3.0,1.0,0.0
7,7862,CISO,BIO,1.6,1.0,0.0
7,7868,CISO,BIO,1.95,1.0,0.0
7,7869,CISO,BIO,4.9,1.0,0.0
7,8080,CISO,BIO,7.14,1.0,0.0
7,8084,CISO,BIO,1.88,1.0,0.0
7,8085,CISO,BIO,1.88,1.0,0.0
7,8162,CISO,BIO,1.6,1.0,0.0
7,8163,CISO,BIO,2.7,1.0,0.0
7,8311,CISO,BIO,0.46,1.0,0.0
7,8312,CISO,BIO,2.29,1.0,0.0
7,8313,CISO,BIO,2.2,1.0,0.0
7,8371,CISO,BIO,3.0,1.0,0.0
7,8403,CISO,BIO,2.8,1.0,0.0
7,8404,CISO,BIO,3.3,1.0,0.0
7,8405,CISO,BIO,3.3,1.0,0.0
7,8406,CISO,BIO,3.3,1.0,0.0
7,8434,CISO,BIO,1.2,1.0,0.0
7,8682,CISO,BIO,3.0,1.0,0.0
7,8685,CISO,BIO,11.16,1.0,0.0
7,8811,CISO,BIO,1.3,1.0,0.0
7,8812,CISO,BIO,1.3,1.0,0.0
7,9227,CISO,BIO,3.0,1.0,0.0
7,9228,CISO,BIO,1.2,1.0,0.0
7,9229,CISO,BIO,1.2,1.0,0.0
7,9242,CISO,BIO,3.05,1.0,0.0
7,9322,CISO,BIO,2.8,1.0,0.0
7,9337,CISO,BIO,1.8,1.0,0.0
7,9338,CISO,BIO,1.8,1.0,0.0
7,9399,CISO,BIO,1.2,1.0,0.0
7,9723,CISO,BIO,0.5,1.0,0.0
7,10025,CISO,BIO,1.6,1.0,0.0
7,10026,CISO,BIO,1.0,1.0,0.0
7,10027,CISO,BIO,1.0,1.0,0.0
7,10028,CISO,BIO,1.4,1.0,0.0
7,10227,CISO,BIO,35.2,1.0,0.0
7,11103,CISO,BIO,28.24,1.0,0.0
7,11120,CISO,BIO,50.0,1.0,0.0
7,11138,CISO,BIO,5.0,1.0,0.0
7,12396,CISO,BIO,1.0,1.0,0.0
7,12397,CISO,BIO,0.4,1.0,0.0
7,12837,CISO,BIO,1.5,1.0,0.0
7,13104,CISO,BIO,50.0,1.0,0.0
7,13107,CISO,BIO,25.0,1.0,0.0
7,14499,CISO,BIO,26.5,1.0,0.0
7,14833,CISO,BIO,18.13,1.0,0.0
7,14884,CISO,BIO,1.2,1.0,0.0
7,14896,CISO,BIO,5.0,1.0,0.0
7,15377,CISO,BIO,12.0,1.0,0.0
7,15432,CISO,BIO,32.0,1.0,0.0
7,15783,CISO,BIO,4.7,1.0,0.0
7,15794,CISO,BIO,28.5,1.0,0.0
7,15797,CISO,BIO,24.0,1.0,0.0
7,15798,CISO,BIO,24.0,1.0,0.0
7,442,CISO,GEO,35.7,1.0,0.0
7,443,CISO,GEO,35.7,1.0,0.0
7,444,CISO,GEO,35.7,1.0,0.0
7,445,CISO,GEO,35.7,1.0,0.0
7,656,CISO,GEO,26.66667,1.0,0.0
7,657,CISO,GEO,26.66667,1.0,0.0
7,658,CISO,GEO,26.66667,1.0,0.0
7,663,CISO,GEO,16.0,1.0,0.0
7,664,CISO,GEO,16.0,1.0,0.0
7,665,CISO,GEO,16.0,1.0,0.0
7,1005,CISO,GEO,30.0,1.0,0.0
7,1006,CISO,GEO,30.0,1.0,0.0
7,1007,CISO,GEO,30.0,1.0,0.0
7,1265,CISO,GEO,1.5,1.0,0.0
7,1266,CISO,GEO,1.5,1.0,0.0
7,1597,CISO,GEO,11.0,1.0,0.0
7,1598,CISO,GEO,11.0,1.0,0.0
7,1602,CISO,GEO,47.0,1.0,0.0
7,1603,CISO,GEO,50.0,1.0,0.0
7,1604,CISO,GEO,72.0,1.0,0.0
7,1605,CISO,GEO,75.5,1.0,0.0
7,1606,CISO,GEO,27.5,1.0,0.0
7,1607,CISO,GEO,63.0,1.0,0.0
7,1608,CISO,GEO,70.0,1.0,0.0
7,1609,CISO,GEO,73.0,1.0,0.0
7,1610,CISO,GEO,57.0,1.0,0.0
7,1611,CISO,GEO,86.8,1.0,0.0
7,1612,CISO,GEO,47.9,1.0,0.0
7,1613,CISO,GEO,47.9,1.0,0.0
7,1614,CISO,GEO,49.215,1.0,0.0
7,1615,CISO,GEO,49.215,1.0,0.0
7,1616,CISO,GEO,12.5,1.0,0.0
7,1617,CISO,GEO,12.5,1.0,0.0
7,1618,CISO,GEO,6.5,1.0,0.0
7,1619,CISO,GEO,6.5,1.0,0.0
7,1620,CISO,GEO,36.0,1.0,0.0
7,1621,CISO,GEO,36.0,1.0,0.0
7,7684,CISO,GEO,20.0,1.0,0.0
7,7942,CISO,GEO,11.0,1.0,0.0
7,7943,CISO,GEO,11.0,1.0,0.0
7,8300,CISO,GEO,5.0,1.0,0.0
7,8301,CISO,GEO,5.0,1.0,0.0
7,8302,CISO,GEO,5.0,1.0,0.0
7,11122,CISO,GEO,78.0,1.0,0.0
7,13026,CISO,GEO,14.0,1.0,0.0
7,13102,CISO,GEO,51.9,1.0,0.0
7,13103,CISO,GEO,51.9,1.0,0.0
7,13105,CISO,GEO,59.0,1.0,0.0
7,14055,CISO,GEO,38.85,1.0,0.0
7,14056,CISO,GEO,50.0,1.0,0.0
7,14057,CISO,GEO,42.42,1.0,0.0
7,14058,CISO,GEO,52.73,1.0,0.0
7,14848,CISO,GEO,30.0,1.0,0.0
7,14923,CISO,GEO,38.0,1.0,0.0
7,15381,CISO,GEO,20.0,1.0,0.0
7,1248,CISO,NUCLEAR,1150.0,1.0,0.0
7,1249,CISO,NUCLEAR,1150.0,1.0,0.0
7,13507,IID,BIO,27.0,1.0,0.0
7,13561,IID,BIO,21.0,1.0,0.0
7,13509,IID,GEO,53.0,1.0,0.0
7,13510,IID,GEO,8.75,1.0,0.0
7,13511,IID,GEO,4.37,1.0,0.0
7,13516,IID,GEO,34.39,1.0,0.0
7,13517,IID,GEO,34.39,1.0,0.0
7,13519,IID,GEO,34.39,1.0,0.0
7,13520,IID,GEO,29.0,1.0,0.0
7,13521,IID,GEO,9.19,1.0,0.0
7,13522,IID,GEO,10.5,1.0,0.0
7,13523,IID,GEO,49.0,1.0,0.0
7,13524,IID,GEO,50.0,1.0,0.0
7,13543,IID,GEO,33.0,1.0,0.0
7,13544,IID,GEO,16.0,1.0,0.0
7,13554,IID,GEO,49.89,1.0,0.0
7,13555,IID,GEO,4.79,1.0,0.0
7,13556,IID,GEO,4.5,1.0,0.0
7,13557,IID,GEO,11.1,1.0,0.0
7,13558,IID,GEO,11.0,1.0,0.0
7,13559,IID,GEO,50.0,1.0,0.0
7,13562,IID,GEO,21.6,1.0,0.0
7,13563,IID,GEO,8.0,1.0,0.0
7,13564,IID,GEO,22.0,1.0,0.0
7,13570,IID,GEO,24.0,1.0,0.0
7,13571,IID,GEO,15.0,1.0,0.0
7,13572,IID,GEO,18.5,1.0,0.0
7,13573,IID,GEO,7.0,1.0,0.0
7,13574,IID,GEO,8.45,1.0,0.0
7,13578,IID,GEO,16.0,1.0,0.0
7,13579,IID,GEO,16.0,1.0,0.0
7,13580,IID,GEO,16.0,1.0,0.0
7,13581,IID,GEO,16.0,1.0,0.0
7,13582,IID,GEO,16.0,1.0,0.0
7,13583,IID,GEO,16.0,1.0,0.0
7,13584,IID,GEO,16.0,1.0,0.0
7,3434,IPCO,BIO,2.25,1.0,0.0
7,6118,IPCO,BIO,0.8,1.0,0.0
7,6119,IPCO,BIO,0.8,1.0,0.0
7,6120,IPCO,BIO,0.8,1.0,0.0
7,7116,IPCO,BIO,1.6,1.0,0.0
7,7117,IPCO,BIO,1.6,1.0,0.0
7,10116,IPCO,BIO,2.25,1.0,0.0
7,3400,IPCO,GEO,18.0,1.0,0.0
7,7941,IPCO,GEO,11.0,1.0,0.0
7,3407,IPCO,NG,40.0,1.0,0.0
7,7509,IPCO,NG,330.0,1.0,0.0
7,8599,IPCO,NG,4.16,1.0,0.0
7,13714,NEVP,GEO,20.0,1.0,0.0
7,13715,NEVP,GEO,60.0,1.0,0.0
7,13716,NEVP,GEO,10.1,1.0,0.0
7,13717,NEVP,GEO,19.2,1.0,0.0
7,13718,NEVP,GEO,11.8,1.0,0.0
7,13719,NEVP,GEO,11.8,1.0,0.0
7,13720,NEVP,GEO,11.8,1.0,0.0
7,13721,NEVP,GEO,11.8,1.0,0.0
7,13724,NEVP,GEO,8.0,1.0,0.0
7,13725,NEVP,GEO,8.0,1.0,0.0
7,13726,NEVP,GEO,8.0,1.0,0.0
7,13727,NEVP,GEO,18.9,1.0,0.0
7,13728,NEVP,GEO,11.3,1.0,0.0
7,13729,NEVP,GEO,11.3,1.0,0.0
7,13730,NEVP,GEO,11.3,1.0,0.0
7,13731,NEVP,GEO,11.3,1.0,0.0
7,13732,NEVP,GEO,11.25,1.0,0.0
7,13733,NEVP,GEO,11.25,1.0,0.0
7,13734,NEVP,GEO,25.0,1.0,0.0
7,13752,NEVP,GEO,15.0,1.0,0.0
7,13753,NEVP,GEO,15.0,1.0,0.0
7,13754,NEVP,GEO,15.0,1.0,0.0
7,13755,NEVP,GEO,15.0,1.0,0.0
7,13756,NEVP,GEO,26.5,1.0,0.0
7,13757,NEVP,GEO,10.0,1.0,0.0
7,13758,NEVP,GEO,10.0,1.0,0.0
7,13759,NEVP,GEO,10.0,1.0,0.0
7,13760,NEVP,GEO,16.5,1.0,0.0
7,13762,NEVP,GEO,25.0,1.0,0.0
7,13763,NEVP,GEO,16.0,1.0,0.0
7,13764,NEVP,GEO,16.0,1.0,0.0
7,13765,NEVP,GEO,21.3,1.0,0.0
7,13766,NEVP,GEO,21.3,1.0,0.0
7,13767,NEVP,GEO,21.3,1.0,0.0
7,13769,NEVP,GEO,20.0,1.0,0.0
7,13770,NEVP,GEO,20.0,1.0,0.0
7,13771,NEVP,GEO,12.0,1.0,0.0
7,13772,NEVP,GEO,11.8,1.0,0.0
7,13774,NEVP,GEO,20.0,1.0,0.0
7,13775,NEVP,GEO,20.0,1.0,0.0
7,13776,NEVP,GEO,12.0,1.0,0.0
7,13427,NEVP,NG,21.0,1.0,0.0
7,13428,NEVP,NG,250.0,1.0,0.0
7,13429,NEVP,NG,250.0,1.0,0.0
7,13430,NEVP,NG,142.5,1.0,0.0
7,13433,NEVP,NG,96.26,1.0,0.0
7,13434,NEVP,NG,111.26,1.0,0.0
7,13440,NEVP,NG,267.74,1.0,0.0
7,13441,NEVP,NG,735.0,1.0,0.0
7,13442,NEVP,NG,267.74,1.0,0.0
7,13443,NEVP,NG,258.56,1.0,0.0
7,13444,NEVP,NG,281.38,1.0,0.0
7,13445,NEVP,NG,281.38,1.0,0.0
7,13449,NEVP,NG,112.4,1.0,0.0
7,13450,NEVP,NG,112.4,1.0,0.0
7,13773,NEVP,NG,266.37,1.0,0.0
7,15914,NEVP,NG,403.0,1.0,0.0
7,15916,NEVP,NG,659.6,1.0,0.0
7,15966,NEVP,NG,258.56,1.0,0.0
7,15972,NEVP,NG,356.0,1.0,0.0
7,15996,NEVP,NG,26.374,1.0,0.0
7,16028,NEVP,NG,147.0,1.0,0.0
7,16029,NEVP,NG,147.0,1.0,0.0
7,16054,NEVP,NG,152.5,1.0,0.0
7,3617,PACE,GEO,26.099999999998182,1.0,0.0
7,3618,PACE,GEO,12.0,1.0,0.0
7,3612,PACE,NG,17.0,1.0,0.0
7,3613,PACE,NG,17.0,1.0,0.0
7,3614,PACE,NG,17.0,1.0,0.0
7,3639,PACE,NG,16.106,1.0,0.0
7,3640,PACE,NG,16.106,1.0,0.0
7,3641,PACE,NG,16.2,1.0,0.0
7,3718,PACE,NG,13.5,1.0,0.0
7,3719,PACE,NG,13.5,1.0,0.0
7,6466,PACE,NG,242.0,1.0,0.0
7,7491,PACE,NG,303.6,1.0,0.0
7,7494,PACE,NG,288.2,1.0,0.0
7,14694,PACE,NG,1.0,1.0,0.0
7,15930,PACE,NG,420.7,1.0,0.0
7,15987,PACE,NG,408.6,1.0,0.0
7,15988,PACE,NG,182.7,1.0,0.0
7,15989,PACE,NG,185.4,1.0,0.0
7,15990,PACE,NG,469.8,1.0,0.0
7,1889,PACW,BIO,2.25,1.0,0.0
7,7432,PACW,NG,540.0,1.0,0.0
7,9960,PACW,NG,279.56,1.0,0.0
7,9961,PACW,NG,279.56,1.0,0.0
7,15985,PACW,NG,178.5,1.0,0.0
7,15986,PACW,NG,323.0,1.0,0.0
7,2346,PGE,BIO,10.0,1.0,0.0
7,5829,PGE,NG,379.90390029999986,1.0,0.0
7,9847,PGE,NG,296.0,1.0,0.0
7,10103,PGE,NG,483.3,1.0,0.0
7,6353,PNM,BIO,0.16,1.0,0.0
7,6354,PNM,BIO,0.16,1.0,0.0
7,6355,PNM,BIO,0.16,1.0,0.0
7,6356,PNM,BIO,0.16,1.0,0.0
7,6357,PNM,BIO,0.16,1.0,0.0
7,6358,PNM,BIO,0.16,1.0,0.0
7,6359,PNM,BIO,0.16,1.0,0.0
7,6360,PNM,BIO,0.16,1.0,0.0
7,6483,PNM,BIO,1.35,1.0,0.0
7,7634,PNM,BIO,0.067,1.0,0.0
7,8319,PNM,BIO,0.9,1.0,0.0
7,8320,PNM,BIO,2.25,1.0,0.0
7,8517,PNM,BIO,0.16,1.0,0.0
7,8518,PNM,BIO,0.16,1.0,0.0
7,8519,PNM,BIO,0.16,1.0,0.0
7,8520,PNM,BIO,0.16,1.0,0.0
7,8521,PNM,BIO,0.16,1.0,0.0
7,8522,PNM,BIO,0.16,1.0,0.0
7,10202,PNM,BIO,7.999999999999545,1.0,0.0
7,11101,PNM,BIO,3.45,1.0,0.0
7,11102,PNM,BIO,3.45,1.0,0.0
7,13110,PNM,BIO,10.0,1.0,0.0
7,13265,PNM,GEO,4.0,1.0,0.0
7,6828,PNM,NG,3.42,1.0,0.0
7,11104,PNM,NG,3.42,1.0,0.0
7,11105,PNM,NG,3.42,1.0,0.0
7,11106,PNM,NG,3.42,1.0,0.0
7,13240,PNM,NG,256.69,1.0,0.0
7,13243,PNM,NG,287.93,1.0,0.0
7,13503,PNM,NG,13.44,1.0,0.0
7,16004,PNM,NG,497.26,1.0,0.0
7,13785,PSCO,NG,300.14,1.0,0.0
7,13807,PSCO,NG,314.97,1.0,0.0
7,13813,PSCO,NG,41.0,1.0,0.0
7,13816,PSCO,NG,52.0,1.0,0.0
7,13869,PSCO,NG,267.74,1.0,0.0
7,15920,PSCO,NG,155.0,1.0,0.0
7,15945,PSCO,NG,140.0,1.0,0.0
7,16046,PSCO,NG,122.5,1.0,0.0
7,6692,PSEI,NG,52.92,1.0,0.0
7,6749,PSEI,NG,253.43999999999954,1.0,0.0
7,7707,PSEI,NG,66.816,1.0,0.0
7,7855,PSEI,NG,182.0,1.0,0.0
7,13338,SRP,NG,276.27,1.0,0.0
7,13370,SRP,NG,156.0,1.0,0.0
7,13375,SRP,NG,324.23,1.0,0.0
7,15937,SRP,NG,180.0,1.0,0.0
7,16050,SRP,NG,157.5,1.0,0.0
7,14108,TIDC,NG,234.19,1.0,0.0
7,16068,TIDC,NG,87.5,1.0,0.0
7,10145,TPWR,BIO,26.0,1.0,0.0
7,13976,WACM,NG,238.76,1.0,0.0
7,13986,WACM,NG,49.55,1.0,0.0
7,15948,WACM,NG,400.4,1.0,0.0
7,15949,WACM,NG,153.9,1.0,0.0
7,13494,WALC,NG,250.69,1.0,0.0
7,13495,WALC,NG,336.0,1.0,0.0
7,15962,WALC,NG,478.3999999999997,1.0,0.0
7,16056,WALC,NG,275.0,1.0,0.0
7,16057,WALC,NG,275.0,1.0,0.0
7,1115,CISO,NG,267.0,1.0,0.0
7,1116,CISO,NG,266.0,1.0,0.0
7,1117,CISO,NG,266.0,1.0,0.0
7,1118,CISO,NG,267.0,1.0,0.0
7,1405,CISO,NG,3.105,1.0,0.0
7,1445,CISO,NG,56.2,1.0,0.0
7,1447,CISO,NG,21.384,1.0,0.0
7,1448,CISO,NG,21.384,1.0,0.0
7,1449,CISO,NG,21.384,1.0,0.0
7,9895,CISO,NG,83.24667,1.0,0.0
7,9896,CISO,NG,41.62333,1.0,0.0
7,10214,CISO,NG,625.0,1.0,0.0
7,15255,CISO,NG,322.0,1.0,0.0
7,15908,CISO,NG,493.63,1.0,0.0
7,15939,CISO,NG,247.29,1.0,0.0
7,15940,CISO,NG,247.29,1.0,0.0
7,15943,CISO,NG,275.85,1.0,0.0
7,15944,CISO,NG,275.85,1.0,0.0
7,15975,CISO,NG,283.3333,1.0,0.0
7,15978,CISO,NG,336.9,1.0,0.0
7,16018,CISO,NG,277.5,1.0,0.0
7,16019,CISO,NG,277.5,1.0,0.0
7,16020,CISO,NG,277.5,1.0,0.0
7,16021,CISO,NG,277.5,1.0,0.0
7,16030,CISO,NG,305.0,1.0,0.0
7,16031,CISO,NG,305.0,1.0,0.0
7,16032,CISO,NG,294.105,1.0,0.0
7,16033,CISO,NG,294.105,1.0,0.0
7,16034,CISO,NG,266.49,1.0,0.0
7,16035,CISO,NG,266.49,1.0,0.0
7,16058,CISO,NG,293.01,1.0,0.0
7,16059,CISO,NG,293.01,1.0,0.0
7,13304,SRP,NUCLEAR,1372.2,1.0,0.0
7,13305,SRP,NUCLEAR,1375.05,1.0,0.0
7,13306,SRP,NUCLEAR,1373.15,1.0,0.0
7,15322,AZPS,NG,87.0,1.0,0.0
7,15323,AZPS,NG,87.0,1.0,0.0
7,15324,AZPS,NG,87.0,1.0,0.0
7,15325,AZPS,NG,87.0,1.0,0.0
7,15326,AZPS,NG,87.0,1.0,0.0
7,15327,AZPS,NG,87.0,1.0,0.0
7,14088,BANC,NG,81.0,1.0,0.0
7,17031,LDWP,NG,5.0,1.0,0.0
7,13614,LDWP,NG,110.0,1.0,0.0
7,17212,LDWP,NG,398.0,1.0,0.0
7,17210,LDWP,NG,398.0,1.0,0.0
7,13284,TEPC,NG,550.0,1.0,0.0
7,13403,TEPC,NG,297.0,1.0,0.0
7,13404,TEPC,NG,297.0,1.0,0.0
7,13295,AZPS,COAL,818.1,1.0,0.0
7,3504,IPCO,COAL,307.0,1.0,0.0
7,3505,IPCO,COAL,307.0,1.0,0.0
7,3694,IPCO,COAL,50.0,1.0,0.0
7,3695,IPCO,COAL,25.0,1.0,0.0
7,3696,IPCO,COAL,25.0,1.0,0.0
7,3582,NEVP,COAL,268.0,1.0,0.0
7,3583,NEVP,COAL,254.0,1.0,0.0
7,3507,NWMT,COAL,740.0001,1.0,0.0
7,3506,NWMT,COAL,740.0,1.0,0.0
7,3497,NWMT,COAL,135.0,1.0,0.0
7,3510,NWMT,COAL,64.0,1.0,0.0
7,3391,PACE,COAL,584.0,1.0,0.0
7,3461,PACE,COAL,140.0,1.0,0.0
7,3463,PACE,COAL,531.0,1.0,0.0
7,3462,PACE,COAL,527.0,1.0,0.0
7,3656,PACE,COAL,517.5,1.0,0.0
7,3619,PACE,COAL,499.5,1.0,0.0
7,3655,PACE,COAL,498.0,1.0,0.0
7,3638,PACE,COAL,495.6,1.0,0.0
7,3637,PACE,COAL,488.3,1.0,0.0
7,3636,PACE,COAL,488.3,1.0,0.0
7,3698,PACE,COAL,362.1,1.0,0.0
7,3635,PACE,COAL,360.0,1.0,0.0
7,3634,PACE,COAL,229.5,1.0,0.0
7,11093,PACE,COAL,217.6,1.0,0.0
7,13294,PNM,COAL,271.0,1.0,0.0
7,13796,PSCO,COAL,552.28,1.0,0.0
7,13888,PSCO,COAL,467.261,1.0,0.0
7,14002,PSCO,COAL,428.0,1.0,0.0
7,14129,PSCO,COAL,249.2789999999938,1.0,0.0
7,13787,PSCO,COAL,220.27000000000618,1.0,0.0
7,13786,PSCO,COAL,325.0,1.0,0.0
7,13960,PSCO,COAL,49.65,1.0,0.0
7,13386,SRP,COAL,750.0,1.0,0.0
7,13387,SRP,COAL,750.0,1.0,0.0
7,13388,SRP,COAL,750.0,1.0,0.0
7,13385,SRP,COAL,170.0,1.0,0.0
7,13384,SRP,COAL,138.182,1.0,0.0
7,13389,TEPC,COAL,424.8,1.0,0.0
7,4029,WACM,COAL,621.0,1.0,0.0
7,4030,WACM,COAL,621.0,1.0,0.0
7,14004,WACM,COAL,448.0,1.0,0.0
7,14003,WACM,COAL,428.0,1.0,0.0
7,14001,WACM,COAL,405.0,1.0,0.0
7,14009,WACM,COAL,275.4,1.0,0.0
7,13958,WACM,COAL,207.0,1.0,0.0
7,14008,WACM,COAL,190.0,1.0,0.0
7,13962,WACM,COAL,141.031,1.0,0.0
7,13983,WACM,COAL,116.2,1.0,0.0
7,13982,WACM,COAL,95.0,1.0,0.0
7,13981,WACM,COAL,88.0,1.0,0.0
7,13961,WACM,COAL,83.19,1.0,0.0
7,13943,WACM,COAL,80.0,1.0,0.0
7,13422,WALC,COAL,49.359,1.0,0.0
8,3049,AESO,BIO,18.0,1.0,1.0
8,3243,AESO,BIO,22.335,1.0,0.0
8,3284,AESO,BIO,25.0,1.0,0.0
8,3292,AESO,BIO,11.6,1.0,0.0
8,3343,AESO,BIO,18.0,1.0,0.0
8,3384,AESO,BIO,41.0,1.0,0.0
8,3385,AESO,BIO,41.0,1.0,0.0
8,3386,AESO,BIO,17.0,1.0,0.0
8,3387,AESO,BIO,32.0,1.0,1.0
8,9565,AESO,BIO,20.0,1.0,0.0
8,9566,AESO,BIO,30.0,1.0,0.0
8,9592,AESO,BIO,48.0,1.0,0.0
8,13106,AESO,BIO,43.0,1.0,0.0
8,3218,AESO,NG,407.0,1.0,0.0
8,3219,AESO,NG,148.0,1.0,0.0
8,3220,AESO,NG,148.0,1.0,0.0
8,3221,AESO,NG,408.0,1.0,0.0
8,3222,AESO,NG,408.0,1.0,0.0
8,3238,AESO,NG,151.0,1.0,0.0
8,9198,AESO,NG,280.0,1.0,0.0
8,3017,AESO,NG,101.0,1.0,0.0
8,3041,AESO,NG,2.2,1.0,0.0
8,3042,AESO,NG,2.2,1.0,0.0
8,3043,AESO,NG,2.2,1.0,0.0
8,3044,AESO,NG,2.2,1.0,0.0
8,3047,AESO,NG,105.0,1.0,0.0
8,3072,AESO,NG,101.0,1.0,0.0
8,3096,AESO,NG,3.24,1.0,0.0
8,3126,AESO,NG,46.0,1.0,0.0
8,3139,AESO,NG,3.0,1.0,0.0
8,3190,AESO,NG,21.6,1.0,0.0
8,3217,AESO,NG,48.0,1.0,0.0
8,3232,AESO,NG,101.0,1.0,0.0
8,3235,AESO,NG,50.0,1.0,0.0
8,3242,AESO,NG,18.0,1.0,0.0
8,3244,AESO,NG,50.0,1.0,0.0
8,3245,AESO,NG,20.25,1.0,0.0
8,3249,AESO,NG,36.5,1.0,0.0
8,3250,AESO,NG,36.5,1.0,0.0
8,3254,AESO,NG,101.0,1.0,0.0
8,3259,AESO,NG,10.66,1.0,0.0
8,3261,AESO,NG,9.828,1.0,0.0
8,3262,AESO,NG,30.0,1.0,1.0
8,3263,AESO,NG,10.348,1.0,0.0
8,3264,AESO,NG,30.0,1.0,1.0
8,3357,AESO,NG,1.8,1.0,0.0
8,3358,AESO,NG,1.8,1.0,0.0
8,3359,AESO,NG,2.94,1.0,0.0
8,3370,AESO,NG,47.5,1.0,0.0
8,5241,AESO,NG,48.0,1.0,0.0
8,5274,AESO,NG,48.0,1.0,0.0
8,5302,AESO,NG,48.0,1.0,0.0
8,5802,AESO,NG,120.0,1.0,0.0
8,6087,AESO,NG,330.0,1.0,0.0
8,6150,AESO,NG,120.0,1.0,0.0
8,6611,AESO,NG,128.0,1.0,0.0
8,7724,AESO,NG,3.6,1.0,0.0
8,7725,AESO,NG,3.15,1.0,0.0
8,7727,AESO,NG,2.7,1.0,0.0
8,7851,AESO,NG,1.35,1.0,0.0
8,7852,AESO,NG,0.9,1.0,0.0
8,8055,AESO,NG,7.2,1.0,0.0
8,8417,AESO,NG,63.45,1.0,0.0
8,8781,AESO,NG,1.35,1.0,0.0
8,8782,AESO,NG,1.575,1.0,0.0
8,8783,AESO,NG,1.35,1.0,0.0
8,10169,AESO,NG,195.0,1.0,0.0
8,10179,AESO,NG,870.0,1.0,0.0
8,13123,AESO,NG,6.3,1.0,1.0
8,13124,AESO,NG,6.3,1.0,1.0
8,13127,AESO,NG,10.0,1.0,1.0
8,13133,AESO,NG,16.8,1.0,0.0
8,13136,AESO,NG,16.5,1.0,0.0
8,13137,AESO,NG,10.0,1.0,0.0
8,14586,AESO,NG,9.45,1.0,0.0
8,14605,AESO,NG,199.0,1.0,0.0
8,14624,AESO,NG,21.0,1.0,0.0
8,14625,AESO,NG,21.0,1.0,0.0
8,14644,AESO,NG,21.0,1.0,0.0
8,14662,AESO,NG,21.0,1.0,0.0
8,15481,AESO,NG,6.5,1.0,0.0
8,15482,AESO,NG,6.5,1.0,0.0
8,15483,AESO,NG,6.5,1.0,0.0
8,15484,AESO,NG,6.5,1.0,0.0
8,15485,AESO,NG,6.5,1.0,0.0
8,15659,AESO,NG,308.29052630999615,1.0,0.0
8,15660,AESO,NG,164.4,1.0,0.0
8,15661,AESO,NG,406.0,1.0,0.0
8,15662,AESO,NG,406.0,1.0,0.0
8,15663,AESO,NG,353.0,1.0,0.0
8,15667,AESO,NG,401.0,1.0,0.0
8,16052,AESO,NG,605.2,1.0,0.0
8,16053,AESO,NG,262.8,1.0,0.0
8,2167,AVA,BIO,50.7,1.0,1.0
8,2190,AVA,BIO,6.2,1.0,0.0
8,2200,AVA,BIO,26.0,1.0,0.0
8,2198,AVA,NG,83.3,1.0,1.0
8,2199,AVA,NG,83.3,1.0,1.0
8,8427,AVA,NG,301.49,1.0,0.0
8,9848,AVA,NG,287.0,1.0,0.0
8,14033,AZPS,BIO,28.0,1.0,0.0
8,16040,AZPS,NG,252.4,1.0,0.0
8,16041,AZPS,NG,252.4,1.0,0.0
8,16042,AZPS,NG,252.4,1.0,0.0
8,16043,AZPS,NG,252.4,1.0,0.0
8,16070,AZPS,NG,136.428,1.0,0.0
8,13687,BANC,BIO,3.4999999999998863,1.0,1.0
8,13688,BANC,BIO,3.5,1.0,1.0
8,13689,BANC,BIO,3.5,1.0,1.0
8,13690,BANC,BIO,3.5,1.0,1.0
8,13691,BANC,BIO,3.5,1.0,1.0
8,13708,BANC,NG,8.1,1.0,0.0
8,15928,BANC,NG,265.0,1.0,0.0
8,15929,BANC,NG,265.0,1.0,0.0
8,16060,BANC,NG,274.5,1.0,0.0
8,16061,BANC,NG,274.5,1.0,0.0
8,2516,BCHA,BIO,66.0,1.0,0.0
8,2581,BCHA,BIO,16.39,1.0,1.0
8,2634,BCHA,BIO,20.39,1.0,0.0
8,2644,BCHA,BIO,24.75,1.0,0.0
8,2645,BCHA,BIO,1.667,1.0,0.0
8,2646,BCHA,BIO,1.667,1.0,0.0
8,2647,BCHA,BIO,1.667,1.0,0.0
8,2648,BCHA,BIO,1.851,1.0,0.0
8,2691,BCHA,BIO,32.0,1.0,1.0
8,2744,BCHA,BIO,16.0,1.0,0.0
8,2745,BCHA,BIO,28.0,1.0,0.0
8,2746,BCHA,BIO,32.0,1.0,1.0
8,2766,BCHA,BIO,7.5,1.0,0.0
8,2990,BCHA,BIO,52.29,1.0,0.0
8,2991,BCHA,BIO,48.0,1.0,0.0
8,6066,BCHA,BIO,4.8,1.0,0.0
8,6104,BCHA,BIO,36.0,1.0,0.0
8,6121,BCHA,BIO,32.7,1.0,1.0
8,6122,BCHA,BIO,28.69,1.0,1.0
8,6155,BCHA,BIO,1.26,1.0,0.0
8,6833,BCHA,BIO,1.03,1.0,0.0
8,7014,BCHA,BIO,0.34,1.0,0.0
8,7068,BCHA,BIO,55.0,1.0,0.0
8,7171,BCHA,BIO,62.5,1.0,1.0
8,7172,BCHA,BIO,50.0,1.0,1.0
8,8349,BCHA,BIO,38.0,1.0,0.0
8,11890,BCHA,BIO,1.0,1.0,0.0
8,11891,BCHA,BIO,1.0,1.0,0.0
8,15470,BCHA,BIO,28.0,1.0,0.0
8,15471,BCHA,BIO,16.0,1.0,0.0
8,15664,BCHA,BIO,38.7,1.0,0.0
8,10736,BCHA,GEO,107.0,1.0,0.0
8,3040,AESO,NG,2.4,1.0,0.0
8,3247,AESO,NG,12.0,1.0,0.0
8,3248,AESO,NG,9.0,1.0,0.0
8,5051,BCHA,NG,290.0,1.0,0.0
8,6625,AESO,NG,11.25,1.0,0.0
8,6755,AESO,NG,101.0,1.0,0.0
8,7003,AESO,NG,27.9,1.0,0.0
8,7726,AESO,NG,1.845,1.0,0.0
8,8260,AESO,NG,20.7,1.0,0.0
8,8632,AESO,NG,2.475,1.0,0.0
8,9134,AESO,NG,9.0,1.0,0.0
8,9218,AESO,NG,75.0,1.0,1.0
8,9219,AESO,NG,189.2,1.0,0.0
8,11725,AESO,NG,1.0,1.0,0.0
8,11726,AESO,NG,1.0,1.0,0.0
8,11841,AESO,NG,1.0,1.0,0.0
8,11842,AESO,NG,1.0,1.0,0.0
8,11914,AESO,NG,1.0,1.0,0.0
8,11915,AESO,NG,1.0,1.0,0.0
8,11916,AESO,NG,1.0,1.0,0.0
8,13122,AESO,NG,6.5,1.0,1.0
8,13128,AESO,NG,15.0,1.0,0.0
8,13129,AESO,NG,15.0,1.0,0.0
8,13134,AESO,NG,1.6,1.0,0.0
8,13135,AESO,NG,1.6,1.0,0.0
8,14834,AESO,NG,22.622,1.0,0.0
8,15656,AESO,NG,408.0,1.0,0.0
8,15657,AESO,NG,418.5,1.0,0.0
8,15658,AESO,NG,430.0,1.0,0.0
8,15674,AESO,NG,10.0,1.0,0.0
8,15675,AESO,NG,1.0,1.0,0.0
8,15676,AESO,NG,1.0,1.0,0.0
8,15677,AESO,NG,3.0,1.0,0.0
8,1972,BPAT,BIO,40.0,1.0,1.0
8,2051,BPAT,BIO,18.0,1.0,0.0
8,2076,BPAT,BIO,14.7,1.0,0.0
8,2077,BPAT,BIO,20.0,1.0,0.0
8,2078,BPAT,BIO,25.0,1.0,0.0
8,2079,BPAT,BIO,12.25,1.0,0.0
8,6343,BPAT,BIO,0.8,1.0,0.0
8,6344,BPAT,BIO,0.8,1.0,0.0
8,6345,BPAT,BIO,1.5,1.0,0.0
8,6346,BPAT,BIO,1.5,1.0,0.0
8,9593,BPAT,BIO,5.0,1.0,0.0
8,9595,BPAT,BIO,31.28,1.0,0.0
8,13116,BPAT,BIO,12.5,1.0,0.0
8,14182,BPAT,BIO,17.2,1.0,1.0
8,14186,BPAT,BIO,37.2,1.0,1.0
8,14572,BPAT,BIO,36.0,1.0,0.0
8,2063,BPAT,NG,265.0,1.0,0.0
8,6835,BPAT,NG,269.2,1.0,0.0
8,14571,BPAT,NG,9.9,1.0,0.0
8,2491,BPAT,NUCLEAR,1186.0,1.0,0.0
8,437,CENACE,GEO,25.0,1.0,0.0
8,438,CENACE,GEO,25.0,1.0,0.0
8,439,CENACE,GEO,25.0,1.0,0.0
8,440,CENACE,GEO,25.0,1.0,0.0
8,441,CENACE,GEO,30.0,1.0,0.0
8,446,CENACE,GEO,110.0,1.0,0.0
8,447,CENACE,GEO,110.0,1.0,0.0
8,448,CENACE,GEO,110.0,1.0,0.0
8,457,CENACE,GEO,110.0,1.0,0.0
8,8227,CENACE,NG,277.0,1.0,0.0
8,14839,CENACE,NG,248.0,1.0,0.0
8,15254,CENACE,NG,793.0,1.0,0.0
8,15341,CENACE,NG,1.0,1.0,0.0
8,15991,CENACE,NG,165.0,1.0,0.0
8,15992,CENACE,NG,165.0,1.0,0.0
8,15993,CENACE,NG,405.0,1.0,0.0
8,548,CISO,BIO,2.999999999996362,1.0,0.0
8,549,CISO,BIO,0.95,1.0,0.0
8,550,CISO,BIO,5.0,1.0,0.0
8,551,CISO,BIO,3.0,1.0,0.0
8,555,CISO,BIO,2.9,1.0,0.0
8,570,CISO,BIO,1.88,1.0,0.0
8,572,CISO,BIO,1.88,1.0,0.0
8,629,CISO,BIO,47.0,1.0,0.0
8,633,CISO,BIO,34.0,1.0,0.0
8,795,CISO,BIO,24.5,1.0,0.0
8,836,CISO,BIO,1.3,1.0,0.0
8,1008,CISO,BIO,1.88,1.0,0.0
8,1156,CISO,BIO,10.5,1.0,0.0
8,1168,CISO,BIO,10.8,1.0,0.0
8,1178,CISO,BIO,28.5,1.0,0.0
8,1187,CISO,BIO,24.48,1.0,0.0
8,1188,CISO,BIO,6.6,1.0,0.0
8,1297,CISO,BIO,30.5,1.0,0.0
8,1300,CISO,BIO,12.0,1.0,0.0
8,1331,CISO,BIO,57.43,1.0,0.0
8,1392,CISO,BIO,24.2,1.0,0.0
8,1398,CISO,BIO,2.57,1.0,0.0
8,1399,CISO,BIO,2.57,1.0,0.0
8,1400,CISO,BIO,2.57,1.0,0.0
8,1401,CISO,BIO,2.57,1.0,0.0
8,1402,CISO,BIO,2.57,1.0,0.0
8,1403,CISO,BIO,2.57,1.0,0.0
8,1404,CISO,BIO,2.57,1.0,0.0
8,1413,CISO,BIO,10.0,1.0,0.0
8,1589,CISO,BIO,8.6,1.0,0.0
8,1590,CISO,BIO,5.7,1.0,0.0
8,1634,CISO,BIO,13.8,1.0,0.0
8,1635,CISO,BIO,12.5,1.0,0.0
8,1636,CISO,BIO,12.5,1.0,0.0
8,1637,CISO,BIO,12.5,1.0,0.0
8,1768,CISO,BIO,22.0,1.0,0.0
8,1774,CISO,BIO,13.1,1.0,0.0
8,1793,CISO,BIO,29.07,1.0,0.0
8,1794,CISO,BIO,25.5,1.0,0.0
8,1838,CISO,BIO,17.2,1.0,0.0
8,1839,CISO,BIO,8.64,1.0,0.0
8,5728,CISO,BIO,1.25,1.0,0.0
8,5729,CISO,BIO,1.25,1.0,0.0
8,5809,CISO,BIO,3.0,1.0,0.0
8,5865,CISO,BIO,0.75,1.0,0.0
8,5866,CISO,BIO,0.75,1.0,0.0
8,5872,CISO,BIO,14.4,1.0,0.0
8,5899,CISO,BIO,4.0,1.0,0.0
8,5900,CISO,BIO,3.7,1.0,0.0
8,5901,CISO,BIO,0.3,1.0,0.0
8,5999,CISO,BIO,37.828,1.0,0.0
8,6045,CISO,BIO,9.8,1.0,0.0
8,6069,CISO,BIO,4.6,1.0,0.0
8,6070,CISO,BIO,4.6,1.0,0.0
8,6071,CISO,BIO,4.6,1.0,0.0
8,6116,CISO,BIO,1.1,1.0,0.0
8,6117,CISO,BIO,1.1,1.0,0.0
8,6349,CISO,BIO,1.5,1.0,0.0
8,6352,CISO,BIO,1.2,1.0,0.0
8,6492,CISO,BIO,24.5,1.0,0.0
8,6601,CISO,BIO,1.5,1.0,0.0
8,6602,CISO,BIO,1.5,1.0,0.0
8,6603,CISO,BIO,1.5,1.0,0.0
8,6651,CISO,BIO,1.35,1.0,0.0
8,6652,CISO,BIO,1.35,1.0,0.0
8,6653,CISO,BIO,1.35,1.0,0.0
8,6710,CISO,BIO,20.0,1.0,0.0
8,6756,CISO,BIO,0.7,1.0,0.0
8,7146,CISO,BIO,0.2,1.0,0.0
8,7147,CISO,BIO,0.2,1.0,0.0
8,7373,CISO,BIO,4.4,1.0,0.0
8,7374,CISO,BIO,3.0,1.0,0.0
8,7388,CISO,BIO,27.15,1.0,0.0
8,7556,CISO,BIO,0.8,1.0,0.0
8,7557,CISO,BIO,0.8,1.0,0.0
8,7558,CISO,BIO,0.8,1.0,0.0
8,7559,CISO,BIO,0.8,1.0,0.0
8,7560,CISO,BIO,0.8,1.0,0.0
8,7561,CISO,BIO,0.8,1.0,0.0
8,7780,CISO,BIO,2.9,1.0,0.0
8,7816,CISO,BIO,1.3,1.0,0.0
8,7840,CISO,BIO,1.25,1.0,0.0
8,7841,CISO,BIO,1.25,1.0,0.0
8,7860,CISO,BIO,3.0,1.0,0.0
8,7861,CISO,BIO,3.0,1.0,0.0
8,7862,CISO,BIO,1.6,1.0,0.0
8,7868,CISO,BIO,1.95,1.0,0.0
8,7869,CISO,BIO,4.9,1.0,0.0
8,8080,CISO,BIO,7.14,1.0,0.0
8,8084,CISO,BIO,1.88,1.0,0.0
8,8085,CISO,BIO,1.88,1.0,0.0
8,8162,CISO,BIO,1.6,1.0,0.0
8,8163,CISO,BIO,2.7,1.0,0.0
8,8311,CISO,BIO,0.46,1.0,0.0
8,8312,CISO,BIO,2.29,1.0,0.0
8,8313,CISO,BIO,2.2,1.0,0.0
8,8371,CISO,BIO,3.0,1.0,0.0
8,8403,CISO,BIO,2.8,1.0,0.0
8,8404,CISO,BIO,3.3,1.0,0.0
8,8405,CISO,BIO,3.3,1.0,0.0
8,8406,CISO,BIO,3.3,1.0,0.0
8,8434,CISO,BIO,1.2,1.0,0.0
8,8682,CISO,BIO,3.0,1.0,0.0
8,8685,CISO,BIO,11.16,1.0,0.0
8,8811,CISO,BIO,1.3,1.0,0.0
8,8812,CISO,BIO,1.3,1.0,0.0
8,9227,CISO,BIO,3.0,1.0,0.0
8,9228,CISO,BIO,1.2,1.0,0.0
8,9229,CISO,BIO,1.2,1.0,0.0
8,9242,CISO,BIO,3.05,1.0,0.0
8,9322,CISO,BIO,2.8,1.0,0.0
8,9337,CISO,BIO,1.8,1.0,0.0
8,9338,CISO,BIO,1.8,1.0,0.0
8,9399,CISO,BIO,1.2,1.0,0.0
8,9723,CISO,BIO,0.5,1.0,0.0
8,10025,CISO,BIO,1.6,1.0,0.0
8,10026,CISO,BIO,1.0,1.0,0.0
8,10027,CISO,BIO,1.0,1.0,0.0
8,10028,CISO,BIO,1.4,1.0,0.0
8,10227,CISO,BIO,35.2,1.0,0.0
8,11103,CISO,BIO,28.24,1.0,0.0
8,11120,CISO,BIO,50.0,1.0,0.0
8,11138,CISO,BIO,5.0,1.0,0.0
8,12396,CISO,BIO,1.0,1.0,0.0
8,12397,CISO,BIO,0.4,1.0,0.0
8,12837,CISO,BIO,1.5,1.0,0.0
8,13104,CISO,BIO,50.0,1.0,0.0
8,13107,CISO,BIO,30.0,1.0,0.0
8,14499,CISO,BIO,26.5,1.0,0.0
8,14833,CISO,BIO,18.13,1.0,0.0
8,14884,CISO,BIO,1.2,1.0,0.0
8,14896,CISO,BIO,5.0,1.0,0.0
8,15377,CISO,BIO,12.0,1.0,0.0
8,15432,CISO,BIO,32.0,1.0,0.0
8,15783,CISO,BIO,4.7,1.0,0.0
8,15794,CISO,BIO,28.5,1.0,0.0
8,15797,CISO,BIO,24.0,1.0,0.0
8,15798,CISO,BIO,24.0,1.0,0.0
8,442,CISO,GEO,35.7,1.0,0.0
8,443,CISO,GEO,35.7,1.0,0.0
8,444,CISO,GEO,35.7,1.0,0.0
8,445,CISO,GEO,35.7,1.0,0.0
8,656,CISO,GEO,26.66667,1.0,0.0
8,657,CISO,GEO,26.66667,1.0,0.0
8,658,CISO,GEO,26.66667,1.0,0.0
8,663,CISO,GEO,16.0,1.0,0.0
8,664,CISO,GEO,16.0,1.0,0.0
8,665,CISO,GEO,16.0,1.0,0.0
8,1005,CISO,GEO,30.0,1.0,0.0
8,1006,CISO,GEO,30.0,1.0,0.0
8,1007,CISO,GEO,30.0,1.0,0.0
8,1265,CISO,GEO,1.5,1.0,0.0
8,1266,CISO,GEO,1.5,1.0,0.0
8,1597,CISO,GEO,11.0,1.0,0.0
8,1598,CISO,GEO,11.0,1.0,0.0
8,1602,CISO,GEO,47.0,1.0,0.0
8,1603,CISO,GEO,50.0,1.0,0.0
8,1604,CISO,GEO,72.0,1.0,0.0
8,1605,CISO,GEO,75.5,1.0,0.0
8,1606,CISO,GEO,27.5,1.0,0.0
8,1607,CISO,GEO,63.0,1.0,0.0
8,1608,CISO,GEO,70.0,1.0,0.0
8,1609,CISO,GEO,73.0,1.0,0.0
8,1610,CISO,GEO,57.0,1.0,0.0
8,1611,CISO,GEO,86.8,1.0,0.0
8,1612,CISO,GEO,47.9,1.0,0.0
8,1613,CISO,GEO,47.9,1.0,0.0
8,1614,CISO,GEO,49.215,1.0,0.0
8,1615,CISO,GEO,49.215,1.0,0.0
8,1616,CISO,GEO,12.5,1.0,0.0
8,1617,CISO,GEO,12.5,1.0,0.0
8,1618,CISO,GEO,6.5,1.0,0.0
8,1619,CISO,GEO,6.5,1.0,0.0
8,1620,CISO,GEO,36.0,1.0,0.0
8,1621,CISO,GEO,36.0,1.0,0.0
8,7684,CISO,GEO,20.0,1.0,0.0
8,7942,CISO,GEO,11.0,1.0,0.0
8,7943,CISO,GEO,11.0,1.0,0.0
8,8300,CISO,GEO,5.0,1.0,0.0
8,8301,CISO,GEO,5.0,1.0,0.0
8,8302,CISO,GEO,5.0,1.0,0.0
8,11122,CISO,GEO,78.0,1.0,0.0
8,13026,CISO,GEO,14.0,1.0,0.0
8,13102,CISO,GEO,51.9,1.0,0.0
8,13103,CISO,GEO,51.9,1.0,0.0
8,13105,CISO,GEO,59.0,1.0,0.0
8,14055,CISO,GEO,38.85,1.0,0.0
8,14056,CISO,GEO,50.0,1.0,0.0
8,14057,CISO,GEO,42.42,1.0,0.0
8,14058,CISO,GEO,52.73,1.0,0.0
8,14848,CISO,GEO,30.0,1.0,0.0
8,14923,CISO,GEO,38.0,1.0,0.0
8,15381,CISO,GEO,20.0,1.0,0.0
8,1248,CISO,NUCLEAR,1150.0,1.0,0.0
8,1249,CISO,NUCLEAR,1150.0,1.0,0.0
8,13507,IID,BIO,26.999999999999886,1.0,0.0
8,13561,IID,BIO,21.0,1.0,0.0
8,13509,IID,GEO,53.0,1.0,0.0
8,13510,IID,GEO,8.75,1.0,0.0
8,13511,IID,GEO,4.37,1.0,0.0
8,13516,IID,GEO,34.39,1.0,0.0
8,13517,IID,GEO,34.39,1.0,0.0
8,13519,IID,GEO,34.39,1.0,0.0
8,13520,IID,GEO,29.0,1.0,0.0
8,13521,IID,GEO,9.19,1.0,0.0
8,13522,IID,GEO,10.5,1.0,0.0
8,13523,IID,GEO,49.0,1.0,0.0
8,13524,IID,GEO,50.0,1.0,0.0
8,13543,IID,GEO,33.0,1.0,0.0
8,13544,IID,GEO,16.0,1.0,0.0
8,13554,IID,GEO,49.89,1.0,0.0
8,13555,IID,GEO,4.79,1.0,0.0
8,13556,IID,GEO,4.5,1.0,0.0
8,13557,IID,GEO,11.1,1.0,0.0
8,13558,IID,GEO,11.0,1.0,0.0
8,13559,IID,GEO,50.0,1.0,0.0
8,13562,IID,GEO,21.6,1.0,0.0
8,13563,IID,GEO,8.0,1.0,0.0
8,13564,IID,GEO,22.0,1.0,0.0
8,13570,IID,GEO,24.0,1.0,0.0
8,13571,IID,GEO,15.0,1.0,0.0
8,13572,IID,GEO,18.5,1.0,0.0
8,13573,IID,GEO,7.0,1.0,0.0
8,13574,IID,GEO,8.45,1.0,0.0
8,13578,IID,GEO,16.0,1.0,0.0
8,13579,IID,GEO,16.0,1.0,0.0
8,13580,IID,GEO,16.0,1.0,0.0
8,13581,IID,GEO,16.0,1.0,0.0
8,13582,IID,GEO,16.0,1.0,0.0
8,13583,IID,GEO,16.0,1.0,0.0
8,13584,IID,GEO,16.0,1.0,0.0
8,3434,IPCO,BIO,5.0,1.0,0.0
8,6118,IPCO,BIO,0.8,1.0,0.0
8,6119,IPCO,BIO,0.8,1.0,0.0
8,6120,IPCO,BIO,0.8,1.0,0.0
8,7116,IPCO,BIO,1.6,1.0,0.0
8,7117,IPCO,BIO,1.6,1.0,0.0
8,8549,IPCO,BIO,2.0,1.0,1.0
8,8550,IPCO,BIO,2.0,1.0,1.0
8,10116,IPCO,BIO,7.5,1.0,0.0
8,3400,IPCO,GEO,18.0,1.0,0.0
8,7941,IPCO,GEO,11.0,1.0,0.0
8,3407,IPCO,NG,170.9,1.0,0.0
8,7185,IPCO,NG,2.0,1.0,1.0
8,7188,IPCO,NG,2.0,1.0,1.0
8,7189,IPCO,NG,2.0,1.0,1.0
8,7509,IPCO,NG,330.0,1.0,0.0
8,8599,IPCO,NG,4.16,1.0,0.0
8,13714,NEVP,GEO,20.0,1.0,0.0
8,13715,NEVP,GEO,60.0,1.0,0.0
8,13716,NEVP,GEO,10.1,1.0,0.0
8,13717,NEVP,GEO,19.2,1.0,0.0
8,13718,NEVP,GEO,11.8,1.0,0.0
8,13719,NEVP,GEO,11.8,1.0,0.0
8,13720,NEVP,GEO,11.8,1.0,0.0
8,13721,NEVP,GEO,11.8,1.0,0.0
8,13724,NEVP,GEO,8.0,1.0,0.0
8,13725,NEVP,GEO,8.0,1.0,0.0
8,13726,NEVP,GEO,8.0,1.0,0.0
8,13727,NEVP,GEO,18.9,1.0,0.0
8,13728,NEVP,GEO,11.3,1.0,0.0
8,13729,NEVP,GEO,11.3,1.0,0.0
8,13730,NEVP,GEO,11.3,1.0,0.0
8,13731,NEVP,GEO,11.3,1.0,0.0
8,13732,NEVP,GEO,11.25,1.0,0.0
8,13733,NEVP,GEO,11.25,1.0,0.0
8,13734,NEVP,GEO,25.0,1.0,0.0
8,13752,NEVP,GEO,15.0,1.0,0.0
8,13753,NEVP,GEO,15.0,1.0,0.0
8,13754,NEVP,GEO,15.0,1.0,0.0
8,13755,NEVP,GEO,15.0,1.0,0.0
8,13756,NEVP,GEO,26.5,1.0,0.0
8,13757,NEVP,GEO,10.0,1.0,0.0
8,13758,NEVP,GEO,10.0,1.0,0.0
8,13759,NEVP,GEO,10.0,1.0,0.0
8,13760,NEVP,GEO,16.5,1.0,0.0
8,13762,NEVP,GEO,25.0,1.0,0.0
8,13763,NEVP,GEO,16.0,1.0,0.0
8,13764,NEVP,GEO,16.0,1.0,0.0
8,13765,NEVP,GEO,21.3,1.0,0.0
8,13766,NEVP,GEO,21.3,1.0,0.0
8,13767,NEVP,GEO,21.3,1.0,0.0
8,13769,NEVP,GEO,20.0,1.0,0.0
8,13770,NEVP,GEO,20.0,1.0,0.0
8,13771,NEVP,GEO,12.0,1.0,0.0
8,13772,NEVP,GEO,11.8,1.0,0.0
8,13774,NEVP,GEO,20.0,1.0,0.0
8,13775,NEVP,GEO,20.0,1.0,0.0
8,13776,NEVP,GEO,12.0,1.0,0.0
8,13427,NEVP,NG,21.0,1.0,0.0
8,13428,NEVP,NG,250.0,1.0,0.0
8,13429,NEVP,NG,137.5,1.0,0.0
8,13430,NEVP,NG,142.5,1.0,0.0
8,13433,NEVP,NG,96.26,1.0,0.0
8,13434,NEVP,NG,111.26,1.0,0.0
8,13440,NEVP,NG,267.74,1.0,0.0
8,13441,NEVP,NG,147.0,1.0,0.0
8,13442,NEVP,NG,267.74,1.0,0.0
8,13443,NEVP,NG,258.56,1.0,0.0
8,13444,NEVP,NG,281.38,1.0,0.0
8,13445,NEVP,NG,281.38,1.0,0.0
8,13449,NEVP,NG,112.4,1.0,0.0
8,13450,NEVP,NG,112.4,1.0,0.0
8,13773,NEVP,NG,266.37,1.0,0.0
8,15914,NEVP,NG,403.0,1.0,0.0
8,15916,NEVP,NG,659.6,1.0,0.0
8,15966,NEVP,NG,258.56,1.0,0.0
8,15972,NEVP,NG,356.0,1.0,0.0
8,15996,NEVP,NG,26.374,1.0,0.0
8,16028,NEVP,NG,147.0,1.0,0.0
8,16029,NEVP,NG,147.0,1.0,0.0
8,16054,NEVP,NG,152.5,1.0,0.0
8,3522,NWMT,NG,6.0,1.0,1.0
8,3523,NWMT,NG,6.0,1.0,1.0
8,3524,NWMT,NG,6.0,1.0,1.0
8,3525,NWMT,NG,6.0,1.0,1.0
8,3526,NWMT,NG,6.0,1.0,1.0
8,3527,NWMT,NG,6.0,1.0,1.0
8,3528,NWMT,NG,6.0,1.0,1.0
8,3529,NWMT,NG,6.0,1.0,1.0
8,3530,NWMT,NG,6.0,1.0,1.0
8,3617,PACE,GEO,26.099999999998182,1.0,0.0
8,3618,PACE,GEO,12.0,1.0,0.0
8,3612,PACE,NG,17.0,1.0,0.0
8,3613,PACE,NG,17.0,1.0,0.0
8,3614,PACE,NG,17.0,1.0,0.0
8,3639,PACE,NG,16.106,1.0,0.0
8,3640,PACE,NG,16.106,1.0,0.0
8,3641,PACE,NG,16.2,1.0,0.0
8,3718,PACE,NG,13.5,1.0,0.0
8,3719,PACE,NG,13.5,1.0,0.0
8,6466,PACE,NG,242.0,1.0,0.0
8,7491,PACE,NG,303.6,1.0,0.0
8,7494,PACE,NG,288.2,1.0,0.0
8,14694,PACE,NG,1.0,1.0,0.0
8,15930,PACE,NG,420.7,1.0,0.0
8,15987,PACE,NG,408.6,1.0,0.0
8,15988,PACE,NG,182.7,1.0,0.0
8,15989,PACE,NG,185.4,1.0,0.0
8,15990,PACE,NG,469.8,1.0,0.0
8,1889,PACW,BIO,7.5,1.0,0.0
8,8587,PACW,BIO,3.0,1.0,1.0
8,7432,PACW,NG,540.0,1.0,0.0
8,9960,PACW,NG,279.56,1.0,0.0
8,9961,PACW,NG,279.56,1.0,0.0
8,15985,PACW,NG,178.5,1.0,0.0
8,15986,PACW,NG,323.0,1.0,0.0
8,2346,PGE,BIO,10.0,1.0,0.0
8,5829,PGE,NG,476.698,1.0,0.0
8,9847,PGE,NG,296.0,1.0,0.0
8,10103,PGE,NG,483.3,1.0,0.0
8,6353,PNM,BIO,0.16,1.0,0.0
8,6354,PNM,BIO,0.16,1.0,0.0
8,6355,PNM,BIO,0.16,1.0,0.0
8,6356,PNM,BIO,0.16,1.0,0.0
8,6357,PNM,BIO,0.16,1.0,0.0
8,6358,PNM,BIO,0.16,1.0,0.0
8,6359,PNM,BIO,0.16,1.0,0.0
8,6360,PNM,BIO,0.16,1.0,0.0
8,6483,PNM,BIO,1.35,1.0,0.0
8,7634,PNM,BIO,0.067,1.0,0.0
8,8319,PNM,BIO,0.9,1.0,0.0
8,8320,PNM,BIO,2.25,1.0,0.0
8,8517,PNM,BIO,0.16,1.0,0.0
8,8518,PNM,BIO,0.16,1.0,0.0
8,8519,PNM,BIO,0.16,1.0,0.0
8,8520,PNM,BIO,0.16,1.0,0.0
8,8521,PNM,BIO,0.16,1.0,0.0
8,8522,PNM,BIO,0.16,1.0,0.0
8,10202,PNM,BIO,8.0,1.0,0.0
8,11101,PNM,BIO,3.45,1.0,0.0
8,11102,PNM,BIO,3.45,1.0,0.0
8,13110,PNM,BIO,10.0,1.0,0.0
8,13265,PNM,GEO,4.0,1.0,0.0
8,6828,PNM,NG,3.42,1.0,0.0
8,11104,PNM,NG,3.42,1.0,0.0
8,11105,PNM,NG,3.42,1.0,0.0
8,11106,PNM,NG,3.42,1.0,0.0
8,13240,PNM,NG,256.69,1.0,0.0
8,13243,PNM,NG,287.93,1.0,0.0
8,13503,PNM,NG,13.44,1.0,0.0
8,16004,PNM,NG,497.26,1.0,0.0
8,13785,PSCO,NG,300.14,1.0,0.0
8,13807,PSCO,NG,314.97,1.0,0.0
8,13813,PSCO,NG,41.0,1.0,0.0
8,13816,PSCO,NG,52.0,1.0,0.0
8,13869,PSCO,NG,267.74,1.0,0.0
8,15920,PSCO,NG,155.0,1.0,0.0
8,15945,PSCO,NG,140.0,1.0,0.0
8,16046,PSCO,NG,122.5,1.0,0.0
8,2398,PSEI,BIO,28.3,1.0,1.0
8,6692,PSEI,NG,193.8,1.0,0.0
8,6749,PSEI,NG,253.44,1.0,0.0
8,7707,PSEI,NG,167.04,1.0,0.0
8,7855,PSEI,NG,319.9,1.0,0.0
8,13338,SRP,NG,276.27,1.0,0.0
8,13370,SRP,NG,156.0,1.0,0.0
8,13375,SRP,NG,324.23,1.0,0.0
8,15937,SRP,NG,180.0,1.0,0.0
8,16050,SRP,NG,157.5,1.0,0.0
8,14108,TIDC,NG,261.21,1.0,0.0
8,16068,TIDC,NG,87.5,1.0,0.0
8,1990,TPWR,BIO,19.2,1.0,1.0
8,10145,TPWR,BIO,26.0,1.0,0.0
8,13976,WACM,NG,238.76,1.0,0.0
8,13986,WACM,NG,49.55,1.0,0.0
8,15948,WACM,NG,400.4,1.0,0.0
8,15949,WACM,NG,153.9,1.0,0.0
8,13494,WALC,NG,250.69,1.0,0.0
8,13495,WALC,NG,336.0,1.0,0.0
8,15962,WALC,NG,478.4,1.0,0.0
8,16056,WALC,NG,275.0,1.0,0.0
8,16057,WALC,NG,275.0,1.0,0.0
8,1115,CISO,NG,267.0,1.0,0.0
8,1116,CISO,NG,266.0,1.0,0.0
8,1117,CISO,NG,266.0,1.0,0.0
8,1118,CISO,NG,267.0,1.0,0.0
8,1405,CISO,NG,3.105,1.0,0.0
8,1445,CISO,NG,56.2,1.0,0.0
8,1447,CISO,NG,21.384,1.0,0.0
8,1448,CISO,NG,21.384,1.0,0.0
8,1449,CISO,NG,21.384,1.0,0.0
8,9895,CISO,NG,83.24667,1.0,0.0
8,9896,CISO,NG,41.62333,1.0,0.0
8,10214,CISO,NG,625.0,1.0,0.0
8,15255,CISO,NG,322.0,1.0,0.0
8,15908,CISO,NG,493.63,1.0,0.0
8,15939,CISO,NG,247.29,1.0,0.0
8,15940,CISO,NG,247.29,1.0,0.0
8,15943,CISO,NG,275.85,1.0,0.0
8,15944,CISO,NG,275.85,1.0,0.0
8,15975,CISO,NG,283.3333,1.0,0.0
8,15978,CISO,NG,336.9,1.0,0.0
8,16013,CISO,NG,146.658,1.0,1.0
8,16018,CISO,NG,277.5,1.0,0.0
8,16019,CISO,NG,277.5,1.0,0.0
8,16020,CISO,NG,277.5,1.0,0.0
8,16021,CISO,NG,277.5,1.0,0.0
8,16030,CISO,NG,305.0,1.0,0.0
8,16031,CISO,NG,305.0,1.0,0.0
8,16032,CISO,NG,294.105,1.0,0.0
8,16033,CISO,NG,294.105,1.0,0.0
8,16034,CISO,NG,266.49,1.0,0.0
8,16035,CISO,NG,266.49,1.0,0.0
8,16058,CISO,NG,293.01,1.0,0.0
8,16059,CISO,NG,293.01,1.0,0.0
8,13304,SRP,NUCLEAR,1372.2,1.0,0.0
8,13305,SRP,NUCLEAR,1375.05,1.0,0.0
8,13306,SRP,NUCLEAR,1373.15,1.0,0.0
8,15322,AZPS,NG,87.0,1.0,0.0
8,15323,AZPS,NG,87.0,1.0,0.0
8,15324,AZPS,NG,87.0,1.0,0.0
8,15325,AZPS,NG,87.0,1.0,0.0
8,15326,AZPS,NG,87.0,1.0,0.0
8,15327,AZPS,NG,87.0,1.0,0.0
8,14088,BANC,NG,81.0,1.0,0.0
8,17031,LDWP,NG,5.0,1.0,0.0
8,13614,LDWP,NG,110.0,1.0,0.0
8,17212,LDWP,NG,397.99999999999955,1.0,0.0
8,17210,LDWP,NG,398.0,1.0,0.0
8,13284,TEPC,NG,550.0,1.0,0.0
8,13403,TEPC,NG,297.0,1.0,0.0
8,13404,TEPC,NG,297.0,1.0,0.0
8,13295,AZPS,COAL,818.1,1.0,0.0
8,3504,IPCO,COAL,307.0,1.0,0.0
8,3505,IPCO,COAL,307.0,1.0,0.0
8,3694,IPCO,COAL,50.0,1.0,0.0
8,3695,IPCO,COAL,25.0,1.0,0.0
8,3696,IPCO,COAL,25.0,1.0,0.0
8,3582,NEVP,COAL,268.0,1.0,0.0
8,3583,NEVP,COAL,254.0,1.0,0.0
8,3507,NWMT,COAL,740.0001,1.0,0.0
8,3506,NWMT,COAL,740.0,1.0,0.0
8,3497,NWMT,COAL,135.0,1.0,0.0
8,3510,NWMT,COAL,64.0,1.0,0.0
8,3391,PACE,COAL,584.0,1.0,0.0
8,3461,PACE,COAL,140.0,1.0,0.0
8,3463,PACE,COAL,531.0,1.0,0.0
8,3462,PACE,COAL,527.0,1.0,0.0
8,3656,PACE,COAL,517.5,1.0,0.0
8,3619,PACE,COAL,499.5,1.0,0.0
8,3655,PACE,COAL,498.0,1.0,0.0
8,3638,PACE,COAL,495.6,1.0,0.0
8,3637,PACE,COAL,488.3,1.0,0.0
8,3636,PACE,COAL,488.3,1.0,0.0
8,3698,PACE,COAL,362.1,1.0,0.0
8,3635,PACE,COAL,360.0,1.0,0.0
8,3634,PACE,COAL,229.5,1.0,0.0
8,11093,PACE,COAL,217.6,1.0,0.0
8,13294,PNM,COAL,271.0,1.0,0.0
8,13796,PSCO,COAL,552.28,1.0,0.0
8,13888,PSCO,COAL,467.261,1.0,0.0
8,14002,PSCO,COAL,428.0,1.0,0.0
8,14129,PSCO,COAL,380.8,1.0,0.0
8,13787,PSCO,COAL,335.0,1.0,0.0
8,13786,PSCO,COAL,325.0,1.0,0.0
8,13960,PSCO,COAL,49.65,1.0,0.0
8,13386,SRP,COAL,750.0,1.0,0.0
8,13387,SRP,COAL,750.0,1.0,0.0
8,13388,SRP,COAL,750.0,1.0,0.0
8,13385,SRP,COAL,170.0,1.0,0.0
8,13384,SRP,COAL,138.182,1.0,0.0
8,13389,TEPC,COAL,424.8,1.0,0.0
8,4029,WACM,COAL,621.0,1.0,0.0
8,4030,WACM,COAL,621.0,1.0,0.0
8,14004,WACM,COAL,448.0,1.0,0.0
8,14003,WACM,COAL,428.0,1.0,0.0
8,14001,WACM,COAL,405.0,1.0,0.0
8,14009,WACM,COAL,275.4,1.0,0.0
8,13958,WACM,COAL,207.0,1.0,0.0
8,14008,WACM,COAL,190.0,1.0,0.0
8,13962,WACM,COAL,141.031,1.0,0.0
8,13983,WACM,COAL,116.2,1.0,0.0
8,13982,WACM,COAL,95.0,1.0,0.0
8,13981,WACM,COAL,88.0,1.0,0.0
8,13961,WACM,COAL,83.19,1.0,0.0
8,13943,WACM,COAL,80.0,1.0,0.0
8,13422,WALC,COAL,49.359,1.0,0.0
9,3049,AESO,BIO,18.0,1.0,0.0
9,3243,AESO,BIO,22.335,1.0,0.0
9,3284,AESO,BIO,25.0,1.0,0.0
9,3292,AESO,BIO,11.6,1.0,0.0
9,3343,AESO,BIO,18.0,1.0,0.0
9,3384,AESO,BIO,41.0,1.0,0.0
9,3385,AESO,BIO,41.0,1.0,0.0
9,3386,AESO,BIO,17.0,1.0,0.0
9,3387,AESO,BIO,32.0,1.0,0.0
9,9565,AESO,BIO,20.0,1.0,0.0
9,9566,AESO,BIO,30.0,1.0,0.0
9,9592,AESO,BIO,48.0,1.0,0.0
9,13106,AESO,BIO,43.0,1.0,0.0
9,3218,AESO,NG,407.0,1.0,0.0
9,3219,AESO,NG,148.0,1.0,0.0
9,3220,AESO,NG,148.0,1.0,0.0
9,3221,AESO,NG,408.0,1.0,0.0
9,3222,AESO,NG,408.0,1.0,0.0
9,3238,AESO,NG,151.0,1.0,0.0
9,9198,AESO,NG,280.0,1.0,0.0
9,3017,AESO,NG,101.0,1.0,0.0
9,3041,AESO,NG,2.2,1.0,0.0
9,3042,AESO,NG,2.2,1.0,0.0
9,3043,AESO,NG,2.2,1.0,0.0
9,3044,AESO,NG,2.2,1.0,0.0
9,3047,AESO,NG,105.0,1.0,0.0
9,3072,AESO,NG,101.0,1.0,0.0
9,3096,AESO,NG,5.4,1.0,0.0
9,3126,AESO,NG,46.0,1.0,0.0
9,3139,AESO,NG,5.0,1.0,0.0
9,3190,AESO,NG,48.0,1.0,0.0
9,3217,AESO,NG,48.0,1.0,0.0
9,3232,AESO,NG,101.0,1.0,0.0
9,3235,AESO,NG,50.0,1.0,0.0
9,3242,AESO,NG,18.0,1.0,0.0
9,3244,AESO,NG,50.0,1.0,0.0
9,3245,AESO,NG,47.0,1.0,0.0
9,3249,AESO,NG,36.5,1.0,0.0
9,3250,AESO,NG,36.5,1.0,0.0
9,3254,AESO,NG,101.0,1.0,0.0
9,3259,AESO,NG,40.0,1.0,0.0
9,3261,AESO,NG,25.0,1.0,0.0
9,3262,AESO,NG,30.0,1.0,0.0
9,3263,AESO,NG,35.0,1.0,0.0
9,3264,AESO,NG,30.0,1.0,0.0
9,3357,AESO,NG,3.0,1.0,0.0
9,3358,AESO,NG,3.0,1.0,0.0
9,3359,AESO,NG,4.9,1.0,0.0
9,3370,AESO,NG,47.5,1.0,0.0
9,5241,AESO,NG,48.0,1.0,0.0
9,5274,AESO,NG,48.0,1.0,0.0
9,5302,AESO,NG,48.0,1.0,0.0
9,5802,AESO,NG,120.0,1.0,0.0
9,6087,AESO,NG,330.0,1.0,0.0
9,6150,AESO,NG,120.0,1.0,0.0
9,6611,AESO,NG,128.0,1.0,0.0
9,7724,AESO,NG,15.5,1.0,0.0
9,7725,AESO,NG,6.0,1.0,0.0
9,7727,AESO,NG,8.0,1.0,0.0
9,7851,AESO,NG,3.0,1.0,0.0
9,7852,AESO,NG,2.0,1.0,0.0
9,8055,AESO,NG,16.0,1.0,0.0
9,8417,AESO,NG,141.0,1.0,0.0
9,8781,AESO,NG,3.0,1.0,0.0
9,8782,AESO,NG,3.5,1.0,0.0
9,8783,AESO,NG,3.0,1.0,0.0
9,10169,AESO,NG,195.0,1.0,0.0
9,10179,AESO,NG,870.0,1.0,0.0
9,13123,AESO,NG,6.3,1.0,0.0
9,13124,AESO,NG,6.3,1.0,0.0
9,13127,AESO,NG,10.0,1.0,0.0
9,13133,AESO,NG,20.0,1.0,0.0
9,13136,AESO,NG,16.5,1.0,0.0
9,13137,AESO,NG,10.0,1.0,0.0
9,14585,AESO,NG,15.0,1.0,1.0
9,14586,AESO,NG,15.0,1.0,0.0
9,14605,AESO,NG,199.0,1.0,0.0
9,14624,AESO,NG,45.0,1.0,0.0
9,14625,AESO,NG,45.0,1.0,0.0
9,14644,AESO,NG,45.0,1.0,0.0
9,14662,AESO,NG,45.0,1.0,0.0
9,15481,AESO,NG,6.5,1.0,0.0
9,15482,AESO,NG,6.5,1.0,0.0
9,15483,AESO,NG,6.5,1.0,0.0
9,15484,AESO,NG,6.5,1.0,0.0
9,15485,AESO,NG,6.5,1.0,0.0
9,15659,AESO,NG,395.0,1.0,0.0
9,15660,AESO,NG,411.0,1.0,0.0
9,15661,AESO,NG,406.0,1.0,0.0
9,15662,AESO,NG,406.0,1.0,0.0
9,15663,AESO,NG,353.0,1.0,0.0
9,15667,AESO,NG,401.0,1.0,0.0
9,16052,AESO,NG,605.2,1.0,0.0
9,16053,AESO,NG,262.8,1.0,0.0
9,2167,AVA,BIO,50.7,1.0,0.0
9,2190,AVA,BIO,6.2,1.0,0.0
9,2200,AVA,BIO,26.0,1.0,0.0
9,2206,AVA,BIO,28.8,1.0,1.0
9,2207,AVA,BIO,65.0,1.0,1.0
9,2198,AVA,NG,83.3,1.0,0.0
9,2199,AVA,NG,83.3,1.0,0.0
9,8427,AVA,NG,301.49,1.0,0.0
9,9848,AVA,NG,287.0,1.0,0.0
9,14033,AZPS,BIO,27.99999999999909,1.0,0.0
9,16040,AZPS,NG,252.4,1.0,0.0
9,16041,AZPS,NG,252.4,1.0,0.0
9,16042,AZPS,NG,252.4,1.0,0.0
9,16043,AZPS,NG,252.4,1.0,0.0
9,16070,AZPS,NG,136.428,1.0,0.0
9,13687,BANC,BIO,3.5,1.0,0.0
9,13688,BANC,BIO,3.5,1.0,0.0
9,13689,BANC,BIO,3.5,1.0,0.0
9,13690,BANC,BIO,3.5,1.0,0.0
9,13691,BANC,BIO,3.5,1.0,0.0
9,13708,BANC,NG,8.1,1.0,0.0
9,15928,BANC,NG,265.0,1.0,0.0
9,15929,BANC,NG,265.0,1.0,0.0
9,16060,BANC,NG,274.5,1.0,0.0
9,16061,BANC,NG,274.5,1.0,0.0
9,2516,BCHA,BIO,66.0,1.0,0.0
9,2581,BCHA,BIO,16.39,1.0,0.0
9,2634,BCHA,BIO,20.39,1.0,0.0
9,2644,BCHA,BIO,24.75,1.0,0.0
9,2645,BCHA,BIO,1.667,1.0,0.0
9,2646,BCHA,BIO,1.667,1.0,0.0
9,2647,BCHA,BIO,1.667,1.0,0.0
9,2648,BCHA,BIO,1.851,1.0,0.0
9,2691,BCHA,BIO,32.0,1.0,0.0
9,2744,BCHA,BIO,16.0,1.0,0.0
9,2745,BCHA,BIO,28.0,1.0,0.0
9,2746,BCHA,BIO,32.0,1.0,0.0
9,2766,BCHA,BIO,7.5,1.0,0.0
9,2990,BCHA,BIO,52.29,1.0,0.0
9,2991,BCHA,BIO,48.0,1.0,0.0
9,6066,BCHA,BIO,4.8,1.0,0.0
9,6104,BCHA,BIO,36.0,1.0,0.0
9,6121,BCHA,BIO,32.7,1.0,0.0
9,6122,BCHA,BIO,28.69,1.0,0.0
9,6155,BCHA,BIO,1.26,1.0,0.0
9,6833,BCHA,BIO,1.03,1.0,0.0
9,7014,BCHA,BIO,0.34,1.0,0.0
9,7068,BCHA,BIO,55.0,1.0,0.0
9,7171,BCHA,BIO,62.5,1.0,0.0
9,7172,BCHA,BIO,50.0,1.0,0.0
9,8349,BCHA,BIO,38.0,1.0,0.0
9,11890,BCHA,BIO,1.0,1.0,0.0
9,11891,BCHA,BIO,1.0,1.0,0.0
9,15470,BCHA,BIO,28.0,1.0,0.0
9,15471,BCHA,BIO,16.0,1.0,0.0
9,15664,BCHA,BIO,38.7,1.0,0.0
9,10736,BCHA,GEO,107.0,1.0,0.0
9,2589,BCHA,NG,23.0,1.0,1.0
9,2590,BCHA,NG,23.0,1.0,1.0
9,3040,AESO,NG,2.4,1.0,0.0
9,3247,AESO,NG,40.0,1.0,0.0
9,3248,AESO,NG,30.0,1.0,0.0
9,5051,BCHA,NG,290.0,1.0,0.0
9,6625,AESO,NG,11.25,1.0,0.0
9,6755,AESO,NG,101.0,1.0,0.0
9,7003,AESO,NG,27.9,1.0,0.0
9,7726,AESO,NG,4.1,1.0,0.0
9,8260,AESO,NG,46.0,1.0,0.0
9,8632,AESO,NG,5.5,1.0,0.0
9,9134,AESO,NG,9.0,1.0,0.0
9,9218,AESO,NG,75.0,1.0,0.0
9,9219,AESO,NG,344.0,1.0,0.0
9,9329,AESO,NG,85.0,1.0,1.0
9,11725,AESO,NG,1.0,1.0,0.0
9,11726,AESO,NG,1.6,1.0,0.0
9,11841,AESO,NG,2.9,1.0,0.0
9,11842,AESO,NG,2.9,1.0,0.0
9,11914,AESO,NG,3.1724736899972186,1.0,0.0
9,11915,AESO,NG,3.0,1.0,0.0
9,11916,AESO,NG,2.0,1.0,0.0
9,13122,AESO,NG,6.5,1.0,0.0
9,13128,AESO,NG,15.0,1.0,0.0
9,13129,AESO,NG,15.0,1.0,0.0
9,13134,AESO,NG,3.1,1.0,0.0
9,13135,AESO,NG,3.1,1.0,0.0
9,14834,AESO,NG,150.81,1.0,0.0
9,15656,AESO,NG,408.0,1.0,0.0
9,15657,AESO,NG,418.5,1.0,0.0
9,15658,AESO,NG,430.0,1.0,0.0
9,15674,AESO,NG,10.0,1.0,0.0
9,15675,AESO,NG,2.9,1.0,0.0
9,15676,AESO,NG,2.3,1.0,0.0
9,15677,AESO,NG,7.0,1.0,0.0
9,1972,BPAT,BIO,39.99999999999932,1.0,0.0
9,2051,BPAT,BIO,18.0,1.0,0.0
9,2076,BPAT,BIO,14.7,1.0,0.0
9,2077,BPAT,BIO,20.0,1.0,0.0
9,2078,BPAT,BIO,25.0,1.0,0.0
9,2079,BPAT,BIO,12.25,1.0,0.0
9,6343,BPAT,BIO,0.8,1.0,0.0
9,6344,BPAT,BIO,0.8,1.0,0.0
9,6345,BPAT,BIO,1.5,1.0,0.0
9,6346,BPAT,BIO,1.5,1.0,0.0
9,9593,BPAT,BIO,5.0,1.0,0.0
9,9595,BPAT,BIO,31.28,1.0,0.0
9,13116,BPAT,BIO,12.5,1.0,0.0
9,14182,BPAT,BIO,17.2,1.0,0.0
9,14186,BPAT,BIO,37.2,1.0,0.0
9,14572,BPAT,BIO,36.0,1.0,0.0
9,2063,BPAT,NG,265.0,1.0,0.0
9,6835,BPAT,NG,269.2,1.0,0.0
9,14571,BPAT,NG,9.9,1.0,0.0
9,2491,BPAT,NUCLEAR,1186.0,1.0,0.0
9,437,CENACE,GEO,25.0,1.0,0.0
9,438,CENACE,GEO,25.0,1.0,0.0
9,439,CENACE,GEO,25.0,1.0,0.0
9,440,CENACE,GEO,25.0,1.0,0.0
9,441,CENACE,GEO,30.0,1.0,0.0
9,446,CENACE,GEO,110.0,1.0,0.0
9,447,CENACE,GEO,110.0,1.0,0.0
9,448,CENACE,GEO,110.0,1.0,0.0
9,457,CENACE,GEO,110.0,1.0,0.0
9,8227,CENACE,NG,277.0,1.0,0.0
9,14839,CENACE,NG,248.0,1.0,0.0
9,15254,CENACE,NG,793.0,1.0,0.0
9,15341,CENACE,NG,1.0,1.0,0.0
9,15991,CENACE,NG,165.0,1.0,0.0
9,15992,CENACE,NG,165.0,1.0,0.0
9,15993,CENACE,NG,405.0,1.0,0.0
9,548,CISO,BIO,3.0,1.0,0.0
9,549,CISO,BIO,0.95,1.0,0.0
9,550,CISO,BIO,5.0,1.0,0.0
9,551,CISO,BIO,3.0,1.0,0.0
9,555,CISO,BIO,2.9,1.0,0.0
9,570,CISO,BIO,1.88,1.0,0.0
9,572,CISO,BIO,1.88,1.0,0.0
9,629,CISO,BIO,47.0,1.0,0.0
9,633,CISO,BIO,34.0,1.0,0.0
9,795,CISO,BIO,24.5,1.0,0.0
9,836,CISO,BIO,1.3,1.0,0.0
9,1008,CISO,BIO,1.88,1.0,0.0
9,1156,CISO,BIO,10.5,1.0,0.0
9,1168,CISO,BIO,10.8,1.0,0.0
9,1178,CISO,BIO,28.5,1.0,0.0
9,1187,CISO,BIO,24.48,1.0,0.0
9,1188,CISO,BIO,22.0,1.0,0.0
9,1297,CISO,BIO,30.5,1.0,0.0
9,1300,CISO,BIO,12.0,1.0,0.0
9,1331,CISO,BIO,57.43,1.0,0.0
9,1392,CISO,BIO,24.2,1.0,0.0
9,1398,CISO,BIO,2.57,1.0,0.0
9,1399,CISO,BIO,2.57,1.0,0.0
9,1400,CISO,BIO,2.57,1.0,0.0
9,1401,CISO,BIO,2.57,1.0,0.0
9,1402,CISO,BIO,2.57,1.0,0.0
9,1403,CISO,BIO,2.57,1.0,0.0
9,1404,CISO,BIO,2.57,1.0,0.0
9,1413,CISO,BIO,10.0,1.0,0.0
9,1589,CISO,BIO,8.6,1.0,0.0
9,1590,CISO,BIO,5.7,1.0,0.0
9,1634,CISO,BIO,13.8,1.0,0.0
9,1635,CISO,BIO,12.5,1.0,0.0
9,1636,CISO,BIO,12.5,1.0,0.0
9,1637,CISO,BIO,12.5,1.0,0.0
9,1768,CISO,BIO,22.0,1.0,0.0
9,1774,CISO,BIO,13.1,1.0,0.0
9,1793,CISO,BIO,29.07,1.0,0.0
9,1794,CISO,BIO,25.5,1.0,0.0
9,1838,CISO,BIO,17.2,1.0,0.0
9,1839,CISO,BIO,24.4,1.0,0.0
9,5728,CISO,BIO,1.25,1.0,0.0
9,5729,CISO,BIO,1.25,1.0,0.0
9,5809,CISO,BIO,3.0,1.0,0.0
9,5865,CISO,BIO,0.75,1.0,0.0
9,5866,CISO,BIO,0.75,1.0,0.0
9,5872,CISO,BIO,14.4,1.0,0.0
9,5899,CISO,BIO,4.0,1.0,0.0
9,5900,CISO,BIO,3.7,1.0,0.0
9,5901,CISO,BIO,0.3,1.0,0.0
9,5999,CISO,BIO,37.828,1.0,0.0
9,6045,CISO,BIO,9.8,1.0,0.0
9,6069,CISO,BIO,4.6,1.0,0.0
9,6070,CISO,BIO,4.6,1.0,0.0
9,6071,CISO,BIO,4.6,1.0,0.0
9,6116,CISO,BIO,1.1,1.0,0.0
9,6117,CISO,BIO,1.1,1.0,0.0
9,6349,CISO,BIO,1.5,1.0,0.0
9,6352,CISO,BIO,1.2,1.0,0.0
9,6492,CISO,BIO,24.5,1.0,0.0
9,6601,CISO,BIO,1.5,1.0,0.0
9,6602,CISO,BIO,1.5,1.0,0.0
9,6603,CISO,BIO,1.5,1.0,0.0
9,6651,CISO,BIO,1.35,1.0,0.0
9,6652,CISO,BIO,1.35,1.0,0.0
9,6653,CISO,BIO,1.35,1.0,0.0
9,6710,CISO,BIO,20.0,1.0,0.0
9,6756,CISO,BIO,0.7,1.0,0.0
9,7146,CISO,BIO,0.2,1.0,0.0
9,7147,CISO,BIO,0.2,1.0,0.0
9,7373,CISO,BIO,4.4,1.0,0.0
9,7374,CISO,BIO,3.0,1.0,0.0
9,7388,CISO,BIO,27.15,1.0,0.0
9,7556,CISO,BIO,0.8,1.0,0.0
9,7557,CISO,BIO,0.8,1.0,0.0
9,7558,CISO,BIO,0.8,1.0,0.0
9,7559,CISO,BIO,0.8,1.0,0.0
9,7560,CISO,BIO,0.8,1.0,0.0
9,7561,CISO,BIO,0.8,1.0,0.0
9,7780,CISO,BIO,2.9,1.0,0.0
9,7816,CISO,BIO,1.3,1.0,0.0
9,7840,CISO,BIO,1.25,1.0,0.0
9,7841,CISO,BIO,1.25,1.0,0.0
9,7860,CISO,BIO,3.0,1.0,0.0
9,7861,CISO,BIO,3.0,1.0,0.0
9,7862,CISO,BIO,1.6,1.0,0.0
9,7868,CISO,BIO,6.5,1.0,0.0
9,7869,CISO,BIO,4.9,1.0,0.0
9,8080,CISO,BIO,23.8,1.0,0.0
9,8084,CISO,BIO,1.88,1.0,0.0
9,8085,CISO,BIO,1.88,1.0,0.0
9,8162,CISO,BIO,1.6,1.0,0.0
9,8163,CISO,BIO,2.7,1.0,0.0
9,8311,CISO,BIO,0.46,1.0,0.0
9,8312,CISO,BIO,2.29,1.0,0.0
9,8313,CISO,BIO,2.2,1.0,0.0
9,8371,CISO,BIO,3.0,1.0,0.0
9,8403,CISO,BIO,2.8,1.0,0.0
9,8404,CISO,BIO,3.3,1.0,0.0
9,8405,CISO,BIO,3.3,1.0,0.0
9,8406,CISO,BIO,3.3,1.0,0.0
9,8434,CISO,BIO,1.2,1.0,0.0
9,8682,CISO,BIO,3.0,1.0,0.0
9,8685,CISO,BIO,11.16,1.0,0.0
9,8811,CISO,BIO,1.3,1.0,0.0
9,8812,CISO,BIO,1.3,1.0,0.0
9,9227,CISO,BIO,3.0,1.0,0.0
9,9228,CISO,BIO,1.2,1.0,0.0
9,9229,CISO,BIO,1.2,1.0,0.0
9,9242,CISO,BIO,3.05,1.0,0.0
9,9322,CISO,BIO,2.8,1.0,0.0
9,9337,CISO,BIO,1.8,1.0,0.0
9,9338,CISO,BIO,1.8,1.0,0.0
9,9399,CISO,BIO,1.2,1.0,0.0
9,9723,CISO,BIO,0.5,1.0,0.0
9,10025,CISO,BIO,1.6,1.0,0.0
9,10026,CISO,BIO,1.0,1.0,0.0
9,10027,CISO,BIO,1.0,1.0,0.0
9,10028,CISO,BIO,1.4,1.0,0.0
9,10227,CISO,BIO,35.2,1.0,0.0
9,11103,CISO,BIO,28.24,1.0,0.0
9,11120,CISO,BIO,50.0,1.0,0.0
9,11138,CISO,BIO,5.0,1.0,0.0
9,12396,CISO,BIO,1.0,1.0,0.0
9,12397,CISO,BIO,0.4,1.0,0.0
9,12837,CISO,BIO,1.5,1.0,0.0
9,13104,CISO,BIO,50.0,1.0,0.0
9,13107,CISO,BIO,30.0,1.0,0.0
9,14499,CISO,BIO,26.5,1.0,0.0
9,14833,CISO,BIO,18.13,1.0,0.0
9,14884,CISO,BIO,1.2,1.0,0.0
9,14896,CISO,BIO,5.0,1.0,0.0
9,15377,CISO,BIO,12.0,1.0,0.0
9,15432,CISO,BIO,32.0,1.0,0.0
9,15783,CISO,BIO,4.7,1.0,0.0
9,15794,CISO,BIO,28.5,1.0,0.0
9,15797,CISO,BIO,24.0,1.0,0.0
9,15798,CISO,BIO,24.0,1.0,0.0
9,15861,CISO,BIO,13.4,1.0,1.0
9,442,CISO,GEO,35.7,1.0,0.0
9,443,CISO,GEO,35.7,1.0,0.0
9,444,CISO,GEO,35.7,1.0,0.0
9,445,CISO,GEO,35.7,1.0,0.0
9,656,CISO,GEO,26.66667,1.0,0.0
9,657,CISO,GEO,26.66667,1.0,0.0
9,658,CISO,GEO,26.66667,1.0,0.0
9,663,CISO,GEO,16.0,1.0,0.0
9,664,CISO,GEO,16.0,1.0,0.0
9,665,CISO,GEO,16.0,1.0,0.0
9,1005,CISO,GEO,30.0,1.0,0.0
9,1006,CISO,GEO,30.0,1.0,0.0
9,1007,CISO,GEO,30.0,1.0,0.0
9,1265,CISO,GEO,1.5,1.0,0.0
9,1266,CISO,GEO,1.5,1.0,0.0
9,1597,CISO,GEO,11.0,1.0,0.0
9,1598,CISO,GEO,11.0,1.0,0.0
9,1602,CISO,GEO,47.0,1.0,0.0
9,1603,CISO,GEO,50.0,1.0,0.0
9,1604,CISO,GEO,72.0,1.0,0.0
9,1605,CISO,GEO,75.5,1.0,0.0
9,1606,CISO,GEO,27.5,1.0,0.0
9,1607,CISO,GEO,63.0,1.0,0.0
9,1608,CISO,GEO,70.0,1.0,0.0
9,1609,CISO,GEO,73.0,1.0,0.0
9,1610,CISO,GEO,57.0,1.0,0.0
9,1611,CISO,GEO,86.8,1.0,0.0
9,1612,CISO,GEO,47.9,1.0,0.0
9,1613,CISO,GEO,47.9,1.0,0.0
9,1614,CISO,GEO,49.215,1.0,0.0
9,1615,CISO,GEO,49.215,1.0,0.0
9,1616,CISO,GEO,12.5,1.0,0.0
9,1617,CISO,GEO,12.5,1.0,0.0
9,1618,CISO,GEO,6.5,1.0,0.0
9,1619,CISO,GEO,6.5,1.0,0.0
9,1620,CISO,GEO,36.0,1.0,0.0
9,1621,CISO,GEO,36.0,1.0,0.0
9,7684,CISO,GEO,20.0,1.0,0.0
9,7942,CISO,GEO,11.0,1.0,0.0
9,7943,CISO,GEO,11.0,1.0,0.0
9,8300,CISO,GEO,5.0,1.0,0.0
9,8301,CISO,GEO,5.0,1.0,0.0
9,8302,CISO,GEO,5.0,1.0,0.0
9,11122,CISO,GEO,78.0,1.0,0.0
9,13026,CISO,GEO,14.0,1.0,0.0
9,13102,CISO,GEO,51.9,1.0,0.0
9,13103,CISO,GEO,51.9,1.0,0.0
9,13105,CISO,GEO,59.0,1.0,0.0
9,14055,CISO,GEO,38.85,1.0,0.0
9,14056,CISO,GEO,50.0,1.0,0.0
9,14057,CISO,GEO,42.42,1.0,0.0
9,14058,CISO,GEO,52.73,1.0,0.0
9,14848,CISO,GEO,30.0,1.0,0.0
9,14923,CISO,GEO,38.0,1.0,0.0
9,15381,CISO,GEO,20.0,1.0,0.0
9,1248,CISO,NUCLEAR,1150.0,1.0,0.0
9,1249,CISO,NUCLEAR,1150.0,1.0,0.0
9,13507,IID,BIO,26.999999999999886,1.0,0.0
9,13561,IID,BIO,21.0,1.0,0.0
9,13509,IID,GEO,53.0,1.0,0.0
9,13510,IID,GEO,8.75,1.0,0.0
9,13511,IID,GEO,4.37,1.0,0.0
9,13516,IID,GEO,34.39,1.0,0.0
9,13517,IID,GEO,34.39,1.0,0.0
9,13519,IID,GEO,34.39,1.0,0.0
9,13520,IID,GEO,29.0,1.0,0.0
9,13521,IID,GEO,9.19,1.0,0.0
9,13522,IID,GEO,10.5,1.0,0.0
9,13523,IID,GEO,49.0,1.0,0.0
9,13524,IID,GEO,50.0,1.0,0.0
9,13543,IID,GEO,33.0,1.0,0.0
9,13544,IID,GEO,16.0,1.0,0.0
9,13554,IID,GEO,49.89,1.0,0.0
9,13555,IID,GEO,4.79,1.0,0.0
9,13556,IID,GEO,4.5,1.0,0.0
9,13557,IID,GEO,11.1,1.0,0.0
9,13558,IID,GEO,11.0,1.0,0.0
9,13559,IID,GEO,50.0,1.0,0.0
9,13562,IID,GEO,21.6,1.0,0.0
9,13563,IID,GEO,8.0,1.0,0.0
9,13564,IID,GEO,22.0,1.0,0.0
9,13570,IID,GEO,24.0,1.0,0.0
9,13571,IID,GEO,15.0,1.0,0.0
9,13572,IID,GEO,18.5,1.0,0.0
9,13573,IID,GEO,7.0,1.0,0.0
9,13574,IID,GEO,8.45,1.0,0.0
9,13578,IID,GEO,16.0,1.0,0.0
9,13579,IID,GEO,16.0,1.0,0.0
9,13580,IID,GEO,16.0,1.0,0.0
9,13581,IID,GEO,16.0,1.0,0.0
9,13582,IID,GEO,16.0,1.0,0.0
9,13583,IID,GEO,16.0,1.0,0.0
9,13584,IID,GEO,16.0,1.0,0.0
9,3434,IPCO,BIO,5.0,1.0,0.0
9,6118,IPCO,BIO,0.8,1.0,0.0
9,6119,IPCO,BIO,0.8,1.0,0.0
9,6120,IPCO,BIO,0.8,1.0,0.0
9,7116,IPCO,BIO,1.6,1.0,0.0
9,7117,IPCO,BIO,1.6,1.0,0.0
9,8549,IPCO,BIO,2.0,1.0,0.0
9,8550,IPCO,BIO,2.0,1.0,0.0
9,10116,IPCO,BIO,7.5,1.0,0.0
9,3400,IPCO,GEO,18.0,1.0,0.0
9,7941,IPCO,GEO,11.0,1.0,0.0
9,3407,IPCO,NG,170.9,1.0,0.0
9,7185,IPCO,NG,2.0,1.0,0.0
9,7188,IPCO,NG,2.0,1.0,0.0
9,7189,IPCO,NG,2.0,1.0,0.0
9,7509,IPCO,NG,330.0,1.0,0.0
9,8599,IPCO,NG,4.16,1.0,0.0
9,13714,NEVP,GEO,20.0,1.0,0.0
9,13715,NEVP,GEO,60.0,1.0,0.0
9,13716,NEVP,GEO,10.1,1.0,0.0
9,13717,NEVP,GEO,19.2,1.0,0.0
9,13718,NEVP,GEO,11.8,1.0,0.0
9,13719,NEVP,GEO,11.8,1.0,0.0
9,13720,NEVP,GEO,11.8,1.0,0.0
9,13721,NEVP,GEO,11.8,1.0,0.0
9,13724,NEVP,GEO,8.0,1.0,0.0
9,13725,NEVP,GEO,8.0,1.0,0.0
9,13726,NEVP,GEO,8.0,1.0,0.0
9,13727,NEVP,GEO,18.9,1.0,0.0
9,13728,NEVP,GEO,11.3,1.0,0.0
9,13729,NEVP,GEO,11.3,1.0,0.0
9,13730,NEVP,GEO,11.3,1.0,0.0
9,13731,NEVP,GEO,11.3,1.0,0.0
9,13732,NEVP,GEO,11.25,1.0,0.0
9,13733,NEVP,GEO,11.25,1.0,0.0
9,13734,NEVP,GEO,25.0,1.0,0.0
9,13752,NEVP,GEO,15.0,1.0,0.0
9,13753,NEVP,GEO,15.0,1.0,0.0
9,13754,NEVP,GEO,15.0,1.0,0.0
9,13755,NEVP,GEO,15.0,1.0,0.0
9,13756,NEVP,GEO,26.5,1.0,0.0
9,13757,NEVP,GEO,10.0,1.0,0.0
9,13758,NEVP,GEO,10.0,1.0,0.0
9,13759,NEVP,GEO,10.0,1.0,0.0
9,13760,NEVP,GEO,16.5,1.0,0.0
9,13762,NEVP,GEO,25.0,1.0,0.0
9,13763,NEVP,GEO,16.0,1.0,0.0
9,13764,NEVP,GEO,16.0,1.0,0.0
9,13765,NEVP,GEO,21.3,1.0,0.0
9,13766,NEVP,GEO,21.3,1.0,0.0
9,13767,NEVP,GEO,21.3,1.0,0.0
9,13769,NEVP,GEO,20.0,1.0,0.0
9,13770,NEVP,GEO,20.0,1.0,0.0
9,13771,NEVP,GEO,12.0,1.0,0.0
9,13772,NEVP,GEO,11.8,1.0,0.0
9,13774,NEVP,GEO,20.0,1.0,0.0
9,13775,NEVP,GEO,20.0,1.0,0.0
9,13776,NEVP,GEO,12.0,1.0,0.0
9,13427,NEVP,NG,21.0,1.0,0.0
9,13428,NEVP,NG,250.0,1.0,0.0
9,13429,NEVP,NG,250.0,1.0,0.0
9,13430,NEVP,NG,142.5,1.0,0.0
9,13433,NEVP,NG,96.26,1.0,0.0
9,13434,NEVP,NG,111.26,1.0,0.0
9,13440,NEVP,NG,267.74,1.0,0.0
9,13441,NEVP,NG,577.6208660824573,1.0,0.0
9,13442,NEVP,NG,267.74,1.0,0.0
9,13443,NEVP,NG,258.56,1.0,0.0
9,13444,NEVP,NG,281.38,1.0,0.0
9,13445,NEVP,NG,281.38,1.0,0.0
9,13449,NEVP,NG,112.4,1.0,0.0
9,13450,NEVP,NG,112.4,1.0,0.0
9,13773,NEVP,NG,266.37,1.0,0.0
9,15914,NEVP,NG,403.0,1.0,0.0
9,15916,NEVP,NG,659.6,1.0,0.0
9,15966,NEVP,NG,258.56,1.0,0.0
9,15972,NEVP,NG,356.0,1.0,0.0
9,15996,NEVP,NG,26.374,1.0,0.0
9,16028,NEVP,NG,147.0,1.0,0.0
9,16029,NEVP,NG,147.0,1.0,0.0
9,16054,NEVP,NG,152.5,1.0,0.0
9,3522,NWMT,NG,6.0,1.0,0.0
9,3523,NWMT,NG,6.0,1.0,0.0
9,3524,NWMT,NG,6.0,1.0,0.0
9,3525,NWMT,NG,6.0,1.0,0.0
9,3526,NWMT,NG,6.0,1.0,0.0
9,3527,NWMT,NG,6.0,1.0,0.0
9,3528,NWMT,NG,6.0,1.0,0.0
9,3529,NWMT,NG,6.0,1.0,0.0
9,3530,NWMT,NG,6.0,1.0,0.0
9,3617,PACE,GEO,26.099999999998182,1.0,0.0
9,3618,PACE,GEO,12.0,1.0,0.0
9,3612,PACE,NG,17.0,1.0,0.0
9,3613,PACE,NG,17.0,1.0,0.0
9,3614,PACE,NG,17.0,1.0,0.0
9,3639,PACE,NG,16.106,1.0,0.0
9,3640,PACE,NG,16.106,1.0,0.0
9,3641,PACE,NG,16.2,1.0,0.0
9,3718,PACE,NG,13.5,1.0,0.0
9,3719,PACE,NG,13.5,1.0,0.0
9,6466,PACE,NG,242.0,1.0,0.0
9,7491,PACE,NG,303.6,1.0,0.0
9,7494,PACE,NG,288.2,1.0,0.0
9,14694,PACE,NG,1.0,1.0,0.0
9,15930,PACE,NG,420.7,1.0,0.0
9,15987,PACE,NG,408.6,1.0,0.0
9,15988,PACE,NG,182.7,1.0,0.0
9,15989,PACE,NG,185.4,1.0,0.0
9,15990,PACE,NG,469.8,1.0,0.0
9,1889,PACW,BIO,7.5,1.0,0.0
9,8587,PACW,BIO,10.0,1.0,0.0
9,11098,PACW,BIO,10.0,1.0,1.0
9,7432,PACW,NG,540.0,1.0,0.0
9,9960,PACW,NG,279.56,1.0,0.0
9,9961,PACW,NG,279.56,1.0,0.0
9,15985,PACW,NG,178.5,1.0,0.0
9,15986,PACW,NG,323.0,1.0,0.0
9,2346,PGE,BIO,10.0,1.0,0.0
9,5829,PGE,NG,476.698,1.0,0.0
9,9847,PGE,NG,296.0,1.0,0.0
9,10103,PGE,NG,483.3,1.0,0.0
9,6353,PNM,BIO,0.16,1.0,0.0
9,6354,PNM,BIO,0.16,1.0,0.0
9,6355,PNM,BIO,0.16,1.0,0.0
9,6356,PNM,BIO,0.16,1.0,0.0
9,6357,PNM,BIO,0.16,1.0,0.0
9,6358,PNM,BIO,0.16,1.0,0.0
9,6359,PNM,BIO,0.16,1.0,0.0
9,6360,PNM,BIO,0.16,1.0,0.0
9,6483,PNM,BIO,1.35,1.0,0.0
9,7634,PNM,BIO,0.067,1.0,0.0
9,8319,PNM,BIO,0.9,1.0,0.0
9,8320,PNM,BIO,2.25,1.0,0.0
9,8517,PNM,BIO,0.16,1.0,0.0
9,8518,PNM,BIO,0.16,1.0,0.0
9,8519,PNM,BIO,0.16,1.0,0.0
9,8520,PNM,BIO,0.16,1.0,0.0
9,8521,PNM,BIO,0.16,1.0,0.0
9,8522,PNM,BIO,0.16,1.0,0.0
9,10202,PNM,BIO,8.0,1.0,0.0
9,11101,PNM,BIO,3.45,1.0,0.0
9,11102,PNM,BIO,3.45,1.0,0.0
9,13110,PNM,BIO,10.0,1.0,0.0
9,13265,PNM,GEO,4.0,1.0,0.0
9,6828,PNM,NG,3.42,1.0,0.0
9,11104,PNM,NG,3.42,1.0,0.0
9,11105,PNM,NG,3.42,1.0,0.0
9,11106,PNM,NG,3.42,1.0,0.0
9,13240,PNM,NG,256.69,1.0,0.0
9,13243,PNM,NG,287.93,1.0,0.0
9,13503,PNM,NG,13.44,1.0,0.0
9,16004,PNM,NG,497.26,1.0,0.0
9,13785,PSCO,NG,300.14,1.0,0.0
9,13807,PSCO,NG,314.97,1.0,0.0
9,13813,PSCO,NG,41.0,1.0,0.0
9,13816,PSCO,NG,52.0,1.0,0.0
9,13869,PSCO,NG,267.73999999999967,1.0,0.0
9,15920,PSCO,NG,155.0,1.0,0.0
9,15945,PSCO,NG,140.0,1.0,0.0
9,16046,PSCO,NG,122.5,1.0,0.0
9,2398,PSEI,BIO,28.299999999999546,1.0,0.0
9,6692,PSEI,NG,193.8,1.0,0.0
9,6749,PSEI,NG,253.44,1.0,0.0
9,7707,PSEI,NG,167.04,1.0,0.0
9,7855,PSEI,NG,319.9,1.0,0.0
9,9197,PSEI,NG,145.1,1.0,1.0
9,13338,SRP,NG,276.27,1.0,0.0
9,13370,SRP,NG,156.0,1.0,0.0
9,13375,SRP,NG,324.23,1.0,0.0
9,15937,SRP,NG,180.0,1.0,0.0
9,16050,SRP,NG,157.5,1.0,0.0
9,14108,TIDC,NG,286.0,1.0,0.0
9,16068,TIDC,NG,93.07999999999986,1.0,0.0
9,1990,TPWR,BIO,64.0,1.0,0.0
9,10145,TPWR,BIO,26.0,1.0,0.0
9,13976,WACM,NG,238.76,1.0,0.0
9,13986,WACM,NG,49.55,1.0,0.0
9,15948,WACM,NG,400.4,1.0,0.0
9,15949,WACM,NG,153.9,1.0,0.0
9,13494,WALC,NG,250.69,1.0,0.0
9,13495,WALC,NG,336.0,1.0,0.0
9,15962,WALC,NG,478.4,1.0,0.0
9,16056,WALC,NG,275.0,1.0,0.0
9,16057,WALC,NG,275.0,1.0,0.0
9,824,CISO,NG,20.0,1.0,1.0
9,1115,CISO,NG,267.0,1.0,0.0
9,1116,CISO,NG,266.0,1.0,0.0
9,1117,CISO,NG,266.0,1.0,0.0
9,1118,CISO,NG,267.0,1.0,0.0
9,1405,CISO,NG,3.105,1.0,0.0
9,1445,CISO,NG,56.2,1.0,0.0
9,1447,CISO,NG,21.384,1.0,0.0
9,1448,CISO,NG,21.384,1.0,0.0
9,1449,CISO,NG,21.384,1.0,0.0
9,1656,CISO,NG,26.0,1.0,1.0
9,1666,CISO,NG,130.0,1.0,1.0
9,9895,CISO,NG,83.24667,1.0,0.0
9,9896,CISO,NG,41.62333,1.0,0.0
9,10214,CISO,NG,625.0,1.0,0.0
9,15255,CISO,NG,322.0,1.0,0.0
9,15908,CISO,NG,493.63,1.0,0.0
9,15939,CISO,NG,247.29,1.0,0.0
9,15940,CISO,NG,247.29,1.0,0.0
9,15943,CISO,NG,275.85,1.0,0.0
9,15944,CISO,NG,275.85,1.0,0.0
9,15975,CISO,NG,283.3333,1.0,0.0
9,15978,CISO,NG,336.9,1.0,0.0
9,16013,CISO,NG,298.525,1.0,0.0
9,16018,CISO,NG,277.5,1.0,0.0
9,16019,CISO,NG,277.5,1.0,0.0
9,16020,CISO,NG,277.5,1.0,0.0
9,16021,CISO,NG,277.5,1.0,0.0
9,16030,CISO,NG,305.0,1.0,0.0
9,16031,CISO,NG,305.0,1.0,0.0
9,16032,CISO,NG,294.105,1.0,0.0
9,16033,CISO,NG,294.105,1.0,0.0
9,16034,CISO,NG,266.49,1.0,0.0
9,16035,CISO,NG,266.49,1.0,0.0
9,16058,CISO,NG,293.01,1.0,0.0
9,16059,CISO,NG,293.01,1.0,0.0
9,13304,SRP,NUCLEAR,1372.2,1.0,0.0
9,13305,SRP,NUCLEAR,1375.05,1.0,0.0
9,13306,SRP,NUCLEAR,1373.15,1.0,0.0
9,15322,AZPS,NG,87.0,1.0,0.0
9,15323,AZPS,NG,87.0,1.0,0.0
9,15324,AZPS,NG,87.0,1.0,0.0
9,15325,AZPS,NG,87.0,1.0,0.0
9,15326,AZPS,NG,87.0,1.0,0.0
9,15327,AZPS,NG,87.0,1.0,0.0
9,14088,BANC,NG,81.0,1.0,0.0
9,17031,LDWP,NG,5.0,1.0,0.0
9,13614,LDWP,NG,110.0,1.0,0.0
9,17212,LDWP,NG,397.99999999999955,1.0,0.0
9,17210,LDWP,NG,398.0,1.0,0.0
9,13284,TEPC,NG,150.0,1.0,0.0
9,13403,TEPC,NG,297.0,1.0,0.0
9,13404,TEPC,NG,297.0,1.0,0.0
9,13295,AZPS,COAL,818.1,1.0,0.0
9,3504,IPCO,COAL,307.0,1.0,0.0
9,3505,IPCO,COAL,307.0,1.0,0.0
9,3694,IPCO,COAL,50.0,1.0,0.0
9,3695,IPCO,COAL,25.0,1.0,0.0
9,3696,IPCO,COAL,25.0,1.0,0.0
9,3582,NEVP,COAL,268.0,1.0,0.0
9,3583,NEVP,COAL,254.0,1.0,0.0
9,3507,NWMT,COAL,740.0001,1.0,0.0
9,3506,NWMT,COAL,740.0,1.0,0.0
9,3497,NWMT,COAL,135.0,1.0,0.0
9,3510,NWMT,COAL,64.0,1.0,0.0
9,3391,PACE,COAL,584.0,1.0,0.0
9,3461,PACE,COAL,140.0,1.0,0.0
9,3463,PACE,COAL,531.0,1.0,0.0
9,3462,PACE,COAL,527.0,1.0,0.0
9,3656,PACE,COAL,517.5,1.0,0.0
9,3619,PACE,COAL,499.5,1.0,0.0
9,3655,PACE,COAL,498.0,1.0,0.0
9,3638,PACE,COAL,495.6,1.0,0.0
9,3637,PACE,COAL,488.3,1.0,0.0
9,3636,PACE,COAL,488.3,1.0,0.0
9,3698,PACE,COAL,362.1,1.0,0.0
9,3635,PACE,COAL,360.0,1.0,0.0
9,3634,PACE,COAL,229.5,1.0,0.0
9,11093,PACE,COAL,217.6,1.0,0.0
9,13294,PNM,COAL,271.0,1.0,0.0
9,13796,PSCO,COAL,552.28,1.0,0.0
9,13888,PSCO,COAL,467.261,1.0,0.0
9,14002,PSCO,COAL,428.0,1.0,0.0
9,14129,PSCO,COAL,380.8,1.0,0.0
9,13787,PSCO,COAL,335.0,1.0,0.0
9,13786,PSCO,COAL,325.0,1.0,0.0
9,13960,PSCO,COAL,49.65,1.0,0.0
9,13386,SRP,COAL,750.0,1.0,0.0
9,13387,SRP,COAL,750.0,1.0,0.0
9,13388,SRP,COAL,750.0,1.0,0.0
9,13385,SRP,COAL,170.0,1.0,0.0
9,13384,SRP,COAL,138.182,1.0,0.0
9,13389,TEPC,COAL,424.8,1.0,0.0
9,4029,WACM,COAL,621.0,1.0,0.0
9,4030,WACM,COAL,621.0,1.0,0.0
9,14004,WACM,COAL,448.0,1.0,0.0
9,14003,WACM,COAL,428.0,1.0,0.0
9,14001,WACM,COAL,405.0,1.0,0.0
9,14009,WACM,COAL,275.4,1.0,0.0
9,13958,WACM,COAL,207.0,1.0,0.0
9,14008,WACM,COAL,190.0,1.0,0.0
9,13962,WACM,COAL,141.031,1.0,0.0
9,13983,WACM,COAL,116.2,1.0,0.0
9,13982,WACM,COAL,95.0,1.0,0.0
9,13981,WACM,COAL,88.0,1.0,0.0
9,13961,WACM,COAL,83.19,1.0,0.0
9,13943,WACM,COAL,80.0,1.0,0.0
9,13422,WALC,COAL,49.359,1.0,0.0
10,3049,AESO,BIO,18.0,1.0,0.0
10,3243,AESO,BIO,22.335,1.0,0.0
10,3284,AESO,BIO,25.0,1.0,0.0
10,3292,AESO,BIO,11.6,1.0,0.0
10,3343,AESO,BIO,18.0,1.0,0.0
10,3384,AESO,BIO,41.0,1.0,0.0
10,3385,AESO,BIO,41.0,1.0,0.0
10,3386,AESO,BIO,17.0,1.0,0.0
10,3387,AESO,BIO,32.0,1.0,0.0
10,9565,AESO,BIO,20.0,1.0,0.0
10,9566,AESO,BIO,30.0,1.0,0.0
10,9592,AESO,BIO,48.0,1.0,0.0
10,13106,AESO,BIO,43.0,1.0,0.0
10,3218,AESO,NG,407.0,1.0,0.0
10,3219,AESO,NG,148.0,1.0,0.0
10,3220,AESO,NG,148.0,1.0,0.0
10,3221,AESO,NG,408.0,1.0,0.0
10,3222,AESO,NG,408.0,1.0,0.0
10,3238,AESO,NG,151.0,1.0,0.0
10,9198,AESO,NG,280.0,1.0,0.0
10,3017,AESO,NG,101.0,1.0,0.0
10,3041,AESO,NG,2.2,1.0,0.0
10,3042,AESO,NG,2.2,1.0,0.0
10,3043,AESO,NG,2.2,1.0,0.0
10,3044,AESO,NG,2.2,1.0,0.0
10,3047,AESO,NG,105.0,1.0,0.0
10,3072,AESO,NG,101.0,1.0,0.0
10,3096,AESO,NG,5.4,1.0,0.0
10,3126,AESO,NG,46.0,1.0,0.0
10,3139,AESO,NG,5.0,1.0,0.0
10,3190,AESO,NG,48.0,1.0,0.0
10,3215,AESO,NG,50.0,1.0,1.0
10,3217,AESO,NG,48.0,1.0,0.0
10,3232,AESO,NG,101.0,1.0,0.0
10,3234,AESO,NG,50.0,1.0,1.0
10,3235,AESO,NG,50.0,1.0,0.0
10,3242,AESO,NG,18.0,1.0,0.0
10,3244,AESO,NG,50.0,1.0,0.0
10,3245,AESO,NG,47.0,1.0,0.0
10,3249,AESO,NG,36.5,1.0,0.0
10,3250,AESO,NG,36.5,1.0,0.0
10,3254,AESO,NG,101.0,1.0,0.0
10,3259,AESO,NG,40.0,1.0,0.0
10,3261,AESO,NG,25.0,1.0,0.0
10,3262,AESO,NG,30.0,1.0,0.0
10,3263,AESO,NG,35.0,1.0,0.0
10,3264,AESO,NG,30.0,1.0,0.0
10,3357,AESO,NG,3.0,1.0,0.0
10,3358,AESO,NG,3.0,1.0,0.0
10,3359,AESO,NG,4.9,1.0,0.0
10,3370,AESO,NG,47.5,1.0,0.0
10,5241,AESO,NG,48.0,1.0,0.0
10,5274,AESO,NG,48.0,1.0,0.0
10,5302,AESO,NG,48.0,1.0,0.0
10,5802,AESO,NG,120.0,1.0,0.0
10,6087,AESO,NG,330.0,1.0,0.0
10,6150,AESO,NG,120.0,1.0,0.0
10,6611,AESO,NG,128.0,1.0,0.0
10,7724,AESO,NG,15.5,1.0,0.0
10,7725,AESO,NG,6.0,1.0,0.0
10,7727,AESO,NG,8.0,1.0,0.0
10,7851,AESO,NG,3.0,1.0,0.0
10,7852,AESO,NG,2.0,1.0,0.0
10,8055,AESO,NG,16.0,1.0,0.0
10,8417,AESO,NG,141.0,1.0,0.0
10,8781,AESO,NG,3.0,1.0,0.0
10,8782,AESO,NG,3.5,1.0,0.0
10,8783,AESO,NG,3.0,1.0,0.0
10,10169,AESO,NG,195.0,1.0,0.0
10,10179,AESO,NG,870.0,1.0,0.0
10,13123,AESO,NG,6.3,1.0,0.0
10,13124,AESO,NG,6.3,1.0,0.0
10,13127,AESO,NG,10.0,1.0,0.0
10,13133,AESO,NG,20.0,1.0,0.0
10,13136,AESO,NG,16.5,1.0,0.0
10,13137,AESO,NG,10.0,1.0,0.0
10,14585,AESO,NG,15.0,1.0,0.0
10,14586,AESO,NG,15.0,1.0,0.0
10,14605,AESO,NG,362.5151052599989,1.0,0.0
10,14624,AESO,NG,45.0,1.0,0.0
10,14625,AESO,NG,45.0,1.0,0.0
10,14644,AESO,NG,45.0,1.0,0.0
10,14662,AESO,NG,45.0,1.0,0.0
10,15481,AESO,NG,6.5,1.0,0.0
10,15482,AESO,NG,6.5,1.0,0.0
10,15483,AESO,NG,6.5,1.0,0.0
10,15484,AESO,NG,6.5,1.0,0.0
10,15485,AESO,NG,6.5,1.0,0.0
10,15659,AESO,NG,395.0,1.0,0.0
10,15660,AESO,NG,411.0,1.0,0.0
10,15661,AESO,NG,406.0,1.0,0.0
10,15662,AESO,NG,406.0,1.0,0.0
10,15663,AESO,NG,353.0,1.0,0.0
10,15667,AESO,NG,401.0,1.0,0.0
10,16052,AESO,NG,605.2,1.0,0.0
10,16053,AESO,NG,262.8,1.0,0.0
10,2167,AVA,BIO,50.699999999999775,1.0,0.0
10,2190,AVA,BIO,6.2,1.0,0.0
10,2200,AVA,BIO,26.0,1.0,0.0
10,2206,AVA,BIO,28.8,1.0,0.0
10,2207,AVA,BIO,65.0,1.0,0.0
10,2198,AVA,NG,83.3,1.0,0.0
10,2199,AVA,NG,83.3,1.0,0.0
10,2215,AVA,NG,4.1,1.0,1.0
10,8427,AVA,NG,301.49,1.0,0.0
10,9848,AVA,NG,287.0,1.0,0.0
10,14033,AZPS,BIO,28.0,1.0,0.0
10,16040,AZPS,NG,252.4,1.0,0.0
10,16041,AZPS,NG,252.4,1.0,0.0
10,16042,AZPS,NG,252.4,1.0,0.0
10,16043,AZPS,NG,252.4,1.0,0.0
10,16070,AZPS,NG,136.428,1.0,0.0
10,13687,BANC,BIO,3.5,1.0,0.0
10,13688,BANC,BIO,3.5,1.0,0.0
10,13689,BANC,BIO,3.5,1.0,0.0
10,13690,BANC,BIO,3.5,1.0,0.0
10,13691,BANC,BIO,3.5,1.0,0.0
10,13708,BANC,NG,8.1,1.0,0.0
10,15928,BANC,NG,265.0,1.0,0.0
10,15929,BANC,NG,265.0,1.0,0.0
10,16060,BANC,NG,274.5,1.0,0.0
10,16061,BANC,NG,274.5,1.0,0.0
10,2516,BCHA,BIO,66.0,1.0,0.0
10,2581,BCHA,BIO,16.39,1.0,0.0
10,2634,BCHA,BIO,20.39,1.0,0.0
10,2644,BCHA,BIO,24.75,1.0,0.0
10,2645,BCHA,BIO,1.667,1.0,0.0
10,2646,BCHA,BIO,1.667,1.0,0.0
10,2647,BCHA,BIO,1.667,1.0,0.0
10,2648,BCHA,BIO,1.851,1.0,0.0
10,2691,BCHA,BIO,32.0,1.0,0.0
10,2744,BCHA,BIO,16.0,1.0,0.0
10,2745,BCHA,BIO,28.0,1.0,0.0
10,2746,BCHA,BIO,32.0,1.0,0.0
10,2766,BCHA,BIO,7.5,1.0,0.0
10,2990,BCHA,BIO,52.29,1.0,0.0
10,2991,BCHA,BIO,48.0,1.0,0.0
10,6066,BCHA,BIO,4.8,1.0,0.0
10,6104,BCHA,BIO,36.0,1.0,0.0
10,6121,BCHA,BIO,32.7,1.0,0.0
10,6122,BCHA,BIO,28.69,1.0,0.0
10,6155,BCHA,BIO,1.26,1.0,0.0
10,6833,BCHA,BIO,1.03,1.0,0.0
10,7014,BCHA,BIO,0.34,1.0,0.0
10,7068,BCHA,BIO,55.0,1.0,0.0
10,7171,BCHA,BIO,62.5,1.0,0.0
10,7172,BCHA,BIO,50.0,1.0,0.0
10,8349,BCHA,BIO,38.0,1.0,0.0
10,11890,BCHA,BIO,1.0,1.0,0.0
10,11891,BCHA,BIO,1.0,1.0,0.0
10,15470,BCHA,BIO,28.0,1.0,0.0
10,15471,BCHA,BIO,16.0,1.0,0.0
10,15664,BCHA,BIO,38.7,1.0,0.0
10,10736,BCHA,GEO,107.0,1.0,0.0
10,2517,BCHA,NG,55.0,1.0,1.0
10,2518,BCHA,NG,55.0,1.0,1.0
10,2589,BCHA,NG,23.0,1.0,0.0
10,2590,BCHA,NG,23.0,1.0,0.0
10,3040,AESO,NG,2.4,1.0,0.0
10,3247,AESO,NG,40.0,1.0,0.0
10,3248,AESO,NG,30.0,1.0,0.0
10,5051,BCHA,NG,290.0,1.0,0.0
10,6625,AESO,NG,25.0,1.0,0.0
10,6755,AESO,NG,101.0,1.0,0.0
10,7003,AESO,NG,93.0,1.0,0.0
10,7541,AESO,NG,130.0,1.0,1.0
10,7726,AESO,NG,4.1,1.0,0.0
10,8260,AESO,NG,46.0,1.0,0.0
10,8632,AESO,NG,5.5,1.0,0.0
10,9134,AESO,NG,20.0,1.0,0.0
10,9218,AESO,NG,75.0,1.0,0.0
10,9219,AESO,NG,344.0,1.0,0.0
10,9329,AESO,NG,85.0,1.0,0.0
10,11725,AESO,NG,1.6,1.0,0.0
10,11726,AESO,NG,1.6,1.0,0.0
10,11841,AESO,NG,2.9,1.0,0.0
10,11842,AESO,NG,2.9,1.0,0.0
10,11914,AESO,NG,17.0,1.0,0.0
10,11915,AESO,NG,3.0,1.0,0.0
10,11916,AESO,NG,2.0,1.0,0.0
10,13122,AESO,NG,6.5,1.0,0.0
10,13128,AESO,NG,15.0,1.0,0.0
10,13129,AESO,NG,15.0,1.0,0.0
10,13134,AESO,NG,3.1,1.0,0.0
10,13135,AESO,NG,3.1,1.0,0.0
10,14834,AESO,NG,150.81,1.0,0.0
10,15656,AESO,NG,408.0,1.0,0.0
10,15657,AESO,NG,418.5,1.0,0.0
10,15658,AESO,NG,430.0,1.0,0.0
10,15674,AESO,NG,19.55,1.0,0.0
10,15675,AESO,NG,2.9,1.0,0.0
10,15676,AESO,NG,2.3,1.0,0.0
10,15677,AESO,NG,7.0,1.0,0.0
10,1972,BPAT,BIO,40.0,1.0,0.0
10,2051,BPAT,BIO,18.0,1.0,0.0
10,2076,BPAT,BIO,14.7,1.0,0.0
10,2077,BPAT,BIO,20.0,1.0,0.0
10,2078,BPAT,BIO,25.0,1.0,0.0
10,2079,BPAT,BIO,12.25,1.0,0.0
10,6343,BPAT,BIO,0.8,1.0,0.0
10,6344,BPAT,BIO,0.8,1.0,0.0
10,6345,BPAT,BIO,1.5,1.0,0.0
10,6346,BPAT,BIO,1.5,1.0,0.0
10,9593,BPAT,BIO,5.0,1.0,0.0
10,9595,BPAT,BIO,31.28,1.0,0.0
10,13116,BPAT,BIO,12.5,1.0,0.0
10,14182,BPAT,BIO,17.2,1.0,0.0
10,14186,BPAT,BIO,37.2,1.0,0.0
10,14572,BPAT,BIO,36.0,1.0,0.0
10,2063,BPAT,NG,265.0,1.0,0.0
10,6835,BPAT,NG,269.2,1.0,0.0
10,14571,BPAT,NG,9.9,1.0,0.0
10,2491,BPAT,NUCLEAR,1186.0,1.0,0.0
10,437,CENACE,GEO,25.0,1.0,0.0
10,438,CENACE,GEO,25.0,1.0,0.0
10,439,CENACE,GEO,25.0,1.0,0.0
10,440,CENACE,GEO,25.0,1.0,0.0
10,441,CENACE,GEO,30.0,1.0,0.0
10,446,CENACE,GEO,110.0,1.0,0.0
10,447,CENACE,GEO,110.0,1.0,0.0
10,448,CENACE,GEO,110.0,1.0,0.0
10,457,CENACE,GEO,110.0,1.0,0.0
10,8227,CENACE,NG,277.0,1.0,0.0
10,14839,CENACE,NG,248.0,1.0,0.0
10,15254,CENACE,NG,793.0,1.0,0.0
10,15341,CENACE,NG,1.0,1.0,0.0
10,15991,CENACE,NG,165.0,1.0,0.0
10,15992,CENACE,NG,165.0,1.0,0.0
10,15993,CENACE,NG,405.0,1.0,0.0
10,548,CISO,BIO,2.999999999992724,1.0,0.0
10,549,CISO,BIO,0.95,1.0,0.0
10,550,CISO,BIO,5.0,1.0,0.0
10,551,CISO,BIO,3.0,1.0,0.0
10,555,CISO,BIO,2.9,1.0,0.0
10,570,CISO,BIO,1.88,1.0,0.0
10,572,CISO,BIO,1.88,1.0,0.0
10,629,CISO,BIO,47.0,1.0,0.0
10,633,CISO,BIO,34.0,1.0,0.0
10,795,CISO,BIO,9.708,1.0,0.0
10,836,CISO,BIO,1.3,1.0,0.0
10,1008,CISO,BIO,1.88,1.0,0.0
10,1156,CISO,BIO,10.5,1.0,0.0
10,1168,CISO,BIO,10.8,1.0,0.0
10,1187,CISO,BIO,24.48,1.0,0.0
10,1188,CISO,BIO,6.6,1.0,0.0
10,1300,CISO,BIO,12.0,1.0,0.0
10,1331,CISO,BIO,57.43,1.0,0.0
10,1392,CISO,BIO,24.2,1.0,0.0
10,1398,CISO,BIO,2.57,1.0,0.0
10,1399,CISO,BIO,2.57,1.0,0.0
10,1400,CISO,BIO,2.57,1.0,0.0
10,1401,CISO,BIO,2.57,1.0,0.0
10,1402,CISO,BIO,2.57,1.0,0.0
10,1403,CISO,BIO,2.57,1.0,0.0
10,1404,CISO,BIO,2.57,1.0,0.0
10,1413,CISO,BIO,10.0,1.0,0.0
10,1589,CISO,BIO,8.6,1.0,0.0
10,1590,CISO,BIO,5.7,1.0,0.0
10,1634,CISO,BIO,6.9,1.0,0.0
10,1635,CISO,BIO,12.5,1.0,0.0
10,1636,CISO,BIO,12.5,1.0,0.0
10,1637,CISO,BIO,12.5,1.0,0.0
10,1768,CISO,BIO,22.0,1.0,0.0
10,1774,CISO,BIO,13.1,1.0,0.0
10,1794,CISO,BIO,12.6,1.0,0.0
10,1838,CISO,BIO,17.2,1.0,0.0
10,5728,CISO,BIO,1.25,1.0,0.0
10,5729,CISO,BIO,1.25,1.0,0.0
10,5809,CISO,BIO,3.0,1.0,0.0
10,5865,CISO,BIO,0.75,1.0,0.0
10,5866,CISO,BIO,0.75,1.0,0.0
10,5872,CISO,BIO,14.4,1.0,0.0
10,5899,CISO,BIO,4.0,1.0,0.0
10,5900,CISO,BIO,3.7,1.0,0.0
10,5901,CISO,BIO,0.3,1.0,0.0
10,5999,CISO,BIO,37.828,1.0,0.0
10,6045,CISO,BIO,9.8,1.0,0.0
10,6069,CISO,BIO,4.6,1.0,0.0
10,6070,CISO,BIO,4.6,1.0,0.0
10,6071,CISO,BIO,4.6,1.0,0.0
10,6116,CISO,BIO,1.1,1.0,0.0
10,6117,CISO,BIO,1.1,1.0,0.0
10,6349,CISO,BIO,1.5,1.0,0.0
10,6352,CISO,BIO,1.2,1.0,0.0
10,6492,CISO,BIO,24.5,1.0,0.0
10,6601,CISO,BIO,1.5,1.0,0.0
10,6602,CISO,BIO,1.5,1.0,0.0
10,6603,CISO,BIO,1.5,1.0,0.0
10,6651,CISO,BIO,1.35,1.0,0.0
10,6652,CISO,BIO,1.35,1.0,0.0
10,6653,CISO,BIO,1.35,1.0,0.0
10,6756,CISO,BIO,0.7,1.0,0.0
10,7146,CISO,BIO,0.2,1.0,0.0
10,7147,CISO,BIO,0.2,1.0,0.0
10,7373,CISO,BIO,4.4,1.0,0.0
10,7374,CISO,BIO,3.0,1.0,0.0
10,7556,CISO,BIO,0.8,1.0,0.0
10,7557,CISO,BIO,0.8,1.0,0.0
10,7558,CISO,BIO,0.8,1.0,0.0
10,7559,CISO,BIO,0.8,1.0,0.0
10,7560,CISO,BIO,0.8,1.0,0.0
10,7561,CISO,BIO,0.8,1.0,0.0
10,7780,CISO,BIO,2.9,1.0,0.0
10,7816,CISO,BIO,1.3,1.0,0.0
10,7840,CISO,BIO,1.25,1.0,0.0
10,7841,CISO,BIO,1.25,1.0,0.0
10,7860,CISO,BIO,3.0,1.0,0.0
10,7861,CISO,BIO,3.0,1.0,0.0
10,7862,CISO,BIO,1.6,1.0,0.0
10,7868,CISO,BIO,1.95,1.0,0.0
10,7869,CISO,BIO,4.9,1.0,0.0
10,8080,CISO,BIO,7.14,1.0,0.0
10,8084,CISO,BIO,1.88,1.0,0.0
10,8085,CISO,BIO,1.88,1.0,0.0
10,8162,CISO,BIO,1.6,1.0,0.0
10,8163,CISO,BIO,2.7,1.0,0.0
10,8311,CISO,BIO,0.46,1.0,0.0
10,8312,CISO,BIO,2.29,1.0,0.0
10,8313,CISO,BIO,2.2,1.0,0.0
10,8371,CISO,BIO,3.0,1.0,0.0
10,8403,CISO,BIO,2.8,1.0,0.0
10,8404,CISO,BIO,3.3,1.0,0.0
10,8405,CISO,BIO,3.3,1.0,0.0
10,8406,CISO,BIO,3.3,1.0,0.0
10,8434,CISO,BIO,1.2,1.0,0.0
10,8682,CISO,BIO,3.0,1.0,0.0
10,8685,CISO,BIO,11.16,1.0,0.0
10,8811,CISO,BIO,1.3,1.0,0.0
10,8812,CISO,BIO,1.3,1.0,0.0
10,9227,CISO,BIO,3.0,1.0,0.0
10,9228,CISO,BIO,1.2,1.0,0.0
10,9229,CISO,BIO,1.2,1.0,0.0
10,9242,CISO,BIO,3.05,1.0,0.0
10,9322,CISO,BIO,2.8,1.0,0.0
10,9337,CISO,BIO,1.8,1.0,0.0
10,9338,CISO,BIO,1.8,1.0,0.0
10,9399,CISO,BIO,1.2,1.0,0.0
10,9723,CISO,BIO,0.5,1.0,0.0
10,10025,CISO,BIO,1.6,1.0,0.0
10,10026,CISO,BIO,1.0,1.0,0.0
10,10027,CISO,BIO,1.0,1.0,0.0
10,10028,CISO,BIO,1.4,1.0,0.0
10,10227,CISO,BIO,35.2,1.0,0.0
10,11103,CISO,BIO,28.24,1.0,0.0
10,11120,CISO,BIO,50.0,1.0,0.0
10,11138,CISO,BIO,5.0,1.0,0.0
10,12396,CISO,BIO,1.0,1.0,0.0
10,12397,CISO,BIO,0.4,1.0,0.0
10,12837,CISO,BIO,1.5,1.0,0.0
10,13104,CISO,BIO,50.0,1.0,0.0
10,13107,CISO,BIO,25.0,1.0,0.0
10,14499,CISO,BIO,26.5,1.0,0.0
10,14833,CISO,BIO,18.13,1.0,0.0
10,14884,CISO,BIO,1.2,1.0,0.0
10,14896,CISO,BIO,5.0,1.0,0.0
10,15377,CISO,BIO,12.0,1.0,0.0
10,15432,CISO,BIO,32.0,1.0,0.0
10,15783,CISO,BIO,4.7,1.0,0.0
10,15794,CISO,BIO,28.5,1.0,0.0
10,15797,CISO,BIO,24.0,1.0,0.0
10,15798,CISO,BIO,24.0,1.0,0.0
10,442,CISO,GEO,35.7,1.0,0.0
10,443,CISO,GEO,35.7,1.0,0.0
10,444,CISO,GEO,35.7,1.0,0.0
10,445,CISO,GEO,35.7,1.0,0.0
10,656,CISO,GEO,26.66667,1.0,0.0
10,657,CISO,GEO,26.66667,1.0,0.0
10,658,CISO,GEO,26.66667,1.0,0.0
10,663,CISO,GEO,16.0,1.0,0.0
10,664,CISO,GEO,16.0,1.0,0.0
10,665,CISO,GEO,16.0,1.0,0.0
10,1005,CISO,GEO,30.0,1.0,0.0
10,1006,CISO,GEO,30.0,1.0,0.0
10,1007,CISO,GEO,30.0,1.0,0.0
10,1265,CISO,GEO,1.5,1.0,0.0
10,1266,CISO,GEO,1.5,1.0,0.0
10,1597,CISO,GEO,11.0,1.0,0.0
10,1598,CISO,GEO,11.0,1.0,0.0
10,1602,CISO,GEO,47.0,1.0,0.0
10,1603,CISO,GEO,50.0,1.0,0.0
10,1604,CISO,GEO,72.0,1.0,0.0
10,1605,CISO,GEO,75.5,1.0,0.0
10,1606,CISO,GEO,27.5,1.0,0.0
10,1607,CISO,GEO,63.0,1.0,0.0
10,1608,CISO,GEO,70.0,1.0,0.0
10,1609,CISO,GEO,73.0,1.0,0.0
10,1610,CISO,GEO,57.0,1.0,0.0
10,1611,CISO,GEO,86.8,1.0,0.0
10,1612,CISO,GEO,47.9,1.0,0.0
10,1613,CISO,GEO,47.9,1.0,0.0
10,1614,CISO,GEO,49.215,1.0,0.0
10,1615,CISO,GEO,49.215,1.0,0.0
10,1616,CISO,GEO,12.5,1.0,0.0
10,1617,CISO,GEO,12.5,1.0,0.0
10,1618,CISO,GEO,6.5,1.0,0.0
10,1619,CISO,GEO,6.5,1.0,0.0
10,1620,CISO,GEO,36.0,1.0,0.0
10,1621,CISO,GEO,36.0,1.0,0.0
10,7684,CISO,GEO,20.0,1.0,0.0
10,7942,CISO,GEO,11.0,1.0,0.0
10,7943,CISO,GEO,11.0,1.0,0.0
10,8300,CISO,GEO,5.0,1.0,0.0
10,8301,CISO,GEO,5.0,1.0,0.0
10,8302,CISO,GEO,5.0,1.0,0.0
10,11122,CISO,GEO,78.0,1.0,0.0
10,13026,CISO,GEO,14.0,1.0,0.0
10,13102,CISO,GEO,51.9,1.0,0.0
10,13103,CISO,GEO,51.9,1.0,0.0
10,13105,CISO,GEO,59.0,1.0,0.0
10,14055,CISO,GEO,38.85,1.0,0.0
10,14056,CISO,GEO,50.0,1.0,0.0
10,14057,CISO,GEO,42.42,1.0,0.0
10,14058,CISO,GEO,52.73,1.0,0.0
10,14848,CISO,GEO,30.0,1.0,0.0
10,14923,CISO,GEO,38.0,1.0,0.0
10,15381,CISO,GEO,20.0,1.0,0.0
10,1248,CISO,NUCLEAR,1150.0,1.0,0.0
10,1249,CISO,NUCLEAR,1150.0,1.0,0.0
10,13507,IID,BIO,27.0,1.0,0.0
10,13561,IID,BIO,21.0,1.0,0.0
10,13509,IID,GEO,53.0,1.0,0.0
10,13510,IID,GEO,8.75,1.0,0.0
10,13511,IID,GEO,4.37,1.0,0.0
10,13516,IID,GEO,34.39,1.0,0.0
10,13517,IID,GEO,34.39,1.0,0.0
10,13519,IID,GEO,34.39,1.0,0.0
10,13520,IID,GEO,29.0,1.0,0.0
10,13521,IID,GEO,9.19,1.0,0.0
10,13522,IID,GEO,10.5,1.0,0.0
10,13523,IID,GEO,49.0,1.0,0.0
10,13524,IID,GEO,50.0,1.0,0.0
10,13543,IID,GEO,33.0,1.0,0.0
10,13544,IID,GEO,16.0,1.0,0.0
10,13554,IID,GEO,49.89,1.0,0.0
10,13555,IID,GEO,4.79,1.0,0.0
10,13556,IID,GEO,4.5,1.0,0.0
10,13557,IID,GEO,11.1,1.0,0.0
10,13558,IID,GEO,11.0,1.0,0.0
10,13559,IID,GEO,50.0,1.0,0.0
10,13562,IID,GEO,21.6,1.0,0.0
10,13563,IID,GEO,8.0,1.0,0.0
10,13564,IID,GEO,22.0,1.0,0.0
10,13570,IID,GEO,24.0,1.0,0.0
10,13571,IID,GEO,15.0,1.0,0.0
10,13572,IID,GEO,18.5,1.0,0.0
10,13573,IID,GEO,7.0,1.0,0.0
10,13574,IID,GEO,8.45,1.0,0.0
10,13578,IID,GEO,16.0,1.0,0.0
10,13579,IID,GEO,16.0,1.0,0.0
10,13580,IID,GEO,16.0,1.0,0.0
10,13581,IID,GEO,16.0,1.0,0.0
10,13582,IID,GEO,16.0,1.0,0.0
10,13583,IID,GEO,16.0,1.0,0.0
10,13584,IID,GEO,16.0,1.0,0.0
10,3434,IPCO,BIO,4.999999999999545,1.0,0.0
10,6118,IPCO,BIO,0.8,1.0,0.0
10,6119,IPCO,BIO,0.8,1.0,0.0
10,6120,IPCO,BIO,0.8,1.0,0.0
10,7116,IPCO,BIO,1.6,1.0,0.0
10,7117,IPCO,BIO,1.6,1.0,0.0
10,8549,IPCO,BIO,2.0,1.0,0.0
10,8550,IPCO,BIO,2.0,1.0,0.0
10,10116,IPCO,BIO,7.5,1.0,0.0
10,3400,IPCO,GEO,18.0,1.0,0.0
10,7941,IPCO,GEO,11.0,1.0,0.0
10,3407,IPCO,NG,170.9,1.0,0.0
10,7185,IPCO,NG,2.0,1.0,0.0
10,7188,IPCO,NG,2.0,1.0,0.0
10,7189,IPCO,NG,2.0,1.0,0.0
10,7509,IPCO,NG,330.0,1.0,0.0
10,8599,IPCO,NG,10.0,1.0,0.0
10,13714,NEVP,GEO,20.0,1.0,0.0
10,13715,NEVP,GEO,60.0,1.0,0.0
10,13716,NEVP,GEO,10.1,1.0,0.0
10,13717,NEVP,GEO,19.2,1.0,0.0
10,13718,NEVP,GEO,11.8,1.0,0.0
10,13719,NEVP,GEO,11.8,1.0,0.0
10,13720,NEVP,GEO,11.8,1.0,0.0
10,13721,NEVP,GEO,11.8,1.0,0.0
10,13724,NEVP,GEO,8.0,1.0,0.0
10,13725,NEVP,GEO,8.0,1.0,0.0
10,13726,NEVP,GEO,8.0,1.0,0.0
10,13727,NEVP,GEO,18.9,1.0,0.0
10,13728,NEVP,GEO,11.3,1.0,0.0
10,13729,NEVP,GEO,11.3,1.0,0.0
10,13730,NEVP,GEO,11.3,1.0,0.0
10,13731,NEVP,GEO,11.3,1.0,0.0
10,13732,NEVP,GEO,11.25,1.0,0.0
10,13733,NEVP,GEO,11.25,1.0,0.0
10,13734,NEVP,GEO,25.0,1.0,0.0
10,13752,NEVP,GEO,15.0,1.0,0.0
10,13753,NEVP,GEO,15.0,1.0,0.0
10,13754,NEVP,GEO,15.0,1.0,0.0
10,13755,NEVP,GEO,15.0,1.0,0.0
10,13756,NEVP,GEO,26.5,1.0,0.0
10,13757,NEVP,GEO,10.0,1.0,0.0
10,13758,NEVP,GEO,10.0,1.0,0.0
10,13759,NEVP,GEO,10.0,1.0,0.0
10,13760,NEVP,GEO,16.5,1.0,0.0
10,13762,NEVP,GEO,25.0,1.0,0.0
10,13763,NEVP,GEO,16.0,1.0,0.0
10,13764,NEVP,GEO,16.0,1.0,0.0
10,13765,NEVP,GEO,21.3,1.0,0.0
10,13766,NEVP,GEO,21.3,1.0,0.0
10,13767,NEVP,GEO,21.3,1.0,0.0
10,13769,NEVP,GEO,20.0,1.0,0.0
10,13770,NEVP,GEO,20.0,1.0,0.0
10,13771,NEVP,GEO,12.0,1.0,0.0
10,13772,NEVP,GEO,11.8,1.0,0.0
10,13774,NEVP,GEO,20.0,1.0,0.0
10,13775,NEVP,GEO,20.0,1.0,0.0
10,13776,NEVP,GEO,12.0,1.0,0.0
10,13427,NEVP,NG,21.0,1.0,0.0
10,13428,NEVP,NG,250.0,1.0,0.0
10,13429,NEVP,NG,250.0,1.0,0.0
10,13430,NEVP,NG,142.5,1.0,0.0
10,13433,NEVP,NG,96.26,1.0,0.0
10,13434,NEVP,NG,111.26,1.0,0.0
10,13440,NEVP,NG,267.74,1.0,0.0
10,13441,NEVP,NG,399.1830912299127,1.0,0.0
10,13442,NEVP,NG,267.74,1.0,0.0
10,13443,NEVP,NG,258.56,1.0,0.0
10,13444,NEVP,NG,281.38,1.0,0.0
10,13445,NEVP,NG,281.38,1.0,0.0
10,13449,NEVP,NG,112.4,1.0,0.0
10,13450,NEVP,NG,112.4,1.0,0.0
10,13773,NEVP,NG,266.37,1.0,0.0
10,15914,NEVP,NG,403.0,1.0,0.0
10,15916,NEVP,NG,659.6,1.0,0.0
10,15966,NEVP,NG,258.56,1.0,0.0
10,15972,NEVP,NG,356.0,1.0,0.0
10,15996,NEVP,NG,26.374,1.0,0.0
10,16028,NEVP,NG,147.0,1.0,0.0
10,16029,NEVP,NG,147.0,1.0,0.0
10,16054,NEVP,NG,152.5,1.0,0.0
10,3476,NWMT,NG,49.99999999999977,1.0,1.0
10,3477,NWMT,NG,50.0,1.0,1.0
10,3478,NWMT,NG,50.0,1.0,1.0
10,3522,NWMT,NG,6.0,1.0,0.0
10,3523,NWMT,NG,6.0,1.0,0.0
10,3524,NWMT,NG,6.0,1.0,0.0
10,3525,NWMT,NG,6.0,1.0,0.0
10,3526,NWMT,NG,6.0,1.0,0.0
10,3527,NWMT,NG,6.0,1.0,0.0
10,3528,NWMT,NG,6.0,1.0,0.0
10,3529,NWMT,NG,6.0,1.0,0.0
10,3530,NWMT,NG,6.0,1.0,0.0
10,3617,PACE,GEO,26.099999999999092,1.0,0.0
10,3618,PACE,GEO,12.0,1.0,0.0
10,3612,PACE,NG,17.0,1.0,0.0
10,3613,PACE,NG,17.0,1.0,0.0
10,3614,PACE,NG,17.0,1.0,0.0
10,3639,PACE,NG,16.106,1.0,0.0
10,3640,PACE,NG,16.106,1.0,0.0
10,3641,PACE,NG,16.2,1.0,0.0
10,3718,PACE,NG,13.5,1.0,0.0
10,3719,PACE,NG,13.5,1.0,0.0
10,6466,PACE,NG,242.0,1.0,0.0
10,7491,PACE,NG,303.6,1.0,0.0
10,7494,PACE,NG,288.2,1.0,0.0
10,14694,PACE,NG,1.0,1.0,0.0
10,15930,PACE,NG,420.7,1.0,0.0
10,15987,PACE,NG,408.6,1.0,0.0
10,15988,PACE,NG,182.7,1.0,0.0
10,15989,PACE,NG,185.4,1.0,0.0
10,15990,PACE,NG,469.8,1.0,0.0
10,1889,PACW,BIO,7.499999999999545,1.0,0.0
10,8587,PACW,BIO,10.0,1.0,0.0
10,11098,PACW,BIO,10.0,1.0,0.0
10,7432,PACW,NG,540.0,1.0,0.0
10,9960,PACW,NG,279.56,1.0,0.0
10,9961,PACW,NG,279.56,1.0,0.0
10,15985,PACW,NG,178.5,1.0,0.0
10,15986,PACW,NG,323.0,1.0,0.0
10,2346,PGE,BIO,10.0,1.0,0.0
10,5829,PGE,NG,476.698,1.0,0.0
10,9847,PGE,NG,296.0,1.0,0.0
10,10103,PGE,NG,483.3,1.0,0.0
10,10104,PGE,NG,18.8,1.0,1.0
10,10105,PGE,NG,18.8,1.0,1.0
10,10106,PGE,NG,18.8,1.0,1.0
10,10107,PGE,NG,18.8,1.0,1.0
10,10108,PGE,NG,18.8,1.0,1.0
10,10109,PGE,NG,18.8,1.0,1.0
10,10110,PGE,NG,18.8,1.0,1.0
10,10111,PGE,NG,18.8,1.0,1.0
10,10112,PGE,NG,18.8,1.0,1.0
10,10113,PGE,NG,18.8,1.0,1.0
10,10114,PGE,NG,18.8,1.0,1.0
10,10115,PGE,NG,18.8,1.0,1.0
10,15905,PGE,NG,292.36,1.0,1.0
10,6353,PNM,BIO,0.16,1.0,0.0
10,6354,PNM,BIO,0.16,1.0,0.0
10,6355,PNM,BIO,0.16,1.0,0.0
10,6356,PNM,BIO,0.16,1.0,0.0
10,6357,PNM,BIO,0.16,1.0,0.0
10,6358,PNM,BIO,0.16,1.0,0.0
10,6359,PNM,BIO,0.16,1.0,0.0
10,6360,PNM,BIO,0.16,1.0,0.0
10,6483,PNM,BIO,1.35,1.0,0.0
10,7634,PNM,BIO,0.067,1.0,0.0
10,8319,PNM,BIO,0.9,1.0,0.0
10,8320,PNM,BIO,2.25,1.0,0.0
10,8517,PNM,BIO,0.16,1.0,0.0
10,8518,PNM,BIO,0.16,1.0,0.0
10,8519,PNM,BIO,0.16,1.0,0.0
10,8520,PNM,BIO,0.16,1.0,0.0
10,8521,PNM,BIO,0.16,1.0,0.0
10,8522,PNM,BIO,0.16,1.0,0.0
10,10202,PNM,BIO,7.999999999999545,1.0,0.0
10,11101,PNM,BIO,3.45,1.0,0.0
10,11102,PNM,BIO,3.45,1.0,0.0
10,13110,PNM,BIO,10.0,1.0,0.0
10,13265,PNM,GEO,4.0,1.0,0.0
10,6828,PNM,NG,3.42,1.0,0.0
10,11104,PNM,NG,3.42,1.0,0.0
10,11105,PNM,NG,3.42,1.0,0.0
10,11106,PNM,NG,3.42,1.0,0.0
10,13240,PNM,NG,256.69,1.0,0.0
10,13243,PNM,NG,287.93,1.0,0.0
10,13503,PNM,NG,13.44,1.0,0.0
10,16004,PNM,NG,497.26,1.0,0.0
10,13785,PSCO,NG,300.14,1.0,0.0
10,13807,PSCO,NG,314.97,1.0,0.0
10,13813,PSCO,NG,271.9690000000006,1.0,0.0
10,13816,PSCO,NG,52.0,1.0,0.0
10,13869,PSCO,NG,622.0,1.0,0.0
10,15920,PSCO,NG,370.6,1.0,0.0
10,15945,PSCO,NG,140.0,1.0,0.0
10,16046,PSCO,NG,122.5,1.0,0.0
10,2398,PSEI,BIO,28.3,1.0,0.0
10,2399,PSEI,NG,71.2,1.0,1.0
10,6692,PSEI,NG,193.8,1.0,0.0
10,6749,PSEI,NG,253.44,1.0,0.0
10,7707,PSEI,NG,167.04,1.0,0.0
10,7855,PSEI,NG,319.9,1.0,0.0
10,9197,PSEI,NG,145.1,1.0,0.0
10,13338,SRP,NG,276.27,1.0,0.0
10,13370,SRP,NG,156.0,1.0,0.0
10,13375,SRP,NG,324.23,1.0,0.0
10,15937,SRP,NG,180.0,1.0,0.0
10,16050,SRP,NG,157.5,1.0,0.0
10,14108,TIDC,NG,286.0,1.0,0.0
10,16068,TIDC,NG,136.73000000000002,1.0,0.0
10,1990,TPWR,BIO,64.0,1.0,0.0
10,10145,TPWR,BIO,26.0,1.0,0.0
10,13976,WACM,NG,238.76,1.0,0.0
10,13986,WACM,NG,49.55,1.0,0.0
10,15948,WACM,NG,400.4,1.0,0.0
10,15949,WACM,NG,153.9,1.0,0.0
10,13494,WALC,NG,250.69,1.0,0.0
10,13495,WALC,NG,336.0,1.0,0.0
10,15962,WALC,NG,478.4,1.0,0.0
10,16056,WALC,NG,275.0,1.0,0.0
10,16057,WALC,NG,275.0,1.0,0.0
10,1115,CISO,NG,267.0,1.0,0.0
10,1116,CISO,NG,266.0,1.0,0.0
10,1117,CISO,NG,266.0,1.0,0.0
10,1118,CISO,NG,267.0,1.0,0.0
10,1405,CISO,NG,3.105,1.0,0.0
10,1445,CISO,NG,56.2,1.0,0.0
10,1447,CISO,NG,21.384,1.0,0.0
10,1448,CISO,NG,21.384,1.0,0.0
10,1449,CISO,NG,21.384,1.0,0.0
10,9895,CISO,NG,83.24667,1.0,0.0
10,9896,CISO,NG,41.62333,1.0,0.0
10,10214,CISO,NG,625.0,1.0,0.0
10,15255,CISO,NG,322.0,1.0,0.0
10,15908,CISO,NG,493.63,1.0,0.0
10,15939,CISO,NG,247.29,1.0,0.0
10,15940,CISO,NG,247.29,1.0,0.0
10,15943,CISO,NG,275.85,1.0,0.0
10,15944,CISO,NG,275.85,1.0,0.0
10,15975,CISO,NG,166.667,1.0,0.0
10,15978,CISO,NG,336.9,1.0,0.0
10,16018,CISO,NG,277.5,1.0,0.0
10,16019,CISO,NG,277.5,1.0,0.0
10,16020,CISO,NG,277.5,1.0,0.0
10,16021,CISO,NG,277.5,1.0,0.0
10,16032,CISO,NG,294.10500000000235,1.0,0.0
10,16033,CISO,NG,184.4250122999993,1.0,0.0
10,16034,CISO,NG,266.49,1.0,0.0
10,16035,CISO,NG,266.49,1.0,0.0
10,16058,CISO,NG,293.01,1.0,0.0
10,16059,CISO,NG,293.01,1.0,0.0
10,13304,SRP,NUCLEAR,1372.2,1.0,0.0
10,13305,SRP,NUCLEAR,1375.05,1.0,0.0
10,13306,SRP,NUCLEAR,1373.15,1.0,0.0
10,15322,AZPS,NG,87.0,1.0,0.0
10,15323,AZPS,NG,87.0,1.0,0.0
10,15324,AZPS,NG,87.0,1.0,0.0
10,15325,AZPS,NG,87.0,1.0,0.0
10,15326,AZPS,NG,87.0,1.0,0.0
10,15327,AZPS,NG,87.0,1.0,0.0
10,14088,BANC,NG,81.0,1.0,0.0
10,17031,LDWP,NG,5.0,1.0,0.0
10,13614,LDWP,NG,110.0,1.0,0.0
10,17212,LDWP,NG,398.0,1.0,0.0
10,17210,LDWP,NG,398.0,1.0,0.0
10,13284,TEPC,NG,550.0,1.0,0.0
10,13403,TEPC,NG,297.0,1.0,0.0
10,13404,TEPC,NG,297.0,1.0,0.0
10,13295,AZPS,COAL,818.1,1.0,0.0
10,3504,IPCO,COAL,307.0,1.0,0.0
10,3505,IPCO,COAL,307.0,1.0,0.0
10,3694,IPCO,COAL,50.0,1.0,0.0
10,3695,IPCO,COAL,25.0,1.0,0.0
10,3696,IPCO,COAL,25.0,1.0,0.0
10,3582,NEVP,COAL,268.0,1.0,0.0
10,3583,NEVP,COAL,254.0,1.0,0.0
10,3507,NWMT,COAL,740.0001,1.0,0.0
10,3506,NWMT,COAL,740.0,1.0,0.0
10,3497,NWMT,COAL,135.0,1.0,0.0
10,3510,NWMT,COAL,64.0,1.0,0.0
10,3391,PACE,COAL,584.0,1.0,0.0
10,3461,PACE,COAL,140.0,1.0,0.0
10,3463,PACE,COAL,531.0,1.0,0.0
10,3462,PACE,COAL,527.0,1.0,0.0
10,3656,PACE,COAL,517.5,1.0,0.0
10,3619,PACE,COAL,499.5,1.0,0.0
10,3655,PACE,COAL,498.0,1.0,0.0
10,3638,PACE,COAL,495.6,1.0,0.0
10,3637,PACE,COAL,488.3,1.0,0.0
10,3636,PACE,COAL,488.3,1.0,0.0
10,3698,PACE,COAL,362.1,1.0,0.0
10,3635,PACE,COAL,360.0,1.0,0.0
10,3634,PACE,COAL,229.5,1.0,0.0
10,11093,PACE,COAL,217.6,1.0,0.0
10,13294,PNM,COAL,271.0,1.0,0.0
10,13796,PSCO,COAL,552.28,1.0,0.0
10,13888,PSCO,COAL,467.261,1.0,0.0
10,14002,PSCO,COAL,428.0,1.0,0.0
10,14129,PSCO,COAL,380.8,1.0,0.0
10,13787,PSCO,COAL,335.0,1.0,0.0
10,13786,PSCO,COAL,325.0,1.0,0.0
10,13960,PSCO,COAL,49.65,1.0,0.0
10,13386,SRP,COAL,750.0,1.0,0.0
10,13387,SRP,COAL,750.0,1.0,0.0
10,13388,SRP,COAL,750.0,1.0,0.0
10,13385,SRP,COAL,170.0,1.0,0.0
10,13384,SRP,COAL,138.182,1.0,0.0
10,13389,TEPC,COAL,424.8,1.0,0.0
10,4029,WACM,COAL,621.0,1.0,0.0
10,4030,WACM,COAL,621.0,1.0,0.0
10,14004,WACM,COAL,448.0,1.0,0.0
10,14003,WACM,COAL,428.0,1.0,0.0
10,14001,WACM,COAL,405.0,1.0,0.0
10,14009,WACM,COAL,275.4,1.0,0.0
10,13958,WACM,COAL,207.0,1.0,0.0
10,14008,WACM,COAL,190.0,1.0,0.0
10,13962,WACM,COAL,141.031,1.0,0.0
10,13983,WACM,COAL,116.2,1.0,0.0
10,13982,WACM,COAL,95.0,1.0,0.0
10,13981,WACM,COAL,88.0,1.0,0.0
10,13961,WACM,COAL,83.19,1.0,0.0
10,13943,WACM,COAL,80.0,1.0,0.0
10,13422,WALC,COAL,49.359,1.0,0.0
11,3049,AESO,BIO,18.0,1.0,0.0
11,3243,AESO,BIO,22.335,1.0,0.0
11,3284,AESO,BIO,25.0,1.0,0.0
11,3292,AESO,BIO,11.6,1.0,0.0
11,3343,AESO,BIO,18.0,1.0,0.0
11,3384,AESO,BIO,41.0,1.0,0.0
11,3385,AESO,BIO,41.0,1.0,0.0
11,3386,AESO,BIO,17.0,1.0,0.0
11,3387,AESO,BIO,32.0,1.0,0.0
11,9565,AESO,BIO,20.0,1.0,0.0
11,9566,AESO,BIO,30.0,1.0,0.0
11,9592,AESO,BIO,48.0,1.0,0.0
11,13106,AESO,BIO,43.0,1.0,0.0
11,3218,AESO,NG,407.0,1.0,0.0
11,3219,AESO,NG,148.0,1.0,0.0
11,3220,AESO,NG,148.0,1.0,0.0
11,3221,AESO,NG,408.0,1.0,0.0
11,3222,AESO,NG,408.0,1.0,0.0
11,3238,AESO,NG,151.0,1.0,0.0
11,9198,AESO,NG,280.0,1.0,0.0
11,3017,AESO,NG,101.0,1.0,0.0
11,3041,AESO,NG,2.2,1.0,0.0
11,3042,AESO,NG,2.2,1.0,0.0
11,3043,AESO,NG,2.2,1.0,0.0
11,3044,AESO,NG,2.2,1.0,0.0
11,3047,AESO,NG,105.0,1.0,0.0
11,3072,AESO,NG,101.0,1.0,0.0
11,3096,AESO,NG,5.4,1.0,0.0
11,3126,AESO,NG,46.0,1.0,0.0
11,3139,AESO,NG,5.0,1.0,0.0
11,3190,AESO,NG,48.0,1.0,0.0
11,3215,AESO,NG,50.0,1.0,0.0
11,3217,AESO,NG,48.0,1.0,0.0
11,3232,AESO,NG,101.0,1.0,0.0
11,3234,AESO,NG,50.0,1.0,0.0
11,3235,AESO,NG,50.0,1.0,0.0
11,3242,AESO,NG,18.0,1.0,0.0
11,3244,AESO,NG,50.0,1.0,0.0
11,3245,AESO,NG,47.0,1.0,0.0
11,3249,AESO,NG,36.5,1.0,0.0
11,3250,AESO,NG,36.5,1.0,0.0
11,3254,AESO,NG,101.0,1.0,0.0
11,3259,AESO,NG,40.0,1.0,0.0
11,3261,AESO,NG,25.0,1.0,0.0
11,3262,AESO,NG,30.0,1.0,0.0
11,3263,AESO,NG,35.0,1.0,0.0
11,3264,AESO,NG,30.0,1.0,0.0
11,3357,AESO,NG,3.0,1.0,0.0
11,3358,AESO,NG,3.0,1.0,0.0
11,3359,AESO,NG,4.9,1.0,0.0
11,3370,AESO,NG,47.5,1.0,0.0
11,5241,AESO,NG,48.0,1.0,0.0
11,5274,AESO,NG,48.0,1.0,0.0
11,5302,AESO,NG,48.0,1.0,0.0
11,5802,AESO,NG,120.0,1.0,0.0
11,6087,AESO,NG,330.0,1.0,0.0
11,6150,AESO,NG,120.0,1.0,0.0
11,6611,AESO,NG,128.0,1.0,0.0
11,7724,AESO,NG,15.5,1.0,0.0
11,7725,AESO,NG,6.0,1.0,0.0
11,7727,AESO,NG,8.0,1.0,0.0
11,7851,AESO,NG,3.0,1.0,0.0
11,7852,AESO,NG,2.0,1.0,0.0
11,8055,AESO,NG,16.0,1.0,0.0
11,8417,AESO,NG,141.0,1.0,0.0
11,8781,AESO,NG,3.0,1.0,0.0
11,8782,AESO,NG,3.5,1.0,0.0
11,8783,AESO,NG,3.0,1.0,0.0
11,10169,AESO,NG,195.0,1.0,0.0
11,10179,AESO,NG,870.0,1.0,0.0
11,13123,AESO,NG,6.3,1.0,0.0
11,13124,AESO,NG,6.3,1.0,0.0
11,13127,AESO,NG,10.0,1.0,0.0
11,13133,AESO,NG,20.0,1.0,0.0
11,13136,AESO,NG,16.5,1.0,0.0
11,13137,AESO,NG,10.0,1.0,0.0
11,14585,AESO,NG,15.0,1.0,0.0
11,14586,AESO,NG,15.0,1.0,0.0
11,14605,AESO,NG,288.20668421000073,1.0,0.0
11,14624,AESO,NG,45.0,1.0,0.0
11,14625,AESO,NG,45.0,1.0,0.0
11,14644,AESO,NG,45.0,1.0,0.0
11,14662,AESO,NG,45.0,1.0,0.0
11,15481,AESO,NG,6.5,1.0,0.0
11,15482,AESO,NG,6.5,1.0,0.0
11,15483,AESO,NG,6.5,1.0,0.0
11,15484,AESO,NG,6.5,1.0,0.0
11,15485,AESO,NG,6.5,1.0,0.0
11,15659,AESO,NG,395.0,1.0,0.0
11,15660,AESO,NG,411.0,1.0,0.0
11,15661,AESO,NG,406.0,1.0,0.0
11,15662,AESO,NG,406.0,1.0,0.0
11,15663,AESO,NG,353.0,1.0,0.0
11,15667,AESO,NG,401.0,1.0,0.0
11,16052,AESO,NG,605.2,1.0,0.0
11,16053,AESO,NG,262.8,1.0,0.0
11,2167,AVA,BIO,50.69999999999932,1.0,0.0
11,2190,AVA,BIO,6.2,1.0,0.0
11,2200,AVA,BIO,26.0,1.0,0.0
11,2206,AVA,BIO,28.8,1.0,0.0
11,2207,AVA,BIO,65.0,1.0,0.0
11,2198,AVA,NG,83.3,1.0,0.0
11,2199,AVA,NG,83.3,1.0,0.0
11,2215,AVA,NG,4.1,1.0,0.0
11,8427,AVA,NG,301.49,1.0,0.0
11,9848,AVA,NG,287.0,1.0,0.0
11,14033,AZPS,BIO,28.0,1.0,0.0
11,16040,AZPS,NG,252.4,1.0,0.0
11,16041,AZPS,NG,252.4,1.0,0.0
11,16042,AZPS,NG,252.4,1.0,0.0
11,16043,AZPS,NG,252.4,1.0,0.0
11,16070,AZPS,NG,136.428,1.0,0.0
11,13687,BANC,BIO,3.5,1.0,0.0
11,13688,BANC,BIO,3.5,1.0,0.0
11,13689,BANC,BIO,3.5,1.0,0.0
11,13690,BANC,BIO,3.5,1.0,0.0
11,13691,BANC,BIO,3.5,1.0,0.0
11,13708,BANC,NG,8.1,1.0,0.0
11,15928,BANC,NG,265.0,1.0,0.0
11,15929,BANC,NG,265.0,1.0,0.0
11,16060,BANC,NG,274.5,1.0,0.0
11,16061,BANC,NG,274.5,1.0,0.0
11,2516,BCHA,BIO,66.0,1.0,0.0
11,2581,BCHA,BIO,16.39,1.0,0.0
11,2634,BCHA,BIO,20.39,1.0,0.0
11,2644,BCHA,BIO,24.75,1.0,0.0
11,2645,BCHA,BIO,1.667,1.0,0.0
11,2646,BCHA,BIO,1.667,1.0,0.0
11,2647,BCHA,BIO,1.667,1.0,0.0
11,2648,BCHA,BIO,1.851,1.0,0.0
11,2691,BCHA,BIO,32.0,1.0,0.0
11,2744,BCHA,BIO,16.0,1.0,0.0
11,2745,BCHA,BIO,28.0,1.0,0.0
11,2746,BCHA,BIO,32.0,1.0,0.0
11,2766,BCHA,BIO,7.5,1.0,0.0
11,2990,BCHA,BIO,52.29,1.0,0.0
11,2991,BCHA,BIO,48.0,1.0,0.0
11,6066,BCHA,BIO,4.8,1.0,0.0
11,6104,BCHA,BIO,36.0,1.0,0.0
11,6121,BCHA,BIO,32.7,1.0,0.0
11,6122,BCHA,BIO,28.69,1.0,0.0
11,6155,BCHA,BIO,1.26,1.0,0.0
11,6833,BCHA,BIO,1.03,1.0,0.0
11,7014,BCHA,BIO,0.34,1.0,0.0
11,7068,BCHA,BIO,55.0,1.0,0.0
11,7171,BCHA,BIO,62.5,1.0,0.0
11,7172,BCHA,BIO,50.0,1.0,0.0
11,8349,BCHA,BIO,38.0,1.0,0.0
11,11890,BCHA,BIO,1.0,1.0,0.0
11,11891,BCHA,BIO,1.0,1.0,0.0
11,15470,BCHA,BIO,28.0,1.0,0.0
11,15471,BCHA,BIO,16.0,1.0,0.0
11,15664,BCHA,BIO,38.7,1.0,0.0
11,10736,BCHA,GEO,107.0,1.0,0.0
11,2517,BCHA,NG,55.0,1.0,0.0
11,2518,BCHA,NG,55.0,1.0,0.0
11,2589,BCHA,NG,23.0,1.0,0.0
11,2590,BCHA,NG,23.0,1.0,0.0
11,3040,AESO,NG,2.4,1.0,0.0
11,3247,AESO,NG,40.0,1.0,0.0
11,3248,AESO,NG,30.0,1.0,0.0
11,5051,BCHA,NG,290.0,1.0,0.0
11,6625,AESO,NG,25.0,1.0,0.0
11,6755,AESO,NG,101.0,1.0,0.0
11,7003,AESO,NG,93.0,1.0,0.0
11,7541,AESO,NG,130.0,1.0,0.0
11,7726,AESO,NG,4.1,1.0,0.0
11,8260,AESO,NG,46.0,1.0,0.0
11,8632,AESO,NG,5.5,1.0,0.0
11,9134,AESO,NG,20.0,1.0,0.0
11,9218,AESO,NG,75.0,1.0,0.0
11,9219,AESO,NG,344.0,1.0,0.0
11,9329,AESO,NG,85.0,1.0,0.0
11,11725,AESO,NG,1.6,1.0,0.0
11,11726,AESO,NG,1.6,1.0,0.0
11,11841,AESO,NG,2.9,1.0,0.0
11,11842,AESO,NG,2.9,1.0,0.0
11,11914,AESO,NG,17.0,1.0,0.0
11,11915,AESO,NG,3.0,1.0,0.0
11,11916,AESO,NG,2.0,1.0,0.0
11,13122,AESO,NG,6.5,1.0,0.0
11,13128,AESO,NG,15.0,1.0,0.0
11,13129,AESO,NG,15.0,1.0,0.0
11,13134,AESO,NG,3.1,1.0,0.0
11,13135,AESO,NG,3.1,1.0,0.0
11,14834,AESO,NG,150.81,1.0,0.0
11,15656,AESO,NG,408.0,1.0,0.0
11,15657,AESO,NG,418.5,1.0,0.0
11,15658,AESO,NG,430.0,1.0,0.0
11,15674,AESO,NG,19.55,1.0,0.0
11,15675,AESO,NG,2.9,1.0,0.0
11,15676,AESO,NG,2.3,1.0,0.0
11,15677,AESO,NG,7.0,1.0,0.0
11,1972,BPAT,BIO,39.99999999999977,1.0,0.0
11,2051,BPAT,BIO,18.0,1.0,0.0
11,2076,BPAT,BIO,14.7,1.0,0.0
11,2077,BPAT,BIO,20.0,1.0,0.0
11,2078,BPAT,BIO,25.0,1.0,0.0
11,2079,BPAT,BIO,12.25,1.0,0.0
11,6343,BPAT,BIO,0.8,1.0,0.0
11,6344,BPAT,BIO,0.8,1.0,0.0
11,6345,BPAT,BIO,1.5,1.0,0.0
11,6346,BPAT,BIO,1.5,1.0,0.0
11,9593,BPAT,BIO,5.0,1.0,0.0
11,9595,BPAT,BIO,31.28,1.0,0.0
11,13116,BPAT,BIO,12.5,1.0,0.0
11,14182,BPAT,BIO,17.2,1.0,0.0
11,14186,BPAT,BIO,37.2,1.0,0.0
11,14572,BPAT,BIO,36.0,1.0,0.0
11,2063,BPAT,NG,265.0,1.0,0.0
11,2105,BPAT,NG,31.0,1.0,1.0
11,6835,BPAT,NG,269.2,1.0,0.0
11,14571,BPAT,NG,9.9,1.0,0.0
11,2491,BPAT,NUCLEAR,1186.0,1.0,0.0
11,437,CENACE,GEO,25.0,1.0,0.0
11,438,CENACE,GEO,25.0,1.0,0.0
11,439,CENACE,GEO,25.0,1.0,0.0
11,440,CENACE,GEO,25.0,1.0,0.0
11,441,CENACE,GEO,30.0,1.0,0.0
11,446,CENACE,GEO,110.0,1.0,0.0
11,447,CENACE,GEO,110.0,1.0,0.0
11,448,CENACE,GEO,110.0,1.0,0.0
11,457,CENACE,GEO,110.0,1.0,0.0
11,8227,CENACE,NG,277.0,1.0,0.0
11,14839,CENACE,NG,248.0,1.0,0.0
11,15254,CENACE,NG,793.0,1.0,0.0
11,15341,CENACE,NG,1.0,1.0,0.0
11,15991,CENACE,NG,165.0,1.0,0.0
11,15992,CENACE,NG,165.0,1.0,0.0
11,15993,CENACE,NG,405.0,1.0,0.0
11,548,CISO,BIO,3.0,1.0,0.0
11,549,CISO,BIO,0.95,1.0,0.0
11,550,CISO,BIO,5.0,1.0,0.0
11,551,CISO,BIO,3.0,1.0,0.0
11,555,CISO,BIO,2.9,1.0,0.0
11,570,CISO,BIO,1.88,1.0,0.0
11,572,CISO,BIO,1.88,1.0,0.0
11,629,CISO,BIO,47.0,1.0,0.0
11,633,CISO,BIO,34.0,1.0,0.0
11,795,CISO,BIO,9.708,1.0,0.0
11,836,CISO,BIO,1.3,1.0,0.0
11,1008,CISO,BIO,1.88,1.0,0.0
11,1156,CISO,BIO,10.5,1.0,0.0
11,1168,CISO,BIO,10.8,1.0,0.0
11,1187,CISO,BIO,24.48,1.0,0.0
11,1188,CISO,BIO,6.6,1.0,0.0
11,1300,CISO,BIO,12.0,1.0,0.0
11,1331,CISO,BIO,57.43,1.0,0.0
11,1392,CISO,BIO,24.2,1.0,0.0
11,1398,CISO,BIO,2.57,1.0,0.0
11,1399,CISO,BIO,2.57,1.0,0.0
11,1400,CISO,BIO,2.57,1.0,0.0
11,1401,CISO,BIO,2.57,1.0,0.0
11,1402,CISO,BIO,2.57,1.0,0.0
11,1403,CISO,BIO,2.57,1.0,0.0
11,1404,CISO,BIO,2.57,1.0,0.0
11,1413,CISO,BIO,10.0,1.0,0.0
11,1589,CISO,BIO,8.6,1.0,0.0
11,1590,CISO,BIO,5.7,1.0,0.0
11,1634,CISO,BIO,6.9,1.0,0.0
11,1635,CISO,BIO,12.5,1.0,0.0
11,1636,CISO,BIO,12.5,1.0,0.0
11,1637,CISO,BIO,12.5,1.0,0.0
11,1768,CISO,BIO,22.0,1.0,0.0
11,1774,CISO,BIO,13.1,1.0,0.0
11,1794,CISO,BIO,12.6,1.0,0.0
11,1838,CISO,BIO,17.2,1.0,0.0
11,5728,CISO,BIO,1.25,1.0,0.0
11,5729,CISO,BIO,1.25,1.0,0.0
11,5809,CISO,BIO,3.0,1.0,0.0
11,5865,CISO,BIO,0.75,1.0,0.0
11,5866,CISO,BIO,0.75,1.0,0.0
11,5872,CISO,BIO,14.4,1.0,0.0
11,5899,CISO,BIO,4.0,1.0,0.0
11,5900,CISO,BIO,3.7,1.0,0.0
11,5901,CISO,BIO,0.3,1.0,0.0
11,5999,CISO,BIO,37.828,1.0,0.0
11,6045,CISO,BIO,9.8,1.0,0.0
11,6069,CISO,BIO,4.6,1.0,0.0
11,6070,CISO,BIO,4.6,1.0,0.0
11,6071,CISO,BIO,4.6,1.0,0.0
11,6116,CISO,BIO,1.1,1.0,0.0
11,6117,CISO,BIO,1.1,1.0,0.0
11,6349,CISO,BIO,1.5,1.0,0.0
11,6352,CISO,BIO,1.2,1.0,0.0
11,6492,CISO,BIO,24.5,1.0,0.0
11,6601,CISO,BIO,1.5,1.0,0.0
11,6602,CISO,BIO,1.5,1.0,0.0
11,6603,CISO,BIO,1.5,1.0,0.0
11,6651,CISO,BIO,1.35,1.0,0.0
11,6652,CISO,BIO,1.35,1.0,0.0
11,6653,CISO,BIO,1.35,1.0,0.0
11,6756,CISO,BIO,0.7,1.0,0.0
11,7146,CISO,BIO,0.2,1.0,0.0
11,7147,CISO,BIO,0.2,1.0,0.0
11,7373,CISO,BIO,4.4,1.0,0.0
11,7374,CISO,BIO,3.0,1.0,0.0
11,7556,CISO,BIO,0.8,1.0,0.0
11,7557,CISO,BIO,0.8,1.0,0.0
11,7558,CISO,BIO,0.8,1.0,0.0
11,7559,CISO,BIO,0.8,1.0,0.0
11,7560,CISO,BIO,0.8,1.0,0.0
11,7561,CISO,BIO,0.8,1.0,0.0
11,7780,CISO,BIO,2.9,1.0,0.0
11,7816,CISO,BIO,1.3,1.0,0.0
11,7840,CISO,BIO,1.25,1.0,0.0
11,7841,CISO,BIO,1.25,1.0,0.0
11,7860,CISO,BIO,3.0,1.0,0.0
11,7861,CISO,BIO,3.0,1.0,0.0
11,7862,CISO,BIO,1.6,1.0,0.0
11,7868,CISO,BIO,1.95,1.0,0.0
11,7869,CISO,BIO,4.9,1.0,0.0
11,8080,CISO,BIO,7.14,1.0,0.0
11,8084,CISO,BIO,1.88,1.0,0.0
11,8085,CISO,BIO,1.88,1.0,0.0
11,8162,CISO,BIO,1.6,1.0,0.0
11,8163,CISO,BIO,2.7,1.0,0.0
11,8311,CISO,BIO,0.46,1.0,0.0
11,8312,CISO,BIO,2.29,1.0,0.0
11,8313,CISO,BIO,2.2,1.0,0.0
11,8371,CISO,BIO,3.0,1.0,0.0
11,8403,CISO,BIO,2.8,1.0,0.0
11,8404,CISO,BIO,3.3,1.0,0.0
11,8405,CISO,BIO,3.3,1.0,0.0
11,8406,CISO,BIO,3.3,1.0,0.0
11,8434,CISO,BIO,1.2,1.0,0.0
11,8682,CISO,BIO,3.0,1.0,0.0
11,8685,CISO,BIO,11.16,1.0,0.0
11,8811,CISO,BIO,1.3,1.0,0.0
11,8812,CISO,BIO,1.3,1.0,0.0
11,9227,CISO,BIO,3.0,1.0,0.0
11,9228,CISO,BIO,1.2,1.0,0.0
11,9229,CISO,BIO,1.2,1.0,0.0
11,9242,CISO,BIO,3.05,1.0,0.0
11,9322,CISO,BIO,2.8,1.0,0.0
11,9337,CISO,BIO,1.8,1.0,0.0
11,9338,CISO,BIO,1.8,1.0,0.0
11,9399,CISO,BIO,1.2,1.0,0.0
11,9723,CISO,BIO,0.5,1.0,0.0
11,10025,CISO,BIO,1.6,1.0,0.0
11,10026,CISO,BIO,1.0,1.0,0.0
11,10027,CISO,BIO,1.0,1.0,0.0
11,10028,CISO,BIO,1.4,1.0,0.0
11,11103,CISO,BIO,28.24,1.0,0.0
11,11120,CISO,BIO,50.0,1.0,0.0
11,11138,CISO,BIO,5.0,1.0,0.0
11,12396,CISO,BIO,1.0,1.0,0.0
11,12397,CISO,BIO,0.4,1.0,0.0
11,12837,CISO,BIO,1.5,1.0,0.0
11,13104,CISO,BIO,50.0,1.0,0.0
11,13107,CISO,BIO,25.0,1.0,0.0
11,14499,CISO,BIO,26.5,1.0,0.0
11,14833,CISO,BIO,18.13,1.0,0.0
11,14884,CISO,BIO,1.2,1.0,0.0
11,14896,CISO,BIO,5.0,1.0,0.0
11,15377,CISO,BIO,12.0,1.0,0.0
11,15432,CISO,BIO,32.0,1.0,0.0
11,15783,CISO,BIO,4.7,1.0,0.0
11,15794,CISO,BIO,28.5,1.0,0.0
11,15797,CISO,BIO,24.0,1.0,0.0
11,15798,CISO,BIO,24.0,1.0,0.0
11,442,CISO,GEO,35.7,1.0,0.0
11,443,CISO,GEO,35.7,1.0,0.0
11,444,CISO,GEO,35.7,1.0,0.0
11,445,CISO,GEO,35.7,1.0,0.0
11,656,CISO,GEO,26.66667,1.0,0.0
11,657,CISO,GEO,26.66667,1.0,0.0
11,658,CISO,GEO,26.66667,1.0,0.0
11,663,CISO,GEO,16.0,1.0,0.0
11,664,CISO,GEO,16.0,1.0,0.0
11,665,CISO,GEO,16.0,1.0,0.0
11,1005,CISO,GEO,30.0,1.0,0.0
11,1006,CISO,GEO,30.0,1.0,0.0
11,1007,CISO,GEO,30.0,1.0,0.0
11,1265,CISO,GEO,1.5,1.0,0.0
11,1266,CISO,GEO,1.5,1.0,0.0
11,1597,CISO,GEO,11.0,1.0,0.0
11,1598,CISO,GEO,11.0,1.0,0.0
11,1602,CISO,GEO,47.0,1.0,0.0
11,1603,CISO,GEO,50.0,1.0,0.0
11,1604,CISO,GEO,72.0,1.0,0.0
11,1605,CISO,GEO,75.5,1.0,0.0
11,1606,CISO,GEO,27.5,1.0,0.0
11,1607,CISO,GEO,63.0,1.0,0.0
11,1608,CISO,GEO,70.0,1.0,0.0
11,1609,CISO,GEO,73.0,1.0,0.0
11,1610,CISO,GEO,57.0,1.0,0.0
11,1611,CISO,GEO,86.8,1.0,0.0
11,1612,CISO,GEO,47.9,1.0,0.0
11,1613,CISO,GEO,47.9,1.0,0.0
11,1614,CISO,GEO,49.215,1.0,0.0
11,1615,CISO,GEO,49.215,1.0,0.0
11,1616,CISO,GEO,12.5,1.0,0.0
11,1617,CISO,GEO,12.5,1.0,0.0
11,1618,CISO,GEO,6.5,1.0,0.0
11,1619,CISO,GEO,6.5,1.0,0.0
11,1620,CISO,GEO,36.0,1.0,0.0
11,1621,CISO,GEO,36.0,1.0,0.0
11,7684,CISO,GEO,20.0,1.0,0.0
11,7942,CISO,GEO,11.0,1.0,0.0
11,7943,CISO,GEO,11.0,1.0,0.0
11,8300,CISO,GEO,5.0,1.0,0.0
11,8301,CISO,GEO,5.0,1.0,0.0
11,8302,CISO,GEO,5.0,1.0,0.0
11,11122,CISO,GEO,78.0,1.0,0.0
11,13026,CISO,GEO,14.0,1.0,0.0
11,13102,CISO,GEO,51.9,1.0,0.0
11,13103,CISO,GEO,51.9,1.0,0.0
11,13105,CISO,GEO,59.0,1.0,0.0
11,14055,CISO,GEO,38.85,1.0,0.0
11,14056,CISO,GEO,50.0,1.0,0.0
11,14057,CISO,GEO,42.42,1.0,0.0
11,14058,CISO,GEO,52.73,1.0,0.0
11,14848,CISO,GEO,30.0,1.0,0.0
11,14923,CISO,GEO,38.0,1.0,0.0
11,15381,CISO,GEO,20.0,1.0,0.0
11,1248,CISO,NUCLEAR,1150.0,1.0,0.0
11,1249,CISO,NUCLEAR,1150.0,1.0,0.0
11,13507,IID,BIO,27.0,1.0,0.0
11,13561,IID,BIO,21.0,1.0,0.0
11,13509,IID,GEO,53.0,1.0,0.0
11,13510,IID,GEO,8.75,1.0,0.0
11,13511,IID,GEO,4.37,1.0,0.0
11,13516,IID,GEO,34.39,1.0,0.0
11,13517,IID,GEO,34.39,1.0,0.0
11,13519,IID,GEO,34.39,1.0,0.0
11,13520,IID,GEO,29.0,1.0,0.0
11,13521,IID,GEO,9.19,1.0,0.0
11,13522,IID,GEO,10.5,1.0,0.0
11,13523,IID,GEO,49.0,1.0,0.0
11,13524,IID,GEO,50.0,1.0,0.0
11,13543,IID,GEO,33.0,1.0,0.0
11,13544,IID,GEO,16.0,1.0,0.0
11,13554,IID,GEO,49.89,1.0,0.0
11,13555,IID,GEO,4.79,1.0,0.0
11,13556,IID,GEO,4.5,1.0,0.0
11,13557,IID,GEO,11.1,1.0,0.0
11,13558,IID,GEO,11.0,1.0,0.0
11,13559,IID,GEO,50.0,1.0,0.0
11,13562,IID,GEO,21.6,1.0,0.0
11,13563,IID,GEO,8.0,1.0,0.0
11,13564,IID,GEO,22.0,1.0,0.0
11,13570,IID,GEO,24.0,1.0,0.0
11,13571,IID,GEO,15.0,1.0,0.0
11,13572,IID,GEO,18.5,1.0,0.0
11,13573,IID,GEO,7.0,1.0,0.0
11,13574,IID,GEO,8.45,1.0,0.0
11,13578,IID,GEO,16.0,1.0,0.0
11,13579,IID,GEO,16.0,1.0,0.0
11,13580,IID,GEO,16.0,1.0,0.0
11,13581,IID,GEO,16.0,1.0,0.0
11,13582,IID,GEO,16.0,1.0,0.0
11,13583,IID,GEO,16.0,1.0,0.0
11,13584,IID,GEO,16.0,1.0,0.0
11,3434,IPCO,BIO,4.999999999999545,1.0,0.0
11,6118,IPCO,BIO,0.8,1.0,0.0
11,6119,IPCO,BIO,0.8,1.0,0.0
11,6120,IPCO,BIO,0.8,1.0,0.0
11,7116,IPCO,BIO,1.6,1.0,0.0
11,7117,IPCO,BIO,1.6,1.0,0.0
11,8549,IPCO,BIO,2.0,1.0,0.0
11,8550,IPCO,BIO,2.0,1.0,0.0
11,10116,IPCO,BIO,7.5,1.0,0.0
11,3400,IPCO,GEO,18.0,1.0,0.0
11,7941,IPCO,GEO,11.0,1.0,0.0
11,3407,IPCO,NG,170.9,1.0,0.0
11,3408,IPCO,NG,172.8,1.0,1.0
11,3410,IPCO,NG,50.0,1.0,1.0
11,7185,IPCO,NG,2.0,1.0,0.0
11,7188,IPCO,NG,2.0,1.0,0.0
11,7189,IPCO,NG,2.0,1.0,0.0
11,7509,IPCO,NG,330.0,1.0,0.0
11,8599,IPCO,NG,5.661875699998745,1.0,0.0
11,13714,NEVP,GEO,19.99999999999818,1.0,0.0
11,13715,NEVP,GEO,60.0,1.0,0.0
11,13716,NEVP,GEO,10.1,1.0,0.0
11,13717,NEVP,GEO,19.2,1.0,0.0
11,13718,NEVP,GEO,11.8,1.0,0.0
11,13719,NEVP,GEO,11.8,1.0,0.0
11,13720,NEVP,GEO,11.8,1.0,0.0
11,13721,NEVP,GEO,11.8,1.0,0.0
11,13724,NEVP,GEO,8.0,1.0,0.0
11,13725,NEVP,GEO,8.0,1.0,0.0
11,13726,NEVP,GEO,8.0,1.0,0.0
11,13727,NEVP,GEO,18.9,1.0,0.0
11,13728,NEVP,GEO,11.3,1.0,0.0
11,13729,NEVP,GEO,11.3,1.0,0.0
11,13730,NEVP,GEO,11.3,1.0,0.0
11,13731,NEVP,GEO,11.3,1.0,0.0
11,13732,NEVP,GEO,11.25,1.0,0.0
11,13733,NEVP,GEO,11.25,1.0,0.0
11,13734,NEVP,GEO,25.0,1.0,0.0
11,13752,NEVP,GEO,15.0,1.0,0.0
11,13753,NEVP,GEO,15.0,1.0,0.0
11,13754,NEVP,GEO,15.0,1.0,0.0
11,13755,NEVP,GEO,15.0,1.0,0.0
11,13756,NEVP,GEO,26.5,1.0,0.0
11,13757,NEVP,GEO,10.0,1.0,0.0
11,13758,NEVP,GEO,10.0,1.0,0.0
11,13759,NEVP,GEO,10.0,1.0,0.0
11,13760,NEVP,GEO,16.5,1.0,0.0
11,13762,NEVP,GEO,25.0,1.0,0.0
11,13763,NEVP,GEO,16.0,1.0,0.0
11,13764,NEVP,GEO,16.0,1.0,0.0
11,13765,NEVP,GEO,21.3,1.0,0.0
11,13766,NEVP,GEO,21.3,1.0,0.0
11,13767,NEVP,GEO,21.3,1.0,0.0
11,13769,NEVP,GEO,20.0,1.0,0.0
11,13770,NEVP,GEO,20.0,1.0,0.0
11,13771,NEVP,GEO,12.0,1.0,0.0
11,13772,NEVP,GEO,11.8,1.0,0.0
11,13774,NEVP,GEO,20.0,1.0,0.0
11,13775,NEVP,GEO,20.0,1.0,0.0
11,13776,NEVP,GEO,12.0,1.0,0.0
11,13427,NEVP,NG,105.0,1.0,0.0
11,13428,NEVP,NG,250.0,1.0,0.0
11,13429,NEVP,NG,250.0,1.0,0.0
11,13430,NEVP,NG,142.5,1.0,0.0
11,13433,NEVP,NG,96.26,1.0,0.0
11,13434,NEVP,NG,111.26,1.0,0.0
11,13440,NEVP,NG,267.74,1.0,0.0
11,13441,NEVP,NG,735.0,1.0,0.0
11,13442,NEVP,NG,267.74,1.0,0.0
11,13443,NEVP,NG,258.56,1.0,0.0
11,13444,NEVP,NG,281.38,1.0,0.0
11,13445,NEVP,NG,281.38,1.0,0.0
11,13449,NEVP,NG,112.4,1.0,0.0
11,13450,NEVP,NG,112.4,1.0,0.0
11,13773,NEVP,NG,266.37,1.0,0.0
11,15914,NEVP,NG,403.0,1.0,0.0
11,15916,NEVP,NG,659.6,1.0,0.0
11,15966,NEVP,NG,258.56,1.0,0.0
11,15972,NEVP,NG,356.0,1.0,0.0
11,15996,NEVP,NG,181.5,1.0,0.0
11,16028,NEVP,NG,367.5,1.0,0.0
11,16029,NEVP,NG,367.5,1.0,0.0
11,16054,NEVP,NG,205.32100199999854,1.0,0.0
11,3476,NWMT,NG,50.0,1.0,0.0
11,3477,NWMT,NG,50.0,1.0,0.0
11,3478,NWMT,NG,50.0,1.0,0.0
11,3522,NWMT,NG,6.0,1.0,0.0
11,3523,NWMT,NG,6.0,1.0,0.0
11,3524,NWMT,NG,6.0,1.0,0.0
11,3525,NWMT,NG,6.0,1.0,0.0
11,3526,NWMT,NG,6.0,1.0,0.0
11,3527,NWMT,NG,6.0,1.0,0.0
11,3528,NWMT,NG,6.0,1.0,0.0
11,3529,NWMT,NG,6.0,1.0,0.0
11,3530,NWMT,NG,6.0,1.0,0.0
11,3617,PACE,GEO,26.099999999998182,1.0,0.0
11,3618,PACE,GEO,12.0,1.0,0.0
11,3612,PACE,NG,17.0,1.0,0.0
11,3613,PACE,NG,17.0,1.0,0.0
11,3614,PACE,NG,17.0,1.0,0.0
11,3639,PACE,NG,16.106,1.0,0.0
11,3640,PACE,NG,16.106,1.0,0.0
11,3641,PACE,NG,16.2,1.0,0.0
11,3718,PACE,NG,13.5,1.0,0.0
11,3719,PACE,NG,13.5,1.0,0.0
11,6466,PACE,NG,242.0,1.0,0.0
11,7491,PACE,NG,303.6,1.0,0.0
11,7494,PACE,NG,288.2,1.0,0.0
11,14694,PACE,NG,1.0,1.0,0.0
11,15930,PACE,NG,420.7,1.0,0.0
11,15987,PACE,NG,408.6,1.0,0.0
11,15988,PACE,NG,182.7,1.0,0.0
11,15989,PACE,NG,185.4,1.0,0.0
11,15990,PACE,NG,469.8,1.0,0.0
11,1889,PACW,BIO,7.5,1.0,0.0
11,8587,PACW,BIO,10.0,1.0,0.0
11,11098,PACW,BIO,10.0,1.0,0.0
11,2106,PACW,NG,29.39,1.0,1.0
11,2107,PACW,NG,29.39,1.0,1.0
11,7432,PACW,NG,540.0,1.0,0.0
11,9960,PACW,NG,279.56,1.0,0.0
11,9961,PACW,NG,279.56,1.0,0.0
11,15985,PACW,NG,178.5,1.0,0.0
11,15986,PACW,NG,323.0,1.0,0.0
11,2346,PGE,BIO,10.0,1.0,0.0
11,5829,PGE,NG,476.698,1.0,0.0
11,9847,PGE,NG,296.0,1.0,0.0
11,10103,PGE,NG,483.3,1.0,0.0
11,10104,PGE,NG,18.8,1.0,0.0
11,10105,PGE,NG,18.8,1.0,0.0
11,10106,PGE,NG,18.8,1.0,0.0
11,10107,PGE,NG,18.8,1.0,0.0
11,10108,PGE,NG,18.8,1.0,0.0
11,10109,PGE,NG,18.8,1.0,0.0
11,10110,PGE,NG,18.8,1.0,0.0
11,10111,PGE,NG,18.8,1.0,0.0
11,10112,PGE,NG,18.8,1.0,0.0
11,10113,PGE,NG,18.8,1.0,0.0
11,10114,PGE,NG,18.8,1.0,0.0
11,10115,PGE,NG,18.8,1.0,0.0
11,15905,PGE,NG,292.36,1.0,0.0
11,6353,PNM,BIO,0.16,1.0,0.0
11,6354,PNM,BIO,0.16,1.0,0.0
11,6355,PNM,BIO,0.16,1.0,0.0
11,6356,PNM,BIO,0.16,1.0,0.0
11,6357,PNM,BIO,0.16,1.0,0.0
11,6358,PNM,BIO,0.16,1.0,0.0
11,6359,PNM,BIO,0.16,1.0,0.0
11,6360,PNM,BIO,0.16,1.0,0.0
11,6483,PNM,BIO,1.35,1.0,0.0
11,7634,PNM,BIO,0.067,1.0,0.0
11,8319,PNM,BIO,0.9,1.0,0.0
11,8320,PNM,BIO,2.25,1.0,0.0
11,8517,PNM,BIO,0.16,1.0,0.0
11,8518,PNM,BIO,0.16,1.0,0.0
11,8519,PNM,BIO,0.16,1.0,0.0
11,8520,PNM,BIO,0.16,1.0,0.0
11,8521,PNM,BIO,0.16,1.0,0.0
11,8522,PNM,BIO,0.16,1.0,0.0
11,10202,PNM,BIO,8.0,1.0,0.0
11,11101,PNM,BIO,11.5,1.0,0.0
11,11102,PNM,BIO,11.5,1.0,0.0
11,13110,PNM,BIO,10.0,1.0,0.0
11,13265,PNM,GEO,4.0,1.0,0.0
11,6828,PNM,NG,3.42,1.0,0.0
11,11104,PNM,NG,3.42,1.0,0.0
11,11105,PNM,NG,3.42,1.0,0.0
11,11106,PNM,NG,3.42,1.0,0.0
11,13240,PNM,NG,256.69,1.0,0.0
11,13243,PNM,NG,287.93,1.0,0.0
11,13503,PNM,NG,67.2,1.0,0.0
11,16004,PNM,NG,497.26,1.0,0.0
11,13785,PSCO,NG,300.14,1.0,0.0
11,13807,PSCO,NG,314.97,1.0,0.0
11,13813,PSCO,NG,396.9,1.0,0.0
11,13816,PSCO,NG,52.0,1.0,0.0
11,13869,PSCO,NG,622.0,1.0,0.0
11,15920,PSCO,NG,370.6,1.0,0.0
11,15945,PSCO,NG,402.609000000001,1.0,0.0
11,16046,PSCO,NG,510.0,1.0,0.0
11,2398,PSEI,BIO,28.3,1.0,0.0
11,2399,PSEI,NG,71.2,1.0,0.0
11,2400,PSEI,NG,71.2,1.0,1.0
11,6692,PSEI,NG,193.8,1.0,0.0
11,6749,PSEI,NG,253.44,1.0,0.0
11,7707,PSEI,NG,167.04,1.0,0.0
11,7855,PSEI,NG,319.9,1.0,0.0
11,9197,PSEI,NG,145.1,1.0,0.0
11,13338,SRP,NG,276.27,1.0,0.0
11,13370,SRP,NG,277.0,1.0,0.0
11,13375,SRP,NG,324.23,1.0,0.0
11,15937,SRP,NG,180.0,1.0,0.0
11,16050,SRP,NG,456.0,1.0,0.0
11,14108,TIDC,NG,286.0,1.0,0.0
11,16068,TIDC,NG,183.23000000000002,1.0,0.0
11,1990,TPWR,BIO,64.0,1.0,0.0
11,10145,TPWR,BIO,26.0,1.0,0.0
11,13976,WACM,NG,238.76,1.0,0.0
11,13986,WACM,NG,49.55,1.0,0.0
11,15948,WACM,NG,400.4,1.0,0.0
11,15949,WACM,NG,153.9,1.0,0.0
11,13494,WALC,NG,250.69,1.0,0.0
11,13495,WALC,NG,336.0,1.0,0.0
11,15962,WALC,NG,478.3999999999995,1.0,0.0
11,16056,WALC,NG,275.0,1.0,0.0
11,16057,WALC,NG,275.0,1.0,0.0
11,1115,CISO,NG,267.0,1.0,0.0
11,1116,CISO,NG,266.0,1.0,0.0
11,1117,CISO,NG,266.0,1.0,0.0
11,1118,CISO,NG,267.0,1.0,0.0
11,1405,CISO,NG,3.105,1.0,0.0
11,1445,CISO,NG,56.2,1.0,0.0
11,1447,CISO,NG,21.384,1.0,0.0
11,1448,CISO,NG,21.384,1.0,0.0
11,1449,CISO,NG,21.384,1.0,0.0
11,9895,CISO,NG,83.24667,1.0,0.0
11,9896,CISO,NG,41.62333,1.0,0.0
11,10214,CISO,NG,625.0,1.0,0.0
11,15255,CISO,NG,322.0,1.0,0.0
11,15908,CISO,NG,493.63,1.0,0.0
11,15939,CISO,NG,247.29,1.0,0.0
11,15940,CISO,NG,247.29,1.0,0.0
11,15943,CISO,NG,275.85,1.0,0.0
11,15944,CISO,NG,275.85,1.0,0.0
11,15975,CISO,NG,166.667,1.0,0.0
11,15978,CISO,NG,336.9,1.0,0.0
11,16018,CISO,NG,277.5,1.0,0.0
11,16019,CISO,NG,277.5,1.0,0.0
11,16020,CISO,NG,277.5,1.0,0.0
11,16021,CISO,NG,277.5,1.0,0.0
11,16032,CISO,NG,145.0,1.0,0.0
11,16033,CISO,NG,145.0,1.0,0.0
11,16034,CISO,NG,266.49,1.0,0.0
11,16035,CISO,NG,266.49,1.0,0.0
11,16058,CISO,NG,293.01,1.0,0.0
11,16059,CISO,NG,293.01,1.0,0.0
11,13304,SRP,NUCLEAR,1372.2,1.0,0.0
11,13305,SRP,NUCLEAR,1375.05,1.0,0.0
11,13306,SRP,NUCLEAR,1373.15,1.0,0.0
11,15322,AZPS,NG,87.0,1.0,0.0
11,15323,AZPS,NG,87.0,1.0,0.0
11,15324,AZPS,NG,87.0,1.0,0.0
11,15325,AZPS,NG,87.0,1.0,0.0
11,15326,AZPS,NG,87.0,1.0,0.0
11,15327,AZPS,NG,87.0,1.0,0.0
11,14088,BANC,NG,81.0,1.0,0.0
11,17031,LDWP,NG,5.0,1.0,0.0
11,13614,LDWP,NG,110.0,1.0,0.0
11,17212,LDWP,NG,398.0,1.0,0.0
11,17210,LDWP,NG,398.0,1.0,0.0
11,13284,TEPC,NG,550.0,1.0,0.0
11,13403,TEPC,NG,297.0,1.0,0.0
11,13404,TEPC,NG,297.0,1.0,0.0
11,13295,AZPS,COAL,818.1,1.0,0.0
11,3504,IPCO,COAL,307.0,1.0,0.0
11,3505,IPCO,COAL,307.0,1.0,0.0
11,3694,IPCO,COAL,50.0,1.0,0.0
11,3695,IPCO,COAL,25.0,1.0,0.0
11,3696,IPCO,COAL,25.0,1.0,0.0
11,3582,NEVP,COAL,268.0,1.0,0.0
11,3583,NEVP,COAL,254.0,1.0,0.0
11,3507,NWMT,COAL,740.0001,1.0,0.0
11,3506,NWMT,COAL,740.0,1.0,0.0
11,3497,NWMT,COAL,135.0,1.0,0.0
11,3510,NWMT,COAL,64.0,1.0,0.0
11,3391,PACE,COAL,584.0,1.0,0.0
11,3461,PACE,COAL,140.0,1.0,0.0
11,3463,PACE,COAL,531.0,1.0,0.0
11,3462,PACE,COAL,527.0,1.0,0.0
11,3656,PACE,COAL,517.5,1.0,0.0
11,3619,PACE,COAL,499.5,1.0,0.0
11,3655,PACE,COAL,498.0,1.0,0.0
11,3638,PACE,COAL,495.6,1.0,0.0
11,3637,PACE,COAL,488.3,1.0,0.0
11,3636,PACE,COAL,488.3,1.0,0.0
11,3698,PACE,COAL,362.1,1.0,0.0
11,3635,PACE,COAL,360.0,1.0,0.0
11,3634,PACE,COAL,229.5,1.0,0.0
11,11093,PACE,COAL,217.6,1.0,0.0
11,13294,PNM,COAL,271.0,1.0,0.0
11,13796,PSCO,COAL,552.28,1.0,0.0
11,13888,PSCO,COAL,467.261,1.0,0.0
11,14002,PSCO,COAL,428.0,1.0,0.0
11,14129,PSCO,COAL,380.8,1.0,0.0
11,13787,PSCO,COAL,335.0,1.0,0.0
11,13786,PSCO,COAL,325.0,1.0,0.0
11,13960,PSCO,COAL,49.65,1.0,0.0
11,13386,SRP,COAL,750.0,1.0,0.0
11,13387,SRP,COAL,750.0,1.0,0.0
11,13388,SRP,COAL,750.0,1.0,0.0
11,13385,SRP,COAL,170.0,1.0,0.0
11,13384,SRP,COAL,138.182,1.0,0.0
11,13389,TEPC,COAL,424.8,1.0,0.0
11,4029,WACM,COAL,621.0,1.0,0.0
11,4030,WACM,COAL,621.0,1.0,0.0
11,14004,WACM,COAL,448.0,1.0,0.0
11,14003,WACM,COAL,428.0,1.0,0.0
11,14001,WACM,COAL,405.0,1.0,0.0
11,14009,WACM,COAL,275.4,1.0,0.0
11,13958,WACM,COAL,207.0,1.0,0.0
11,14008,WACM,COAL,190.0,1.0,0.0
11,13962,WACM,COAL,141.031,1.0,0.0
11,13983,WACM,COAL,116.2,1.0,0.0
11,13982,WACM,COAL,95.0,1.0,0.0
11,13981,WACM,COAL,88.0,1.0,0.0
11,13961,WACM,COAL,83.19,1.0,0.0
11,13943,WACM,COAL,80.0,1.0,0.0
11,13422,WALC,COAL,49.359,1.0,0.0
12,3049,AESO,BIO,18.0,1.0,0.0
12,3243,AESO,BIO,22.335,1.0,0.0
12,3284,AESO,BIO,25.0,1.0,0.0
12,3292,AESO,BIO,11.6,1.0,0.0
12,3343,AESO,BIO,18.0,1.0,0.0
12,3384,AESO,BIO,41.0,1.0,0.0
12,3385,AESO,BIO,41.0,1.0,0.0
12,3386,AESO,BIO,17.0,1.0,0.0
12,3387,AESO,BIO,32.0,1.0,0.0
12,9565,AESO,BIO,20.0,1.0,0.0
12,9566,AESO,BIO,30.0,1.0,0.0
12,9592,AESO,BIO,48.0,1.0,0.0
12,13106,AESO,BIO,43.0,1.0,0.0
12,3218,AESO,NG,407.0,1.0,0.0
12,3219,AESO,NG,148.0,1.0,0.0
12,3220,AESO,NG,148.0,1.0,0.0
12,3221,AESO,NG,408.0,1.0,0.0
12,3222,AESO,NG,408.0,1.0,0.0
12,3238,AESO,NG,151.0,1.0,0.0
12,9198,AESO,NG,280.0,1.0,0.0
12,3017,AESO,NG,101.0,1.0,0.0
12,3041,AESO,NG,2.2,1.0,0.0
12,3042,AESO,NG,2.2,1.0,0.0
12,3043,AESO,NG,2.2,1.0,0.0
12,3044,AESO,NG,2.2,1.0,0.0
12,3047,AESO,NG,105.0,1.0,0.0
12,3072,AESO,NG,101.0,1.0,0.0
12,3096,AESO,NG,5.4,1.0,0.0
12,3126,AESO,NG,46.0,1.0,0.0
12,3139,AESO,NG,5.0,1.0,0.0
12,3190,AESO,NG,48.0,1.0,0.0
12,3215,AESO,NG,50.0,1.0,0.0
12,3217,AESO,NG,48.0,1.0,0.0
12,3232,AESO,NG,101.0,1.0,0.0
12,3234,AESO,NG,50.0,1.0,0.0
12,3235,AESO,NG,50.0,1.0,0.0
12,3242,AESO,NG,18.0,1.0,0.0
12,3244,AESO,NG,50.0,1.0,0.0
12,3245,AESO,NG,47.0,1.0,0.0
12,3249,AESO,NG,36.5,1.0,0.0
12,3250,AESO,NG,36.5,1.0,0.0
12,3254,AESO,NG,101.0,1.0,0.0
12,3259,AESO,NG,40.0,1.0,0.0
12,3261,AESO,NG,25.0,1.0,0.0
12,3262,AESO,NG,30.0,1.0,0.0
12,3263,AESO,NG,35.0,1.0,0.0
12,3264,AESO,NG,30.0,1.0,0.0
12,3357,AESO,NG,3.0,1.0,0.0
12,3358,AESO,NG,3.0,1.0,0.0
12,3359,AESO,NG,4.9,1.0,0.0
12,3370,AESO,NG,47.5,1.0,0.0
12,5241,AESO,NG,48.0,1.0,0.0
12,5274,AESO,NG,48.0,1.0,0.0
12,5302,AESO,NG,48.0,1.0,0.0
12,5802,AESO,NG,120.0,1.0,0.0
12,6087,AESO,NG,330.0,1.0,0.0
12,6150,AESO,NG,120.0,1.0,0.0
12,6611,AESO,NG,128.0,1.0,0.0
12,7724,AESO,NG,15.5,1.0,0.0
12,7725,AESO,NG,6.0,1.0,0.0
12,7727,AESO,NG,8.0,1.0,0.0
12,7851,AESO,NG,3.0,1.0,0.0
12,7852,AESO,NG,2.0,1.0,0.0
12,8055,AESO,NG,16.0,1.0,0.0
12,8417,AESO,NG,141.0,1.0,0.0
12,8781,AESO,NG,3.0,1.0,0.0
12,8782,AESO,NG,3.5,1.0,0.0
12,8783,AESO,NG,3.0,1.0,0.0
12,10169,AESO,NG,195.0,1.0,0.0
12,10179,AESO,NG,870.0,1.0,0.0
12,13123,AESO,NG,6.3,1.0,0.0
12,13124,AESO,NG,6.3,1.0,0.0
12,13127,AESO,NG,10.0,1.0,0.0
12,13133,AESO,NG,20.0,1.0,0.0
12,13136,AESO,NG,16.5,1.0,0.0
12,13137,AESO,NG,10.0,1.0,0.0
12,14585,AESO,NG,15.0,1.0,0.0
12,14586,AESO,NG,15.0,1.0,0.0
12,14605,AESO,NG,387.09211639556287,1.0,0.0
12,14624,AESO,NG,45.0,1.0,0.0
12,14625,AESO,NG,45.0,1.0,0.0
12,14644,AESO,NG,45.0,1.0,0.0
12,14662,AESO,NG,45.0,1.0,0.0
12,15481,AESO,NG,6.5,1.0,0.0
12,15482,AESO,NG,6.5,1.0,0.0
12,15483,AESO,NG,6.5,1.0,0.0
12,15484,AESO,NG,6.5,1.0,0.0
12,15485,AESO,NG,6.5,1.0,0.0
12,15659,AESO,NG,395.0,1.0,0.0
12,15660,AESO,NG,411.0,1.0,0.0
12,15661,AESO,NG,406.0,1.0,0.0
12,15662,AESO,NG,406.0,1.0,0.0
12,15663,AESO,NG,353.0,1.0,0.0
12,15667,AESO,NG,401.0,1.0,0.0
12,16052,AESO,NG,605.2,1.0,0.0
12,16053,AESO,NG,262.8,1.0,0.0
12,2167,AVA,BIO,50.69999999999932,1.0,0.0
12,2190,AVA,BIO,6.2,1.0,0.0
12,2200,AVA,BIO,26.0,1.0,0.0
12,2206,AVA,BIO,28.8,1.0,0.0
12,2207,AVA,BIO,65.0,1.0,0.0
12,2168,AVA,NG,7.2,1.0,1.0
12,2198,AVA,NG,83.3,1.0,0.0
12,2199,AVA,NG,83.3,1.0,0.0
12,2210,AVA,NG,4.1,1.0,1.0
12,2211,AVA,NG,4.1,1.0,1.0
12,2212,AVA,NG,4.1,1.0,1.0
12,2213,AVA,NG,4.1,1.0,1.0
12,2214,AVA,NG,4.1,1.0,1.0
12,2215,AVA,NG,4.1,1.0,0.0
12,8427,AVA,NG,301.49,1.0,0.0
12,9848,AVA,NG,287.0,1.0,0.0
12,14033,AZPS,BIO,27.99999999999909,1.0,0.0
12,16040,AZPS,NG,252.4,1.0,0.0
12,16041,AZPS,NG,252.4,1.0,0.0
12,16042,AZPS,NG,252.4,1.0,0.0
12,16043,AZPS,NG,252.4,1.0,0.0
12,16070,AZPS,NG,136.428,1.0,0.0
12,13687,BANC,BIO,3.5,1.0,0.0
12,13688,BANC,BIO,3.5,1.0,0.0
12,13689,BANC,BIO,3.5,1.0,0.0
12,13690,BANC,BIO,3.5,1.0,0.0
12,13691,BANC,BIO,3.5,1.0,0.0
12,13703,BANC,NG,62.0,1.0,1.0
12,13708,BANC,NG,8.1,1.0,0.0
12,14110,BANC,NG,83.0,1.0,1.0
12,14117,BANC,NG,84.2,1.0,1.0
12,15928,BANC,NG,265.0,1.0,0.0
12,15929,BANC,NG,265.0,1.0,0.0
12,16044,BANC,NG,59.5,1.0,1.0
12,16045,BANC,NG,59.5,1.0,1.0
12,16060,BANC,NG,274.5,1.0,0.0
12,16061,BANC,NG,274.5,1.0,0.0
12,2516,BCHA,BIO,66.0,1.0,0.0
12,2581,BCHA,BIO,16.39,1.0,0.0
12,2634,BCHA,BIO,20.39,1.0,0.0
12,2644,BCHA,BIO,24.75,1.0,0.0
12,2645,BCHA,BIO,1.667,1.0,0.0
12,2646,BCHA,BIO,1.667,1.0,0.0
12,2647,BCHA,BIO,1.667,1.0,0.0
12,2648,BCHA,BIO,1.851,1.0,0.0
12,2691,BCHA,BIO,32.0,1.0,0.0
12,2744,BCHA,BIO,16.0,1.0,0.0
12,2745,BCHA,BIO,28.0,1.0,0.0
12,2746,BCHA,BIO,32.0,1.0,0.0
12,2766,BCHA,BIO,7.5,1.0,0.0
12,2990,BCHA,BIO,52.29,1.0,0.0
12,2991,BCHA,BIO,48.0,1.0,0.0
12,6066,BCHA,BIO,4.8,1.0,0.0
12,6104,BCHA,BIO,36.0,1.0,0.0
12,6121,BCHA,BIO,32.7,1.0,0.0
12,6122,BCHA,BIO,28.69,1.0,0.0
12,6155,BCHA,BIO,1.26,1.0,0.0
12,6833,BCHA,BIO,1.03,1.0,0.0
12,7014,BCHA,BIO,0.34,1.0,0.0
12,7068,BCHA,BIO,55.0,1.0,0.0
12,7171,BCHA,BIO,62.5,1.0,0.0
12,7172,BCHA,BIO,50.0,1.0,0.0
12,8349,BCHA,BIO,38.0,1.0,0.0
12,11890,BCHA,BIO,1.0,1.0,0.0
12,11891,BCHA,BIO,1.0,1.0,0.0
12,15470,BCHA,BIO,28.0,1.0,0.0
12,15471,BCHA,BIO,16.0,1.0,0.0
12,15664,BCHA,BIO,38.7,1.0,0.0
12,10736,BCHA,GEO,107.0,1.0,0.0
12,2517,BCHA,NG,55.0,1.0,0.0
12,2518,BCHA,NG,55.0,1.0,0.0
12,2589,BCHA,NG,23.0,1.0,0.0
12,2590,BCHA,NG,23.0,1.0,0.0
12,3040,AESO,NG,2.4,1.0,0.0
12,3247,AESO,NG,40.0,1.0,0.0
12,3248,AESO,NG,30.0,1.0,0.0
12,5051,BCHA,NG,290.0,1.0,0.0
12,6625,AESO,NG,25.0,1.0,0.0
12,6755,AESO,NG,101.0,1.0,0.0
12,7003,AESO,NG,93.0,1.0,0.0
12,7541,AESO,NG,130.0,1.0,0.0
12,7726,AESO,NG,4.1,1.0,0.0
12,8260,AESO,NG,46.0,1.0,0.0
12,8632,AESO,NG,5.5,1.0,0.0
12,9134,AESO,NG,20.0,1.0,0.0
12,9218,AESO,NG,75.0,1.0,0.0
12,9219,AESO,NG,344.0,1.0,0.0
12,9329,AESO,NG,85.0,1.0,0.0
12,11725,AESO,NG,1.6,1.0,0.0
12,11726,AESO,NG,1.6,1.0,0.0
12,11841,AESO,NG,2.9,1.0,0.0
12,11842,AESO,NG,2.9,1.0,0.0
12,11914,AESO,NG,17.0,1.0,0.0
12,11915,AESO,NG,3.0,1.0,0.0
12,11916,AESO,NG,2.0,1.0,0.0
12,13122,AESO,NG,6.5,1.0,0.0
12,13128,AESO,NG,15.0,1.0,0.0
12,13129,AESO,NG,15.0,1.0,0.0
12,13134,AESO,NG,3.1,1.0,0.0
12,13135,AESO,NG,3.1,1.0,0.0
12,14834,AESO,NG,150.81,1.0,0.0
12,15656,AESO,NG,408.0,1.0,0.0
12,15657,AESO,NG,418.5,1.0,0.0
12,15658,AESO,NG,430.0,1.0,0.0
12,15674,AESO,NG,19.55,1.0,0.0
12,15675,AESO,NG,2.9,1.0,0.0
12,15676,AESO,NG,2.3,1.0,0.0
12,15677,AESO,NG,7.0,1.0,0.0
12,1972,BPAT,BIO,40.0,1.0,0.0
12,2051,BPAT,BIO,18.0,1.0,0.0
12,2076,BPAT,BIO,14.7,1.0,0.0
12,2077,BPAT,BIO,20.0,1.0,0.0
12,2078,BPAT,BIO,25.0,1.0,0.0
12,2079,BPAT,BIO,12.25,1.0,0.0
12,6343,BPAT,BIO,0.8,1.0,0.0
12,6344,BPAT,BIO,0.8,1.0,0.0
12,6345,BPAT,BIO,1.5,1.0,0.0
12,6346,BPAT,BIO,1.5,1.0,0.0
12,9593,BPAT,BIO,5.0,1.0,0.0
12,9595,BPAT,BIO,31.28,1.0,0.0
12,13116,BPAT,BIO,12.5,1.0,0.0
12,14182,BPAT,BIO,17.2,1.0,0.0
12,14186,BPAT,BIO,37.2,1.0,0.0
12,14572,BPAT,BIO,36.0,1.0,0.0
12,2063,BPAT,NG,265.0,1.0,0.0
12,2105,BPAT,NG,31.0,1.0,0.0
12,6835,BPAT,NG,269.2,1.0,0.0
12,14571,BPAT,NG,9.9,1.0,0.0
12,2491,BPAT,NUCLEAR,1186.0,1.0,0.0
12,437,CENACE,GEO,25.0,1.0,0.0
12,438,CENACE,GEO,25.0,1.0,0.0
12,439,CENACE,GEO,25.0,1.0,0.0
12,440,CENACE,GEO,25.0,1.0,0.0
12,441,CENACE,GEO,30.0,1.0,0.0
12,446,CENACE,GEO,110.0,1.0,0.0
12,447,CENACE,GEO,110.0,1.0,0.0
12,448,CENACE,GEO,110.0,1.0,0.0
12,457,CENACE,GEO,110.0,1.0,0.0
12,8227,CENACE,NG,277.0,1.0,0.0
12,14839,CENACE,NG,248.0,1.0,0.0
12,15254,CENACE,NG,793.0,1.0,0.0
12,15341,CENACE,NG,1.0,1.0,0.0
12,15991,CENACE,NG,165.0,1.0,0.0
12,15992,CENACE,NG,165.0,1.0,0.0
12,15993,CENACE,NG,405.0,1.0,0.0
12,548,CISO,BIO,2.999999999998181,1.0,0.0
12,549,CISO,BIO,0.95,1.0,0.0
12,550,CISO,BIO,5.0,1.0,0.0
12,551,CISO,BIO,3.0,1.0,0.0
12,555,CISO,BIO,2.9,1.0,0.0
12,570,CISO,BIO,1.88,1.0,0.0
12,572,CISO,BIO,1.88,1.0,0.0
12,629,CISO,BIO,47.0,1.0,0.0
12,633,CISO,BIO,34.0,1.0,0.0
12,795,CISO,BIO,9.708,1.0,0.0
12,836,CISO,BIO,1.3,1.0,0.0
12,1008,CISO,BIO,1.88,1.0,0.0
12,1156,CISO,BIO,10.5,1.0,0.0
12,1168,CISO,BIO,10.8,1.0,0.0
12,1187,CISO,BIO,24.48,1.0,0.0
12,1188,CISO,BIO,6.6,1.0,0.0
12,1300,CISO,BIO,12.0,1.0,0.0
12,1331,CISO,BIO,57.43,1.0,0.0
12,1392,CISO,BIO,24.2,1.0,0.0
12,1398,CISO,BIO,2.57,1.0,0.0
12,1399,CISO,BIO,2.57,1.0,0.0
12,1400,CISO,BIO,2.57,1.0,0.0
12,1401,CISO,BIO,2.57,1.0,0.0
12,1402,CISO,BIO,2.57,1.0,0.0
12,1403,CISO,BIO,2.57,1.0,0.0
12,1404,CISO,BIO,2.57,1.0,0.0
12,1413,CISO,BIO,10.0,1.0,0.0
12,1589,CISO,BIO,8.6,1.0,0.0
12,1590,CISO,BIO,5.7,1.0,0.0
12,1634,CISO,BIO,6.9,1.0,0.0
12,1635,CISO,BIO,12.5,1.0,0.0
12,1636,CISO,BIO,12.5,1.0,0.0
12,1637,CISO,BIO,12.5,1.0,0.0
12,1768,CISO,BIO,22.0,1.0,0.0
12,1774,CISO,BIO,13.1,1.0,0.0
12,1794,CISO,BIO,12.6,1.0,0.0
12,1838,CISO,BIO,17.2,1.0,0.0
12,5728,CISO,BIO,1.25,1.0,0.0
12,5729,CISO,BIO,1.25,1.0,0.0
12,5809,CISO,BIO,3.0,1.0,0.0
12,5865,CISO,BIO,0.75,1.0,0.0
12,5866,CISO,BIO,0.75,1.0,0.0
12,5872,CISO,BIO,14.4,1.0,0.0
12,5899,CISO,BIO,4.0,1.0,0.0
12,5900,CISO,BIO,3.7,1.0,0.0
12,5901,CISO,BIO,0.3,1.0,0.0
12,5999,CISO,BIO,37.828,1.0,0.0
12,6045,CISO,BIO,9.8,1.0,0.0
12,6069,CISO,BIO,4.6,1.0,0.0
12,6070,CISO,BIO,4.6,1.0,0.0
12,6071,CISO,BIO,4.6,1.0,0.0
12,6116,CISO,BIO,1.1,1.0,0.0
12,6117,CISO,BIO,1.1,1.0,0.0
12,6349,CISO,BIO,1.5,1.0,0.0
12,6352,CISO,BIO,1.2,1.0,0.0
12,6492,CISO,BIO,24.5,1.0,0.0
12,6601,CISO,BIO,1.5,1.0,0.0
12,6602,CISO,BIO,1.5,1.0,0.0
12,6603,CISO,BIO,1.5,1.0,0.0
12,6651,CISO,BIO,1.35,1.0,0.0
12,6652,CISO,BIO,1.35,1.0,0.0
12,6653,CISO,BIO,1.35,1.0,0.0
12,6756,CISO,BIO,0.7,1.0,0.0
12,7146,CISO,BIO,0.2,1.0,0.0
12,7147,CISO,BIO,0.2,1.0,0.0
12,7373,CISO,BIO,4.4,1.0,0.0
12,7374,CISO,BIO,3.0,1.0,0.0
12,7556,CISO,BIO,0.8,1.0,0.0
12,7557,CISO,BIO,0.8,1.0,0.0
12,7558,CISO,BIO,0.8,1.0,0.0
12,7559,CISO,BIO,0.8,1.0,0.0
12,7560,CISO,BIO,0.8,1.0,0.0
12,7561,CISO,BIO,0.8,1.0,0.0
12,7780,CISO,BIO,2.9,1.0,0.0
12,7816,CISO,BIO,1.3,1.0,0.0
12,7840,CISO,BIO,1.25,1.0,0.0
12,7841,CISO,BIO,1.25,1.0,0.0
12,7860,CISO,BIO,3.0,1.0,0.0
12,7861,CISO,BIO,3.0,1.0,0.0
12,7862,CISO,BIO,1.6,1.0,0.0
12,7868,CISO,BIO,1.95,1.0,0.0
12,7869,CISO,BIO,4.9,1.0,0.0
12,8080,CISO,BIO,7.14,1.0,0.0
12,8084,CISO,BIO,1.88,1.0,0.0
12,8085,CISO,BIO,1.88,1.0,0.0
12,8162,CISO,BIO,1.6,1.0,0.0
12,8163,CISO,BIO,2.7,1.0,0.0
12,8311,CISO,BIO,0.46,1.0,0.0
12,8312,CISO,BIO,2.29,1.0,0.0
12,8313,CISO,BIO,2.2,1.0,0.0
12,8371,CISO,BIO,3.0,1.0,0.0
12,8403,CISO,BIO,2.8,1.0,0.0
12,8404,CISO,BIO,3.3,1.0,0.0
12,8405,CISO,BIO,3.3,1.0,0.0
12,8406,CISO,BIO,3.3,1.0,0.0
12,8434,CISO,BIO,1.2,1.0,0.0
12,8682,CISO,BIO,3.0,1.0,0.0
12,8685,CISO,BIO,11.16,1.0,0.0
12,8811,CISO,BIO,1.3,1.0,0.0
12,8812,CISO,BIO,1.3,1.0,0.0
12,9227,CISO,BIO,3.0,1.0,0.0
12,9228,CISO,BIO,1.2,1.0,0.0
12,9229,CISO,BIO,1.2,1.0,0.0
12,9242,CISO,BIO,3.05,1.0,0.0
12,9322,CISO,BIO,2.8,1.0,0.0
12,9337,CISO,BIO,1.8,1.0,0.0
12,9338,CISO,BIO,1.8,1.0,0.0
12,9399,CISO,BIO,1.2,1.0,0.0
12,9723,CISO,BIO,0.5,1.0,0.0
12,10025,CISO,BIO,1.6,1.0,0.0
12,10026,CISO,BIO,1.0,1.0,0.0
12,10027,CISO,BIO,1.0,1.0,0.0
12,10028,CISO,BIO,1.4,1.0,0.0
12,11103,CISO,BIO,28.24,1.0,0.0
12,11120,CISO,BIO,50.0,1.0,0.0
12,11138,CISO,BIO,5.0,1.0,0.0
12,12396,CISO,BIO,1.0,1.0,0.0
12,12397,CISO,BIO,0.4,1.0,0.0
12,12837,CISO,BIO,1.5,1.0,0.0
12,13104,CISO,BIO,50.0,1.0,0.0
12,13107,CISO,BIO,25.0,1.0,0.0
12,14499,CISO,BIO,26.5,1.0,0.0
12,14833,CISO,BIO,18.13,1.0,0.0
12,14884,CISO,BIO,1.2,1.0,0.0
12,14896,CISO,BIO,5.0,1.0,0.0
12,15377,CISO,BIO,12.0,1.0,0.0
12,15432,CISO,BIO,32.0,1.0,0.0
12,15783,CISO,BIO,4.7,1.0,0.0
12,15794,CISO,BIO,28.5,1.0,0.0
12,15797,CISO,BIO,24.0,1.0,0.0
12,15798,CISO,BIO,24.0,1.0,0.0
12,442,CISO,GEO,35.7,1.0,0.0
12,443,CISO,GEO,35.7,1.0,0.0
12,444,CISO,GEO,35.7,1.0,0.0
12,445,CISO,GEO,35.7,1.0,0.0
12,656,CISO,GEO,26.66667,1.0,0.0
12,657,CISO,GEO,26.66667,1.0,0.0
12,658,CISO,GEO,26.66667,1.0,0.0
12,663,CISO,GEO,16.0,1.0,0.0
12,664,CISO,GEO,16.0,1.0,0.0
12,665,CISO,GEO,16.0,1.0,0.0
12,1005,CISO,GEO,30.0,1.0,0.0
12,1006,CISO,GEO,30.0,1.0,0.0
12,1007,CISO,GEO,30.0,1.0,0.0
12,1265,CISO,GEO,1.5,1.0,0.0
12,1266,CISO,GEO,1.5,1.0,0.0
12,1597,CISO,GEO,11.0,1.0,0.0
12,1598,CISO,GEO,11.0,1.0,0.0
12,1602,CISO,GEO,47.0,1.0,0.0
12,1603,CISO,GEO,50.0,1.0,0.0
12,1604,CISO,GEO,72.0,1.0,0.0
12,1605,CISO,GEO,75.5,1.0,0.0
12,1606,CISO,GEO,27.5,1.0,0.0
12,1607,CISO,GEO,63.0,1.0,0.0
12,1608,CISO,GEO,70.0,1.0,0.0
12,1609,CISO,GEO,73.0,1.0,0.0
12,1610,CISO,GEO,57.0,1.0,0.0
12,1611,CISO,GEO,86.8,1.0,0.0
12,1612,CISO,GEO,47.9,1.0,0.0
12,1613,CISO,GEO,47.9,1.0,0.0
12,1614,CISO,GEO,49.215,1.0,0.0
12,1615,CISO,GEO,49.215,1.0,0.0
12,1616,CISO,GEO,12.5,1.0,0.0
12,1617,CISO,GEO,12.5,1.0,0.0
12,1618,CISO,GEO,6.5,1.0,0.0
12,1619,CISO,GEO,6.5,1.0,0.0
12,1620,CISO,GEO,36.0,1.0,0.0
12,1621,CISO,GEO,36.0,1.0,0.0
12,7684,CISO,GEO,20.0,1.0,0.0
12,7942,CISO,GEO,11.0,1.0,0.0
12,7943,CISO,GEO,11.0,1.0,0.0
12,8300,CISO,GEO,5.0,1.0,0.0
12,8301,CISO,GEO,5.0,1.0,0.0
12,8302,CISO,GEO,5.0,1.0,0.0
12,11122,CISO,GEO,78.0,1.0,0.0
12,13026,CISO,GEO,14.0,1.0,0.0
12,13102,CISO,GEO,51.9,1.0,0.0
12,13103,CISO,GEO,51.9,1.0,0.0
12,13105,CISO,GEO,59.0,1.0,0.0
12,14055,CISO,GEO,38.85,1.0,0.0
12,14056,CISO,GEO,50.0,1.0,0.0
12,14057,CISO,GEO,42.42,1.0,0.0
12,14058,CISO,GEO,52.73,1.0,0.0
12,14848,CISO,GEO,30.0,1.0,0.0
12,14923,CISO,GEO,38.0,1.0,0.0
12,15381,CISO,GEO,20.0,1.0,0.0
12,1248,CISO,NUCLEAR,1150.0,1.0,0.0
12,1249,CISO,NUCLEAR,1150.0,1.0,0.0
12,13507,IID,BIO,27.0,1.0,0.0
12,13561,IID,BIO,21.0,1.0,0.0
12,13509,IID,GEO,53.0,1.0,0.0
12,13510,IID,GEO,8.75,1.0,0.0
12,13511,IID,GEO,4.37,1.0,0.0
12,13516,IID,GEO,34.39,1.0,0.0
12,13517,IID,GEO,34.39,1.0,0.0
12,13519,IID,GEO,34.39,1.0,0.0
12,13520,IID,GEO,29.0,1.0,0.0
12,13521,IID,GEO,9.19,1.0,0.0
12,13522,IID,GEO,10.5,1.0,0.0
12,13523,IID,GEO,49.0,1.0,0.0
12,13524,IID,GEO,50.0,1.0,0.0
12,13543,IID,GEO,33.0,1.0,0.0
12,13544,IID,GEO,16.0,1.0,0.0
12,13554,IID,GEO,49.89,1.0,0.0
12,13555,IID,GEO,4.79,1.0,0.0
12,13556,IID,GEO,4.5,1.0,0.0
12,13557,IID,GEO,11.1,1.0,0.0
12,13558,IID,GEO,11.0,1.0,0.0
12,13559,IID,GEO,50.0,1.0,0.0
12,13562,IID,GEO,21.6,1.0,0.0
12,13563,IID,GEO,8.0,1.0,0.0
12,13564,IID,GEO,22.0,1.0,0.0
12,13570,IID,GEO,24.0,1.0,0.0
12,13571,IID,GEO,15.0,1.0,0.0
12,13572,IID,GEO,18.5,1.0,0.0
12,13573,IID,GEO,7.0,1.0,0.0
12,13574,IID,GEO,8.45,1.0,0.0
12,13578,IID,GEO,16.0,1.0,0.0
12,13579,IID,GEO,16.0,1.0,0.0
12,13580,IID,GEO,16.0,1.0,0.0
12,13581,IID,GEO,16.0,1.0,0.0
12,13582,IID,GEO,16.0,1.0,0.0
12,13583,IID,GEO,16.0,1.0,0.0
12,13584,IID,GEO,16.0,1.0,0.0
12,3434,IPCO,BIO,5.0,1.0,0.0
12,6118,IPCO,BIO,0.8,1.0,0.0
12,6119,IPCO,BIO,0.8,1.0,0.0
12,6120,IPCO,BIO,0.8,1.0,0.0
12,7116,IPCO,BIO,1.6,1.0,0.0
12,7117,IPCO,BIO,1.6,1.0,0.0
12,8549,IPCO,BIO,2.0,1.0,0.0
12,8550,IPCO,BIO,2.0,1.0,0.0
12,10116,IPCO,BIO,7.5,1.0,0.0
12,3400,IPCO,GEO,18.0,1.0,0.0
12,7941,IPCO,GEO,11.0,1.0,0.0
12,3407,IPCO,NG,170.9,1.0,0.0
12,3408,IPCO,NG,172.8,1.0,0.0
12,3410,IPCO,NG,50.0,1.0,0.0
12,7185,IPCO,NG,2.0,1.0,0.0
12,7188,IPCO,NG,2.0,1.0,0.0
12,7189,IPCO,NG,2.0,1.0,0.0
12,7509,IPCO,NG,330.0,1.0,0.0
12,8599,IPCO,NG,10.0,1.0,0.0
12,13714,NEVP,GEO,20.0,1.0,0.0
12,13715,NEVP,GEO,60.0,1.0,0.0
12,13716,NEVP,GEO,10.1,1.0,0.0
12,13717,NEVP,GEO,19.2,1.0,0.0
12,13718,NEVP,GEO,11.8,1.0,0.0
12,13719,NEVP,GEO,11.8,1.0,0.0
12,13720,NEVP,GEO,11.8,1.0,0.0
12,13721,NEVP,GEO,11.8,1.0,0.0
12,13724,NEVP,GEO,8.0,1.0,0.0
12,13725,NEVP,GEO,8.0,1.0,0.0
12,13726,NEVP,GEO,8.0,1.0,0.0
12,13727,NEVP,GEO,18.9,1.0,0.0
12,13728,NEVP,GEO,11.3,1.0,0.0
12,13729,NEVP,GEO,11.3,1.0,0.0
12,13730,NEVP,GEO,11.3,1.0,0.0
12,13731,NEVP,GEO,11.3,1.0,0.0
12,13732,NEVP,GEO,11.25,1.0,0.0
12,13733,NEVP,GEO,11.25,1.0,0.0
12,13734,NEVP,GEO,25.0,1.0,0.0
12,13752,NEVP,GEO,15.0,1.0,0.0
12,13753,NEVP,GEO,15.0,1.0,0.0
12,13754,NEVP,GEO,15.0,1.0,0.0
12,13755,NEVP,GEO,15.0,1.0,0.0
12,13756,NEVP,GEO,26.5,1.0,0.0
12,13757,NEVP,GEO,10.0,1.0,0.0
12,13758,NEVP,GEO,10.0,1.0,0.0
12,13759,NEVP,GEO,10.0,1.0,0.0
12,13760,NEVP,GEO,16.5,1.0,0.0
12,13762,NEVP,GEO,25.0,1.0,0.0
12,13763,NEVP,GEO,16.0,1.0,0.0
12,13764,NEVP,GEO,16.0,1.0,0.0
12,13765,NEVP,GEO,21.3,1.0,0.0
12,13766,NEVP,GEO,21.3,1.0,0.0
12,13767,NEVP,GEO,21.3,1.0,0.0
12,13769,NEVP,GEO,20.0,1.0,0.0
12,13770,NEVP,GEO,20.0,1.0,0.0
12,13771,NEVP,GEO,12.0,1.0,0.0
12,13772,NEVP,GEO,11.8,1.0,0.0
12,13774,NEVP,GEO,20.0,1.0,0.0
12,13775,NEVP,GEO,20.0,1.0,0.0
12,13776,NEVP,GEO,12.0,1.0,0.0
12,13427,NEVP,NG,105.0,1.0,0.0
12,13428,NEVP,NG,250.0,1.0,0.0
12,13429,NEVP,NG,250.0,1.0,0.0
12,13430,NEVP,NG,142.5,1.0,0.0
12,13433,NEVP,NG,96.26,1.0,0.0
12,13434,NEVP,NG,111.26,1.0,0.0
12,13440,NEVP,NG,267.74,1.0,0.0
12,13441,NEVP,NG,735.0,1.0,0.0
12,13442,NEVP,NG,641.4,1.0,0.0
12,13443,NEVP,NG,258.56,1.0,0.0
12,13444,NEVP,NG,585.0,1.0,0.0
12,13445,NEVP,NG,585.0,1.0,0.0
12,13449,NEVP,NG,112.4,1.0,0.0
12,13450,NEVP,NG,112.4,1.0,0.0
12,13773,NEVP,NG,266.37,1.0,0.0
12,15914,NEVP,NG,403.0,1.0,0.0
12,15916,NEVP,NG,659.6,1.0,0.0
12,15966,NEVP,NG,258.56,1.0,0.0
12,15972,NEVP,NG,356.0,1.0,0.0
12,15996,NEVP,NG,181.5,1.0,0.0
12,16028,NEVP,NG,367.5,1.0,0.0
12,16029,NEVP,NG,367.5,1.0,0.0
12,16054,NEVP,NG,540.6,1.0,0.0
12,3476,NWMT,NG,50.0,1.0,0.0
12,3477,NWMT,NG,50.0,1.0,0.0
12,3478,NWMT,NG,50.0,1.0,0.0
12,3522,NWMT,NG,6.0,1.0,0.0
12,3523,NWMT,NG,6.0,1.0,0.0
12,3524,NWMT,NG,6.0,1.0,0.0
12,3525,NWMT,NG,6.0,1.0,0.0
12,3526,NWMT,NG,6.0,1.0,0.0
12,3527,NWMT,NG,6.0,1.0,0.0
12,3528,NWMT,NG,6.0,1.0,0.0
12,3529,NWMT,NG,6.0,1.0,0.0
12,3530,NWMT,NG,6.0,1.0,0.0
12,3617,PACE,GEO,26.099999999998182,1.0,0.0
12,3618,PACE,GEO,12.0,1.0,0.0
12,3612,PACE,NG,17.0,1.0,0.0
12,3613,PACE,NG,17.0,1.0,0.0
12,3614,PACE,NG,17.0,1.0,0.0
12,3639,PACE,NG,16.106,1.0,0.0
12,3640,PACE,NG,16.106,1.0,0.0
12,3641,PACE,NG,16.2,1.0,0.0
12,3718,PACE,NG,13.5,1.0,0.0
12,3719,PACE,NG,13.5,1.0,0.0
12,6466,PACE,NG,242.0,1.0,0.0
12,7491,PACE,NG,628.1,1.0,0.0
12,7494,PACE,NG,288.2,1.0,0.0
12,14694,PACE,NG,1.0,1.0,0.0
12,15930,PACE,NG,420.7,1.0,0.0
12,15987,PACE,NG,408.6,1.0,0.0
12,15988,PACE,NG,182.7,1.0,0.0
12,15989,PACE,NG,185.4,1.0,0.0
12,15990,PACE,NG,469.8,1.0,0.0
12,1889,PACW,BIO,7.5,1.0,0.0
12,8587,PACW,BIO,10.0,1.0,0.0
12,11098,PACW,BIO,10.0,1.0,0.0
12,2106,PACW,NG,29.39,1.0,0.0
12,2107,PACW,NG,29.39,1.0,0.0
12,7432,PACW,NG,540.0,1.0,0.0
12,9960,PACW,NG,279.56,1.0,0.0
12,9961,PACW,NG,279.56,1.0,0.0
12,15985,PACW,NG,178.5,1.0,0.0
12,15986,PACW,NG,323.0,1.0,0.0
12,2346,PGE,BIO,10.0,1.0,0.0
12,5829,PGE,NG,476.698,1.0,0.0
12,9847,PGE,NG,296.0,1.0,0.0
12,10103,PGE,NG,483.3,1.0,0.0
12,10104,PGE,NG,18.8,1.0,0.0
12,10105,PGE,NG,18.8,1.0,0.0
12,10106,PGE,NG,18.8,1.0,0.0
12,10107,PGE,NG,18.8,1.0,0.0
12,10108,PGE,NG,18.8,1.0,0.0
12,10109,PGE,NG,18.8,1.0,0.0
12,10110,PGE,NG,18.8,1.0,0.0
12,10111,PGE,NG,18.8,1.0,0.0
12,10112,PGE,NG,18.8,1.0,0.0
12,10113,PGE,NG,18.8,1.0,0.0
12,10114,PGE,NG,18.8,1.0,0.0
12,10115,PGE,NG,18.8,1.0,0.0
12,15905,PGE,NG,292.36,1.0,0.0
12,6353,PNM,BIO,0.16,1.0,0.0
12,6354,PNM,BIO,0.16,1.0,0.0
12,6355,PNM,BIO,0.16,1.0,0.0
12,6356,PNM,BIO,0.16,1.0,0.0
12,6357,PNM,BIO,0.16,1.0,0.0
12,6358,PNM,BIO,0.16,1.0,0.0
12,6359,PNM,BIO,0.16,1.0,0.0
12,6360,PNM,BIO,0.16,1.0,0.0
12,6483,PNM,BIO,1.35,1.0,0.0
12,7634,PNM,BIO,0.067,1.0,0.0
12,8319,PNM,BIO,0.9,1.0,0.0
12,8320,PNM,BIO,2.25,1.0,0.0
12,8517,PNM,BIO,0.16,1.0,0.0
12,8518,PNM,BIO,0.16,1.0,0.0
12,8519,PNM,BIO,0.16,1.0,0.0
12,8520,PNM,BIO,0.16,1.0,0.0
12,8521,PNM,BIO,0.16,1.0,0.0
12,8522,PNM,BIO,0.16,1.0,0.0
12,10202,PNM,BIO,7.999999999999773,1.0,0.0
12,11101,PNM,BIO,11.5,1.0,0.0
12,11102,PNM,BIO,11.5,1.0,0.0
12,13110,PNM,BIO,10.0,1.0,0.0
12,13265,PNM,GEO,4.0,1.0,0.0
12,6828,PNM,NG,3.42,1.0,0.0
12,11104,PNM,NG,3.42,1.0,0.0
12,11105,PNM,NG,3.42,1.0,0.0
12,11106,PNM,NG,3.42,1.0,0.0
12,13240,PNM,NG,256.69,1.0,0.0
12,13243,PNM,NG,287.93,1.0,0.0
12,13503,PNM,NG,67.2,1.0,0.0
12,16004,PNM,NG,497.26,1.0,0.0
12,13785,PSCO,NG,522.6300020000008,1.0,0.0
12,13807,PSCO,NG,582.51,1.0,0.0
12,13813,PSCO,NG,396.9,1.0,0.0
12,13816,PSCO,NG,127.0,1.0,0.0
12,13869,PSCO,NG,622.0,1.0,0.0
12,15920,PSCO,NG,370.6,1.0,0.0
12,15945,PSCO,NG,517.69,1.0,0.0
12,16046,PSCO,NG,510.0,1.0,0.0
12,2398,PSEI,BIO,28.3,1.0,0.0
12,2399,PSEI,NG,71.2,1.0,0.0
12,2400,PSEI,NG,71.2,1.0,0.0
12,2404,PSEI,NG,94.0,1.0,1.0
12,4995,PSEI,NG,94.0,1.0,1.0
12,4996,PSEI,NG,94.0,1.0,1.0
12,6692,PSEI,NG,193.8,1.0,0.0
12,6749,PSEI,NG,253.44,1.0,0.0
12,7707,PSEI,NG,167.04,1.0,0.0
12,7855,PSEI,NG,319.9,1.0,0.0
12,9197,PSEI,NG,145.1,1.0,0.0
12,13338,SRP,NG,591.0999999999991,1.0,0.0
12,13370,SRP,NG,277.0,1.0,0.0
12,13375,SRP,NG,589.5,1.0,0.0
12,15937,SRP,NG,180.0,1.0,0.0
12,16050,SRP,NG,456.0,1.0,0.0
12,14108,TIDC,NG,286.0,1.0,0.0
12,16068,TIDC,NG,234.66999999999996,1.0,0.0
12,1990,TPWR,BIO,64.0,1.0,0.0
12,10145,TPWR,BIO,26.0,1.0,0.0
12,13976,WACM,NG,238.76,1.0,0.0
12,13986,WACM,NG,100.0,1.0,0.0
12,15948,WACM,NG,400.4,1.0,0.0
12,15949,WACM,NG,153.9,1.0,0.0
12,13494,WALC,NG,250.69,1.0,0.0
12,13495,WALC,NG,550.0,1.0,0.0
12,15962,WALC,NG,478.4,1.0,0.0
12,16056,WALC,NG,275.0,1.0,0.0
12,16057,WALC,NG,275.0,1.0,0.0
12,1115,CISO,NG,267.0,1.0,0.0
12,1116,CISO,NG,266.0,1.0,0.0
12,1117,CISO,NG,266.0,1.0,0.0
12,1118,CISO,NG,267.0,1.0,0.0
12,1405,CISO,NG,3.105,1.0,0.0
12,1445,CISO,NG,56.2,1.0,0.0
12,1447,CISO,NG,21.384,1.0,0.0
12,1448,CISO,NG,21.384,1.0,0.0
12,1449,CISO,NG,21.384,1.0,0.0
12,9895,CISO,NG,83.24667,1.0,0.0
12,9896,CISO,NG,41.62333,1.0,0.0
12,10214,CISO,NG,625.0,1.0,0.0
12,15255,CISO,NG,322.0,1.0,0.0
12,15908,CISO,NG,493.63,1.0,0.0
12,15939,CISO,NG,247.29,1.0,0.0
12,15940,CISO,NG,247.29,1.0,0.0
12,15943,CISO,NG,275.85,1.0,0.0
12,15944,CISO,NG,275.85,1.0,0.0
12,15975,CISO,NG,166.667,1.0,0.0
12,15978,CISO,NG,336.9,1.0,0.0
12,16018,CISO,NG,277.5,1.0,0.0
12,16019,CISO,NG,277.5,1.0,0.0
12,16020,CISO,NG,277.5,1.0,0.0
12,16021,CISO,NG,277.5,1.0,0.0
12,16032,CISO,NG,145.0,1.0,0.0
12,16033,CISO,NG,145.0,1.0,0.0
12,16034,CISO,NG,266.49,1.0,0.0
12,16035,CISO,NG,266.49,1.0,0.0
12,16058,CISO,NG,293.01,1.0,0.0
12,16059,CISO,NG,293.01,1.0,0.0
12,13304,SRP,NUCLEAR,1372.2,1.0,0.0
12,13305,SRP,NUCLEAR,1375.05,1.0,0.0
12,13306,SRP,NUCLEAR,1373.15,1.0,0.0
12,15322,AZPS,NG,87.0,1.0,0.0
12,15323,AZPS,NG,87.0,1.0,0.0
12,15324,AZPS,NG,87.0,1.0,0.0
12,15325,AZPS,NG,87.0,1.0,0.0
12,15326,AZPS,NG,87.0,1.0,0.0
12,15327,AZPS,NG,87.0,1.0,0.0
12,14088,BANC,NG,81.0,1.0,0.0
12,17031,LDWP,NG,5.0,1.0,0.0
12,13614,LDWP,NG,110.0,1.0,0.0
12,17212,LDWP,NG,398.0,1.0,0.0
12,17210,LDWP,NG,398.0,1.0,0.0
12,13284,TEPC,NG,550.0,1.0,0.0
12,13403,TEPC,NG,540.0,1.0,0.0
12,13404,TEPC,NG,540.0,1.0,0.0
12,13295,AZPS,COAL,818.1,1.0,0.0
12,3504,IPCO,COAL,307.0,1.0,0.0
12,3505,IPCO,COAL,307.0,1.0,0.0
12,3694,IPCO,COAL,50.0,1.0,0.0
12,3695,IPCO,COAL,25.0,1.0,0.0
12,3696,IPCO,COAL,25.0,1.0,0.0
12,3582,NEVP,COAL,268.0,1.0,0.0
12,3583,NEVP,COAL,254.0,1.0,0.0
12,3507,NWMT,COAL,740.0001,1.0,0.0
12,3506,NWMT,COAL,740.0,1.0,0.0
12,3497,NWMT,COAL,135.0,1.0,0.0
12,3510,NWMT,COAL,64.0,1.0,0.0
12,3391,PACE,COAL,584.0,1.0,0.0
12,3461,PACE,COAL,140.0,1.0,0.0
12,3463,PACE,COAL,531.0,1.0,0.0
12,3462,PACE,COAL,527.0,1.0,0.0
12,3656,PACE,COAL,517.5,1.0,0.0
12,3619,PACE,COAL,499.5,1.0,0.0
12,3655,PACE,COAL,498.0,1.0,0.0
12,3638,PACE,COAL,495.6,1.0,0.0
12,3637,PACE,COAL,488.3,1.0,0.0
12,3636,PACE,COAL,488.3,1.0,0.0
12,3698,PACE,COAL,362.1,1.0,0.0
12,3635,PACE,COAL,360.0,1.0,0.0
12,3634,PACE,COAL,229.5,1.0,0.0
12,11093,PACE,COAL,217.6,1.0,0.0
12,13294,PNM,COAL,271.0,1.0,0.0
12,13796,PSCO,COAL,552.28,1.0,0.0
12,13888,PSCO,COAL,467.261,1.0,0.0
12,14002,PSCO,COAL,428.0,1.0,0.0
12,14129,PSCO,COAL,380.8,1.0,0.0
12,13787,PSCO,COAL,335.0,1.0,0.0
12,13786,PSCO,COAL,325.0,1.0,0.0
12,13960,PSCO,COAL,49.65,1.0,0.0
12,13386,SRP,COAL,750.0,1.0,0.0
12,13387,SRP,COAL,750.0,1.0,0.0
12,13388,SRP,COAL,750.0,1.0,0.0
12,13385,SRP,COAL,170.0,1.0,0.0
12,13384,SRP,COAL,138.182,1.0,0.0
12,13389,TEPC,COAL,424.8,1.0,0.0
12,4029,WACM,COAL,621.0,1.0,0.0
12,4030,WACM,COAL,621.0,1.0,0.0
12,14004,WACM,COAL,448.0,1.0,0.0
12,14003,WACM,COAL,428.0,1.0,0.0
12,14001,WACM,COAL,405.0,1.0,0.0
12,14009,WACM,COAL,275.4,1.0,0.0
12,13958,WACM,COAL,207.0,1.0,0.0
12,14008,WACM,COAL,190.0,1.0,0.0
12,13962,WACM,COAL,141.031,1.0,0.0
12,13983,WACM,COAL,116.2,1.0,0.0
12,13982,WACM,COAL,95.0,1.0,0.0
12,13981,WACM,COAL,88.0,1.0,0.0
12,13961,WACM,COAL,83.19,1.0,0.0
12,13943,WACM,COAL,80.0,1.0,0.0
12,13422,WALC,COAL,49.359,1.0,0.0
13,3049,AESO,BIO,18.0,1.0,0.0
13,3243,AESO,BIO,22.335,1.0,0.0
13,3284,AESO,BIO,25.0,1.0,0.0
13,3292,AESO,BIO,11.6,1.0,0.0
13,3343,AESO,BIO,18.0,1.0,0.0
13,3384,AESO,BIO,41.0,1.0,0.0
13,3385,AESO,BIO,41.0,1.0,0.0
13,3386,AESO,BIO,17.0,1.0,0.0
13,3387,AESO,BIO,32.0,1.0,0.0
13,9565,AESO,BIO,20.0,1.0,0.0
13,9566,AESO,BIO,30.0,1.0,0.0
13,9592,AESO,BIO,48.0,1.0,0.0
13,13106,AESO,BIO,43.0,1.0,0.0
13,13117,AESO,BIO,9.0,1.0,1.0
13,3218,AESO,NG,407.0,1.0,0.0
13,3219,AESO,NG,148.0,1.0,0.0
13,3220,AESO,NG,148.0,1.0,0.0
13,3221,AESO,NG,408.0,1.0,0.0
13,3222,AESO,NG,408.0,1.0,0.0
13,3238,AESO,NG,151.0,1.0,0.0
13,9198,AESO,NG,280.0,1.0,0.0
13,3017,AESO,NG,101.0,1.0,0.0
13,3041,AESO,NG,2.2,1.0,0.0
13,3042,AESO,NG,2.2,1.0,0.0
13,3043,AESO,NG,2.2,1.0,0.0
13,3044,AESO,NG,2.2,1.0,0.0
13,3047,AESO,NG,105.0,1.0,0.0
13,3072,AESO,NG,101.0,1.0,0.0
13,3096,AESO,NG,5.4,1.0,0.0
13,3126,AESO,NG,46.0,1.0,0.0
13,3139,AESO,NG,5.0,1.0,0.0
13,3190,AESO,NG,48.0,1.0,0.0
13,3215,AESO,NG,50.0,1.0,0.0
13,3217,AESO,NG,48.0,1.0,0.0
13,3232,AESO,NG,101.0,1.0,0.0
13,3234,AESO,NG,50.0,1.0,0.0
13,3235,AESO,NG,50.0,1.0,0.0
13,3242,AESO,NG,40.0,1.0,0.0
13,3244,AESO,NG,50.0,1.0,0.0
13,3245,AESO,NG,47.0,1.0,0.0
13,3249,AESO,NG,36.5,1.0,0.0
13,3250,AESO,NG,36.5,1.0,0.0
13,3254,AESO,NG,101.0,1.0,0.0
13,3259,AESO,NG,40.0,1.0,0.0
13,3261,AESO,NG,25.0,1.0,0.0
13,3262,AESO,NG,30.0,1.0,0.0
13,3263,AESO,NG,35.0,1.0,0.0
13,3264,AESO,NG,30.0,1.0,0.0
13,3357,AESO,NG,3.0,1.0,0.0
13,3358,AESO,NG,3.0,1.0,0.0
13,3359,AESO,NG,4.9,1.0,0.0
13,3370,AESO,NG,47.5,1.0,0.0
13,5241,AESO,NG,48.0,1.0,0.0
13,5274,AESO,NG,48.0,1.0,0.0
13,5302,AESO,NG,48.0,1.0,0.0
13,5802,AESO,NG,120.0,1.0,0.0
13,6087,AESO,NG,330.0,1.0,0.0
13,6150,AESO,NG,120.0,1.0,0.0
13,6611,AESO,NG,128.0,1.0,0.0
13,7724,AESO,NG,15.5,1.0,0.0
13,7725,AESO,NG,6.0,1.0,0.0
13,7727,AESO,NG,8.0,1.0,0.0
13,7851,AESO,NG,3.0,1.0,0.0
13,7852,AESO,NG,2.0,1.0,0.0
13,8055,AESO,NG,16.0,1.0,0.0
13,8417,AESO,NG,141.0,1.0,0.0
13,8781,AESO,NG,3.0,1.0,0.0
13,8782,AESO,NG,3.5,1.0,0.0
13,8783,AESO,NG,3.0,1.0,0.0
13,10169,AESO,NG,195.0,1.0,0.0
13,10179,AESO,NG,870.0,1.0,0.0
13,13123,AESO,NG,6.3,1.0,0.0
13,13124,AESO,NG,6.3,1.0,0.0
13,13127,AESO,NG,10.0,1.0,0.0
13,13133,AESO,NG,20.0,1.0,0.0
13,13136,AESO,NG,16.5,1.0,0.0
13,13137,AESO,NG,10.0,1.0,0.0
13,14585,AESO,NG,15.0,1.0,0.0
13,14586,AESO,NG,15.0,1.0,0.0
13,14605,AESO,NG,395.0,1.0,0.0
13,14624,AESO,NG,45.0,1.0,0.0
13,14625,AESO,NG,45.0,1.0,0.0
13,14644,AESO,NG,45.0,1.0,0.0
13,14662,AESO,NG,45.0,1.0,0.0
13,15481,AESO,NG,6.5,1.0,0.0
13,15482,AESO,NG,6.5,1.0,0.0
13,15483,AESO,NG,6.5,1.0,0.0
13,15484,AESO,NG,6.5,1.0,0.0
13,15485,AESO,NG,6.5,1.0,0.0
13,15515,AESO,NG,50.0,1.0,1.0
13,15659,AESO,NG,395.0,1.0,0.0
13,15660,AESO,NG,411.0,1.0,0.0
13,15661,AESO,NG,406.0,1.0,0.0
13,15662,AESO,NG,406.0,1.0,0.0
13,15663,AESO,NG,353.0,1.0,0.0
13,15667,AESO,NG,401.0,1.0,0.0
13,16052,AESO,NG,605.2,1.0,0.0
13,16053,AESO,NG,262.8,1.0,0.0
13,2167,AVA,BIO,50.69999999999932,1.0,0.0
13,2190,AVA,BIO,6.2,1.0,0.0
13,2200,AVA,BIO,26.0,1.0,0.0
13,2206,AVA,BIO,28.8,1.0,0.0
13,2207,AVA,BIO,65.0,1.0,0.0
13,2168,AVA,NG,7.2,1.0,0.0
13,2198,AVA,NG,83.3,1.0,0.0
13,2199,AVA,NG,83.3,1.0,0.0
13,2210,AVA,NG,4.1,1.0,0.0
13,2211,AVA,NG,4.1,1.0,0.0
13,2212,AVA,NG,4.1,1.0,0.0
13,2213,AVA,NG,4.1,1.0,0.0
13,2214,AVA,NG,4.1,1.0,0.0
13,2215,AVA,NG,4.1,1.0,0.0
13,8427,AVA,NG,301.49,1.0,0.0
13,9848,AVA,NG,287.0,1.0,0.0
13,14033,AZPS,BIO,27.99999999999818,1.0,0.0
13,16040,AZPS,NG,252.4,1.0,0.0
13,16041,AZPS,NG,252.4,1.0,0.0
13,16042,AZPS,NG,252.4,1.0,0.0
13,16043,AZPS,NG,252.4,1.0,0.0
13,16070,AZPS,NG,136.428,1.0,0.0
13,13687,BANC,BIO,3.5,1.0,0.0
13,13688,BANC,BIO,3.5,1.0,0.0
13,13689,BANC,BIO,3.5,1.0,0.0
13,13690,BANC,BIO,3.5,1.0,0.0
13,13691,BANC,BIO,3.5,1.0,0.0
13,1353,BANC,NG,49.0,1.0,1.0
13,13701,BANC,NG,66.5,1.0,1.0
13,13703,BANC,NG,62.0,1.0,0.0
13,13708,BANC,NG,26.0,1.0,0.0
13,14085,BANC,NG,50.0,1.0,1.0
13,14110,BANC,NG,83.0,1.0,0.0
13,14111,BANC,NG,8.2,1.0,1.0
13,14112,BANC,NG,8.2,1.0,1.0
13,14113,BANC,NG,8.2,1.0,1.0
13,14114,BANC,NG,8.2,1.0,1.0
13,14115,BANC,NG,8.2,1.0,1.0
13,14116,BANC,NG,8.2,1.0,1.0
13,14117,BANC,NG,84.2,1.0,0.0
13,15928,BANC,NG,265.0,1.0,0.0
13,15929,BANC,NG,265.0,1.0,0.0
13,16044,BANC,NG,59.5,1.0,0.0
13,16045,BANC,NG,59.5,1.0,0.0
13,16060,BANC,NG,274.5,1.0,0.0
13,16061,BANC,NG,274.5,1.0,0.0
13,2516,BCHA,BIO,66.0,1.0,0.0
13,2581,BCHA,BIO,16.39,1.0,0.0
13,2634,BCHA,BIO,20.39,1.0,0.0
13,2644,BCHA,BIO,24.75,1.0,0.0
13,2645,BCHA,BIO,1.667,1.0,0.0
13,2646,BCHA,BIO,1.667,1.0,0.0
13,2647,BCHA,BIO,1.667,1.0,0.0
13,2648,BCHA,BIO,1.851,1.0,0.0
13,2691,BCHA,BIO,32.0,1.0,0.0
13,2744,BCHA,BIO,16.0,1.0,0.0
13,2745,BCHA,BIO,28.0,1.0,0.0
13,2746,BCHA,BIO,32.0,1.0,0.0
13,2766,BCHA,BIO,7.5,1.0,0.0
13,2990,BCHA,BIO,52.29,1.0,0.0
13,2991,BCHA,BIO,48.0,1.0,0.0
13,6066,BCHA,BIO,4.8,1.0,0.0
13,6104,BCHA,BIO,36.0,1.0,0.0
13,6121,BCHA,BIO,32.7,1.0,0.0
13,6122,BCHA,BIO,28.69,1.0,0.0
13,6155,BCHA,BIO,1.26,1.0,0.0
13,6833,BCHA,BIO,1.03,1.0,0.0
13,7014,BCHA,BIO,0.34,1.0,0.0
13,7068,BCHA,BIO,55.0,1.0,0.0
13,7171,BCHA,BIO,62.5,1.0,0.0
13,7172,BCHA,BIO,50.0,1.0,0.0
13,8349,BCHA,BIO,38.0,1.0,0.0
13,11890,BCHA,BIO,1.0,1.0,0.0
13,11891,BCHA,BIO,1.0,1.0,0.0
13,15470,BCHA,BIO,28.0,1.0,0.0
13,15471,BCHA,BIO,16.0,1.0,0.0
13,15664,BCHA,BIO,38.7,1.0,0.0
13,10736,BCHA,GEO,107.0,1.0,0.0
13,2517,BCHA,NG,55.0,1.0,0.0
13,2518,BCHA,NG,55.0,1.0,0.0
13,2589,BCHA,NG,23.0,1.0,0.0
13,2590,BCHA,NG,23.0,1.0,0.0
13,3040,AESO,NG,2.4,1.0,0.0
13,3247,AESO,NG,40.0,1.0,0.0
13,3248,AESO,NG,30.0,1.0,0.0
13,5051,BCHA,NG,290.0,1.0,0.0
13,5976,AESO,NG,200.0,1.0,1.0
13,6625,AESO,NG,25.0,1.0,0.0
13,6755,AESO,NG,101.0,1.0,0.0
13,7003,AESO,NG,93.0,1.0,0.0
13,7541,AESO,NG,130.0,1.0,0.0
13,7726,AESO,NG,4.1,1.0,0.0
13,8260,AESO,NG,46.0,1.0,0.0
13,8632,AESO,NG,5.5,1.0,0.0
13,9134,AESO,NG,20.0,1.0,0.0
13,9218,AESO,NG,75.0,1.0,0.0
13,9219,AESO,NG,344.0,1.0,0.0
13,9329,AESO,NG,85.0,1.0,0.0
13,9966,AESO,NG,100.0,1.0,1.0
13,11725,AESO,NG,1.6,1.0,0.0
13,11726,AESO,NG,1.6,1.0,0.0
13,11841,AESO,NG,2.9,1.0,0.0
13,11842,AESO,NG,2.9,1.0,0.0
13,11914,AESO,NG,17.0,1.0,0.0
13,11915,AESO,NG,3.0,1.0,0.0
13,11916,AESO,NG,2.0,1.0,0.0
13,13122,AESO,NG,6.5,1.0,0.0
13,13128,AESO,NG,15.0,1.0,0.0
13,13129,AESO,NG,15.0,1.0,0.0
13,13134,AESO,NG,3.1,1.0,0.0
13,13135,AESO,NG,3.1,1.0,0.0
13,14834,AESO,NG,150.81,1.0,0.0
13,15656,AESO,NG,408.0,1.0,0.0
13,15657,AESO,NG,418.5,1.0,0.0
13,15658,AESO,NG,430.0,1.0,0.0
13,15674,AESO,NG,19.55,1.0,0.0
13,15675,AESO,NG,2.9,1.0,0.0
13,15676,AESO,NG,2.3,1.0,0.0
13,15677,AESO,NG,7.0,1.0,0.0
13,1972,BPAT,BIO,39.99999999999932,1.0,0.0
13,2051,BPAT,BIO,18.0,1.0,0.0
13,2076,BPAT,BIO,14.7,1.0,0.0
13,2077,BPAT,BIO,20.0,1.0,0.0
13,2078,BPAT,BIO,25.0,1.0,0.0
13,2079,BPAT,BIO,12.25,1.0,0.0
13,6343,BPAT,BIO,0.8,1.0,0.0
13,6344,BPAT,BIO,0.8,1.0,0.0
13,6345,BPAT,BIO,1.5,1.0,0.0
13,6346,BPAT,BIO,1.5,1.0,0.0
13,9593,BPAT,BIO,5.0,1.0,0.0
13,9595,BPAT,BIO,31.28,1.0,0.0
13,13116,BPAT,BIO,12.5,1.0,0.0
13,14182,BPAT,BIO,17.2,1.0,0.0
13,14186,BPAT,BIO,37.2,1.0,0.0
13,14572,BPAT,BIO,36.0,1.0,0.0
13,2063,BPAT,NG,265.0,1.0,0.0
13,2105,BPAT,NG,31.0,1.0,0.0
13,6835,BPAT,NG,269.2,1.0,0.0
13,14571,BPAT,NG,14.537507282999059,1.0,0.0
13,2491,BPAT,NUCLEAR,1186.0,1.0,0.0
13,437,CENACE,GEO,25.0,1.0,0.0
13,438,CENACE,GEO,25.0,1.0,0.0
13,439,CENACE,GEO,25.0,1.0,0.0
13,440,CENACE,GEO,25.0,1.0,0.0
13,441,CENACE,GEO,30.0,1.0,0.0
13,446,CENACE,GEO,110.0,1.0,0.0
13,447,CENACE,GEO,110.0,1.0,0.0
13,448,CENACE,GEO,110.0,1.0,0.0
13,457,CENACE,GEO,110.0,1.0,0.0
13,8227,CENACE,NG,277.0,1.0,0.0
13,14839,CENACE,NG,248.0,1.0,0.0
13,15254,CENACE,NG,793.0,1.0,0.0
13,15341,CENACE,NG,1.0,1.0,0.0
13,15991,CENACE,NG,165.0,1.0,0.0
13,15992,CENACE,NG,165.0,1.0,0.0
13,15993,CENACE,NG,405.0,1.0,0.0
13,548,CISO,BIO,2.999999999996362,1.0,0.0
13,549,CISO,BIO,0.95,1.0,0.0
13,550,CISO,BIO,5.0,1.0,0.0
13,551,CISO,BIO,3.0,1.0,0.0
13,555,CISO,BIO,2.9,1.0,0.0
13,570,CISO,BIO,1.88,1.0,0.0
13,572,CISO,BIO,1.88,1.0,0.0
13,629,CISO,BIO,47.0,1.0,0.0
13,633,CISO,BIO,34.0,1.0,0.0
13,795,CISO,BIO,9.708,1.0,0.0
13,836,CISO,BIO,1.3,1.0,0.0
13,1008,CISO,BIO,1.88,1.0,0.0
13,1156,CISO,BIO,10.5,1.0,0.0
13,1168,CISO,BIO,10.8,1.0,0.0
13,1187,CISO,BIO,24.48,1.0,0.0
13,1188,CISO,BIO,6.6,1.0,0.0
13,1300,CISO,BIO,12.0,1.0,0.0
13,1331,CISO,BIO,57.43,1.0,0.0
13,1392,CISO,BIO,24.2,1.0,0.0
13,1398,CISO,BIO,2.57,1.0,0.0
13,1399,CISO,BIO,2.57,1.0,0.0
13,1400,CISO,BIO,2.57,1.0,0.0
13,1401,CISO,BIO,2.57,1.0,0.0
13,1402,CISO,BIO,2.57,1.0,0.0
13,1403,CISO,BIO,2.57,1.0,0.0
13,1404,CISO,BIO,2.57,1.0,0.0
13,1413,CISO,BIO,10.0,1.0,0.0
13,1589,CISO,BIO,8.6,1.0,0.0
13,1590,CISO,BIO,5.7,1.0,0.0
13,1634,CISO,BIO,6.9,1.0,0.0
13,1635,CISO,BIO,12.5,1.0,0.0
13,1636,CISO,BIO,12.5,1.0,0.0
13,1637,CISO,BIO,12.5,1.0,0.0
13,1768,CISO,BIO,22.0,1.0,0.0
13,1774,CISO,BIO,13.1,1.0,0.0
13,1794,CISO,BIO,12.6,1.0,0.0
13,1838,CISO,BIO,17.2,1.0,0.0
13,5728,CISO,BIO,1.25,1.0,0.0
13,5729,CISO,BIO,1.25,1.0,0.0
13,5809,CISO,BIO,3.0,1.0,0.0
13,5865,CISO,BIO,0.75,1.0,0.0
13,5866,CISO,BIO,0.75,1.0,0.0
13,5872,CISO,BIO,14.4,1.0,0.0
13,5899,CISO,BIO,4.0,1.0,0.0
13,5900,CISO,BIO,3.7,1.0,0.0
13,5901,CISO,BIO,0.3,1.0,0.0
13,5999,CISO,BIO,37.828,1.0,0.0
13,6045,CISO,BIO,9.8,1.0,0.0
13,6069,CISO,BIO,4.6,1.0,0.0
13,6070,CISO,BIO,4.6,1.0,0.0
13,6071,CISO,BIO,4.6,1.0,0.0
13,6116,CISO,BIO,1.1,1.0,0.0
13,6117,CISO,BIO,1.1,1.0,0.0
13,6349,CISO,BIO,1.5,1.0,0.0
13,6352,CISO,BIO,1.2,1.0,0.0
13,6492,CISO,BIO,24.5,1.0,0.0
13,6601,CISO,BIO,1.5,1.0,0.0
13,6602,CISO,BIO,1.5,1.0,0.0
13,6603,CISO,BIO,1.5,1.0,0.0
13,6651,CISO,BIO,1.35,1.0,0.0
13,6652,CISO,BIO,1.35,1.0,0.0
13,6653,CISO,BIO,1.35,1.0,0.0
13,6756,CISO,BIO,0.7,1.0,0.0
13,7146,CISO,BIO,0.2,1.0,0.0
13,7147,CISO,BIO,0.2,1.0,0.0
13,7373,CISO,BIO,4.4,1.0,0.0
13,7374,CISO,BIO,3.0,1.0,0.0
13,7556,CISO,BIO,0.8,1.0,0.0
13,7557,CISO,BIO,0.8,1.0,0.0
13,7558,CISO,BIO,0.8,1.0,0.0
13,7559,CISO,BIO,0.8,1.0,0.0
13,7560,CISO,BIO,0.8,1.0,0.0
13,7561,CISO,BIO,0.8,1.0,0.0
13,7780,CISO,BIO,2.9,1.0,0.0
13,7816,CISO,BIO,1.3,1.0,0.0
13,7840,CISO,BIO,1.25,1.0,0.0
13,7841,CISO,BIO,1.25,1.0,0.0
13,7860,CISO,BIO,3.0,1.0,0.0
13,7861,CISO,BIO,3.0,1.0,0.0
13,7862,CISO,BIO,1.6,1.0,0.0
13,7868,CISO,BIO,1.95,1.0,0.0
13,7869,CISO,BIO,4.9,1.0,0.0
13,8080,CISO,BIO,7.14,1.0,0.0
13,8084,CISO,BIO,1.88,1.0,0.0
13,8085,CISO,BIO,1.88,1.0,0.0
13,8162,CISO,BIO,1.6,1.0,0.0
13,8163,CISO,BIO,2.7,1.0,0.0
13,8311,CISO,BIO,0.46,1.0,0.0
13,8312,CISO,BIO,2.29,1.0,0.0
13,8313,CISO,BIO,2.2,1.0,0.0
13,8371,CISO,BIO,3.0,1.0,0.0
13,8403,CISO,BIO,2.8,1.0,0.0
13,8404,CISO,BIO,3.3,1.0,0.0
13,8405,CISO,BIO,3.3,1.0,0.0
13,8406,CISO,BIO,3.3,1.0,0.0
13,8434,CISO,BIO,1.2,1.0,0.0
13,8682,CISO,BIO,3.0,1.0,0.0
13,8685,CISO,BIO,11.16,1.0,0.0
13,8811,CISO,BIO,1.3,1.0,0.0
13,8812,CISO,BIO,1.3,1.0,0.0
13,9227,CISO,BIO,3.0,1.0,0.0
13,9228,CISO,BIO,1.2,1.0,0.0
13,9229,CISO,BIO,1.2,1.0,0.0
13,9242,CISO,BIO,3.05,1.0,0.0
13,9322,CISO,BIO,2.8,1.0,0.0
13,9337,CISO,BIO,1.8,1.0,0.0
13,9338,CISO,BIO,1.8,1.0,0.0
13,9399,CISO,BIO,1.2,1.0,0.0
13,9723,CISO,BIO,0.5,1.0,0.0
13,10025,CISO,BIO,1.6,1.0,0.0
13,10026,CISO,BIO,1.0,1.0,0.0
13,10027,CISO,BIO,1.0,1.0,0.0
13,10028,CISO,BIO,1.4,1.0,0.0
13,11103,CISO,BIO,28.24,1.0,0.0
13,11120,CISO,BIO,50.0,1.0,0.0
13,11138,CISO,BIO,5.0,1.0,0.0
13,12396,CISO,BIO,1.0,1.0,0.0
13,12397,CISO,BIO,0.4,1.0,0.0
13,12837,CISO,BIO,1.5,1.0,0.0
13,13104,CISO,BIO,50.0,1.0,0.0
13,13107,CISO,BIO,25.0,1.0,0.0
13,14499,CISO,BIO,26.5,1.0,0.0
13,14833,CISO,BIO,18.13,1.0,0.0
13,14884,CISO,BIO,1.2,1.0,0.0
13,14896,CISO,BIO,5.0,1.0,0.0
13,15377,CISO,BIO,12.0,1.0,0.0
13,15432,CISO,BIO,32.0,1.0,0.0
13,15783,CISO,BIO,4.7,1.0,0.0
13,15794,CISO,BIO,28.5,1.0,0.0
13,15797,CISO,BIO,24.0,1.0,0.0
13,15798,CISO,BIO,24.0,1.0,0.0
13,442,CISO,GEO,35.7,1.0,0.0
13,443,CISO,GEO,35.7,1.0,0.0
13,444,CISO,GEO,35.7,1.0,0.0
13,445,CISO,GEO,35.7,1.0,0.0
13,656,CISO,GEO,26.66667,1.0,0.0
13,657,CISO,GEO,26.66667,1.0,0.0
13,658,CISO,GEO,26.66667,1.0,0.0
13,663,CISO,GEO,16.0,1.0,0.0
13,664,CISO,GEO,16.0,1.0,0.0
13,665,CISO,GEO,16.0,1.0,0.0
13,1005,CISO,GEO,30.0,1.0,0.0
13,1006,CISO,GEO,30.0,1.0,0.0
13,1007,CISO,GEO,30.0,1.0,0.0
13,1265,CISO,GEO,1.5,1.0,0.0
13,1266,CISO,GEO,1.5,1.0,0.0
13,1597,CISO,GEO,11.0,1.0,0.0
13,1598,CISO,GEO,11.0,1.0,0.0
13,1602,CISO,GEO,47.0,1.0,0.0
13,1603,CISO,GEO,50.0,1.0,0.0
13,1604,CISO,GEO,72.0,1.0,0.0
13,1605,CISO,GEO,75.5,1.0,0.0
13,1606,CISO,GEO,27.5,1.0,0.0
13,1607,CISO,GEO,63.0,1.0,0.0
13,1608,CISO,GEO,70.0,1.0,0.0
13,1609,CISO,GEO,73.0,1.0,0.0
13,1610,CISO,GEO,57.0,1.0,0.0
13,1611,CISO,GEO,86.8,1.0,0.0
13,1612,CISO,GEO,47.9,1.0,0.0
13,1613,CISO,GEO,47.9,1.0,0.0
13,1614,CISO,GEO,49.215,1.0,0.0
13,1615,CISO,GEO,49.215,1.0,0.0
13,1616,CISO,GEO,12.5,1.0,0.0
13,1617,CISO,GEO,12.5,1.0,0.0
13,1618,CISO,GEO,6.5,1.0,0.0
13,1619,CISO,GEO,6.5,1.0,0.0
13,1620,CISO,GEO,36.0,1.0,0.0
13,1621,CISO,GEO,36.0,1.0,0.0
13,7684,CISO,GEO,20.0,1.0,0.0
13,7942,CISO,GEO,11.0,1.0,0.0
13,7943,CISO,GEO,11.0,1.0,0.0
13,8300,CISO,GEO,5.0,1.0,0.0
13,8301,CISO,GEO,5.0,1.0,0.0
13,8302,CISO,GEO,5.0,1.0,0.0
13,11122,CISO,GEO,78.0,1.0,0.0
13,13026,CISO,GEO,14.0,1.0,0.0
13,13102,CISO,GEO,51.9,1.0,0.0
13,13103,CISO,GEO,51.9,1.0,0.0
13,13105,CISO,GEO,59.0,1.0,0.0
13,14055,CISO,GEO,38.85,1.0,0.0
13,14056,CISO,GEO,50.0,1.0,0.0
13,14057,CISO,GEO,42.42,1.0,0.0
13,14058,CISO,GEO,52.73,1.0,0.0
13,14848,CISO,GEO,30.0,1.0,0.0
13,14923,CISO,GEO,38.0,1.0,0.0
13,15381,CISO,GEO,20.0,1.0,0.0
13,1248,CISO,NUCLEAR,1150.0,1.0,0.0
13,1249,CISO,NUCLEAR,1150.0,1.0,0.0
13,13507,IID,BIO,26.999999999999886,1.0,0.0
13,13561,IID,BIO,21.0,1.0,0.0
13,13509,IID,GEO,53.0,1.0,0.0
13,13510,IID,GEO,8.75,1.0,0.0
13,13511,IID,GEO,4.37,1.0,0.0
13,13516,IID,GEO,34.39,1.0,0.0
13,13517,IID,GEO,34.39,1.0,0.0
13,13519,IID,GEO,34.39,1.0,0.0
13,13520,IID,GEO,29.0,1.0,0.0
13,13521,IID,GEO,9.19,1.0,0.0
13,13522,IID,GEO,10.5,1.0,0.0
13,13523,IID,GEO,49.0,1.0,0.0
13,13524,IID,GEO,50.0,1.0,0.0
13,13543,IID,GEO,33.0,1.0,0.0
13,13544,IID,GEO,16.0,1.0,0.0
13,13554,IID,GEO,49.89,1.0,0.0
13,13555,IID,GEO,4.79,1.0,0.0
13,13556,IID,GEO,4.5,1.0,0.0
13,13557,IID,GEO,11.1,1.0,0.0
13,13558,IID,GEO,11.0,1.0,0.0
13,13559,IID,GEO,50.0,1.0,0.0
13,13562,IID,GEO,21.6,1.0,0.0
13,13563,IID,GEO,8.0,1.0,0.0
13,13564,IID,GEO,22.0,1.0,0.0
13,13570,IID,GEO,24.0,1.0,0.0
13,13571,IID,GEO,15.0,1.0,0.0
13,13572,IID,GEO,18.5,1.0,0.0
13,13573,IID,GEO,7.0,1.0,0.0
13,13574,IID,GEO,8.45,1.0,0.0
13,13578,IID,GEO,16.0,1.0,0.0
13,13579,IID,GEO,16.0,1.0,0.0
13,13580,IID,GEO,16.0,1.0,0.0
13,13581,IID,GEO,16.0,1.0,0.0
13,13582,IID,GEO,16.0,1.0,0.0
13,13583,IID,GEO,16.0,1.0,0.0
13,13584,IID,GEO,16.0,1.0,0.0
13,3434,IPCO,BIO,4.999999999999545,1.0,0.0
13,6118,IPCO,BIO,0.8,1.0,0.0
13,6119,IPCO,BIO,0.8,1.0,0.0
13,6120,IPCO,BIO,0.8,1.0,0.0
13,7116,IPCO,BIO,1.6,1.0,0.0
13,7117,IPCO,BIO,1.6,1.0,0.0
13,8549,IPCO,BIO,2.0,1.0,0.0
13,8550,IPCO,BIO,2.0,1.0,0.0
13,10116,IPCO,BIO,7.5,1.0,0.0
13,3400,IPCO,GEO,18.0,1.0,0.0
13,7941,IPCO,GEO,11.0,1.0,0.0
13,3407,IPCO,NG,170.9,1.0,0.0
13,3408,IPCO,NG,172.8,1.0,0.0
13,3410,IPCO,NG,50.0,1.0,0.0
13,7185,IPCO,NG,2.0,1.0,0.0
13,7188,IPCO,NG,2.0,1.0,0.0
13,7189,IPCO,NG,2.0,1.0,0.0
13,7509,IPCO,NG,330.0,1.0,0.0
13,8599,IPCO,NG,10.0,1.0,0.0
13,13714,NEVP,GEO,20.0,1.0,0.0
13,13715,NEVP,GEO,60.0,1.0,0.0
13,13716,NEVP,GEO,10.1,1.0,0.0
13,13717,NEVP,GEO,19.2,1.0,0.0
13,13718,NEVP,GEO,11.8,1.0,0.0
13,13719,NEVP,GEO,11.8,1.0,0.0
13,13720,NEVP,GEO,11.8,1.0,0.0
13,13721,NEVP,GEO,11.8,1.0,0.0
13,13724,NEVP,GEO,8.0,1.0,0.0
13,13725,NEVP,GEO,8.0,1.0,0.0
13,13726,NEVP,GEO,8.0,1.0,0.0
13,13727,NEVP,GEO,18.9,1.0,0.0
13,13728,NEVP,GEO,11.3,1.0,0.0
13,13729,NEVP,GEO,11.3,1.0,0.0
13,13730,NEVP,GEO,11.3,1.0,0.0
13,13731,NEVP,GEO,11.3,1.0,0.0
13,13732,NEVP,GEO,11.25,1.0,0.0
13,13733,NEVP,GEO,11.25,1.0,0.0
13,13734,NEVP,GEO,25.0,1.0,0.0
13,13752,NEVP,GEO,15.0,1.0,0.0
13,13753,NEVP,GEO,15.0,1.0,0.0
13,13754,NEVP,GEO,15.0,1.0,0.0
13,13755,NEVP,GEO,15.0,1.0,0.0
13,13756,NEVP,GEO,26.5,1.0,0.0
13,13757,NEVP,GEO,10.0,1.0,0.0
13,13758,NEVP,GEO,10.0,1.0,0.0
13,13759,NEVP,GEO,10.0,1.0,0.0
13,13760,NEVP,GEO,16.5,1.0,0.0
13,13762,NEVP,GEO,25.0,1.0,0.0
13,13763,NEVP,GEO,16.0,1.0,0.0
13,13764,NEVP,GEO,16.0,1.0,0.0
13,13765,NEVP,GEO,21.3,1.0,0.0
13,13766,NEVP,GEO,21.3,1.0,0.0
13,13767,NEVP,GEO,21.3,1.0,0.0
13,13769,NEVP,GEO,20.0,1.0,0.0
13,13770,NEVP,GEO,20.0,1.0,0.0
13,13771,NEVP,GEO,12.0,1.0,0.0
13,13772,NEVP,GEO,11.8,1.0,0.0
13,13774,NEVP,GEO,20.0,1.0,0.0
13,13775,NEVP,GEO,20.0,1.0,0.0
13,13776,NEVP,GEO,12.0,1.0,0.0
13,13427,NEVP,NG,105.0,1.0,0.0
13,13428,NEVP,NG,250.0,1.0,0.0
13,13429,NEVP,NG,250.0,1.0,0.0
13,13430,NEVP,NG,142.5,1.0,0.0
13,13433,NEVP,NG,96.26,1.0,0.0
13,13434,NEVP,NG,111.26,1.0,0.0
13,13440,NEVP,NG,566.0,1.0,0.0
13,13441,NEVP,NG,735.0,1.0,0.0
13,13442,NEVP,NG,641.4,1.0,0.0
13,13443,NEVP,NG,521.7,1.0,0.0
13,13444,NEVP,NG,585.0,1.0,0.0
13,13445,NEVP,NG,585.0,1.0,0.0
13,13449,NEVP,NG,112.4,1.0,0.0
13,13450,NEVP,NG,112.4,1.0,0.0
13,13773,NEVP,NG,266.37,1.0,0.0
13,15914,NEVP,NG,403.0,1.0,0.0
13,15916,NEVP,NG,659.6,1.0,0.0
13,15966,NEVP,NG,258.56,1.0,0.0
13,15972,NEVP,NG,356.0,1.0,0.0
13,15996,NEVP,NG,181.5,1.0,0.0
13,16028,NEVP,NG,367.5,1.0,0.0
13,16029,NEVP,NG,367.5,1.0,0.0
13,16054,NEVP,NG,540.6,1.0,0.0
13,3476,NWMT,NG,50.0,1.0,0.0
13,3477,NWMT,NG,50.0,1.0,0.0
13,3478,NWMT,NG,50.0,1.0,0.0
13,3522,NWMT,NG,6.0,1.0,0.0
13,3523,NWMT,NG,6.0,1.0,0.0
13,3524,NWMT,NG,6.0,1.0,0.0
13,3525,NWMT,NG,6.0,1.0,0.0
13,3526,NWMT,NG,6.0,1.0,0.0
13,3527,NWMT,NG,6.0,1.0,0.0
13,3528,NWMT,NG,6.0,1.0,0.0
13,3529,NWMT,NG,6.0,1.0,0.0
13,3530,NWMT,NG,6.0,1.0,0.0
13,3617,PACE,GEO,26.1,1.0,0.0
13,3618,PACE,GEO,12.0,1.0,0.0
13,3612,PACE,NG,17.0,1.0,0.0
13,3613,PACE,NG,17.0,1.0,0.0
13,3614,PACE,NG,17.0,1.0,0.0
13,3639,PACE,NG,16.106,1.0,0.0
13,3640,PACE,NG,16.106,1.0,0.0
13,3641,PACE,NG,16.2,1.0,0.0
13,3718,PACE,NG,13.5,1.0,0.0
13,3719,PACE,NG,13.5,1.0,0.0
13,6466,PACE,NG,529.7,1.0,0.0
13,7491,PACE,NG,628.1,1.0,0.0
13,7494,PACE,NG,538.0,1.0,0.0
13,14694,PACE,NG,1.0,1.0,0.0
13,15930,PACE,NG,420.7,1.0,0.0
13,15987,PACE,NG,408.6,1.0,0.0
13,15988,PACE,NG,182.7,1.0,0.0
13,15989,PACE,NG,185.4,1.0,0.0
13,15990,PACE,NG,469.8,1.0,0.0
13,1889,PACW,BIO,7.5,1.0,0.0
13,8587,PACW,BIO,10.0,1.0,0.0
13,11098,PACW,BIO,10.0,1.0,0.0
13,2106,PACW,NG,29.39,1.0,0.0
13,2107,PACW,NG,29.39,1.0,0.0
13,7432,PACW,NG,540.0,1.0,0.0
13,9960,PACW,NG,279.56,1.0,0.0
13,9961,PACW,NG,279.56,1.0,0.0
13,15985,PACW,NG,178.5,1.0,0.0
13,15986,PACW,NG,323.0,1.0,0.0
13,2346,PGE,BIO,10.0,1.0,0.0
13,2363,PGE,NG,24.5,1.0,1.0
13,5829,PGE,NG,476.698,1.0,0.0
13,9847,PGE,NG,296.0,1.0,0.0
13,10103,PGE,NG,483.3,1.0,0.0
13,10104,PGE,NG,18.8,1.0,0.0
13,10105,PGE,NG,18.8,1.0,0.0
13,10106,PGE,NG,18.8,1.0,0.0
13,10107,PGE,NG,18.8,1.0,0.0
13,10108,PGE,NG,18.8,1.0,0.0
13,10109,PGE,NG,18.8,1.0,0.0
13,10110,PGE,NG,18.8,1.0,0.0
13,10111,PGE,NG,18.8,1.0,0.0
13,10112,PGE,NG,18.8,1.0,0.0
13,10113,PGE,NG,18.8,1.0,0.0
13,10114,PGE,NG,18.8,1.0,0.0
13,10115,PGE,NG,18.8,1.0,0.0
13,15905,PGE,NG,292.36,1.0,0.0
13,6353,PNM,BIO,0.8,1.0,0.0
13,6354,PNM,BIO,0.8,1.0,0.0
13,6355,PNM,BIO,0.8,1.0,0.0
13,6356,PNM,BIO,0.8,1.0,0.0
13,6357,PNM,BIO,0.8,1.0,0.0
13,6358,PNM,BIO,0.8,1.0,0.0
13,6359,PNM,BIO,0.8,1.0,0.0
13,6360,PNM,BIO,0.8,1.0,0.0
13,6483,PNM,BIO,1.35,1.0,0.0
13,7634,PNM,BIO,0.335,1.0,0.0
13,8319,PNM,BIO,0.9,1.0,0.0
13,8320,PNM,BIO,7.5,1.0,0.0
13,8517,PNM,BIO,0.8,1.0,0.0
13,8518,PNM,BIO,0.8,1.0,0.0
13,8519,PNM,BIO,0.8,1.0,0.0
13,8520,PNM,BIO,0.8,1.0,0.0
13,8521,PNM,BIO,0.8,1.0,0.0
13,8522,PNM,BIO,0.8,1.0,0.0
13,10202,PNM,BIO,8.0,1.0,0.0
13,11101,PNM,BIO,11.5,1.0,0.0
13,11102,PNM,BIO,11.5,1.0,0.0
13,13110,PNM,BIO,10.0,1.0,0.0
13,13265,PNM,GEO,4.0,1.0,0.0
13,6828,PNM,NG,3.42,1.0,0.0
13,11104,PNM,NG,3.42,1.0,0.0
13,11105,PNM,NG,3.42,1.0,0.0
13,11106,PNM,NG,3.42,1.0,0.0
13,13240,PNM,NG,596.0,1.0,0.0
13,13243,PNM,NG,287.93,1.0,0.0
13,13503,PNM,NG,67.2,1.0,0.0
13,16004,PNM,NG,497.26,1.0,0.0
13,13785,PSCO,NG,602.0,1.0,0.0
13,13807,PSCO,NG,582.51,1.0,0.0
13,13813,PSCO,NG,396.9,1.0,0.0
13,13816,PSCO,NG,127.0,1.0,0.0
13,13869,PSCO,NG,622.0,1.0,0.0
13,15920,PSCO,NG,370.6,1.0,0.0
13,15945,PSCO,NG,517.69,1.0,0.0
13,16046,PSCO,NG,510.0,1.0,0.0
13,2398,PSEI,BIO,28.3,1.0,0.0
13,2399,PSEI,NG,71.2,1.0,0.0
13,2400,PSEI,NG,71.2,1.0,0.0
13,2401,PSEI,NG,143.4,1.0,1.0
13,2402,PSEI,NG,143.4,1.0,1.0
13,2404,PSEI,NG,94.0,1.0,0.0
13,4995,PSEI,NG,94.0,1.0,0.0
13,4996,PSEI,NG,94.0,1.0,0.0
13,6692,PSEI,NG,193.8,1.0,0.0
13,6749,PSEI,NG,253.44,1.0,0.0
13,7707,PSEI,NG,167.04,1.0,0.0
13,7855,PSEI,NG,319.9,1.0,0.0
13,9197,PSEI,NG,145.1,1.0,0.0
13,13338,SRP,NG,591.0999999999991,1.0,0.0
13,13370,SRP,NG,277.0,1.0,0.0
13,13375,SRP,NG,589.5,1.0,0.0
13,15937,SRP,NG,459.0,1.0,0.0
13,16050,SRP,NG,456.0,1.0,0.0
13,14041,TIDC,NG,36.65999999999994,1.0,1.0
13,14108,TIDC,NG,286.0,1.0,0.0
13,16068,TIDC,NG,241.9,1.0,0.0
13,1990,TPWR,BIO,63.999999999999886,1.0,0.0
13,10145,TPWR,BIO,26.0,1.0,0.0
13,13976,WACM,NG,331.06103880000023,1.0,0.0
13,13986,WACM,NG,100.0,1.0,0.0
13,15948,WACM,NG,400.4,1.0,0.0
13,15949,WACM,NG,153.9,1.0,0.0
13,13494,WALC,NG,590.8,1.0,0.0
13,13495,WALC,NG,550.0,1.0,0.0
13,15962,WALC,NG,478.4,1.0,0.0
13,16056,WALC,NG,336.0,1.0,0.0
13,16057,WALC,NG,336.0,1.0,0.0
13,1115,CISO,NG,267.0,1.0,0.0
13,1116,CISO,NG,266.0,1.0,0.0
13,1117,CISO,NG,266.0,1.0,0.0
13,1118,CISO,NG,267.0,1.0,0.0
13,1405,CISO,NG,3.105,1.0,0.0
13,1445,CISO,NG,56.2,1.0,0.0
13,1447,CISO,NG,21.384,1.0,0.0
13,1448,CISO,NG,21.384,1.0,0.0
13,1449,CISO,NG,21.384,1.0,0.0
13,9895,CISO,NG,83.24667,1.0,0.0
13,9896,CISO,NG,41.62333,1.0,0.0
13,10214,CISO,NG,625.0,1.0,0.0
13,15255,CISO,NG,322.0,1.0,0.0
13,15908,CISO,NG,493.63,1.0,0.0
13,15939,CISO,NG,247.29,1.0,0.0
13,15940,CISO,NG,247.29,1.0,0.0
13,15943,CISO,NG,275.85,1.0,0.0
13,15944,CISO,NG,275.85,1.0,0.0
13,15975,CISO,NG,166.667,1.0,0.0
13,15978,CISO,NG,336.9,1.0,0.0
13,16018,CISO,NG,277.5,1.0,0.0
13,16019,CISO,NG,277.5,1.0,0.0
13,16020,CISO,NG,277.5,1.0,0.0
13,16021,CISO,NG,277.5,1.0,0.0
13,16032,CISO,NG,294.105,1.0,0.0
13,16033,CISO,NG,145.0,1.0,0.0
13,16034,CISO,NG,266.49,1.0,0.0
13,16035,CISO,NG,266.49,1.0,0.0
13,16058,CISO,NG,293.01,1.0,0.0
13,16059,CISO,NG,293.01,1.0,0.0
13,13304,SRP,NUCLEAR,1372.2,1.0,0.0
13,13305,SRP,NUCLEAR,1375.05,1.0,0.0
13,13306,SRP,NUCLEAR,1373.15,1.0,0.0
13,15322,AZPS,NG,87.0,1.0,0.0
13,15323,AZPS,NG,87.0,1.0,0.0
13,15324,AZPS,NG,87.0,1.0,0.0
13,15325,AZPS,NG,87.0,1.0,0.0
13,15326,AZPS,NG,87.0,1.0,0.0
13,15327,AZPS,NG,87.0,1.0,0.0
13,14088,BANC,NG,81.0,1.0,0.0
13,17031,LDWP,NG,5.0,1.0,0.0
13,13614,LDWP,NG,110.0,1.0,0.0
13,17212,LDWP,NG,398.0,1.0,0.0
13,17210,LDWP,NG,398.0,1.0,0.0
13,13284,TEPC,NG,549.9999999999995,1.0,0.0
13,13403,TEPC,NG,540.0,1.0,0.0
13,13404,TEPC,NG,540.0,1.0,0.0
13,13295,AZPS,COAL,818.1,1.0,0.0
13,3504,IPCO,COAL,307.0,1.0,0.0
13,3505,IPCO,COAL,307.0,1.0,0.0
13,3694,IPCO,COAL,50.0,1.0,0.0
13,3695,IPCO,COAL,25.0,1.0,0.0
13,3696,IPCO,COAL,25.0,1.0,0.0
13,3582,NEVP,COAL,268.0,1.0,0.0
13,3583,NEVP,COAL,254.0,1.0,0.0
13,3507,NWMT,COAL,740.0001,1.0,0.0
13,3506,NWMT,COAL,740.0,1.0,0.0
13,3497,NWMT,COAL,135.0,1.0,0.0
13,3510,NWMT,COAL,64.0,1.0,0.0
13,3391,PACE,COAL,584.0,1.0,0.0
13,3461,PACE,COAL,140.0,1.0,0.0
13,3463,PACE,COAL,531.0,1.0,0.0
13,3462,PACE,COAL,527.0,1.0,0.0
13,3656,PACE,COAL,517.5,1.0,0.0
13,3619,PACE,COAL,499.5,1.0,0.0
13,3655,PACE,COAL,498.0,1.0,0.0
13,3638,PACE,COAL,495.6,1.0,0.0
13,3637,PACE,COAL,488.3,1.0,0.0
13,3636,PACE,COAL,488.3,1.0,0.0
13,3698,PACE,COAL,362.1,1.0,0.0
13,3635,PACE,COAL,360.0,1.0,0.0
13,3634,PACE,COAL,229.5,1.0,0.0
13,11093,PACE,COAL,217.6,1.0,0.0
13,13294,PNM,COAL,271.0,1.0,0.0
13,13796,PSCO,COAL,552.28,1.0,0.0
13,13888,PSCO,COAL,467.261,1.0,0.0
13,14002,PSCO,COAL,428.0,1.0,0.0
13,14129,PSCO,COAL,380.8,1.0,0.0
13,13787,PSCO,COAL,335.0,1.0,0.0
13,13786,PSCO,COAL,325.0,1.0,0.0
13,13960,PSCO,COAL,49.65,1.0,0.0
13,13386,SRP,COAL,750.0,1.0,0.0
13,13387,SRP,COAL,750.0,1.0,0.0
13,13388,SRP,COAL,750.0,1.0,0.0
13,13385,SRP,COAL,382.0,1.0,0.0
13,13384,SRP,COAL,367.44196320000196,1.0,0.0
13,13389,TEPC,COAL,424.8,1.0,0.0
13,4029,WACM,COAL,621.0,1.0,0.0
13,4030,WACM,COAL,621.0,1.0,0.0
13,14004,WACM,COAL,448.0,1.0,0.0
13,14003,WACM,COAL,428.0,1.0,0.0
13,14001,WACM,COAL,405.0,1.0,0.0
13,14009,WACM,COAL,275.4,1.0,0.0
13,13958,WACM,COAL,207.0,1.0,0.0
13,14008,WACM,COAL,190.0,1.0,0.0
13,13962,WACM,COAL,141.031,1.0,0.0
13,13983,WACM,COAL,116.2,1.0,0.0
13,13982,WACM,COAL,95.0,1.0,0.0
13,13981,WACM,COAL,88.0,1.0,0.0
13,13961,WACM,COAL,83.19,1.0,0.0
13,13943,WACM,COAL,80.0,1.0,0.0
13,13422,WALC,COAL,204.0,1.0,0.0
14,3049,AESO,BIO,18.0,1.0,0.0
14,3243,AESO,BIO,22.335,1.0,0.0
14,3284,AESO,BIO,25.0,1.0,0.0
14,3292,AESO,BIO,11.6,1.0,0.0
14,3343,AESO,BIO,18.0,1.0,0.0
14,3384,AESO,BIO,41.0,1.0,0.0
14,3385,AESO,BIO,41.0,1.0,0.0
14,3386,AESO,BIO,17.0,1.0,0.0
14,3387,AESO,BIO,32.0,1.0,0.0
14,9565,AESO,BIO,20.0,1.0,0.0
14,9566,AESO,BIO,30.0,1.0,0.0
14,9592,AESO,BIO,48.0,1.0,0.0
14,13106,AESO,BIO,43.0,1.0,0.0
14,13117,AESO,BIO,9.0,1.0,0.0
14,3218,AESO,NG,407.0,1.0,0.0
14,3219,AESO,NG,148.0,1.0,0.0
14,3220,AESO,NG,148.0,1.0,0.0
14,3221,AESO,NG,408.0,1.0,0.0
14,3222,AESO,NG,408.0,1.0,0.0
14,3238,AESO,NG,151.0,1.0,0.0
14,9198,AESO,NG,280.0,1.0,0.0
14,3017,AESO,NG,101.0,1.0,0.0
14,3041,AESO,NG,2.2,1.0,0.0
14,3042,AESO,NG,2.2,1.0,0.0
14,3043,AESO,NG,2.2,1.0,0.0
14,3044,AESO,NG,2.2,1.0,0.0
14,3047,AESO,NG,105.0,1.0,0.0
14,3072,AESO,NG,101.0,1.0,0.0
14,3096,AESO,NG,5.4,1.0,0.0
14,3126,AESO,NG,46.0,1.0,0.0
14,3139,AESO,NG,5.0,1.0,0.0
14,3190,AESO,NG,48.0,1.0,0.0
14,3215,AESO,NG,50.0,1.0,0.0
14,3217,AESO,NG,48.0,1.0,0.0
14,3232,AESO,NG,101.0,1.0,0.0
14,3234,AESO,NG,50.0,1.0,0.0
14,3235,AESO,NG,50.0,1.0,0.0
14,3242,AESO,NG,18.0,1.0,0.0
14,3244,AESO,NG,50.0,1.0,0.0
14,3245,AESO,NG,47.0,1.0,0.0
14,3249,AESO,NG,36.5,1.0,0.0
14,3250,AESO,NG,36.5,1.0,0.0
14,3254,AESO,NG,101.0,1.0,0.0
14,3259,AESO,NG,40.0,1.0,0.0
14,3261,AESO,NG,25.0,1.0,0.0
14,3262,AESO,NG,30.0,1.0,0.0
14,3263,AESO,NG,35.0,1.0,0.0
14,3264,AESO,NG,30.0,1.0,0.0
14,3357,AESO,NG,3.0,1.0,0.0
14,3358,AESO,NG,3.0,1.0,0.0
14,3359,AESO,NG,4.9,1.0,0.0
14,3370,AESO,NG,47.5,1.0,0.0
14,5241,AESO,NG,48.0,1.0,0.0
14,5274,AESO,NG,48.0,1.0,0.0
14,5302,AESO,NG,48.0,1.0,0.0
14,5802,AESO,NG,120.0,1.0,0.0
14,6087,AESO,NG,330.0,1.0,0.0
14,6150,AESO,NG,120.0,1.0,0.0
14,6611,AESO,NG,128.0,1.0,0.0
14,7724,AESO,NG,15.5,1.0,0.0
14,7725,AESO,NG,6.0,1.0,0.0
14,7727,AESO,NG,8.0,1.0,0.0
14,7851,AESO,NG,3.0,1.0,0.0
14,7852,AESO,NG,2.0,1.0,0.0
14,8055,AESO,NG,16.0,1.0,0.0
14,8417,AESO,NG,141.0,1.0,0.0
14,8781,AESO,NG,3.0,1.0,0.0
14,8782,AESO,NG,3.5,1.0,0.0
14,8783,AESO,NG,3.0,1.0,0.0
14,10169,AESO,NG,195.0,1.0,0.0
14,10179,AESO,NG,870.0,1.0,0.0
14,13123,AESO,NG,6.3,1.0,0.0
14,13124,AESO,NG,6.3,1.0,0.0
14,13127,AESO,NG,10.0,1.0,0.0
14,13133,AESO,NG,20.0,1.0,0.0
14,13136,AESO,NG,16.5,1.0,0.0
14,13137,AESO,NG,10.0,1.0,0.0
14,14585,AESO,NG,15.0,1.0,0.0
14,14586,AESO,NG,15.0,1.0,0.0
14,14605,AESO,NG,269.51803359599785,1.0,0.0
14,14624,AESO,NG,45.0,1.0,0.0
14,14625,AESO,NG,45.0,1.0,0.0
14,14644,AESO,NG,45.0,1.0,0.0
14,14662,AESO,NG,45.0,1.0,0.0
14,15481,AESO,NG,6.5,1.0,0.0
14,15482,AESO,NG,6.5,1.0,0.0
14,15483,AESO,NG,6.5,1.0,0.0
14,15484,AESO,NG,6.5,1.0,0.0
14,15485,AESO,NG,6.5,1.0,0.0
14,15515,AESO,NG,17.0,1.0,0.0
14,15659,AESO,NG,395.0,1.0,0.0
14,15660,AESO,NG,411.0,1.0,0.0
14,15661,AESO,NG,406.0,1.0,0.0
14,15662,AESO,NG,406.0,1.0,0.0
14,15663,AESO,NG,353.0,1.0,0.0
14,15667,AESO,NG,401.0,1.0,0.0
14,16052,AESO,NG,605.2,1.0,0.0
14,16053,AESO,NG,262.8,1.0,0.0
14,2167,AVA,BIO,50.699999999999775,1.0,0.0
14,2190,AVA,BIO,6.2,1.0,0.0
14,2200,AVA,BIO,26.0,1.0,0.0
14,2206,AVA,BIO,28.8,1.0,0.0
14,2207,AVA,BIO,65.0,1.0,0.0
14,2168,AVA,NG,7.2,1.0,0.0
14,2198,AVA,NG,83.3,1.0,0.0
14,2199,AVA,NG,83.3,1.0,0.0
14,2210,AVA,NG,4.1,1.0,0.0
14,2211,AVA,NG,4.1,1.0,0.0
14,2212,AVA,NG,4.1,1.0,0.0
14,2213,AVA,NG,4.1,1.0,0.0
14,2214,AVA,NG,4.1,1.0,0.0
14,2215,AVA,NG,4.1,1.0,0.0
14,8427,AVA,NG,301.49,1.0,0.0
14,9848,AVA,NG,287.0,1.0,0.0
14,14033,AZPS,BIO,28.0,1.0,0.0
14,16040,AZPS,NG,252.4,1.0,0.0
14,16041,AZPS,NG,252.4,1.0,0.0
14,16042,AZPS,NG,252.4,1.0,0.0
14,16043,AZPS,NG,252.4,1.0,0.0
14,16070,AZPS,NG,136.428,1.0,0.0
14,13687,BANC,BIO,3.4999999999990905,1.0,0.0
14,13688,BANC,BIO,3.5,1.0,0.0
14,13689,BANC,BIO,3.5,1.0,0.0
14,13690,BANC,BIO,3.5,1.0,0.0
14,13691,BANC,BIO,3.5,1.0,0.0
14,13701,BANC,NG,66.5,1.0,0.0
14,13703,BANC,NG,62.0,1.0,0.0
14,13708,BANC,NG,8.1,1.0,0.0
14,14085,BANC,NG,50.0,1.0,0.0
14,14110,BANC,NG,83.0,1.0,0.0
14,14111,BANC,NG,8.2,1.0,0.0
14,14112,BANC,NG,8.2,1.0,0.0
14,14113,BANC,NG,8.2,1.0,0.0
14,14114,BANC,NG,8.2,1.0,0.0
14,14115,BANC,NG,8.2,1.0,0.0
14,14116,BANC,NG,8.2,1.0,0.0
14,14117,BANC,NG,84.2,1.0,0.0
14,15928,BANC,NG,265.0,1.0,0.0
14,15929,BANC,NG,265.0,1.0,0.0
14,16044,BANC,NG,59.5,1.0,0.0
14,16045,BANC,NG,59.5,1.0,0.0
14,16060,BANC,NG,274.5,1.0,0.0
14,16061,BANC,NG,274.5,1.0,0.0
14,2516,BCHA,BIO,66.0,1.0,0.0
14,2581,BCHA,BIO,16.39,1.0,0.0
14,2634,BCHA,BIO,20.39,1.0,0.0
14,2644,BCHA,BIO,24.75,1.0,0.0
14,2645,BCHA,BIO,1.667,1.0,0.0
14,2646,BCHA,BIO,1.667,1.0,0.0
14,2647,BCHA,BIO,1.667,1.0,0.0
14,2648,BCHA,BIO,1.851,1.0,0.0
14,2691,BCHA,BIO,32.0,1.0,0.0
14,2744,BCHA,BIO,16.0,1.0,0.0
14,2745,BCHA,BIO,28.0,1.0,0.0
14,2746,BCHA,BIO,32.0,1.0,0.0
14,2766,BCHA,BIO,7.5,1.0,0.0
14,2990,BCHA,BIO,52.29,1.0,0.0
14,2991,BCHA,BIO,48.0,1.0,0.0
14,6066,BCHA,BIO,4.8,1.0,0.0
14,6104,BCHA,BIO,36.0,1.0,0.0
14,6121,BCHA,BIO,32.7,1.0,0.0
14,6122,BCHA,BIO,28.69,1.0,0.0
14,6155,BCHA,BIO,1.26,1.0,0.0
14,6833,BCHA,BIO,1.03,1.0,0.0
14,7014,BCHA,BIO,0.34,1.0,0.0
14,7068,BCHA,BIO,55.0,1.0,0.0
14,7171,BCHA,BIO,62.5,1.0,0.0
14,7172,BCHA,BIO,50.0,1.0,0.0
14,8349,BCHA,BIO,38.0,1.0,0.0
14,11890,BCHA,BIO,1.0,1.0,0.0
14,11891,BCHA,BIO,1.0,1.0,0.0
14,15470,BCHA,BIO,28.0,1.0,0.0
14,15471,BCHA,BIO,16.0,1.0,0.0
14,15664,BCHA,BIO,38.7,1.0,0.0
14,10736,BCHA,GEO,107.0,1.0,0.0
14,2517,BCHA,NG,55.0,1.0,0.0
14,2518,BCHA,NG,55.0,1.0,0.0
14,2589,BCHA,NG,23.0,1.0,0.0
14,2590,BCHA,NG,23.0,1.0,0.0
14,3040,AESO,NG,2.4,1.0,0.0
14,3247,AESO,NG,40.0,1.0,0.0
14,3248,AESO,NG,30.0,1.0,0.0
14,5051,BCHA,NG,290.0,1.0,0.0
14,5976,AESO,NG,200.0,1.0,0.0
14,6625,AESO,NG,25.0,1.0,0.0
14,6755,AESO,NG,101.0,1.0,0.0
14,7003,AESO,NG,93.0,1.0,0.0
14,7541,AESO,NG,130.0,1.0,0.0
14,7726,AESO,NG,4.1,1.0,0.0
14,8260,AESO,NG,46.0,1.0,0.0
14,8632,AESO,NG,5.5,1.0,0.0
14,9134,AESO,NG,20.0,1.0,0.0
14,9218,AESO,NG,75.0,1.0,0.0
14,9219,AESO,NG,344.0,1.0,0.0
14,9329,AESO,NG,85.0,1.0,0.0
14,9966,AESO,NG,100.0,1.0,0.0
14,11725,AESO,NG,1.6,1.0,0.0
14,11726,AESO,NG,1.6,1.0,0.0
14,11841,AESO,NG,2.9,1.0,0.0
14,11842,AESO,NG,2.9,1.0,0.0
14,11914,AESO,NG,17.0,1.0,0.0
14,11915,AESO,NG,3.0,1.0,0.0
14,11916,AESO,NG,2.0,1.0,0.0
14,13122,AESO,NG,6.5,1.0,0.0
14,13128,AESO,NG,15.0,1.0,0.0
14,13129,AESO,NG,15.0,1.0,0.0
14,13134,AESO,NG,3.1,1.0,0.0
14,13135,AESO,NG,3.1,1.0,0.0
14,14834,AESO,NG,150.81,1.0,0.0
14,15656,AESO,NG,408.0,1.0,0.0
14,15657,AESO,NG,418.5,1.0,0.0
14,15658,AESO,NG,430.0,1.0,0.0
14,15674,AESO,NG,19.55,1.0,0.0
14,15675,AESO,NG,2.9,1.0,0.0
14,15676,AESO,NG,2.3,1.0,0.0
14,15677,AESO,NG,7.0,1.0,0.0
14,1972,BPAT,BIO,40.0,1.0,0.0
14,2051,BPAT,BIO,18.0,1.0,0.0
14,2076,BPAT,BIO,14.7,1.0,0.0
14,2077,BPAT,BIO,20.0,1.0,0.0
14,2078,BPAT,BIO,25.0,1.0,0.0
14,2079,BPAT,BIO,12.25,1.0,0.0
14,6343,BPAT,BIO,0.8,1.0,0.0
14,6344,BPAT,BIO,0.8,1.0,0.0
14,6345,BPAT,BIO,1.5,1.0,0.0
14,6346,BPAT,BIO,1.5,1.0,0.0
14,9593,BPAT,BIO,5.0,1.0,0.0
14,9595,BPAT,BIO,31.28,1.0,0.0
14,13116,BPAT,BIO,12.5,1.0,0.0
14,14182,BPAT,BIO,17.2,1.0,0.0
14,14186,BPAT,BIO,37.2,1.0,0.0
14,14572,BPAT,BIO,36.0,1.0,0.0
14,2063,BPAT,NG,265.0,1.0,0.0
14,2105,BPAT,NG,31.0,1.0,0.0
14,6835,BPAT,NG,269.2,1.0,0.0
14,14571,BPAT,NG,9.9,1.0,0.0
14,2491,BPAT,NUCLEAR,1186.0,1.0,0.0
14,437,CENACE,GEO,25.0,1.0,0.0
14,438,CENACE,GEO,25.0,1.0,0.0
14,439,CENACE,GEO,25.0,1.0,0.0
14,440,CENACE,GEO,25.0,1.0,0.0
14,441,CENACE,GEO,30.0,1.0,0.0
14,446,CENACE,GEO,110.0,1.0,0.0
14,447,CENACE,GEO,110.0,1.0,0.0
14,448,CENACE,GEO,110.0,1.0,0.0
14,457,CENACE,GEO,110.0,1.0,0.0
14,8227,CENACE,NG,277.0,1.0,0.0
14,14839,CENACE,NG,248.0,1.0,0.0
14,15254,CENACE,NG,793.0,1.0,0.0
14,15341,CENACE,NG,1.0,1.0,0.0
14,15991,CENACE,NG,165.0,1.0,0.0
14,15992,CENACE,NG,165.0,1.0,0.0
14,15993,CENACE,NG,405.0,1.0,0.0
14,548,CISO,BIO,2.999999999992724,1.0,0.0
14,549,CISO,BIO,0.95,1.0,0.0
14,550,CISO,BIO,5.0,1.0,0.0
14,551,CISO,BIO,3.0,1.0,0.0
14,555,CISO,BIO,2.9,1.0,0.0
14,570,CISO,BIO,1.88,1.0,0.0
14,572,CISO,BIO,1.88,1.0,0.0
14,629,CISO,BIO,47.0,1.0,0.0
14,633,CISO,BIO,34.0,1.0,0.0
14,795,CISO,BIO,9.708,1.0,0.0
14,836,CISO,BIO,1.3,1.0,0.0
14,1008,CISO,BIO,1.88,1.0,0.0
14,1156,CISO,BIO,10.5,1.0,0.0
14,1168,CISO,BIO,10.8,1.0,0.0
14,1187,CISO,BIO,24.48,1.0,0.0
14,1188,CISO,BIO,6.6,1.0,0.0
14,1300,CISO,BIO,12.0,1.0,0.0
14,1331,CISO,BIO,57.43,1.0,0.0
14,1392,CISO,BIO,24.2,1.0,0.0
14,1398,CISO,BIO,2.57,1.0,0.0
14,1399,CISO,BIO,2.57,1.0,0.0
14,1400,CISO,BIO,2.57,1.0,0.0
14,1401,CISO,BIO,2.57,1.0,0.0
14,1402,CISO,BIO,2.57,1.0,0.0
14,1403,CISO,BIO,2.57,1.0,0.0
14,1404,CISO,BIO,2.57,1.0,0.0
14,1413,CISO,BIO,10.0,1.0,0.0
14,1589,CISO,BIO,8.6,1.0,0.0
14,1590,CISO,BIO,5.7,1.0,0.0
14,1634,CISO,BIO,6.9,1.0,0.0
14,1635,CISO,BIO,12.5,1.0,0.0
14,1636,CISO,BIO,12.5,1.0,0.0
14,1637,CISO,BIO,12.5,1.0,0.0
14,1768,CISO,BIO,22.0,1.0,0.0
14,1774,CISO,BIO,13.1,1.0,0.0
14,1794,CISO,BIO,12.6,1.0,0.0
14,1838,CISO,BIO,17.2,1.0,0.0
14,5728,CISO,BIO,1.25,1.0,0.0
14,5729,CISO,BIO,1.25,1.0,0.0
14,5809,CISO,BIO,3.0,1.0,0.0
14,5865,CISO,BIO,0.75,1.0,0.0
14,5866,CISO,BIO,0.75,1.0,0.0
14,5872,CISO,BIO,14.4,1.0,0.0
14,5899,CISO,BIO,4.0,1.0,0.0
14,5900,CISO,BIO,3.7,1.0,0.0
14,5901,CISO,BIO,0.3,1.0,0.0
14,5999,CISO,BIO,37.828,1.0,0.0
14,6045,CISO,BIO,9.8,1.0,0.0
14,6069,CISO,BIO,4.6,1.0,0.0
14,6070,CISO,BIO,4.6,1.0,0.0
14,6071,CISO,BIO,4.6,1.0,0.0
14,6116,CISO,BIO,1.1,1.0,0.0
14,6117,CISO,BIO,1.1,1.0,0.0
14,6349,CISO,BIO,1.5,1.0,0.0
14,6352,CISO,BIO,1.2,1.0,0.0
14,6492,CISO,BIO,24.5,1.0,0.0
14,6601,CISO,BIO,1.5,1.0,0.0
14,6602,CISO,BIO,1.5,1.0,0.0
14,6603,CISO,BIO,1.5,1.0,0.0
14,6651,CISO,BIO,1.35,1.0,0.0
14,6652,CISO,BIO,1.35,1.0,0.0
14,6653,CISO,BIO,1.35,1.0,0.0
14,6756,CISO,BIO,0.7,1.0,0.0
14,7146,CISO,BIO,0.2,1.0,0.0
14,7147,CISO,BIO,0.2,1.0,0.0
14,7373,CISO,BIO,4.4,1.0,0.0
14,7374,CISO,BIO,3.0,1.0,0.0
14,7556,CISO,BIO,0.8,1.0,0.0
14,7557,CISO,BIO,0.8,1.0,0.0
14,7558,CISO,BIO,0.8,1.0,0.0
14,7559,CISO,BIO,0.8,1.0,0.0
14,7560,CISO,BIO,0.8,1.0,0.0
14,7561,CISO,BIO,0.8,1.0,0.0
14,7780,CISO,BIO,2.9,1.0,0.0
14,7816,CISO,BIO,1.3,1.0,0.0
14,7840,CISO,BIO,1.25,1.0,0.0
14,7841,CISO,BIO,1.25,1.0,0.0
14,7860,CISO,BIO,3.0,1.0,0.0
14,7861,CISO,BIO,3.0,1.0,0.0
14,7862,CISO,BIO,1.6,1.0,0.0
14,7868,CISO,BIO,1.95,1.0,0.0
14,7869,CISO,BIO,4.9,1.0,0.0
14,8080,CISO,BIO,7.14,1.0,0.0
14,8084,CISO,BIO,1.88,1.0,0.0
14,8085,CISO,BIO,1.88,1.0,0.0
14,8162,CISO,BIO,1.6,1.0,0.0
14,8163,CISO,BIO,2.7,1.0,0.0
14,8311,CISO,BIO,0.46,1.0,0.0
14,8312,CISO,BIO,2.29,1.0,0.0
14,8313,CISO,BIO,2.2,1.0,0.0
14,8371,CISO,BIO,3.0,1.0,0.0
14,8403,CISO,BIO,2.8,1.0,0.0
14,8404,CISO,BIO,3.3,1.0,0.0
14,8405,CISO,BIO,3.3,1.0,0.0
14,8406,CISO,BIO,3.3,1.0,0.0
14,8434,CISO,BIO,1.2,1.0,0.0
14,8682,CISO,BIO,3.0,1.0,0.0
14,8685,CISO,BIO,11.16,1.0,0.0
14,8811,CISO,BIO,1.3,1.0,0.0
14,8812,CISO,BIO,1.3,1.0,0.0
14,9227,CISO,BIO,3.0,1.0,0.0
14,9228,CISO,BIO,1.2,1.0,0.0
14,9229,CISO,BIO,1.2,1.0,0.0
14,9242,CISO,BIO,3.05,1.0,0.0
14,9322,CISO,BIO,2.8,1.0,0.0
14,9337,CISO,BIO,1.8,1.0,0.0
14,9338,CISO,BIO,1.8,1.0,0.0
14,9399,CISO,BIO,1.2,1.0,0.0
14,9723,CISO,BIO,0.5,1.0,0.0
14,10025,CISO,BIO,1.6,1.0,0.0
14,10026,CISO,BIO,1.0,1.0,0.0
14,10027,CISO,BIO,1.0,1.0,0.0
14,10028,CISO,BIO,1.4,1.0,0.0
14,11103,CISO,BIO,28.24,1.0,0.0
14,11120,CISO,BIO,50.0,1.0,0.0
14,11138,CISO,BIO,5.0,1.0,0.0
14,12396,CISO,BIO,1.0,1.0,0.0
14,12397,CISO,BIO,0.4,1.0,0.0
14,12837,CISO,BIO,1.5,1.0,0.0
14,13104,CISO,BIO,50.0,1.0,0.0
14,13107,CISO,BIO,25.0,1.0,0.0
14,14499,CISO,BIO,26.5,1.0,0.0
14,14833,CISO,BIO,18.13,1.0,0.0
14,14884,CISO,BIO,1.2,1.0,0.0
14,14896,CISO,BIO,5.0,1.0,0.0
14,15377,CISO,BIO,12.0,1.0,0.0
14,15432,CISO,BIO,32.0,1.0,0.0
14,15783,CISO,BIO,4.7,1.0,0.0
14,15794,CISO,BIO,28.5,1.0,0.0
14,15797,CISO,BIO,24.0,1.0,0.0
14,15798,CISO,BIO,24.0,1.0,0.0
14,442,CISO,GEO,35.7,1.0,0.0
14,443,CISO,GEO,35.7,1.0,0.0
14,444,CISO,GEO,35.7,1.0,0.0
14,445,CISO,GEO,35.7,1.0,0.0
14,656,CISO,GEO,26.66667,1.0,0.0
14,657,CISO,GEO,26.66667,1.0,0.0
14,658,CISO,GEO,26.66667,1.0,0.0
14,663,CISO,GEO,16.0,1.0,0.0
14,664,CISO,GEO,16.0,1.0,0.0
14,665,CISO,GEO,16.0,1.0,0.0
14,1005,CISO,GEO,30.0,1.0,0.0
14,1006,CISO,GEO,30.0,1.0,0.0
14,1007,CISO,GEO,30.0,1.0,0.0
14,1265,CISO,GEO,1.5,1.0,0.0
14,1266,CISO,GEO,1.5,1.0,0.0
14,1597,CISO,GEO,11.0,1.0,0.0
14,1598,CISO,GEO,11.0,1.0,0.0
14,1602,CISO,GEO,47.0,1.0,0.0
14,1603,CISO,GEO,50.0,1.0,0.0
14,1604,CISO,GEO,72.0,1.0,0.0
14,1605,CISO,GEO,75.5,1.0,0.0
14,1606,CISO,GEO,27.5,1.0,0.0
14,1607,CISO,GEO,63.0,1.0,0.0
14,1608,CISO,GEO,70.0,1.0,0.0
14,1609,CISO,GEO,73.0,1.0,0.0
14,1610,CISO,GEO,57.0,1.0,0.0
14,1611,CISO,GEO,86.8,1.0,0.0
14,1612,CISO,GEO,47.9,1.0,0.0
14,1613,CISO,GEO,47.9,1.0,0.0
14,1614,CISO,GEO,49.215,1.0,0.0
14,1615,CISO,GEO,49.215,1.0,0.0
14,1616,CISO,GEO,12.5,1.0,0.0
14,1617,CISO,GEO,12.5,1.0,0.0
14,1618,CISO,GEO,6.5,1.0,0.0
14,1619,CISO,GEO,6.5,1.0,0.0
14,1620,CISO,GEO,36.0,1.0,0.0
14,1621,CISO,GEO,36.0,1.0,0.0
14,7684,CISO,GEO,20.0,1.0,0.0
14,7942,CISO,GEO,11.0,1.0,0.0
14,7943,CISO,GEO,11.0,1.0,0.0
14,8300,CISO,GEO,5.0,1.0,0.0
14,8301,CISO,GEO,5.0,1.0,0.0
14,8302,CISO,GEO,5.0,1.0,0.0
14,11122,CISO,GEO,78.0,1.0,0.0
14,13026,CISO,GEO,14.0,1.0,0.0
14,13102,CISO,GEO,51.9,1.0,0.0
14,13103,CISO,GEO,51.9,1.0,0.0
14,13105,CISO,GEO,59.0,1.0,0.0
14,14055,CISO,GEO,38.85,1.0,0.0
14,14056,CISO,GEO,50.0,1.0,0.0
14,14057,CISO,GEO,42.42,1.0,0.0
14,14058,CISO,GEO,52.73,1.0,0.0
14,14848,CISO,GEO,30.0,1.0,0.0
14,14923,CISO,GEO,38.0,1.0,0.0
14,15381,CISO,GEO,20.0,1.0,0.0
14,1248,CISO,NUCLEAR,1150.0,1.0,0.0
14,1249,CISO,NUCLEAR,1150.0,1.0,0.0
14,13507,IID,BIO,27.0,1.0,0.0
14,13561,IID,BIO,21.0,1.0,0.0
14,13509,IID,GEO,53.0,1.0,0.0
14,13510,IID,GEO,8.75,1.0,0.0
14,13511,IID,GEO,4.37,1.0,0.0
14,13516,IID,GEO,34.39,1.0,0.0
14,13517,IID,GEO,34.39,1.0,0.0
14,13519,IID,GEO,34.39,1.0,0.0
14,13520,IID,GEO,29.0,1.0,0.0
14,13521,IID,GEO,9.19,1.0,0.0
14,13522,IID,GEO,10.5,1.0,0.0
14,13523,IID,GEO,49.0,1.0,0.0
14,13524,IID,GEO,50.0,1.0,0.0
14,13543,IID,GEO,33.0,1.0,0.0
14,13544,IID,GEO,16.0,1.0,0.0
14,13554,IID,GEO,49.89,1.0,0.0
14,13555,IID,GEO,4.79,1.0,0.0
14,13556,IID,GEO,4.5,1.0,0.0
14,13557,IID,GEO,11.1,1.0,0.0
14,13558,IID,GEO,11.0,1.0,0.0
14,13559,IID,GEO,50.0,1.0,0.0
14,13562,IID,GEO,21.6,1.0,0.0
14,13563,IID,GEO,8.0,1.0,0.0
14,13564,IID,GEO,22.0,1.0,0.0
14,13570,IID,GEO,24.0,1.0,0.0
14,13571,IID,GEO,15.0,1.0,0.0
14,13572,IID,GEO,18.5,1.0,0.0
14,13573,IID,GEO,7.0,1.0,0.0
14,13574,IID,GEO,8.45,1.0,0.0
14,13578,IID,GEO,16.0,1.0,0.0
14,13579,IID,GEO,16.0,1.0,0.0
14,13580,IID,GEO,16.0,1.0,0.0
14,13581,IID,GEO,16.0,1.0,0.0
14,13582,IID,GEO,16.0,1.0,0.0
14,13583,IID,GEO,16.0,1.0,0.0
14,13584,IID,GEO,16.0,1.0,0.0
14,3434,IPCO,BIO,4.999999999999545,1.0,0.0
14,6118,IPCO,BIO,0.8,1.0,0.0
14,6119,IPCO,BIO,0.8,1.0,0.0
14,6120,IPCO,BIO,0.8,1.0,0.0
14,7116,IPCO,BIO,1.6,1.0,0.0
14,7117,IPCO,BIO,1.6,1.0,0.0
14,8549,IPCO,BIO,2.0,1.0,0.0
14,8550,IPCO,BIO,2.0,1.0,0.0
14,10116,IPCO,BIO,7.5,1.0,0.0
14,3400,IPCO,GEO,18.0,1.0,0.0
14,7941,IPCO,GEO,11.0,1.0,0.0
14,3407,IPCO,NG,170.9,1.0,0.0
14,3408,IPCO,NG,172.8,1.0,0.0
14,3410,IPCO,NG,50.0,1.0,0.0
14,7185,IPCO,NG,2.0,1.0,0.0
14,7188,IPCO,NG,2.0,1.0,0.0
14,7189,IPCO,NG,2.0,1.0,0.0
14,7509,IPCO,NG,330.0,1.0,0.0
14,8599,IPCO,NG,10.0,1.0,0.0
14,15899,LDWP,NG,275.0,1.0,1.0
14,15900,LDWP,NG,275.0,1.0,1.0
14,13714,NEVP,GEO,19.99999999999909,1.0,0.0
14,13715,NEVP,GEO,60.0,1.0,0.0
14,13716,NEVP,GEO,10.1,1.0,0.0
14,13717,NEVP,GEO,19.2,1.0,0.0
14,13718,NEVP,GEO,11.8,1.0,0.0
14,13719,NEVP,GEO,11.8,1.0,0.0
14,13720,NEVP,GEO,11.8,1.0,0.0
14,13721,NEVP,GEO,11.8,1.0,0.0
14,13724,NEVP,GEO,8.0,1.0,0.0
14,13725,NEVP,GEO,8.0,1.0,0.0
14,13726,NEVP,GEO,8.0,1.0,0.0
14,13727,NEVP,GEO,18.9,1.0,0.0
14,13728,NEVP,GEO,11.3,1.0,0.0
14,13729,NEVP,GEO,11.3,1.0,0.0
14,13730,NEVP,GEO,11.3,1.0,0.0
14,13731,NEVP,GEO,11.3,1.0,0.0
14,13732,NEVP,GEO,11.25,1.0,0.0
14,13733,NEVP,GEO,11.25,1.0,0.0
14,13734,NEVP,GEO,25.0,1.0,0.0
14,13752,NEVP,GEO,15.0,1.0,0.0
14,13753,NEVP,GEO,15.0,1.0,0.0
14,13754,NEVP,GEO,15.0,1.0,0.0
14,13755,NEVP,GEO,15.0,1.0,0.0
14,13756,NEVP,GEO,26.5,1.0,0.0
14,13757,NEVP,GEO,10.0,1.0,0.0
14,13758,NEVP,GEO,10.0,1.0,0.0
14,13759,NEVP,GEO,10.0,1.0,0.0
14,13760,NEVP,GEO,16.5,1.0,0.0
14,13762,NEVP,GEO,25.0,1.0,0.0
14,13763,NEVP,GEO,16.0,1.0,0.0
14,13764,NEVP,GEO,16.0,1.0,0.0
14,13765,NEVP,GEO,21.3,1.0,0.0
14,13766,NEVP,GEO,21.3,1.0,0.0
14,13767,NEVP,GEO,21.3,1.0,0.0
14,13769,NEVP,GEO,20.0,1.0,0.0
14,13770,NEVP,GEO,20.0,1.0,0.0
14,13771,NEVP,GEO,12.0,1.0,0.0
14,13772,NEVP,GEO,11.8,1.0,0.0
14,13774,NEVP,GEO,20.0,1.0,0.0
14,13775,NEVP,GEO,20.0,1.0,0.0
14,13776,NEVP,GEO,12.0,1.0,0.0
14,13427,NEVP,NG,105.0,1.0,0.0
14,13428,NEVP,NG,250.0,1.0,0.0
14,13429,NEVP,NG,250.0,1.0,0.0
14,13430,NEVP,NG,142.5,1.0,0.0
14,13433,NEVP,NG,96.26,1.0,0.0
14,13434,NEVP,NG,111.26,1.0,0.0
14,13440,NEVP,NG,566.0,1.0,0.0
14,13441,NEVP,NG,735.0,1.0,0.0
14,13442,NEVP,NG,641.4,1.0,0.0
14,13443,NEVP,NG,521.7,1.0,0.0
14,13444,NEVP,NG,585.0,1.0,0.0
14,13445,NEVP,NG,585.0,1.0,0.0
14,13449,NEVP,NG,112.4,1.0,0.0
14,13450,NEVP,NG,112.4,1.0,0.0
14,13773,NEVP,NG,530.0,1.0,0.0
14,15914,NEVP,NG,403.0,1.0,0.0
14,15916,NEVP,NG,659.6,1.0,0.0
14,15966,NEVP,NG,258.56,1.0,0.0
14,15972,NEVP,NG,356.0,1.0,0.0
14,15996,NEVP,NG,181.5,1.0,0.0
14,16028,NEVP,NG,367.5,1.0,0.0
14,16029,NEVP,NG,367.5,1.0,0.0
14,16054,NEVP,NG,540.6,1.0,0.0
14,16064,NEVP,NG,624.0,1.0,1.0
14,3476,NWMT,NG,50.0,1.0,0.0
14,3477,NWMT,NG,50.0,1.0,0.0
14,3478,NWMT,NG,50.0,1.0,0.0
14,3522,NWMT,NG,6.0,1.0,0.0
14,3523,NWMT,NG,6.0,1.0,0.0
14,3524,NWMT,NG,6.0,1.0,0.0
14,3525,NWMT,NG,6.0,1.0,0.0
14,3526,NWMT,NG,6.0,1.0,0.0
14,3527,NWMT,NG,6.0,1.0,0.0
14,3528,NWMT,NG,6.0,1.0,0.0
14,3529,NWMT,NG,6.0,1.0,0.0
14,3530,NWMT,NG,6.0,1.0,0.0
14,3617,PACE,GEO,26.1,1.0,0.0
14,3618,PACE,GEO,12.0,1.0,0.0
14,3612,PACE,NG,17.0,1.0,0.0
14,3613,PACE,NG,17.0,1.0,0.0
14,3614,PACE,NG,17.0,1.0,0.0
14,3639,PACE,NG,16.106,1.0,0.0
14,3640,PACE,NG,16.106,1.0,0.0
14,3641,PACE,NG,16.2,1.0,0.0
14,3718,PACE,NG,13.5,1.0,0.0
14,3719,PACE,NG,13.5,1.0,0.0
14,6466,PACE,NG,529.7,1.0,0.0
14,7491,PACE,NG,628.1,1.0,0.0
14,7494,PACE,NG,538.0,1.0,0.0
14,14694,PACE,NG,1.0,1.0,0.0
14,15930,PACE,NG,420.7,1.0,0.0
14,15987,PACE,NG,408.6,1.0,0.0
14,15988,PACE,NG,182.7,1.0,0.0
14,15989,PACE,NG,185.4,1.0,0.0
14,15990,PACE,NG,469.8,1.0,0.0
14,1889,PACW,BIO,7.5,1.0,0.0
14,8587,PACW,BIO,10.0,1.0,0.0
14,11098,PACW,BIO,10.0,1.0,0.0
14,2106,PACW,NG,29.39,1.0,0.0
14,2107,PACW,NG,29.39,1.0,0.0
14,7432,PACW,NG,540.0,1.0,0.0
14,9960,PACW,NG,279.56,1.0,0.0
14,9961,PACW,NG,279.56,1.0,0.0
14,15985,PACW,NG,178.5,1.0,0.0
14,15986,PACW,NG,323.0,1.0,0.0
14,2346,PGE,BIO,10.0,1.0,0.0
14,2363,PGE,NG,24.5,1.0,0.0
14,5829,PGE,NG,476.698,1.0,0.0
14,9847,PGE,NG,296.0,1.0,0.0
14,10103,PGE,NG,483.3,1.0,0.0
14,10104,PGE,NG,18.8,1.0,0.0
14,10105,PGE,NG,18.8,1.0,0.0
14,10106,PGE,NG,18.8,1.0,0.0
14,10107,PGE,NG,18.8,1.0,0.0
14,10108,PGE,NG,18.8,1.0,0.0
14,10109,PGE,NG,18.8,1.0,0.0
14,10110,PGE,NG,18.8,1.0,0.0
14,10111,PGE,NG,18.8,1.0,0.0
14,10112,PGE,NG,18.8,1.0,0.0
14,10113,PGE,NG,18.8,1.0,0.0
14,10114,PGE,NG,18.8,1.0,0.0
14,10115,PGE,NG,18.8,1.0,0.0
14,15905,PGE,NG,292.36,1.0,0.0
14,6353,PNM,BIO,0.8,1.0,0.0
14,6354,PNM,BIO,0.8,1.0,0.0
14,6355,PNM,BIO,0.8,1.0,0.0
14,6356,PNM,BIO,0.8,1.0,0.0
14,6357,PNM,BIO,0.8,1.0,0.0
14,6358,PNM,BIO,0.8,1.0,0.0
14,6359,PNM,BIO,0.8,1.0,0.0
14,6360,PNM,BIO,0.8,1.0,0.0
14,6483,PNM,BIO,4.5,1.0,0.0
14,6741,PNM,BIO,1.0,1.0,1.0
14,6752,PNM,BIO,1.6,1.0,1.0
14,6753,PNM,BIO,1.6,1.0,1.0
14,6754,PNM,BIO,1.6,1.0,1.0
14,7634,PNM,BIO,0.335,1.0,0.0
14,8319,PNM,BIO,3.0,1.0,0.0
14,8320,PNM,BIO,7.5,1.0,0.0
14,8517,PNM,BIO,0.8,1.0,0.0
14,8518,PNM,BIO,0.8,1.0,0.0
14,8519,PNM,BIO,0.8,1.0,0.0
14,8520,PNM,BIO,0.8,1.0,0.0
14,8521,PNM,BIO,0.8,1.0,0.0
14,8522,PNM,BIO,0.8,1.0,0.0
14,10202,PNM,BIO,8.0,1.0,0.0
14,11101,PNM,BIO,11.5,1.0,0.0
14,11102,PNM,BIO,11.5,1.0,0.0
14,13110,PNM,BIO,19.8,1.0,0.0
14,13265,PNM,GEO,4.0,1.0,0.0
14,6828,PNM,NG,11.4,1.0,0.0
14,11104,PNM,NG,11.4,1.0,0.0
14,11105,PNM,NG,11.4,1.0,0.0
14,11106,PNM,NG,11.4,1.0,0.0
14,13240,PNM,NG,596.0,1.0,0.0
14,13243,PNM,NG,287.93,1.0,0.0
14,13503,PNM,NG,67.2,1.0,0.0
14,16004,PNM,NG,497.26,1.0,0.0
14,13785,PSCO,NG,602.0,1.0,0.0
14,13807,PSCO,NG,341.6089999999997,1.0,0.0
14,13813,PSCO,NG,396.9,1.0,0.0
14,13816,PSCO,NG,127.0,1.0,0.0
14,13869,PSCO,NG,622.0,1.0,0.0
14,15920,PSCO,NG,370.6,1.0,0.0
14,15945,PSCO,NG,517.69,1.0,0.0
14,16046,PSCO,NG,510.0,1.0,0.0
14,2398,PSEI,BIO,28.3,1.0,0.0
14,2399,PSEI,NG,71.2,1.0,0.0
14,2400,PSEI,NG,71.2,1.0,0.0
14,2401,PSEI,NG,143.4,1.0,0.0
14,2402,PSEI,NG,143.4,1.0,0.0
14,2404,PSEI,NG,94.0,1.0,0.0
14,4995,PSEI,NG,94.0,1.0,0.0
14,4996,PSEI,NG,94.0,1.0,0.0
14,6692,PSEI,NG,193.8,1.0,0.0
14,6749,PSEI,NG,253.44,1.0,0.0
14,7707,PSEI,NG,167.04,1.0,0.0
14,7855,PSEI,NG,319.9,1.0,0.0
14,9197,PSEI,NG,145.1,1.0,0.0
14,13338,SRP,NG,591.1,1.0,0.0
14,13370,SRP,NG,277.0,1.0,0.0
14,13375,SRP,NG,589.5,1.0,0.0
14,15937,SRP,NG,459.0,1.0,0.0
14,16050,SRP,NG,456.0,1.0,0.0
14,14041,TIDC,NG,67.52999999999994,1.0,0.0
14,14108,TIDC,NG,286.0,1.0,0.0
14,16068,TIDC,NG,241.9,1.0,0.0
14,1990,TPWR,BIO,64.0,1.0,0.0
14,10145,TPWR,BIO,26.0,1.0,0.0
14,13976,WACM,NG,491.0,1.0,0.0
14,13986,WACM,NG,100.0,1.0,0.0
14,15948,WACM,NG,400.4,1.0,0.0
14,15949,WACM,NG,153.9,1.0,0.0
14,13494,WALC,NG,590.8,1.0,0.0
14,13495,WALC,NG,550.0,1.0,0.0
14,15962,WALC,NG,478.4,1.0,0.0
14,16056,WALC,NG,336.0,1.0,0.0
14,16057,WALC,NG,336.0,1.0,0.0
14,1115,CISO,NG,267.0,1.0,0.0
14,1116,CISO,NG,266.0,1.0,0.0
14,1117,CISO,NG,266.0,1.0,0.0
14,1118,CISO,NG,267.0,1.0,0.0
14,1405,CISO,NG,3.105,1.0,0.0
14,1445,CISO,NG,56.2,1.0,0.0
14,1447,CISO,NG,21.384,1.0,0.0
14,1448,CISO,NG,21.384,1.0,0.0
14,1449,CISO,NG,21.384,1.0,0.0
14,9895,CISO,NG,83.24667,1.0,0.0
14,9896,CISO,NG,41.62333,1.0,0.0
14,10214,CISO,NG,625.0,1.0,0.0
14,15255,CISO,NG,322.0,1.0,0.0
14,15908,CISO,NG,493.63,1.0,0.0
14,15939,CISO,NG,247.29,1.0,0.0
14,15940,CISO,NG,247.29,1.0,0.0
14,15943,CISO,NG,275.85,1.0,0.0
14,15944,CISO,NG,275.85,1.0,0.0
14,15975,CISO,NG,166.667,1.0,0.0
14,15978,CISO,NG,336.9,1.0,0.0
14,16018,CISO,NG,277.5,1.0,0.0
14,16019,CISO,NG,277.5,1.0,0.0
14,16020,CISO,NG,277.5,1.0,0.0
14,16021,CISO,NG,277.5,1.0,0.0
14,16032,CISO,NG,261.17434604645496,1.0,0.0
14,16033,CISO,NG,145.0,1.0,0.0
14,16034,CISO,NG,266.49,1.0,0.0
14,16035,CISO,NG,266.49,1.0,0.0
14,16058,CISO,NG,293.01,1.0,0.0
14,16059,CISO,NG,293.01,1.0,0.0
14,13304,SRP,NUCLEAR,1372.2,1.0,0.0
14,13305,SRP,NUCLEAR,1375.05,1.0,0.0
14,13306,SRP,NUCLEAR,1373.15,1.0,0.0
14,15322,AZPS,NG,174.0,1.0,0.0
14,15323,AZPS,NG,174.0,1.0,0.0
14,15324,AZPS,NG,174.0,1.0,0.0
14,15325,AZPS,NG,174.0,1.0,0.0
14,15326,AZPS,NG,174.0,1.0,0.0
14,15327,AZPS,NG,174.0,1.0,0.0
14,14088,BANC,NG,81.0,1.0,0.0
14,17031,LDWP,NG,10.0,1.0,0.0
14,13614,LDWP,NG,110.0,1.0,0.0
14,17212,LDWP,NG,398.0,1.0,0.0
14,17210,LDWP,NG,398.0,1.0,0.0
14,13284,TEPC,NG,549.9999999999995,1.0,0.0
14,13403,TEPC,NG,540.0,1.0,0.0
14,13404,TEPC,NG,540.0,1.0,0.0
14,13295,AZPS,COAL,818.1,1.0,0.0
14,3504,IPCO,COAL,307.0,1.0,0.0
14,3505,IPCO,COAL,307.0,1.0,0.0
14,3694,IPCO,COAL,50.0,1.0,0.0
14,3695,IPCO,COAL,25.0,1.0,0.0
14,3696,IPCO,COAL,25.0,1.0,0.0
14,3582,NEVP,COAL,268.0,1.0,0.0
14,3583,NEVP,COAL,254.0,1.0,0.0
14,3507,NWMT,COAL,740.0001,1.0,0.0
14,3506,NWMT,COAL,740.0,1.0,0.0
14,3497,NWMT,COAL,135.0,1.0,0.0
14,3510,NWMT,COAL,64.0,1.0,0.0
14,3391,PACE,COAL,584.0,1.0,0.0
14,3461,PACE,COAL,453.21203879999837,1.0,0.0
14,3463,PACE,COAL,531.0,1.0,0.0
14,3462,PACE,COAL,527.0,1.0,0.0
14,3656,PACE,COAL,517.5,1.0,0.0
14,3619,PACE,COAL,499.5,1.0,0.0
14,3655,PACE,COAL,498.0,1.0,0.0
14,3638,PACE,COAL,495.6,1.0,0.0
14,3637,PACE,COAL,488.3,1.0,0.0
14,3636,PACE,COAL,488.3,1.0,0.0
14,3698,PACE,COAL,362.1,1.0,0.0
14,3635,PACE,COAL,360.0,1.0,0.0
14,3634,PACE,COAL,229.5,1.0,0.0
14,11093,PACE,COAL,217.6,1.0,0.0
14,13294,PNM,COAL,271.0,1.0,0.0
14,13796,PSCO,COAL,552.28,1.0,0.0
14,13888,PSCO,COAL,467.261,1.0,0.0
14,14002,PSCO,COAL,428.0,1.0,0.0
14,14129,PSCO,COAL,380.8,1.0,0.0
14,13787,PSCO,COAL,335.0,1.0,0.0
14,13786,PSCO,COAL,325.0,1.0,0.0
14,13960,PSCO,COAL,49.65,1.0,0.0
14,13386,SRP,COAL,750.0,1.0,0.0
14,13387,SRP,COAL,750.0,1.0,0.0
14,13388,SRP,COAL,750.0,1.0,0.0
14,13385,SRP,COAL,382.0,1.0,0.0
14,13384,SRP,COAL,380.0,1.0,0.0
14,13389,TEPC,COAL,424.8,1.0,0.0
14,4029,WACM,COAL,621.0,1.0,0.0
14,4030,WACM,COAL,621.0,1.0,0.0
14,14004,WACM,COAL,448.0,1.0,0.0
14,14003,WACM,COAL,428.0,1.0,0.0
14,14001,WACM,COAL,405.0,1.0,0.0
14,14009,WACM,COAL,275.4,1.0,0.0
14,13958,WACM,COAL,207.0,1.0,0.0
14,14008,WACM,COAL,190.0,1.0,0.0
14,13962,WACM,COAL,141.031,1.0,0.0
14,13983,WACM,COAL,116.2,1.0,0.0
14,13982,WACM,COAL,95.0,1.0,0.0
14,13981,WACM,COAL,88.0,1.0,0.0
14,13961,WACM,COAL,83.19,1.0,0.0
14,13943,WACM,COAL,80.0,1.0,0.0
14,13422,WALC,COAL,204.0,1.0,0.0
15,3049,AESO,BIO,18.0,1.0,0.0
15,3243,AESO,BIO,22.335,1.0,0.0
15,3284,AESO,BIO,25.0,1.0,0.0
15,3292,AESO,BIO,11.6,1.0,0.0
15,3343,AESO,BIO,18.0,1.0,0.0
15,3384,AESO,BIO,41.0,1.0,0.0
15,3385,AESO,BIO,41.0,1.0,0.0
15,3386,AESO,BIO,17.0,1.0,0.0
15,3387,AESO,BIO,32.0,1.0,0.0
15,9565,AESO,BIO,20.0,1.0,0.0
15,9566,AESO,BIO,30.0,1.0,0.0
15,9592,AESO,BIO,48.0,1.0,0.0
15,13106,AESO,BIO,43.0,1.0,0.0
15,13117,AESO,BIO,9.0,1.0,0.0
15,3218,AESO,NG,407.0,1.0,0.0
15,3219,AESO,NG,148.0,1.0,0.0
15,3220,AESO,NG,148.0,1.0,0.0
15,3221,AESO,NG,408.0,1.0,0.0
15,3222,AESO,NG,408.0,1.0,0.0
15,3238,AESO,NG,151.0,1.0,0.0
15,9198,AESO,NG,280.0,1.0,0.0
15,3017,AESO,NG,101.0,1.0,0.0
15,3041,AESO,NG,2.2,1.0,0.0
15,3042,AESO,NG,2.2,1.0,0.0
15,3043,AESO,NG,2.2,1.0,0.0
15,3044,AESO,NG,2.2,1.0,0.0
15,3047,AESO,NG,105.0,1.0,0.0
15,3072,AESO,NG,101.0,1.0,0.0
15,3096,AESO,NG,5.4,1.0,0.0
15,3126,AESO,NG,46.0,1.0,0.0
15,3139,AESO,NG,5.0,1.0,0.0
15,3190,AESO,NG,48.0,1.0,0.0
15,3215,AESO,NG,50.0,1.0,0.0
15,3217,AESO,NG,48.0,1.0,0.0
15,3232,AESO,NG,101.0,1.0,0.0
15,3234,AESO,NG,50.0,1.0,0.0
15,3235,AESO,NG,50.0,1.0,0.0
15,3242,AESO,NG,27.8411914899948,1.0,0.0
15,3244,AESO,NG,50.0,1.0,0.0
15,3245,AESO,NG,47.0,1.0,0.0
15,3249,AESO,NG,36.5,1.0,0.0
15,3250,AESO,NG,36.5,1.0,0.0
15,3254,AESO,NG,101.0,1.0,0.0
15,3259,AESO,NG,40.0,1.0,0.0
15,3261,AESO,NG,25.0,1.0,0.0
15,3262,AESO,NG,30.0,1.0,0.0
15,3263,AESO,NG,35.0,1.0,0.0
15,3264,AESO,NG,30.0,1.0,0.0
15,3357,AESO,NG,3.0,1.0,0.0
15,3358,AESO,NG,3.0,1.0,0.0
15,3359,AESO,NG,4.9,1.0,0.0
15,3370,AESO,NG,47.5,1.0,0.0
15,5241,AESO,NG,48.0,1.0,0.0
15,5274,AESO,NG,48.0,1.0,0.0
15,5302,AESO,NG,48.0,1.0,0.0
15,5802,AESO,NG,120.0,1.0,0.0
15,6087,AESO,NG,330.0,1.0,0.0
15,6150,AESO,NG,120.0,1.0,0.0
15,6611,AESO,NG,128.0,1.0,0.0
15,7724,AESO,NG,15.5,1.0,0.0
15,7725,AESO,NG,6.0,1.0,0.0
15,7727,AESO,NG,8.0,1.0,0.0
15,7851,AESO,NG,3.0,1.0,0.0
15,7852,AESO,NG,2.0,1.0,0.0
15,8055,AESO,NG,16.0,1.0,0.0
15,8417,AESO,NG,141.0,1.0,0.0
15,8781,AESO,NG,3.0,1.0,0.0
15,8782,AESO,NG,3.5,1.0,0.0
15,8783,AESO,NG,3.0,1.0,0.0
15,10169,AESO,NG,195.0,1.0,0.0
15,10179,AESO,NG,870.0,1.0,0.0
15,13123,AESO,NG,6.3,1.0,0.0
15,13124,AESO,NG,6.3,1.0,0.0
15,13127,AESO,NG,10.0,1.0,0.0
15,13133,AESO,NG,20.0,1.0,0.0
15,13136,AESO,NG,16.5,1.0,0.0
15,13137,AESO,NG,10.0,1.0,0.0
15,14585,AESO,NG,15.0,1.0,0.0
15,14586,AESO,NG,15.0,1.0,0.0
15,14605,AESO,NG,395.0,1.0,0.0
15,14624,AESO,NG,45.0,1.0,0.0
15,14625,AESO,NG,45.0,1.0,0.0
15,14644,AESO,NG,45.0,1.0,0.0
15,14662,AESO,NG,45.0,1.0,0.0
15,15481,AESO,NG,6.5,1.0,0.0
15,15482,AESO,NG,6.5,1.0,0.0
15,15483,AESO,NG,6.5,1.0,0.0
15,15484,AESO,NG,6.5,1.0,0.0
15,15485,AESO,NG,6.5,1.0,0.0
15,15515,AESO,NG,50.0,1.0,0.0
15,15659,AESO,NG,395.0,1.0,0.0
15,15660,AESO,NG,411.0,1.0,0.0
15,15661,AESO,NG,406.0,1.0,0.0
15,15662,AESO,NG,406.0,1.0,0.0
15,15663,AESO,NG,353.0,1.0,0.0
15,15667,AESO,NG,401.0,1.0,0.0
15,16052,AESO,NG,605.2,1.0,0.0
15,16053,AESO,NG,262.8,1.0,0.0
15,2167,AVA,BIO,50.69999999999955,1.0,0.0
15,2190,AVA,BIO,6.2,1.0,0.0
15,2200,AVA,BIO,26.0,1.0,0.0
15,2206,AVA,BIO,28.8,1.0,0.0
15,2207,AVA,BIO,65.0,1.0,0.0
15,2168,AVA,NG,7.2,1.0,0.0
15,2198,AVA,NG,83.3,1.0,0.0
15,2199,AVA,NG,83.3,1.0,0.0
15,2210,AVA,NG,4.1,1.0,0.0
15,2211,AVA,NG,4.1,1.0,0.0
15,2212,AVA,NG,4.1,1.0,0.0
15,2213,AVA,NG,4.1,1.0,0.0
15,2214,AVA,NG,4.1,1.0,0.0
15,2215,AVA,NG,4.1,1.0,0.0
15,8427,AVA,NG,301.49,1.0,0.0
15,9848,AVA,NG,287.0,1.0,0.0
15,14033,AZPS,BIO,28.0,1.0,0.0
15,16040,AZPS,NG,252.4,1.0,0.0
15,16041,AZPS,NG,252.4,1.0,0.0
15,16042,AZPS,NG,252.4,1.0,0.0
15,16043,AZPS,NG,252.4,1.0,0.0
15,16070,AZPS,NG,136.428,1.0,0.0
15,13687,BANC,BIO,3.4999999999990905,1.0,0.0
15,13688,BANC,BIO,3.5,1.0,0.0
15,13689,BANC,BIO,3.5,1.0,0.0
15,13690,BANC,BIO,3.5,1.0,0.0
15,13691,BANC,BIO,3.5,1.0,0.0
15,13701,BANC,NG,66.5,1.0,0.0
15,13703,BANC,NG,62.0,1.0,0.0
15,13708,BANC,NG,26.0,1.0,0.0
15,14085,BANC,NG,50.0,1.0,0.0
15,14110,BANC,NG,83.0,1.0,0.0
15,14111,BANC,NG,8.2,1.0,0.0
15,14112,BANC,NG,8.2,1.0,0.0
15,14113,BANC,NG,8.2,1.0,0.0
15,14114,BANC,NG,8.2,1.0,0.0
15,14115,BANC,NG,8.2,1.0,0.0
15,14116,BANC,NG,8.2,1.0,0.0
15,14117,BANC,NG,84.2,1.0,0.0
15,15928,BANC,NG,265.0,1.0,0.0
15,15929,BANC,NG,265.0,1.0,0.0
15,16044,BANC,NG,59.5,1.0,0.0
15,16045,BANC,NG,59.5,1.0,0.0
15,16060,BANC,NG,274.5,1.0,0.0
15,16061,BANC,NG,274.5,1.0,0.0
15,2516,BCHA,BIO,66.0,1.0,0.0
15,2581,BCHA,BIO,16.39,1.0,0.0
15,2634,BCHA,BIO,20.39,1.0,0.0
15,2644,BCHA,BIO,24.75,1.0,0.0
15,2645,BCHA,BIO,1.667,1.0,0.0
15,2646,BCHA,BIO,1.667,1.0,0.0
15,2647,BCHA,BIO,1.667,1.0,0.0
15,2648,BCHA,BIO,1.851,1.0,0.0
15,2691,BCHA,BIO,32.0,1.0,0.0
15,2744,BCHA,BIO,16.0,1.0,0.0
15,2745,BCHA,BIO,28.0,1.0,0.0
15,2746,BCHA,BIO,32.0,1.0,0.0
15,2766,BCHA,BIO,7.5,1.0,0.0
15,2990,BCHA,BIO,52.29,1.0,0.0
15,2991,BCHA,BIO,48.0,1.0,0.0
15,6066,BCHA,BIO,4.8,1.0,0.0
15,6104,BCHA,BIO,36.0,1.0,0.0
15,6121,BCHA,BIO,32.7,1.0,0.0
15,6122,BCHA,BIO,28.69,1.0,0.0
15,6155,BCHA,BIO,1.26,1.0,0.0
15,6833,BCHA,BIO,1.03,1.0,0.0
15,7014,BCHA,BIO,0.34,1.0,0.0
15,7068,BCHA,BIO,55.0,1.0,0.0
15,7171,BCHA,BIO,62.5,1.0,0.0
15,7172,BCHA,BIO,50.0,1.0,0.0
15,8349,BCHA,BIO,38.0,1.0,0.0
15,11890,BCHA,BIO,1.0,1.0,0.0
15,11891,BCHA,BIO,1.0,1.0,0.0
15,15470,BCHA,BIO,28.0,1.0,0.0
15,15471,BCHA,BIO,16.0,1.0,0.0
15,15664,BCHA,BIO,38.7,1.0,0.0
15,10736,BCHA,GEO,107.0,1.0,0.0
15,2517,BCHA,NG,55.0,1.0,0.0
15,2518,BCHA,NG,55.0,1.0,0.0
15,2589,BCHA,NG,23.0,1.0,0.0
15,2590,BCHA,NG,23.0,1.0,0.0
15,3040,AESO,NG,2.4,1.0,0.0
15,3247,AESO,NG,40.0,1.0,0.0
15,3248,AESO,NG,30.0,1.0,0.0
15,5051,BCHA,NG,290.0,1.0,0.0
15,5976,AESO,NG,200.0,1.0,0.0
15,6625,AESO,NG,25.0,1.0,0.0
15,6755,AESO,NG,101.0,1.0,0.0
15,7003,AESO,NG,93.0,1.0,0.0
15,7541,AESO,NG,130.0,1.0,0.0
15,7726,AESO,NG,4.1,1.0,0.0
15,8260,AESO,NG,46.0,1.0,0.0
15,8632,AESO,NG,5.5,1.0,0.0
15,9134,AESO,NG,20.0,1.0,0.0
15,9218,AESO,NG,75.0,1.0,0.0
15,9219,AESO,NG,344.0,1.0,0.0
15,9329,AESO,NG,85.0,1.0,0.0
15,9966,AESO,NG,100.0,1.0,0.0
15,11725,AESO,NG,1.6,1.0,0.0
15,11726,AESO,NG,1.6,1.0,0.0
15,11841,AESO,NG,2.9,1.0,0.0
15,11842,AESO,NG,2.9,1.0,0.0
15,11914,AESO,NG,17.0,1.0,0.0
15,11915,AESO,NG,3.0,1.0,0.0
15,11916,AESO,NG,2.0,1.0,0.0
15,13122,AESO,NG,6.5,1.0,0.0
15,13128,AESO,NG,15.0,1.0,0.0
15,13129,AESO,NG,15.0,1.0,0.0
15,13134,AESO,NG,3.1,1.0,0.0
15,13135,AESO,NG,3.1,1.0,0.0
15,14834,AESO,NG,150.81,1.0,0.0
15,15656,AESO,NG,408.0,1.0,0.0
15,15657,AESO,NG,418.5,1.0,0.0
15,15658,AESO,NG,430.0,1.0,0.0
15,15674,AESO,NG,19.55,1.0,0.0
15,15675,AESO,NG,2.9,1.0,0.0
15,15676,AESO,NG,2.3,1.0,0.0
15,15677,AESO,NG,7.0,1.0,0.0
15,1972,BPAT,BIO,40.0,1.0,0.0
15,2051,BPAT,BIO,18.0,1.0,0.0
15,2076,BPAT,BIO,14.7,1.0,0.0
15,2077,BPAT,BIO,20.0,1.0,0.0
15,2078,BPAT,BIO,25.0,1.0,0.0
15,2079,BPAT,BIO,12.25,1.0,0.0
15,6343,BPAT,BIO,0.8,1.0,0.0
15,6344,BPAT,BIO,0.8,1.0,0.0
15,6345,BPAT,BIO,1.5,1.0,0.0
15,6346,BPAT,BIO,1.5,1.0,0.0
15,9593,BPAT,BIO,5.0,1.0,0.0
15,9595,BPAT,BIO,31.28,1.0,0.0
15,13116,BPAT,BIO,12.5,1.0,0.0
15,14182,BPAT,BIO,17.2,1.0,0.0
15,14186,BPAT,BIO,37.2,1.0,0.0
15,14572,BPAT,BIO,36.0,1.0,0.0
15,2063,BPAT,NG,265.0,1.0,0.0
15,2105,BPAT,NG,31.0,1.0,0.0
15,6835,BPAT,NG,269.2,1.0,0.0
15,14571,BPAT,NG,9.9,1.0,0.0
15,2491,BPAT,NUCLEAR,1186.0,1.0,0.0
15,437,CENACE,GEO,25.0,1.0,0.0
15,438,CENACE,GEO,25.0,1.0,0.0
15,439,CENACE,GEO,25.0,1.0,0.0
15,440,CENACE,GEO,25.0,1.0,0.0
15,441,CENACE,GEO,30.0,1.0,0.0
15,446,CENACE,GEO,110.0,1.0,0.0
15,447,CENACE,GEO,110.0,1.0,0.0
15,448,CENACE,GEO,110.0,1.0,0.0
15,457,CENACE,GEO,110.0,1.0,0.0
15,8227,CENACE,NG,277.0,1.0,0.0
15,14839,CENACE,NG,248.0,1.0,0.0
15,15254,CENACE,NG,793.0,1.0,0.0
15,15341,CENACE,NG,1.0,1.0,0.0
15,15991,CENACE,NG,165.0,1.0,0.0
15,15992,CENACE,NG,165.0,1.0,0.0
15,15993,CENACE,NG,405.0,1.0,0.0
15,548,CISO,BIO,3.0,1.0,0.0
15,549,CISO,BIO,0.95,1.0,0.0
15,550,CISO,BIO,5.0,1.0,0.0
15,551,CISO,BIO,3.0,1.0,0.0
15,555,CISO,BIO,2.9,1.0,0.0
15,570,CISO,BIO,1.88,1.0,0.0
15,572,CISO,BIO,1.88,1.0,0.0
15,629,CISO,BIO,47.0,1.0,0.0
15,633,CISO,BIO,34.0,1.0,0.0
15,795,CISO,BIO,9.708,1.0,0.0
15,836,CISO,BIO,1.3,1.0,0.0
15,1008,CISO,BIO,1.88,1.0,0.0
15,1156,CISO,BIO,10.5,1.0,0.0
15,1168,CISO,BIO,10.8,1.0,0.0
15,1187,CISO,BIO,24.48,1.0,0.0
15,1188,CISO,BIO,6.6,1.0,0.0
15,1300,CISO,BIO,12.0,1.0,0.0
15,1331,CISO,BIO,57.43,1.0,0.0
15,1392,CISO,BIO,24.2,1.0,0.0
15,1398,CISO,BIO,2.57,1.0,0.0
15,1399,CISO,BIO,2.57,1.0,0.0
15,1400,CISO,BIO,2.57,1.0,0.0
15,1401,CISO,BIO,2.57,1.0,0.0
15,1402,CISO,BIO,2.57,1.0,0.0
15,1403,CISO,BIO,2.57,1.0,0.0
15,1404,CISO,BIO,2.57,1.0,0.0
15,1413,CISO,BIO,10.0,1.0,0.0
15,1589,CISO,BIO,8.6,1.0,0.0
15,1590,CISO,BIO,5.7,1.0,0.0
15,1634,CISO,BIO,6.9,1.0,0.0
15,1635,CISO,BIO,12.5,1.0,0.0
15,1636,CISO,BIO,12.5,1.0,0.0
15,1637,CISO,BIO,12.5,1.0,0.0
15,1768,CISO,BIO,22.0,1.0,0.0
15,1774,CISO,BIO,13.1,1.0,0.0
15,1794,CISO,BIO,12.6,1.0,0.0
15,1838,CISO,BIO,17.2,1.0,0.0
15,5728,CISO,BIO,1.25,1.0,0.0
15,5729,CISO,BIO,1.25,1.0,0.0
15,5809,CISO,BIO,3.0,1.0,0.0
15,5865,CISO,BIO,0.75,1.0,0.0
15,5866,CISO,BIO,0.75,1.0,0.0
15,5872,CISO,BIO,14.4,1.0,0.0
15,5899,CISO,BIO,4.0,1.0,0.0
15,5900,CISO,BIO,3.7,1.0,0.0
15,5901,CISO,BIO,0.3,1.0,0.0
15,5999,CISO,BIO,37.828,1.0,0.0
15,6045,CISO,BIO,9.8,1.0,0.0
15,6069,CISO,BIO,4.6,1.0,0.0
15,6070,CISO,BIO,4.6,1.0,0.0
15,6071,CISO,BIO,4.6,1.0,0.0
15,6116,CISO,BIO,1.1,1.0,0.0
15,6117,CISO,BIO,1.1,1.0,0.0
15,6349,CISO,BIO,1.5,1.0,0.0
15,6352,CISO,BIO,1.2,1.0,0.0
15,6492,CISO,BIO,24.5,1.0,0.0
15,6601,CISO,BIO,1.5,1.0,0.0
15,6602,CISO,BIO,1.5,1.0,0.0
15,6603,CISO,BIO,1.5,1.0,0.0
15,6651,CISO,BIO,1.35,1.0,0.0
15,6652,CISO,BIO,1.35,1.0,0.0
15,6653,CISO,BIO,1.35,1.0,0.0
15,6756,CISO,BIO,0.7,1.0,0.0
15,7146,CISO,BIO,0.2,1.0,0.0
15,7147,CISO,BIO,0.2,1.0,0.0
15,7373,CISO,BIO,4.4,1.0,0.0
15,7374,CISO,BIO,3.0,1.0,0.0
15,7556,CISO,BIO,0.8,1.0,0.0
15,7557,CISO,BIO,0.8,1.0,0.0
15,7558,CISO,BIO,0.8,1.0,0.0
15,7559,CISO,BIO,0.8,1.0,0.0
15,7560,CISO,BIO,0.8,1.0,0.0
15,7561,CISO,BIO,0.8,1.0,0.0
15,7780,CISO,BIO,2.9,1.0,0.0
15,7816,CISO,BIO,1.3,1.0,0.0
15,7840,CISO,BIO,1.25,1.0,0.0
15,7841,CISO,BIO,1.25,1.0,0.0
15,7860,CISO,BIO,3.0,1.0,0.0
15,7861,CISO,BIO,3.0,1.0,0.0
15,7862,CISO,BIO,1.6,1.0,0.0
15,7868,CISO,BIO,1.95,1.0,0.0
15,7869,CISO,BIO,4.9,1.0,0.0
15,8080,CISO,BIO,7.14,1.0,0.0
15,8084,CISO,BIO,1.88,1.0,0.0
15,8085,CISO,BIO,1.88,1.0,0.0
15,8162,CISO,BIO,1.6,1.0,0.0
15,8163,CISO,BIO,2.7,1.0,0.0
15,8311,CISO,BIO,0.46,1.0,0.0
15,8312,CISO,BIO,2.29,1.0,0.0
15,8313,CISO,BIO,2.2,1.0,0.0
15,8371,CISO,BIO,3.0,1.0,0.0
15,8403,CISO,BIO,2.8,1.0,0.0
15,8404,CISO,BIO,3.3,1.0,0.0
15,8405,CISO,BIO,3.3,1.0,0.0
15,8406,CISO,BIO,3.3,1.0,0.0
15,8434,CISO,BIO,1.2,1.0,0.0
15,8682,CISO,BIO,3.0,1.0,0.0
15,8685,CISO,BIO,11.16,1.0,0.0
15,8811,CISO,BIO,1.3,1.0,0.0
15,8812,CISO,BIO,1.3,1.0,0.0
15,9227,CISO,BIO,3.0,1.0,0.0
15,9228,CISO,BIO,1.2,1.0,0.0
15,9229,CISO,BIO,1.2,1.0,0.0
15,9242,CISO,BIO,3.05,1.0,0.0
15,9322,CISO,BIO,2.8,1.0,0.0
15,9337,CISO,BIO,1.8,1.0,0.0
15,9338,CISO,BIO,1.8,1.0,0.0
15,9399,CISO,BIO,1.2,1.0,0.0
15,9723,CISO,BIO,0.5,1.0,0.0
15,10025,CISO,BIO,1.6,1.0,0.0
15,10026,CISO,BIO,1.0,1.0,0.0
15,10027,CISO,BIO,1.0,1.0,0.0
15,10028,CISO,BIO,1.4,1.0,0.0
15,11103,CISO,BIO,28.24,1.0,0.0
15,11120,CISO,BIO,50.0,1.0,0.0
15,11138,CISO,BIO,5.0,1.0,0.0
15,12396,CISO,BIO,1.0,1.0,0.0
15,12397,CISO,BIO,0.4,1.0,0.0
15,12837,CISO,BIO,1.5,1.0,0.0
15,13104,CISO,BIO,50.0,1.0,0.0
15,13107,CISO,BIO,25.0,1.0,0.0
15,14499,CISO,BIO,26.5,1.0,0.0
15,14833,CISO,BIO,18.13,1.0,0.0
15,14884,CISO,BIO,1.2,1.0,0.0
15,14896,CISO,BIO,5.0,1.0,0.0
15,15377,CISO,BIO,12.0,1.0,0.0
15,15432,CISO,BIO,32.0,1.0,0.0
15,15783,CISO,BIO,4.7,1.0,0.0
15,15794,CISO,BIO,28.5,1.0,0.0
15,15797,CISO,BIO,24.0,1.0,0.0
15,15798,CISO,BIO,24.0,1.0,0.0
15,442,CISO,GEO,35.7,1.0,0.0
15,443,CISO,GEO,35.7,1.0,0.0
15,444,CISO,GEO,35.7,1.0,0.0
15,445,CISO,GEO,35.7,1.0,0.0
15,656,CISO,GEO,26.66667,1.0,0.0
15,657,CISO,GEO,26.66667,1.0,0.0
15,658,CISO,GEO,26.66667,1.0,0.0
15,663,CISO,GEO,16.0,1.0,0.0
15,664,CISO,GEO,16.0,1.0,0.0
15,665,CISO,GEO,16.0,1.0,0.0
15,1005,CISO,GEO,30.0,1.0,0.0
15,1006,CISO,GEO,30.0,1.0,0.0
15,1007,CISO,GEO,30.0,1.0,0.0
15,1265,CISO,GEO,1.5,1.0,0.0
15,1266,CISO,GEO,1.5,1.0,0.0
15,1597,CISO,GEO,11.0,1.0,0.0
15,1598,CISO,GEO,11.0,1.0,0.0
15,1602,CISO,GEO,47.0,1.0,0.0
15,1603,CISO,GEO,50.0,1.0,0.0
15,1604,CISO,GEO,72.0,1.0,0.0
15,1605,CISO,GEO,75.5,1.0,0.0
15,1606,CISO,GEO,27.5,1.0,0.0
15,1607,CISO,GEO,63.0,1.0,0.0
15,1608,CISO,GEO,70.0,1.0,0.0
15,1609,CISO,GEO,73.0,1.0,0.0
15,1610,CISO,GEO,57.0,1.0,0.0
15,1611,CISO,GEO,86.8,1.0,0.0
15,1612,CISO,GEO,47.9,1.0,0.0
15,1613,CISO,GEO,47.9,1.0,0.0
15,1614,CISO,GEO,49.215,1.0,0.0
15,1615,CISO,GEO,49.215,1.0,0.0
15,1616,CISO,GEO,12.5,1.0,0.0
15,1617,CISO,GEO,12.5,1.0,0.0
15,1618,CISO,GEO,6.5,1.0,0.0
15,1619,CISO,GEO,6.5,1.0,0.0
15,1620,CISO,GEO,36.0,1.0,0.0
15,1621,CISO,GEO,36.0,1.0,0.0
15,7684,CISO,GEO,20.0,1.0,0.0
15,7942,CISO,GEO,11.0,1.0,0.0
15,7943,CISO,GEO,11.0,1.0,0.0
15,8300,CISO,GEO,5.0,1.0,0.0
15,8301,CISO,GEO,5.0,1.0,0.0
15,8302,CISO,GEO,5.0,1.0,0.0
15,11122,CISO,GEO,78.0,1.0,0.0
15,13026,CISO,GEO,14.0,1.0,0.0
15,13102,CISO,GEO,51.9,1.0,0.0
15,13103,CISO,GEO,51.9,1.0,0.0
15,13105,CISO,GEO,59.0,1.0,0.0
15,14055,CISO,GEO,38.85,1.0,0.0
15,14056,CISO,GEO,50.0,1.0,0.0
15,14057,CISO,GEO,42.42,1.0,0.0
15,14058,CISO,GEO,52.73,1.0,0.0
15,14848,CISO,GEO,30.0,1.0,0.0
15,14923,CISO,GEO,38.0,1.0,0.0
15,15381,CISO,GEO,20.0,1.0,0.0
15,1248,CISO,NUCLEAR,1150.0,1.0,0.0
15,1249,CISO,NUCLEAR,1150.0,1.0,0.0
15,13507,IID,BIO,26.999999999999773,1.0,0.0
15,13561,IID,BIO,21.0,1.0,0.0
15,13509,IID,GEO,53.0,1.0,0.0
15,13510,IID,GEO,8.75,1.0,0.0
15,13511,IID,GEO,4.37,1.0,0.0
15,13516,IID,GEO,34.39,1.0,0.0
15,13517,IID,GEO,34.39,1.0,0.0
15,13519,IID,GEO,34.39,1.0,0.0
15,13520,IID,GEO,29.0,1.0,0.0
15,13521,IID,GEO,9.19,1.0,0.0
15,13522,IID,GEO,10.5,1.0,0.0
15,13523,IID,GEO,49.0,1.0,0.0
15,13524,IID,GEO,50.0,1.0,0.0
15,13543,IID,GEO,33.0,1.0,0.0
15,13544,IID,GEO,16.0,1.0,0.0
15,13554,IID,GEO,49.89,1.0,0.0
15,13555,IID,GEO,4.79,1.0,0.0
15,13556,IID,GEO,4.5,1.0,0.0
15,13557,IID,GEO,11.1,1.0,0.0
15,13558,IID,GEO,11.0,1.0,0.0
15,13559,IID,GEO,50.0,1.0,0.0
15,13562,IID,GEO,21.6,1.0,0.0
15,13563,IID,GEO,8.0,1.0,0.0
15,13564,IID,GEO,22.0,1.0,0.0
15,13570,IID,GEO,24.0,1.0,0.0
15,13571,IID,GEO,15.0,1.0,0.0
15,13572,IID,GEO,18.5,1.0,0.0
15,13573,IID,GEO,7.0,1.0,0.0
15,13574,IID,GEO,8.45,1.0,0.0
15,13578,IID,GEO,16.0,1.0,0.0
15,13579,IID,GEO,16.0,1.0,0.0
15,13580,IID,GEO,16.0,1.0,0.0
15,13581,IID,GEO,16.0,1.0,0.0
15,13582,IID,GEO,16.0,1.0,0.0
15,13583,IID,GEO,16.0,1.0,0.0
15,13584,IID,GEO,16.0,1.0,0.0
15,3434,IPCO,BIO,4.999999999999318,1.0,0.0
15,6118,IPCO,BIO,0.8,1.0,0.0
15,6119,IPCO,BIO,0.8,1.0,0.0
15,6120,IPCO,BIO,0.8,1.0,0.0
15,7116,IPCO,BIO,1.6,1.0,0.0
15,7117,IPCO,BIO,1.6,1.0,0.0
15,8549,IPCO,BIO,2.0,1.0,0.0
15,8550,IPCO,BIO,2.0,1.0,0.0
15,10116,IPCO,BIO,7.5,1.0,0.0
15,3400,IPCO,GEO,18.0,1.0,0.0
15,7941,IPCO,GEO,11.0,1.0,0.0
15,3407,IPCO,NG,170.9,1.0,0.0
15,3408,IPCO,NG,172.8,1.0,0.0
15,3410,IPCO,NG,50.0,1.0,0.0
15,7185,IPCO,NG,2.0,1.0,0.0
15,7188,IPCO,NG,2.0,1.0,0.0
15,7189,IPCO,NG,2.0,1.0,0.0
15,7509,IPCO,NG,330.0,1.0,0.0
15,8599,IPCO,NG,10.0,1.0,0.0
15,15899,LDWP,NG,275.0,1.0,0.0
15,15900,LDWP,NG,275.0,1.0,0.0
15,13714,NEVP,GEO,20.0,1.0,0.0
15,13715,NEVP,GEO,60.0,1.0,0.0
15,13716,NEVP,GEO,10.1,1.0,0.0
15,13717,NEVP,GEO,19.2,1.0,0.0
15,13718,NEVP,GEO,11.8,1.0,0.0
15,13719,NEVP,GEO,11.8,1.0,0.0
15,13720,NEVP,GEO,11.8,1.0,0.0
15,13721,NEVP,GEO,11.8,1.0,0.0
15,13724,NEVP,GEO,8.0,1.0,0.0
15,13725,NEVP,GEO,8.0,1.0,0.0
15,13726,NEVP,GEO,8.0,1.0,0.0
15,13727,NEVP,GEO,18.9,1.0,0.0
15,13728,NEVP,GEO,11.3,1.0,0.0
15,13729,NEVP,GEO,11.3,1.0,0.0
15,13730,NEVP,GEO,11.3,1.0,0.0
15,13731,NEVP,GEO,11.3,1.0,0.0
15,13732,NEVP,GEO,11.25,1.0,0.0
15,13733,NEVP,GEO,11.25,1.0,0.0
15,13734,NEVP,GEO,25.0,1.0,0.0
15,13752,NEVP,GEO,15.0,1.0,0.0
15,13753,NEVP,GEO,15.0,1.0,0.0
15,13754,NEVP,GEO,15.0,1.0,0.0
15,13755,NEVP,GEO,15.0,1.0,0.0
15,13756,NEVP,GEO,26.5,1.0,0.0
15,13757,NEVP,GEO,10.0,1.0,0.0
15,13758,NEVP,GEO,10.0,1.0,0.0
15,13759,NEVP,GEO,10.0,1.0,0.0
15,13760,NEVP,GEO,16.5,1.0,0.0
15,13762,NEVP,GEO,25.0,1.0,0.0
15,13763,NEVP,GEO,16.0,1.0,0.0
15,13764,NEVP,GEO,16.0,1.0,0.0
15,13765,NEVP,GEO,21.3,1.0,0.0
15,13766,NEVP,GEO,21.3,1.0,0.0
15,13767,NEVP,GEO,21.3,1.0,0.0
15,13769,NEVP,GEO,20.0,1.0,0.0
15,13770,NEVP,GEO,20.0,1.0,0.0
15,13771,NEVP,GEO,12.0,1.0,0.0
15,13772,NEVP,GEO,11.8,1.0,0.0
15,13774,NEVP,GEO,20.0,1.0,0.0
15,13775,NEVP,GEO,20.0,1.0,0.0
15,13776,NEVP,GEO,12.0,1.0,0.0
15,13427,NEVP,NG,105.0,1.0,0.0
15,13428,NEVP,NG,250.0,1.0,0.0
15,13429,NEVP,NG,250.0,1.0,0.0
15,13430,NEVP,NG,142.5,1.0,0.0
15,13433,NEVP,NG,96.26,1.0,0.0
15,13434,NEVP,NG,111.26,1.0,0.0
15,13440,NEVP,NG,566.0,1.0,0.0
15,13441,NEVP,NG,735.0,1.0,0.0
15,13442,NEVP,NG,641.4,1.0,0.0
15,13443,NEVP,NG,521.7,1.0,0.0
15,13444,NEVP,NG,585.0,1.0,0.0
15,13445,NEVP,NG,585.0,1.0,0.0
15,13449,NEVP,NG,112.4,1.0,0.0
15,13450,NEVP,NG,112.4,1.0,0.0
15,13773,NEVP,NG,530.0,1.0,0.0
15,15914,NEVP,NG,403.0,1.0,0.0
15,15916,NEVP,NG,659.6,1.0,0.0
15,15966,NEVP,NG,258.56,1.0,0.0
15,15972,NEVP,NG,356.0,1.0,0.0
15,15994,NEVP,NG,60.5,1.0,1.0
15,15995,NEVP,NG,60.5,1.0,1.0
15,15996,NEVP,NG,181.5,1.0,0.0
15,16028,NEVP,NG,367.5,1.0,0.0
15,16029,NEVP,NG,367.5,1.0,0.0
15,16054,NEVP,NG,540.6,1.0,0.0
15,16064,NEVP,NG,624.0,1.0,0.0
15,3476,NWMT,NG,50.0,1.0,0.0
15,3477,NWMT,NG,50.0,1.0,0.0
15,3478,NWMT,NG,50.0,1.0,0.0
15,3522,NWMT,NG,6.0,1.0,0.0
15,3523,NWMT,NG,6.0,1.0,0.0
15,3524,NWMT,NG,6.0,1.0,0.0
15,3525,NWMT,NG,6.0,1.0,0.0
15,3526,NWMT,NG,6.0,1.0,0.0
15,3527,NWMT,NG,6.0,1.0,0.0
15,3528,NWMT,NG,6.0,1.0,0.0
15,3529,NWMT,NG,6.0,1.0,0.0
15,3530,NWMT,NG,6.0,1.0,0.0
15,3617,PACE,GEO,26.1,1.0,0.0
15,3618,PACE,GEO,12.0,1.0,0.0
15,3612,PACE,NG,17.0,1.0,0.0
15,3613,PACE,NG,17.0,1.0,0.0
15,3614,PACE,NG,17.0,1.0,0.0
15,3639,PACE,NG,16.106,1.0,0.0
15,3640,PACE,NG,16.106,1.0,0.0
15,3641,PACE,NG,16.2,1.0,0.0
15,3718,PACE,NG,13.5,1.0,0.0
15,3719,PACE,NG,13.5,1.0,0.0
15,6466,PACE,NG,529.7,1.0,0.0
15,7491,PACE,NG,628.1,1.0,0.0
15,7494,PACE,NG,538.0,1.0,0.0
15,14694,PACE,NG,1.0,1.0,0.0
15,15930,PACE,NG,420.7,1.0,0.0
15,15987,PACE,NG,408.6,1.0,0.0
15,15988,PACE,NG,182.7,1.0,0.0
15,15989,PACE,NG,185.4,1.0,0.0
15,15990,PACE,NG,469.8,1.0,0.0
15,1889,PACW,BIO,7.5,1.0,0.0
15,8587,PACW,BIO,10.0,1.0,0.0
15,11098,PACW,BIO,10.0,1.0,0.0
15,2106,PACW,NG,29.39,1.0,0.0
15,2107,PACW,NG,29.39,1.0,0.0
15,7432,PACW,NG,540.0,1.0,0.0
15,9960,PACW,NG,279.56,1.0,0.0
15,9961,PACW,NG,279.56,1.0,0.0
15,15985,PACW,NG,178.5,1.0,0.0
15,15986,PACW,NG,323.0,1.0,0.0
15,2346,PGE,BIO,10.0,1.0,0.0
15,2363,PGE,NG,24.5,1.0,0.0
15,5829,PGE,NG,476.698,1.0,0.0
15,9847,PGE,NG,296.0,1.0,0.0
15,10103,PGE,NG,483.3,1.0,0.0
15,10104,PGE,NG,18.8,1.0,0.0
15,10105,PGE,NG,18.8,1.0,0.0
15,10106,PGE,NG,18.8,1.0,0.0
15,10107,PGE,NG,18.8,1.0,0.0
15,10108,PGE,NG,18.8,1.0,0.0
15,10109,PGE,NG,18.8,1.0,0.0
15,10110,PGE,NG,18.8,1.0,0.0
15,10111,PGE,NG,18.8,1.0,0.0
15,10112,PGE,NG,18.8,1.0,0.0
15,10113,PGE,NG,18.8,1.0,0.0
15,10114,PGE,NG,18.8,1.0,0.0
15,10115,PGE,NG,18.8,1.0,0.0
15,15905,PGE,NG,292.36,1.0,0.0
15,6353,PNM,BIO,0.8,1.0,0.0
15,6354,PNM,BIO,0.8,1.0,0.0
15,6355,PNM,BIO,0.8,1.0,0.0
15,6356,PNM,BIO,0.8,1.0,0.0
15,6357,PNM,BIO,0.8,1.0,0.0
15,6358,PNM,BIO,0.8,1.0,0.0
15,6359,PNM,BIO,0.8,1.0,0.0
15,6360,PNM,BIO,0.8,1.0,0.0
15,6483,PNM,BIO,4.5,1.0,0.0
15,6741,PNM,BIO,1.0,1.0,0.0
15,6752,PNM,BIO,1.6,1.0,0.0
15,6753,PNM,BIO,1.6,1.0,0.0
15,6754,PNM,BIO,1.6,1.0,0.0
15,7634,PNM,BIO,0.335,1.0,0.0
15,8319,PNM,BIO,3.0,1.0,0.0
15,8320,PNM,BIO,7.5,1.0,0.0
15,8517,PNM,BIO,0.8,1.0,0.0
15,8518,PNM,BIO,0.8,1.0,0.0
15,8519,PNM,BIO,0.8,1.0,0.0
15,8520,PNM,BIO,0.8,1.0,0.0
15,8521,PNM,BIO,0.8,1.0,0.0
15,8522,PNM,BIO,0.8,1.0,0.0
15,10202,PNM,BIO,8.0,1.0,0.0
15,11101,PNM,BIO,11.5,1.0,0.0
15,11102,PNM,BIO,11.5,1.0,0.0
15,13110,PNM,BIO,19.8,1.0,0.0
15,13265,PNM,GEO,4.0,1.0,0.0
15,6828,PNM,NG,11.4,1.0,0.0
15,11104,PNM,NG,11.4,1.0,0.0
15,11105,PNM,NG,11.4,1.0,0.0
15,11106,PNM,NG,11.4,1.0,0.0
15,13240,PNM,NG,596.0,1.0,0.0
15,13243,PNM,NG,287.93,1.0,0.0
15,13503,PNM,NG,67.2,1.0,0.0
15,16004,PNM,NG,497.26,1.0,0.0
15,13785,PSCO,NG,358.52900000000045,1.0,0.0
15,13807,PSCO,NG,314.97,1.0,0.0
15,13813,PSCO,NG,396.9,1.0,0.0
15,13816,PSCO,NG,127.0,1.0,0.0
15,13869,PSCO,NG,622.0,1.0,0.0
15,15920,PSCO,NG,370.6,1.0,0.0
15,15945,PSCO,NG,517.69,1.0,0.0
15,16046,PSCO,NG,510.0,1.0,0.0
15,2398,PSEI,BIO,28.3,1.0,0.0
15,2399,PSEI,NG,71.2,1.0,0.0
15,2400,PSEI,NG,71.2,1.0,0.0
15,2401,PSEI,NG,143.4,1.0,0.0
15,2402,PSEI,NG,143.4,1.0,0.0
15,2404,PSEI,NG,94.0,1.0,0.0
15,4995,PSEI,NG,94.0,1.0,0.0
15,4996,PSEI,NG,94.0,1.0,0.0
15,6692,PSEI,NG,193.8,1.0,0.0
15,6749,PSEI,NG,253.44,1.0,0.0
15,7707,PSEI,NG,167.04,1.0,0.0
15,7855,PSEI,NG,319.9,1.0,0.0
15,9197,PSEI,NG,145.1,1.0,0.0
15,13338,SRP,NG,591.1,1.0,0.0
15,13370,SRP,NG,277.0,1.0,0.0
15,13375,SRP,NG,589.5,1.0,0.0
15,15937,SRP,NG,459.0,1.0,0.0
15,16050,SRP,NG,456.0,1.0,0.0
15,14041,TIDC,NG,74.97999999999999,1.0,0.0
15,14107,TIDC,NG,12.4,1.0,1.0
15,14108,TIDC,NG,286.0,1.0,0.0
15,16068,TIDC,NG,241.9,1.0,0.0
15,1990,TPWR,BIO,64.0,1.0,0.0
15,10145,TPWR,BIO,26.0,1.0,0.0
15,13976,WACM,NG,491.0,1.0,0.0
15,13986,WACM,NG,100.0,1.0,0.0
15,15948,WACM,NG,400.4,1.0,0.0
15,15949,WACM,NG,153.9,1.0,0.0
15,13494,WALC,NG,590.7999999999997,1.0,0.0
15,13495,WALC,NG,550.0,1.0,0.0
15,15962,WALC,NG,478.4,1.0,0.0
15,16056,WALC,NG,336.0,1.0,0.0
15,16057,WALC,NG,336.0,1.0,0.0
15,1115,CISO,NG,267.0,1.0,0.0
15,1116,CISO,NG,266.0,1.0,0.0
15,1117,CISO,NG,266.0,1.0,0.0
15,1118,CISO,NG,267.0,1.0,0.0
15,1405,CISO,NG,3.105,1.0,0.0
15,1445,CISO,NG,56.2,1.0,0.0
15,1447,CISO,NG,21.384,1.0,0.0
15,1448,CISO,NG,21.384,1.0,0.0
15,1449,CISO,NG,21.384,1.0,0.0
15,9895,CISO,NG,83.24667,1.0,0.0
15,9896,CISO,NG,41.62333,1.0,0.0
15,10214,CISO,NG,625.0,1.0,0.0
15,15255,CISO,NG,322.0,1.0,0.0
15,15908,CISO,NG,493.63,1.0,0.0
15,15939,CISO,NG,247.29,1.0,0.0
15,15940,CISO,NG,247.29,1.0,0.0
15,15943,CISO,NG,275.85,1.0,0.0
15,15944,CISO,NG,275.85,1.0,0.0
15,15975,CISO,NG,166.667,1.0,0.0
15,15978,CISO,NG,336.9,1.0,0.0
15,16018,CISO,NG,277.5,1.0,0.0
15,16019,CISO,NG,277.5,1.0,0.0
15,16020,CISO,NG,277.5,1.0,0.0
15,16021,CISO,NG,277.5,1.0,0.0
15,16032,CISO,NG,145.0,1.0,0.0
15,16033,CISO,NG,145.0,1.0,0.0
15,16034,CISO,NG,266.49,1.0,0.0
15,16035,CISO,NG,266.49,1.0,0.0
15,16058,CISO,NG,293.01,1.0,0.0
15,16059,CISO,NG,293.01,1.0,0.0
15,13304,SRP,NUCLEAR,1372.2,1.0,0.0
15,13305,SRP,NUCLEAR,1375.05,1.0,0.0
15,13306,SRP,NUCLEAR,1373.15,1.0,0.0
15,15322,AZPS,NG,174.0,1.0,0.0
15,15323,AZPS,NG,174.0,1.0,0.0
15,15324,AZPS,NG,174.0,1.0,0.0
15,15325,AZPS,NG,174.0,1.0,0.0
15,15326,AZPS,NG,174.0,1.0,0.0
15,15327,AZPS,NG,174.0,1.0,0.0
15,14088,BANC,NG,81.0,1.0,0.0
15,17031,LDWP,NG,10.0,1.0,0.0
15,13614,LDWP,NG,110.0,1.0,0.0
15,17212,LDWP,NG,398.0,1.0,0.0
15,17210,LDWP,NG,398.0,1.0,0.0
15,13284,TEPC,NG,550.0,1.0,0.0
15,13403,TEPC,NG,540.0,1.0,0.0
15,13404,TEPC,NG,540.0,1.0,0.0
15,13295,AZPS,COAL,818.1,1.0,0.0
15,3504,IPCO,COAL,307.0,1.0,0.0
15,3505,IPCO,COAL,307.0,1.0,0.0
15,3694,IPCO,COAL,50.0,1.0,0.0
15,3695,IPCO,COAL,25.0,1.0,0.0
15,3696,IPCO,COAL,25.0,1.0,0.0
15,3582,NEVP,COAL,268.0,1.0,0.0
15,3583,NEVP,COAL,254.0,1.0,0.0
15,3507,NWMT,COAL,740.0001,1.0,0.0
15,3506,NWMT,COAL,740.0,1.0,0.0
15,3497,NWMT,COAL,135.0,1.0,0.0
15,3510,NWMT,COAL,64.0,1.0,0.0
15,3391,PACE,COAL,584.0,1.0,0.0
15,3461,PACE,COAL,525.2420387999971,1.0,0.0
15,3463,PACE,COAL,531.0,1.0,0.0
15,3462,PACE,COAL,527.0,1.0,0.0
15,3656,PACE,COAL,517.5,1.0,0.0
15,3619,PACE,COAL,499.5,1.0,0.0
15,3655,PACE,COAL,498.0,1.0,0.0
15,3638,PACE,COAL,495.6,1.0,0.0
15,3637,PACE,COAL,488.3,1.0,0.0
15,3636,PACE,COAL,488.3,1.0,0.0
15,3698,PACE,COAL,362.1,1.0,0.0
15,3635,PACE,COAL,360.0,1.0,0.0
15,3634,PACE,COAL,229.5,1.0,0.0
15,11093,PACE,COAL,217.6,1.0,0.0
15,13294,PNM,COAL,271.0,1.0,0.0
15,13796,PSCO,COAL,552.28,1.0,0.0
15,13888,PSCO,COAL,467.261,1.0,0.0
15,14002,PSCO,COAL,428.0,1.0,0.0
15,14129,PSCO,COAL,380.8,1.0,0.0
15,13787,PSCO,COAL,335.0,1.0,0.0
15,13786,PSCO,COAL,325.0,1.0,0.0
15,13960,PSCO,COAL,49.65,1.0,0.0
15,13386,SRP,COAL,750.0,1.0,0.0
15,13387,SRP,COAL,750.0,1.0,0.0
15,13388,SRP,COAL,750.0,1.0,0.0
15,13385,SRP,COAL,382.0,1.0,0.0
15,13384,SRP,COAL,380.0,1.0,0.0
15,13389,TEPC,COAL,424.8,1.0,0.0
15,4029,WACM,COAL,621.0,1.0,0.0
15,4030,WACM,COAL,621.0,1.0,0.0
15,14004,WACM,COAL,448.0,1.0,0.0
15,14003,WACM,COAL,428.0,1.0,0.0
15,14001,WACM,COAL,405.0,1.0,0.0
15,14009,WACM,COAL,275.4,1.0,0.0
15,13958,WACM,COAL,207.0,1.0,0.0
15,14008,WACM,COAL,190.0,1.0,0.0
15,13962,WACM,COAL,141.031,1.0,0.0
15,13983,WACM,COAL,116.2,1.0,0.0
15,13982,WACM,COAL,95.0,1.0,0.0
15,13981,WACM,COAL,88.0,1.0,0.0
15,13961,WACM,COAL,83.19,1.0,0.0
15,13943,WACM,COAL,80.0,1.0,0.0
15,13422,WALC,COAL,204.0,1.0,0.0
16,3049,AESO,BIO,18.0,1.0,0.0
16,3243,AESO,BIO,22.335,1.0,0.0
16,3284,AESO,BIO,25.0,1.0,0.0
16,3292,AESO,BIO,11.6,1.0,0.0
16,3343,AESO,BIO,18.0,1.0,0.0
16,3384,AESO,BIO,41.0,1.0,0.0
16,3385,AESO,BIO,41.0,1.0,0.0
16,3386,AESO,BIO,17.0,1.0,0.0
16,3387,AESO,BIO,32.0,1.0,0.0
16,9565,AESO,BIO,20.0,1.0,0.0
16,9566,AESO,BIO,30.0,1.0,0.0
16,9592,AESO,BIO,48.0,1.0,0.0
16,13106,AESO,BIO,43.0,1.0,0.0
16,3218,AESO,NG,407.0,1.0,0.0
16,3219,AESO,NG,148.0,1.0,0.0
16,3220,AESO,NG,148.0,1.0,0.0
16,3221,AESO,NG,408.0,1.0,0.0
16,3222,AESO,NG,408.0,1.0,0.0
16,3238,AESO,NG,151.0,1.0,0.0
16,9198,AESO,NG,280.0,1.0,0.0
16,3017,AESO,NG,101.0,1.0,0.0
16,3041,AESO,NG,2.2,1.0,0.0
16,3042,AESO,NG,2.2,1.0,0.0
16,3043,AESO,NG,2.2,1.0,0.0
16,3044,AESO,NG,2.2,1.0,0.0
16,3047,AESO,NG,105.0,1.0,0.0
16,3072,AESO,NG,101.0,1.0,0.0
16,3096,AESO,NG,5.4,1.0,0.0
16,3126,AESO,NG,46.0,1.0,0.0
16,3139,AESO,NG,5.0,1.0,0.0
16,3190,AESO,NG,48.0,1.0,0.0
16,3215,AESO,NG,50.0,1.0,0.0
16,3217,AESO,NG,48.0,1.0,0.0
16,3232,AESO,NG,101.0,1.0,0.0
16,3235,AESO,NG,50.0,1.0,0.0
16,3242,AESO,NG,18.0,1.0,0.0
16,3244,AESO,NG,50.0,1.0,0.0
16,3245,AESO,NG,47.0,1.0,0.0
16,3249,AESO,NG,36.5,1.0,0.0
16,3250,AESO,NG,36.5,1.0,0.0
16,3254,AESO,NG,101.0,1.0,0.0
16,3259,AESO,NG,40.0,1.0,0.0
16,3261,AESO,NG,25.0,1.0,0.0
16,3262,AESO,NG,30.0,1.0,0.0
16,3263,AESO,NG,35.0,1.0,0.0
16,3264,AESO,NG,30.0,1.0,0.0
16,3357,AESO,NG,3.0,1.0,0.0
16,3358,AESO,NG,3.0,1.0,0.0
16,3359,AESO,NG,4.9,1.0,0.0
16,3370,AESO,NG,47.5,1.0,0.0
16,5241,AESO,NG,48.0,1.0,0.0
16,5274,AESO,NG,48.0,1.0,0.0
16,5302,AESO,NG,48.0,1.0,0.0
16,5802,AESO,NG,120.0,1.0,0.0
16,6087,AESO,NG,330.0,1.0,0.0
16,6150,AESO,NG,120.0,1.0,0.0
16,6611,AESO,NG,128.0,1.0,0.0
16,7724,AESO,NG,15.5,1.0,0.0
16,7725,AESO,NG,6.0,1.0,0.0
16,7727,AESO,NG,8.0,1.0,0.0
16,7851,AESO,NG,3.0,1.0,0.0
16,7852,AESO,NG,2.0,1.0,0.0
16,8055,AESO,NG,16.0,1.0,0.0
16,8417,AESO,NG,141.0,1.0,0.0
16,8781,AESO,NG,3.0,1.0,0.0
16,8782,AESO,NG,3.5,1.0,0.0
16,8783,AESO,NG,3.0,1.0,0.0
16,10169,AESO,NG,195.0,1.0,0.0
16,10179,AESO,NG,870.0,1.0,0.0
16,13123,AESO,NG,6.3,1.0,0.0
16,13124,AESO,NG,6.3,1.0,0.0
16,13127,AESO,NG,10.0,1.0,0.0
16,13133,AESO,NG,20.0,1.0,0.0
16,13136,AESO,NG,16.5,1.0,0.0
16,13137,AESO,NG,10.0,1.0,0.0
16,14585,AESO,NG,15.0,1.0,0.0
16,14586,AESO,NG,15.0,1.0,0.0
16,14605,AESO,NG,372.33277039000257,1.0,0.0
16,14624,AESO,NG,45.0,1.0,0.0
16,14625,AESO,NG,45.0,1.0,0.0
16,14644,AESO,NG,45.0,1.0,0.0
16,14662,AESO,NG,45.0,1.0,0.0
16,15481,AESO,NG,6.5,1.0,0.0
16,15482,AESO,NG,6.5,1.0,0.0
16,15483,AESO,NG,6.5,1.0,0.0
16,15484,AESO,NG,6.5,1.0,0.0
16,15485,AESO,NG,6.5,1.0,0.0
16,15659,AESO,NG,395.0,1.0,0.0
16,15660,AESO,NG,411.0,1.0,0.0
16,15661,AESO,NG,406.0,1.0,0.0
16,15662,AESO,NG,406.0,1.0,0.0
16,15663,AESO,NG,353.0,1.0,0.0
16,15667,AESO,NG,401.0,1.0,0.0
16,16052,AESO,NG,605.2,1.0,0.0
16,16053,AESO,NG,262.8,1.0,0.0
16,2167,AVA,BIO,50.699999999999775,1.0,0.0
16,2190,AVA,BIO,6.2,1.0,0.0
16,2200,AVA,BIO,26.0,1.0,0.0
16,2206,AVA,BIO,28.8,1.0,0.0
16,2207,AVA,BIO,65.0,1.0,0.0
16,2168,AVA,NG,7.2,1.0,0.0
16,2198,AVA,NG,83.3,1.0,0.0
16,2199,AVA,NG,83.3,1.0,0.0
16,2210,AVA,NG,4.1,1.0,0.0
16,2211,AVA,NG,4.1,1.0,0.0
16,2212,AVA,NG,4.1,1.0,0.0
16,2213,AVA,NG,4.1,1.0,0.0
16,2214,AVA,NG,4.1,1.0,0.0
16,2215,AVA,NG,4.1,1.0,0.0
16,8427,AVA,NG,301.49,1.0,0.0
16,9848,AVA,NG,287.0,1.0,0.0
16,14033,AZPS,BIO,28.0,1.0,0.0
16,16040,AZPS,NG,252.4,1.0,0.0
16,16041,AZPS,NG,252.4,1.0,0.0
16,16042,AZPS,NG,252.4,1.0,0.0
16,16043,AZPS,NG,252.4,1.0,0.0
16,16070,AZPS,NG,136.428,1.0,0.0
16,13687,BANC,BIO,3.5,1.0,0.0
16,13688,BANC,BIO,3.5,1.0,0.0
16,13689,BANC,BIO,3.5,1.0,0.0
16,13690,BANC,BIO,3.5,1.0,0.0
16,13691,BANC,BIO,3.5,1.0,0.0
16,13701,BANC,NG,66.5,1.0,0.0
16,13703,BANC,NG,62.0,1.0,0.0
16,13708,BANC,NG,8.1,1.0,0.0
16,14110,BANC,NG,83.0,1.0,0.0
16,14117,BANC,NG,84.2,1.0,0.0
16,15928,BANC,NG,265.0,1.0,0.0
16,15929,BANC,NG,265.0,1.0,0.0
16,16044,BANC,NG,59.5,1.0,0.0
16,16045,BANC,NG,59.5,1.0,0.0
16,16060,BANC,NG,274.5,1.0,0.0
16,16061,BANC,NG,274.5,1.0,0.0
16,2516,BCHA,BIO,66.0,1.0,0.0
16,2581,BCHA,BIO,16.39,1.0,0.0
16,2634,BCHA,BIO,20.39,1.0,0.0
16,2644,BCHA,BIO,24.75,1.0,0.0
16,2645,BCHA,BIO,1.667,1.0,0.0
16,2646,BCHA,BIO,1.667,1.0,0.0
16,2647,BCHA,BIO,1.667,1.0,0.0
16,2648,BCHA,BIO,1.851,1.0,0.0
16,2691,BCHA,BIO,32.0,1.0,0.0
16,2744,BCHA,BIO,16.0,1.0,0.0
16,2745,BCHA,BIO,28.0,1.0,0.0
16,2746,BCHA,BIO,32.0,1.0,0.0
16,2766,BCHA,BIO,7.5,1.0,0.0
16,2990,BCHA,BIO,52.29,1.0,0.0
16,2991,BCHA,BIO,48.0,1.0,0.0
16,6066,BCHA,BIO,4.8,1.0,0.0
16,6104,BCHA,BIO,36.0,1.0,0.0
16,6121,BCHA,BIO,32.7,1.0,0.0
16,6122,BCHA,BIO,28.69,1.0,0.0
16,6155,BCHA,BIO,1.26,1.0,0.0
16,6833,BCHA,BIO,1.03,1.0,0.0
16,7014,BCHA,BIO,0.34,1.0,0.0
16,7068,BCHA,BIO,55.0,1.0,0.0
16,7171,BCHA,BIO,62.5,1.0,0.0
16,7172,BCHA,BIO,50.0,1.0,0.0
16,8349,BCHA,BIO,38.0,1.0,0.0
16,11890,BCHA,BIO,1.0,1.0,0.0
16,11891,BCHA,BIO,1.0,1.0,0.0
16,15470,BCHA,BIO,28.0,1.0,0.0
16,15471,BCHA,BIO,16.0,1.0,0.0
16,15664,BCHA,BIO,38.7,1.0,0.0
16,10736,BCHA,GEO,107.0,1.0,0.0
16,2517,BCHA,NG,55.0,1.0,0.0
16,2518,BCHA,NG,55.0,1.0,0.0
16,2589,BCHA,NG,23.0,1.0,0.0
16,2590,BCHA,NG,23.0,1.0,0.0
16,3040,AESO,NG,2.4,1.0,0.0
16,3247,AESO,NG,40.0,1.0,0.0
16,3248,AESO,NG,30.0,1.0,0.0
16,5051,BCHA,NG,290.0,1.0,0.0
16,6625,AESO,NG,25.0,1.0,0.0
16,6755,AESO,NG,101.0,1.0,0.0
16,7003,AESO,NG,93.0,1.0,0.0
16,7541,AESO,NG,130.0,1.0,0.0
16,7726,AESO,NG,4.1,1.0,0.0
16,8260,AESO,NG,46.0,1.0,0.0
16,8632,AESO,NG,5.5,1.0,0.0
16,9134,AESO,NG,20.0,1.0,0.0
16,9218,AESO,NG,75.0,1.0,0.0
16,9219,AESO,NG,344.0,1.0,0.0
16,9329,AESO,NG,85.0,1.0,0.0
16,9966,AESO,NG,100.0,1.0,0.0
16,11725,AESO,NG,1.6,1.0,0.0
16,11726,AESO,NG,1.6,1.0,0.0
16,11841,AESO,NG,2.9,1.0,0.0
16,11842,AESO,NG,2.9,1.0,0.0
16,11914,AESO,NG,17.0,1.0,0.0
16,11915,AESO,NG,3.0,1.0,0.0
16,11916,AESO,NG,2.0,1.0,0.0
16,13122,AESO,NG,6.5,1.0,0.0
16,13128,AESO,NG,15.0,1.0,0.0
16,13129,AESO,NG,15.0,1.0,0.0
16,13134,AESO,NG,3.1,1.0,0.0
16,13135,AESO,NG,3.1,1.0,0.0
16,14834,AESO,NG,150.81,1.0,0.0
16,15656,AESO,NG,408.0,1.0,0.0
16,15657,AESO,NG,418.5,1.0,0.0
16,15658,AESO,NG,430.0,1.0,0.0
16,15674,AESO,NG,19.55,1.0,0.0
16,15675,AESO,NG,2.9,1.0,0.0
16,15676,AESO,NG,2.3,1.0,0.0
16,15677,AESO,NG,7.0,1.0,0.0
16,1972,BPAT,BIO,39.999999999999886,1.0,0.0
16,2051,BPAT,BIO,18.0,1.0,0.0
16,2076,BPAT,BIO,14.7,1.0,0.0
16,2077,BPAT,BIO,20.0,1.0,0.0
16,2078,BPAT,BIO,25.0,1.0,0.0
16,2079,BPAT,BIO,12.25,1.0,0.0
16,6343,BPAT,BIO,0.8,1.0,0.0
16,6344,BPAT,BIO,0.8,1.0,0.0
16,6345,BPAT,BIO,1.5,1.0,0.0
16,6346,BPAT,BIO,1.5,1.0,0.0
16,9593,BPAT,BIO,5.0,1.0,0.0
16,9595,BPAT,BIO,31.28,1.0,0.0
16,13116,BPAT,BIO,12.5,1.0,0.0
16,14182,BPAT,BIO,17.2,1.0,0.0
16,14186,BPAT,BIO,37.2,1.0,0.0
16,14572,BPAT,BIO,36.0,1.0,0.0
16,2063,BPAT,NG,265.0,1.0,0.0
16,2105,BPAT,NG,31.0,1.0,0.0
16,6835,BPAT,NG,269.2,1.0,0.0
16,14571,BPAT,NG,9.9,1.0,0.0
16,2491,BPAT,NUCLEAR,1186.0,1.0,0.0
16,437,CENACE,GEO,25.0,1.0,0.0
16,438,CENACE,GEO,25.0,1.0,0.0
16,439,CENACE,GEO,25.0,1.0,0.0
16,440,CENACE,GEO,25.0,1.0,0.0
16,441,CENACE,GEO,30.0,1.0,0.0
16,446,CENACE,GEO,110.0,1.0,0.0
16,447,CENACE,GEO,110.0,1.0,0.0
16,448,CENACE,GEO,110.0,1.0,0.0
16,457,CENACE,GEO,110.0,1.0,0.0
16,8227,CENACE,NG,277.0,1.0,0.0
16,14839,CENACE,NG,248.0,1.0,0.0
16,15254,CENACE,NG,793.0,1.0,0.0
16,15341,CENACE,NG,1.0,1.0,0.0
16,15991,CENACE,NG,165.0,1.0,0.0
16,15992,CENACE,NG,165.0,1.0,0.0
16,15993,CENACE,NG,405.0,1.0,0.0
16,548,CISO,BIO,2.999999999996362,1.0,0.0
16,549,CISO,BIO,0.95,1.0,0.0
16,550,CISO,BIO,5.0,1.0,0.0
16,551,CISO,BIO,3.0,1.0,0.0
16,555,CISO,BIO,2.9,1.0,0.0
16,570,CISO,BIO,1.88,1.0,0.0
16,572,CISO,BIO,1.88,1.0,0.0
16,629,CISO,BIO,47.0,1.0,0.0
16,633,CISO,BIO,34.0,1.0,0.0
16,795,CISO,BIO,9.708,1.0,0.0
16,836,CISO,BIO,1.3,1.0,0.0
16,1008,CISO,BIO,1.88,1.0,0.0
16,1156,CISO,BIO,10.5,1.0,0.0
16,1168,CISO,BIO,10.8,1.0,0.0
16,1187,CISO,BIO,24.48,1.0,0.0
16,1188,CISO,BIO,6.6,1.0,0.0
16,1300,CISO,BIO,12.0,1.0,0.0
16,1331,CISO,BIO,57.43,1.0,0.0
16,1392,CISO,BIO,24.2,1.0,0.0
16,1398,CISO,BIO,2.57,1.0,0.0
16,1399,CISO,BIO,2.57,1.0,0.0
16,1400,CISO,BIO,2.57,1.0,0.0
16,1401,CISO,BIO,2.57,1.0,0.0
16,1402,CISO,BIO,2.57,1.0,0.0
16,1403,CISO,BIO,2.57,1.0,0.0
16,1404,CISO,BIO,2.57,1.0,0.0
16,1413,CISO,BIO,10.0,1.0,0.0
16,1589,CISO,BIO,8.6,1.0,0.0
16,1590,CISO,BIO,5.7,1.0,0.0
16,1634,CISO,BIO,6.9,1.0,0.0
16,1635,CISO,BIO,12.5,1.0,0.0
16,1636,CISO,BIO,12.5,1.0,0.0
16,1637,CISO,BIO,12.5,1.0,0.0
16,1768,CISO,BIO,22.0,1.0,0.0
16,1774,CISO,BIO,13.1,1.0,0.0
16,1794,CISO,BIO,12.6,1.0,0.0
16,1838,CISO,BIO,17.2,1.0,0.0
16,5728,CISO,BIO,1.25,1.0,0.0
16,5729,CISO,BIO,1.25,1.0,0.0
16,5809,CISO,BIO,3.0,1.0,0.0
16,5865,CISO,BIO,0.75,1.0,0.0
16,5866,CISO,BIO,0.75,1.0,0.0
16,5872,CISO,BIO,14.4,1.0,0.0
16,5899,CISO,BIO,4.0,1.0,0.0
16,5900,CISO,BIO,3.7,1.0,0.0
16,5901,CISO,BIO,0.3,1.0,0.0
16,5999,CISO,BIO,37.828,1.0,0.0
16,6045,CISO,BIO,9.8,1.0,0.0
16,6069,CISO,BIO,4.6,1.0,0.0
16,6070,CISO,BIO,4.6,1.0,0.0
16,6071,CISO,BIO,4.6,1.0,0.0
16,6116,CISO,BIO,1.1,1.0,0.0
16,6117,CISO,BIO,1.1,1.0,0.0
16,6349,CISO,BIO,1.5,1.0,0.0
16,6352,CISO,BIO,1.2,1.0,0.0
16,6492,CISO,BIO,24.5,1.0,0.0
16,6601,CISO,BIO,1.5,1.0,0.0
16,6602,CISO,BIO,1.5,1.0,0.0
16,6603,CISO,BIO,1.5,1.0,0.0
16,6651,CISO,BIO,1.35,1.0,0.0
16,6652,CISO,BIO,1.35,1.0,0.0
16,6653,CISO,BIO,1.35,1.0,0.0
16,6756,CISO,BIO,0.7,1.0,0.0
16,7146,CISO,BIO,0.2,1.0,0.0
16,7147,CISO,BIO,0.2,1.0,0.0
16,7373,CISO,BIO,4.4,1.0,0.0
16,7374,CISO,BIO,3.0,1.0,0.0
16,7556,CISO,BIO,0.8,1.0,0.0
16,7557,CISO,BIO,0.8,1.0,0.0
16,7558,CISO,BIO,0.8,1.0,0.0
16,7559,CISO,BIO,0.8,1.0,0.0
16,7560,CISO,BIO,0.8,1.0,0.0
16,7561,CISO,BIO,0.8,1.0,0.0
16,7780,CISO,BIO,2.9,1.0,0.0
16,7816,CISO,BIO,1.3,1.0,0.0
16,7840,CISO,BIO,1.25,1.0,0.0
16,7841,CISO,BIO,1.25,1.0,0.0
16,7860,CISO,BIO,3.0,1.0,0.0
16,7861,CISO,BIO,3.0,1.0,0.0
16,7862,CISO,BIO,1.6,1.0,0.0
16,7868,CISO,BIO,1.95,1.0,0.0
16,7869,CISO,BIO,4.9,1.0,0.0
16,8080,CISO,BIO,7.14,1.0,0.0
16,8084,CISO,BIO,1.88,1.0,0.0
16,8085,CISO,BIO,1.88,1.0,0.0
16,8162,CISO,BIO,1.6,1.0,0.0
16,8163,CISO,BIO,2.7,1.0,0.0
16,8311,CISO,BIO,0.46,1.0,0.0
16,8312,CISO,BIO,2.29,1.0,0.0
16,8313,CISO,BIO,2.2,1.0,0.0
16,8371,CISO,BIO,3.0,1.0,0.0
16,8403,CISO,BIO,2.8,1.0,0.0
16,8404,CISO,BIO,3.3,1.0,0.0
16,8405,CISO,BIO,3.3,1.0,0.0
16,8406,CISO,BIO,3.3,1.0,0.0
16,8434,CISO,BIO,1.2,1.0,0.0
16,8682,CISO,BIO,3.0,1.0,0.0
16,8685,CISO,BIO,11.16,1.0,0.0
16,8811,CISO,BIO,1.3,1.0,0.0
16,8812,CISO,BIO,1.3,1.0,0.0
16,9227,CISO,BIO,3.0,1.0,0.0
16,9228,CISO,BIO,1.2,1.0,0.0
16,9229,CISO,BIO,1.2,1.0,0.0
16,9242,CISO,BIO,3.05,1.0,0.0
16,9322,CISO,BIO,2.8,1.0,0.0
16,9337,CISO,BIO,1.8,1.0,0.0
16,9338,CISO,BIO,1.8,1.0,0.0
16,9399,CISO,BIO,1.2,1.0,0.0
16,9723,CISO,BIO,0.5,1.0,0.0
16,10025,CISO,BIO,1.6,1.0,0.0
16,10026,CISO,BIO,1.0,1.0,0.0
16,10027,CISO,BIO,1.0,1.0,0.0
16,10028,CISO,BIO,1.4,1.0,0.0
16,11103,CISO,BIO,28.24,1.0,0.0
16,11120,CISO,BIO,50.0,1.0,0.0
16,11138,CISO,BIO,5.0,1.0,0.0
16,12396,CISO,BIO,1.0,1.0,0.0
16,12397,CISO,BIO,0.4,1.0,0.0
16,12837,CISO,BIO,1.5,1.0,0.0
16,13104,CISO,BIO,50.0,1.0,0.0
16,13107,CISO,BIO,25.0,1.0,0.0
16,14499,CISO,BIO,26.5,1.0,0.0
16,14833,CISO,BIO,18.13,1.0,0.0
16,14884,CISO,BIO,1.2,1.0,0.0
16,14896,CISO,BIO,5.0,1.0,0.0
16,15377,CISO,BIO,12.0,1.0,0.0
16,15432,CISO,BIO,32.0,1.0,0.0
16,15783,CISO,BIO,4.7,1.0,0.0
16,15794,CISO,BIO,28.5,1.0,0.0
16,15797,CISO,BIO,24.0,1.0,0.0
16,15798,CISO,BIO,24.0,1.0,0.0
16,442,CISO,GEO,35.7,1.0,0.0
16,443,CISO,GEO,35.7,1.0,0.0
16,444,CISO,GEO,35.7,1.0,0.0
16,445,CISO,GEO,35.7,1.0,0.0
16,656,CISO,GEO,26.66667,1.0,0.0
16,657,CISO,GEO,26.66667,1.0,0.0
16,658,CISO,GEO,26.66667,1.0,0.0
16,663,CISO,GEO,16.0,1.0,0.0
16,664,CISO,GEO,16.0,1.0,0.0
16,665,CISO,GEO,16.0,1.0,0.0
16,1005,CISO,GEO,30.0,1.0,0.0
16,1006,CISO,GEO,30.0,1.0,0.0
16,1007,CISO,GEO,30.0,1.0,0.0
16,1265,CISO,GEO,1.5,1.0,0.0
16,1266,CISO,GEO,1.5,1.0,0.0
16,1597,CISO,GEO,11.0,1.0,0.0
16,1598,CISO,GEO,11.0,1.0,0.0
16,1602,CISO,GEO,47.0,1.0,0.0
16,1603,CISO,GEO,50.0,1.0,0.0
16,1604,CISO,GEO,72.0,1.0,0.0
16,1605,CISO,GEO,75.5,1.0,0.0
16,1606,CISO,GEO,27.5,1.0,0.0
16,1607,CISO,GEO,63.0,1.0,0.0
16,1608,CISO,GEO,70.0,1.0,0.0
16,1609,CISO,GEO,73.0,1.0,0.0
16,1610,CISO,GEO,57.0,1.0,0.0
16,1611,CISO,GEO,86.8,1.0,0.0
16,1612,CISO,GEO,47.9,1.0,0.0
16,1613,CISO,GEO,47.9,1.0,0.0
16,1614,CISO,GEO,49.215,1.0,0.0
16,1615,CISO,GEO,49.215,1.0,0.0
16,1616,CISO,GEO,12.5,1.0,0.0
16,1617,CISO,GEO,12.5,1.0,0.0
16,1618,CISO,GEO,6.5,1.0,0.0
16,1619,CISO,GEO,6.5,1.0,0.0
16,1620,CISO,GEO,36.0,1.0,0.0
16,1621,CISO,GEO,36.0,1.0,0.0
16,7684,CISO,GEO,20.0,1.0,0.0
16,7942,CISO,GEO,11.0,1.0,0.0
16,7943,CISO,GEO,11.0,1.0,0.0
16,8300,CISO,GEO,5.0,1.0,0.0
16,8301,CISO,GEO,5.0,1.0,0.0
16,8302,CISO,GEO,5.0,1.0,0.0
16,11122,CISO,GEO,78.0,1.0,0.0
16,13026,CISO,GEO,14.0,1.0,0.0
16,13102,CISO,GEO,51.9,1.0,0.0
16,13103,CISO,GEO,51.9,1.0,0.0
16,13105,CISO,GEO,59.0,1.0,0.0
16,14055,CISO,GEO,38.85,1.0,0.0
16,14056,CISO,GEO,50.0,1.0,0.0
16,14057,CISO,GEO,42.42,1.0,0.0
16,14058,CISO,GEO,52.73,1.0,0.0
16,14848,CISO,GEO,30.0,1.0,0.0
16,14923,CISO,GEO,38.0,1.0,0.0
16,15381,CISO,GEO,20.0,1.0,0.0
16,1248,CISO,NUCLEAR,1150.0,1.0,0.0
16,1249,CISO,NUCLEAR,1150.0,1.0,0.0
16,13507,IID,BIO,27.0,1.0,0.0
16,13561,IID,BIO,21.0,1.0,0.0
16,13509,IID,GEO,53.0,1.0,0.0
16,13510,IID,GEO,8.75,1.0,0.0
16,13511,IID,GEO,4.37,1.0,0.0
16,13516,IID,GEO,34.39,1.0,0.0
16,13517,IID,GEO,34.39,1.0,0.0
16,13519,IID,GEO,34.39,1.0,0.0
16,13520,IID,GEO,29.0,1.0,0.0
16,13521,IID,GEO,9.19,1.0,0.0
16,13522,IID,GEO,10.5,1.0,0.0
16,13523,IID,GEO,49.0,1.0,0.0
16,13524,IID,GEO,50.0,1.0,0.0
16,13543,IID,GEO,33.0,1.0,0.0
16,13544,IID,GEO,16.0,1.0,0.0
16,13554,IID,GEO,49.89,1.0,0.0
16,13555,IID,GEO,4.79,1.0,0.0
16,13556,IID,GEO,4.5,1.0,0.0
16,13557,IID,GEO,11.1,1.0,0.0
16,13558,IID,GEO,11.0,1.0,0.0
16,13559,IID,GEO,50.0,1.0,0.0
16,13562,IID,GEO,21.6,1.0,0.0
16,13563,IID,GEO,8.0,1.0,0.0
16,13564,IID,GEO,22.0,1.0,0.0
16,13570,IID,GEO,24.0,1.0,0.0
16,13571,IID,GEO,15.0,1.0,0.0
16,13572,IID,GEO,18.5,1.0,0.0
16,13573,IID,GEO,7.0,1.0,0.0
16,13574,IID,GEO,8.45,1.0,0.0
16,13578,IID,GEO,16.0,1.0,0.0
16,13579,IID,GEO,16.0,1.0,0.0
16,13580,IID,GEO,16.0,1.0,0.0
16,13581,IID,GEO,16.0,1.0,0.0
16,13582,IID,GEO,16.0,1.0,0.0
16,13583,IID,GEO,16.0,1.0,0.0
16,13584,IID,GEO,16.0,1.0,0.0
16,3434,IPCO,BIO,4.999999999999545,1.0,0.0
16,6118,IPCO,BIO,0.8,1.0,0.0
16,6119,IPCO,BIO,0.8,1.0,0.0
16,6120,IPCO,BIO,0.8,1.0,0.0
16,7116,IPCO,BIO,1.6,1.0,0.0
16,7117,IPCO,BIO,1.6,1.0,0.0
16,8549,IPCO,BIO,2.0,1.0,0.0
16,8550,IPCO,BIO,2.0,1.0,0.0
16,10116,IPCO,BIO,7.5,1.0,0.0
16,3400,IPCO,GEO,18.0,1.0,0.0
16,7941,IPCO,GEO,11.0,1.0,0.0
16,3407,IPCO,NG,170.9,1.0,0.0
16,3408,IPCO,NG,172.8,1.0,0.0
16,3410,IPCO,NG,50.0,1.0,0.0
16,7185,IPCO,NG,2.0,1.0,0.0
16,7188,IPCO,NG,2.0,1.0,0.0
16,7189,IPCO,NG,2.0,1.0,0.0
16,7509,IPCO,NG,330.0,1.0,0.0
16,8599,IPCO,NG,10.0,1.0,0.0
16,15899,LDWP,NG,275.0,1.0,0.0
16,15900,LDWP,NG,275.0,1.0,0.0
16,13714,NEVP,GEO,20.0,1.0,0.0
16,13715,NEVP,GEO,60.0,1.0,0.0
16,13716,NEVP,GEO,10.1,1.0,0.0
16,13717,NEVP,GEO,19.2,1.0,0.0
16,13718,NEVP,GEO,11.8,1.0,0.0
16,13719,NEVP,GEO,11.8,1.0,0.0
16,13720,NEVP,GEO,11.8,1.0,0.0
16,13721,NEVP,GEO,11.8,1.0,0.0
16,13724,NEVP,GEO,8.0,1.0,0.0
16,13725,NEVP,GEO,8.0,1.0,0.0
16,13726,NEVP,GEO,8.0,1.0,0.0
16,13727,NEVP,GEO,18.9,1.0,0.0
16,13728,NEVP,GEO,11.3,1.0,0.0
16,13729,NEVP,GEO,11.3,1.0,0.0
16,13730,NEVP,GEO,11.3,1.0,0.0
16,13731,NEVP,GEO,11.3,1.0,0.0
16,13732,NEVP,GEO,11.25,1.0,0.0
16,13733,NEVP,GEO,11.25,1.0,0.0
16,13734,NEVP,GEO,25.0,1.0,0.0
16,13752,NEVP,GEO,15.0,1.0,0.0
16,13753,NEVP,GEO,15.0,1.0,0.0
16,13754,NEVP,GEO,15.0,1.0,0.0
16,13755,NEVP,GEO,15.0,1.0,0.0
16,13756,NEVP,GEO,26.5,1.0,0.0
16,13757,NEVP,GEO,10.0,1.0,0.0
16,13758,NEVP,GEO,10.0,1.0,0.0
16,13759,NEVP,GEO,10.0,1.0,0.0
16,13760,NEVP,GEO,16.5,1.0,0.0
16,13762,NEVP,GEO,25.0,1.0,0.0
16,13763,NEVP,GEO,16.0,1.0,0.0
16,13764,NEVP,GEO,16.0,1.0,0.0
16,13765,NEVP,GEO,21.3,1.0,0.0
16,13766,NEVP,GEO,21.3,1.0,0.0
16,13767,NEVP,GEO,21.3,1.0,0.0
16,13769,NEVP,GEO,20.0,1.0,0.0
16,13770,NEVP,GEO,20.0,1.0,0.0
16,13771,NEVP,GEO,12.0,1.0,0.0
16,13772,NEVP,GEO,11.8,1.0,0.0
16,13774,NEVP,GEO,20.0,1.0,0.0
16,13775,NEVP,GEO,20.0,1.0,0.0
16,13776,NEVP,GEO,12.0,1.0,0.0
16,13427,NEVP,NG,105.0,1.0,0.0
16,13428,NEVP,NG,250.0,1.0,0.0
16,13429,NEVP,NG,250.0,1.0,0.0
16,13430,NEVP,NG,142.5,1.0,0.0
16,13433,NEVP,NG,96.26,1.0,0.0
16,13434,NEVP,NG,111.26,1.0,0.0
16,13440,NEVP,NG,566.0,1.0,0.0
16,13441,NEVP,NG,735.0,1.0,0.0
16,13442,NEVP,NG,641.4,1.0,0.0
16,13443,NEVP,NG,521.7,1.0,0.0
16,13444,NEVP,NG,585.0,1.0,0.0
16,13445,NEVP,NG,585.0,1.0,0.0
16,13449,NEVP,NG,112.4,1.0,0.0
16,13450,NEVP,NG,112.4,1.0,0.0
16,13712,NEVP,NG,9.36,1.0,1.0
16,13773,NEVP,NG,530.0,1.0,0.0
16,15914,NEVP,NG,403.0,1.0,0.0
16,15916,NEVP,NG,659.6,1.0,0.0
16,15922,NEVP,NG,157.16103879999906,1.0,1.0
16,15924,NEVP,NG,185.0,1.0,1.0
16,15966,NEVP,NG,258.56,1.0,0.0
16,15972,NEVP,NG,356.0,1.0,0.0
16,15994,NEVP,NG,60.5,1.0,0.0
16,15995,NEVP,NG,60.5,1.0,0.0
16,15996,NEVP,NG,181.5,1.0,0.0
16,16028,NEVP,NG,367.5,1.0,0.0
16,16029,NEVP,NG,367.5,1.0,0.0
16,16054,NEVP,NG,540.6,1.0,0.0
16,16064,NEVP,NG,624.0,1.0,0.0
16,3476,NWMT,NG,50.0,1.0,0.0
16,3477,NWMT,NG,50.0,1.0,0.0
16,3478,NWMT,NG,50.0,1.0,0.0
16,3522,NWMT,NG,6.0,1.0,0.0
16,3523,NWMT,NG,6.0,1.0,0.0
16,3524,NWMT,NG,6.0,1.0,0.0
16,3525,NWMT,NG,6.0,1.0,0.0
16,3526,NWMT,NG,6.0,1.0,0.0
16,3527,NWMT,NG,6.0,1.0,0.0
16,3528,NWMT,NG,6.0,1.0,0.0
16,3529,NWMT,NG,6.0,1.0,0.0
16,3530,NWMT,NG,6.0,1.0,0.0
16,3617,PACE,GEO,26.1,1.0,0.0
16,3618,PACE,GEO,12.0,1.0,0.0
16,3612,PACE,NG,17.0,1.0,0.0
16,3613,PACE,NG,17.0,1.0,0.0
16,3614,PACE,NG,17.0,1.0,0.0
16,3639,PACE,NG,16.106,1.0,0.0
16,3640,PACE,NG,16.106,1.0,0.0
16,3641,PACE,NG,16.2,1.0,0.0
16,3718,PACE,NG,13.5,1.0,0.0
16,3719,PACE,NG,13.5,1.0,0.0
16,6466,PACE,NG,529.7,1.0,0.0
16,7491,PACE,NG,628.1,1.0,0.0
16,7494,PACE,NG,538.0,1.0,0.0
16,14694,PACE,NG,1.0,1.0,0.0
16,15930,PACE,NG,420.7,1.0,0.0
16,15987,PACE,NG,408.6,1.0,0.0
16,15988,PACE,NG,182.7,1.0,0.0
16,15989,PACE,NG,185.4,1.0,0.0
16,15990,PACE,NG,469.8,1.0,0.0
16,1889,PACW,BIO,7.5,1.0,0.0
16,8587,PACW,BIO,10.0,1.0,0.0
16,11098,PACW,BIO,10.0,1.0,0.0
16,2106,PACW,NG,29.39,1.0,0.0
16,2107,PACW,NG,29.39,1.0,0.0
16,7432,PACW,NG,540.0,1.0,0.0
16,9960,PACW,NG,279.56,1.0,0.0
16,9961,PACW,NG,279.56,1.0,0.0
16,15985,PACW,NG,178.5,1.0,0.0
16,15986,PACW,NG,323.0,1.0,0.0
16,2346,PGE,BIO,10.0,1.0,0.0
16,2363,PGE,NG,24.5,1.0,0.0
16,5829,PGE,NG,476.698,1.0,0.0
16,9847,PGE,NG,296.0,1.0,0.0
16,10103,PGE,NG,483.3,1.0,0.0
16,10104,PGE,NG,18.8,1.0,0.0
16,10105,PGE,NG,18.8,1.0,0.0
16,10106,PGE,NG,18.8,1.0,0.0
16,10107,PGE,NG,18.8,1.0,0.0
16,10108,PGE,NG,18.8,1.0,0.0
16,10109,PGE,NG,18.8,1.0,0.0
16,10110,PGE,NG,18.8,1.0,0.0
16,10111,PGE,NG,18.8,1.0,0.0
16,10112,PGE,NG,18.8,1.0,0.0
16,10113,PGE,NG,18.8,1.0,0.0
16,10114,PGE,NG,18.8,1.0,0.0
16,10115,PGE,NG,18.8,1.0,0.0
16,15905,PGE,NG,292.36,1.0,0.0
16,6353,PNM,BIO,0.8,1.0,0.0
16,6354,PNM,BIO,0.8,1.0,0.0
16,6355,PNM,BIO,0.8,1.0,0.0
16,6356,PNM,BIO,0.8,1.0,0.0
16,6357,PNM,BIO,0.8,1.0,0.0
16,6358,PNM,BIO,0.8,1.0,0.0
16,6359,PNM,BIO,0.8,1.0,0.0
16,6360,PNM,BIO,0.8,1.0,0.0
16,6483,PNM,BIO,4.5,1.0,0.0
16,6741,PNM,BIO,1.0,1.0,0.0
16,6752,PNM,BIO,1.6,1.0,0.0
16,6753,PNM,BIO,1.6,1.0,0.0
16,6754,PNM,BIO,1.6,1.0,0.0
16,7634,PNM,BIO,0.335,1.0,0.0
16,8319,PNM,BIO,3.0,1.0,0.0
16,8320,PNM,BIO,7.5,1.0,0.0
16,8517,PNM,BIO,0.8,1.0,0.0
16,8518,PNM,BIO,0.8,1.0,0.0
16,8519,PNM,BIO,0.8,1.0,0.0
16,8520,PNM,BIO,0.8,1.0,0.0
16,8521,PNM,BIO,0.8,1.0,0.0
16,8522,PNM,BIO,0.8,1.0,0.0
16,10202,PNM,BIO,8.0,1.0,0.0
16,11101,PNM,BIO,11.5,1.0,0.0
16,11102,PNM,BIO,11.5,1.0,0.0
16,13110,PNM,BIO,19.8,1.0,0.0
16,13265,PNM,GEO,4.0,1.0,0.0
16,6828,PNM,NG,11.4,1.0,0.0
16,11104,PNM,NG,11.4,1.0,0.0
16,11105,PNM,NG,11.4,1.0,0.0
16,11106,PNM,NG,11.4,1.0,0.0
16,13240,PNM,NG,596.0,1.0,0.0
16,13243,PNM,NG,287.93,1.0,0.0
16,13503,PNM,NG,67.2,1.0,0.0
16,16004,PNM,NG,497.26,1.0,0.0
16,13785,PSCO,NG,602.0,1.0,0.0
16,13807,PSCO,NG,582.51,1.0,0.0
16,13813,PSCO,NG,396.9,1.0,0.0
16,13816,PSCO,NG,127.0,1.0,0.0
16,13869,PSCO,NG,622.0,1.0,0.0
16,13899,PSCO,NG,100.0,1.0,1.0
16,15920,PSCO,NG,370.6,1.0,0.0
16,15945,PSCO,NG,517.69,1.0,0.0
16,16046,PSCO,NG,510.0,1.0,0.0
16,2398,PSEI,BIO,28.3,1.0,0.0
16,2399,PSEI,NG,71.2,1.0,0.0
16,2400,PSEI,NG,71.2,1.0,0.0
16,2401,PSEI,NG,143.4,1.0,0.0
16,2402,PSEI,NG,143.4,1.0,0.0
16,2404,PSEI,NG,94.0,1.0,0.0
16,4995,PSEI,NG,94.0,1.0,0.0
16,4996,PSEI,NG,94.0,1.0,0.0
16,6692,PSEI,NG,193.8,1.0,0.0
16,6749,PSEI,NG,253.44,1.0,0.0
16,7707,PSEI,NG,167.04,1.0,0.0
16,7855,PSEI,NG,319.9,1.0,0.0
16,9197,PSEI,NG,145.1,1.0,0.0
16,13338,SRP,NG,591.1,1.0,0.0
16,13370,SRP,NG,277.0,1.0,0.0
16,13375,SRP,NG,589.5,1.0,0.0
16,15937,SRP,NG,459.0,1.0,0.0
16,16050,SRP,NG,456.0,1.0,0.0
16,14041,TIDC,NG,76.93,1.0,0.0
16,14107,TIDC,NG,18.5,1.0,0.0
16,14108,TIDC,NG,286.0,1.0,0.0
16,16068,TIDC,NG,241.9,1.0,0.0
16,1990,TPWR,BIO,64.0,1.0,0.0
16,10145,TPWR,BIO,26.0,1.0,0.0
16,13976,WACM,NG,491.0,1.0,0.0
16,13986,WACM,NG,100.0,1.0,0.0
16,13987,WACM,NG,40.0,1.0,1.0
16,15948,WACM,NG,400.4,1.0,0.0
16,15949,WACM,NG,153.9,1.0,0.0
16,13494,WALC,NG,590.7999999999997,1.0,0.0
16,13495,WALC,NG,550.0,1.0,0.0
16,15962,WALC,NG,478.4,1.0,0.0
16,16056,WALC,NG,336.0,1.0,0.0
16,16057,WALC,NG,336.0,1.0,0.0
16,1115,CISO,NG,267.0,1.0,0.0
16,1116,CISO,NG,266.0,1.0,0.0
16,1117,CISO,NG,266.0,1.0,0.0
16,1118,CISO,NG,267.0,1.0,0.0
16,1405,CISO,NG,3.105,1.0,0.0
16,1445,CISO,NG,56.2,1.0,0.0
16,1447,CISO,NG,21.384,1.0,0.0
16,1448,CISO,NG,21.384,1.0,0.0
16,1449,CISO,NG,21.384,1.0,0.0
16,9895,CISO,NG,83.24667,1.0,0.0
16,9896,CISO,NG,41.62333,1.0,0.0
16,10214,CISO,NG,625.0,1.0,0.0
16,15255,CISO,NG,322.0,1.0,0.0
16,15908,CISO,NG,493.63,1.0,0.0
16,15939,CISO,NG,247.29,1.0,0.0
16,15940,CISO,NG,247.29,1.0,0.0
16,15943,CISO,NG,275.85,1.0,0.0
16,15944,CISO,NG,275.85,1.0,0.0
16,15975,CISO,NG,166.667,1.0,0.0
16,15978,CISO,NG,336.9,1.0,0.0
16,16018,CISO,NG,277.5,1.0,0.0
16,16019,CISO,NG,277.5,1.0,0.0
16,16020,CISO,NG,277.5,1.0,0.0
16,16021,CISO,NG,277.5,1.0,0.0
16,16032,CISO,NG,145.0,1.0,0.0
16,16033,CISO,NG,145.0,1.0,0.0
16,16034,CISO,NG,266.49,1.0,0.0
16,16035,CISO,NG,266.49,1.0,0.0
16,16058,CISO,NG,293.01,1.0,0.0
16,16059,CISO,NG,293.01,1.0,0.0
16,13304,SRP,NUCLEAR,1372.2,1.0,0.0
16,13305,SRP,NUCLEAR,1375.05,1.0,0.0
16,13306,SRP,NUCLEAR,1373.15,1.0,0.0
16,15322,AZPS,NG,174.0,1.0,0.0
16,15323,AZPS,NG,174.0,1.0,0.0
16,15324,AZPS,NG,174.0,1.0,0.0
16,15325,AZPS,NG,174.0,1.0,0.0
16,15326,AZPS,NG,174.0,1.0,0.0
16,15327,AZPS,NG,174.0,1.0,0.0
16,14088,BANC,NG,81.0,1.0,0.0
16,17031,LDWP,NG,10.0,1.0,0.0
16,13614,LDWP,NG,110.0,1.0,0.0
16,17212,LDWP,NG,398.0,1.0,0.0
16,17210,LDWP,NG,398.0,1.0,0.0
16,13284,TEPC,NG,550.0,1.0,0.0
16,13403,TEPC,NG,540.0,1.0,0.0
16,13404,TEPC,NG,540.0,1.0,0.0
16,13295,AZPS,COAL,818.1,1.0,0.0
16,3504,IPCO,COAL,307.0,1.0,0.0
16,3505,IPCO,COAL,307.0,1.0,0.0
16,3694,IPCO,COAL,50.0,1.0,0.0
16,3695,IPCO,COAL,25.0,1.0,0.0
16,3696,IPCO,COAL,25.0,1.0,0.0
16,3582,NEVP,COAL,268.0,1.0,0.0
16,3583,NEVP,COAL,254.0,1.0,0.0
16,3507,NWMT,COAL,740.0001,1.0,0.0
16,3506,NWMT,COAL,740.0,1.0,0.0
16,3497,NWMT,COAL,135.0,1.0,0.0
16,3510,NWMT,COAL,64.0,1.0,0.0
16,3391,PACE,COAL,584.0,1.0,0.0
16,3461,PACE,COAL,577.9,1.0,0.0
16,3463,PACE,COAL,531.0,1.0,0.0
16,3462,PACE,COAL,527.0,1.0,0.0
16,3656,PACE,COAL,517.5,1.0,0.0
16,3619,PACE,COAL,499.5,1.0,0.0
16,3655,PACE,COAL,498.0,1.0,0.0
16,3638,PACE,COAL,495.6,1.0,0.0
16,3637,PACE,COAL,488.3,1.0,0.0
16,3636,PACE,COAL,488.3,1.0,0.0
16,3698,PACE,COAL,362.1,1.0,0.0
16,3635,PACE,COAL,360.0,1.0,0.0
16,3634,PACE,COAL,229.5,1.0,0.0
16,11093,PACE,COAL,217.6,1.0,0.0
16,13294,PNM,COAL,271.0,1.0,0.0
16,13796,PSCO,COAL,552.28,1.0,0.0
16,13888,PSCO,COAL,467.261,1.0,0.0
16,14002,PSCO,COAL,428.0,1.0,0.0
16,14129,PSCO,COAL,380.8,1.0,0.0
16,13787,PSCO,COAL,335.0,1.0,0.0
16,13786,PSCO,COAL,325.0,1.0,0.0
16,13960,PSCO,COAL,49.65,1.0,0.0
16,13386,SRP,COAL,750.0,1.0,0.0
16,13387,SRP,COAL,750.0,1.0,0.0
16,13388,SRP,COAL,750.0,1.0,0.0
16,13385,SRP,COAL,382.0,1.0,0.0
16,13384,SRP,COAL,380.0,1.0,0.0
16,13389,TEPC,COAL,424.8,1.0,0.0
16,4029,WACM,COAL,621.0,1.0,0.0
16,4030,WACM,COAL,621.0,1.0,0.0
16,14004,WACM,COAL,448.0,1.0,0.0
16,14003,WACM,COAL,428.0,1.0,0.0
16,14001,WACM,COAL,405.0,1.0,0.0
16,14009,WACM,COAL,275.4,1.0,0.0
16,13958,WACM,COAL,207.0,1.0,0.0
16,14008,WACM,COAL,190.0,1.0,0.0
16,13962,WACM,COAL,141.031,1.0,0.0
16,13983,WACM,COAL,116.2,1.0,0.0
16,13982,WACM,COAL,95.0,1.0,0.0
16,13981,WACM,COAL,88.0,1.0,0.0
16,13961,WACM,COAL,83.19,1.0,0.0
16,13943,WACM,COAL,80.0,1.0,0.0
16,13422,WALC,COAL,204.0,1.0,0.0
17,3049,AESO,BIO,18.0,1.0,0.0
17,3243,AESO,BIO,22.335,1.0,0.0
17,3284,AESO,BIO,25.0,1.0,0.0
17,3292,AESO,BIO,11.6,1.0,0.0
17,3343,AESO,BIO,18.0,1.0,0.0
17,3384,AESO,BIO,41.0,1.0,0.0
17,3385,AESO,BIO,41.0,1.0,0.0
17,3386,AESO,BIO,17.0,1.0,0.0
17,3387,AESO,BIO,32.0,1.0,0.0
17,9565,AESO,BIO,20.0,1.0,0.0
17,9566,AESO,BIO,30.0,1.0,0.0
17,9592,AESO,BIO,48.0,1.0,0.0
17,13106,AESO,BIO,43.0,1.0,0.0
17,3218,AESO,NG,407.0,1.0,0.0
17,3219,AESO,NG,148.0,1.0,0.0
17,3220,AESO,NG,148.0,1.0,0.0
17,3221,AESO,NG,408.0,1.0,0.0
17,3222,AESO,NG,408.0,1.0,0.0
17,3238,AESO,NG,151.0,1.0,0.0
17,9198,AESO,NG,280.0,1.0,0.0
17,3017,AESO,NG,101.0,1.0,0.0
17,3041,AESO,NG,2.2,1.0,0.0
17,3042,AESO,NG,2.2,1.0,0.0
17,3043,AESO,NG,2.2,1.0,0.0
17,3044,AESO,NG,2.2,1.0,0.0
17,3047,AESO,NG,105.0,1.0,0.0
17,3072,AESO,NG,101.0,1.0,0.0
17,3096,AESO,NG,5.4,1.0,0.0
17,3126,AESO,NG,46.0,1.0,0.0
17,3139,AESO,NG,5.0,1.0,0.0
17,3190,AESO,NG,48.0,1.0,0.0
17,3217,AESO,NG,48.0,1.0,0.0
17,3232,AESO,NG,101.0,1.0,0.0
17,3235,AESO,NG,50.0,1.0,0.0
17,3242,AESO,NG,18.0,1.0,0.0
17,3244,AESO,NG,50.0,1.0,0.0
17,3245,AESO,NG,47.0,1.0,0.0
17,3249,AESO,NG,36.5,1.0,0.0
17,3250,AESO,NG,36.5,1.0,0.0
17,3254,AESO,NG,101.0,1.0,0.0
17,3259,AESO,NG,40.0,1.0,0.0
17,3261,AESO,NG,25.0,1.0,0.0
17,3262,AESO,NG,30.0,1.0,0.0
17,3263,AESO,NG,35.0,1.0,0.0
17,3264,AESO,NG,30.0,1.0,0.0
17,3357,AESO,NG,3.0,1.0,0.0
17,3358,AESO,NG,3.0,1.0,0.0
17,3359,AESO,NG,4.9,1.0,0.0
17,3370,AESO,NG,47.5,1.0,0.0
17,5241,AESO,NG,48.0,1.0,0.0
17,5274,AESO,NG,48.0,1.0,0.0
17,5302,AESO,NG,48.0,1.0,0.0
17,5802,AESO,NG,120.0,1.0,0.0
17,6087,AESO,NG,330.0,1.0,0.0
17,6150,AESO,NG,120.0,1.0,0.0
17,6611,AESO,NG,128.0,1.0,0.0
17,7724,AESO,NG,15.5,1.0,0.0
17,7725,AESO,NG,6.0,1.0,0.0
17,7727,AESO,NG,8.0,1.0,0.0
17,7851,AESO,NG,3.0,1.0,0.0
17,7852,AESO,NG,2.0,1.0,0.0
17,8055,AESO,NG,16.0,1.0,0.0
17,8417,AESO,NG,141.0,1.0,0.0
17,8781,AESO,NG,3.0,1.0,0.0
17,8782,AESO,NG,3.5,1.0,0.0
17,8783,AESO,NG,3.0,1.0,0.0
17,10169,AESO,NG,195.0,1.0,0.0
17,10179,AESO,NG,870.0,1.0,0.0
17,13123,AESO,NG,6.3,1.0,0.0
17,13124,AESO,NG,6.3,1.0,0.0
17,13127,AESO,NG,10.0,1.0,0.0
17,13133,AESO,NG,20.0,1.0,0.0
17,13136,AESO,NG,16.5,1.0,0.0
17,13137,AESO,NG,10.0,1.0,0.0
17,14585,AESO,NG,15.0,1.0,0.0
17,14586,AESO,NG,15.0,1.0,0.0
17,14605,AESO,NG,199.0,1.0,0.0
17,14624,AESO,NG,45.0,1.0,0.0
17,14625,AESO,NG,45.0,1.0,0.0
17,14644,AESO,NG,45.0,1.0,0.0
17,14662,AESO,NG,45.0,1.0,0.0
17,15659,AESO,NG,395.0,1.0,0.0
17,15660,AESO,NG,411.0,1.0,0.0
17,15661,AESO,NG,406.0,1.0,0.0
17,15662,AESO,NG,406.0,1.0,0.0
17,15663,AESO,NG,353.0,1.0,0.0
17,15667,AESO,NG,401.0,1.0,0.0
17,16052,AESO,NG,605.2,1.0,0.0
17,16053,AESO,NG,262.8,1.0,0.0
17,2167,AVA,BIO,50.69999999999909,1.0,0.0
17,2190,AVA,BIO,6.2,1.0,0.0
17,2200,AVA,BIO,26.0,1.0,0.0
17,2206,AVA,BIO,28.8,1.0,0.0
17,2207,AVA,BIO,65.0,1.0,0.0
17,2168,AVA,NG,7.2,1.0,0.0
17,2198,AVA,NG,83.3,1.0,0.0
17,2199,AVA,NG,83.3,1.0,0.0
17,2210,AVA,NG,4.1,1.0,0.0
17,2211,AVA,NG,4.1,1.0,0.0
17,2212,AVA,NG,4.1,1.0,0.0
17,2213,AVA,NG,4.1,1.0,0.0
17,2214,AVA,NG,4.1,1.0,0.0
17,2215,AVA,NG,4.1,1.0,0.0
17,8427,AVA,NG,301.49,1.0,0.0
17,9848,AVA,NG,287.0,1.0,0.0
17,14033,AZPS,BIO,28.0,1.0,0.0
17,16040,AZPS,NG,252.4,1.0,0.0
17,16041,AZPS,NG,252.4,1.0,0.0
17,16042,AZPS,NG,252.4,1.0,0.0
17,16043,AZPS,NG,252.4,1.0,0.0
17,16070,AZPS,NG,136.428,1.0,0.0
17,13687,BANC,BIO,3.5,1.0,0.0
17,13688,BANC,BIO,3.5,1.0,0.0
17,13689,BANC,BIO,3.5,1.0,0.0
17,13690,BANC,BIO,3.5,1.0,0.0
17,13691,BANC,BIO,3.5,1.0,0.0
17,13701,BANC,NG,66.5,1.0,0.0
17,13703,BANC,NG,62.0,1.0,0.0
17,13708,BANC,NG,23.5499877000002,1.0,0.0
17,14110,BANC,NG,83.0,1.0,0.0
17,14117,BANC,NG,84.2,1.0,0.0
17,15928,BANC,NG,265.0,1.0,0.0
17,15929,BANC,NG,265.0,1.0,0.0
17,16044,BANC,NG,59.5,1.0,0.0
17,16045,BANC,NG,59.5,1.0,0.0
17,16060,BANC,NG,274.5,1.0,0.0
17,16061,BANC,NG,274.5,1.0,0.0
17,2516,BCHA,BIO,66.0,1.0,0.0
17,2581,BCHA,BIO,16.39,1.0,0.0
17,2634,BCHA,BIO,20.39,1.0,0.0
17,2644,BCHA,BIO,24.75,1.0,0.0
17,2645,BCHA,BIO,1.667,1.0,0.0
17,2646,BCHA,BIO,1.667,1.0,0.0
17,2647,BCHA,BIO,1.667,1.0,0.0
17,2648,BCHA,BIO,1.851,1.0,0.0
17,2691,BCHA,BIO,32.0,1.0,0.0
17,2744,BCHA,BIO,16.0,1.0,0.0
17,2745,BCHA,BIO,28.0,1.0,0.0
17,2746,BCHA,BIO,32.0,1.0,0.0
17,2766,BCHA,BIO,7.5,1.0,0.0
17,2990,BCHA,BIO,52.29,1.0,0.0
17,2991,BCHA,BIO,48.0,1.0,0.0
17,6066,BCHA,BIO,4.8,1.0,0.0
17,6104,BCHA,BIO,36.0,1.0,0.0
17,6121,BCHA,BIO,32.7,1.0,0.0
17,6122,BCHA,BIO,28.69,1.0,0.0
17,6155,BCHA,BIO,1.26,1.0,0.0
17,6833,BCHA,BIO,1.03,1.0,0.0
17,7014,BCHA,BIO,0.34,1.0,0.0
17,7068,BCHA,BIO,55.0,1.0,0.0
17,7171,BCHA,BIO,62.5,1.0,0.0
17,7172,BCHA,BIO,50.0,1.0,0.0
17,8349,BCHA,BIO,38.0,1.0,0.0
17,11890,BCHA,BIO,1.0,1.0,0.0
17,11891,BCHA,BIO,1.0,1.0,0.0
17,15470,BCHA,BIO,28.0,1.0,0.0
17,15471,BCHA,BIO,16.0,1.0,0.0
17,15664,BCHA,BIO,38.7,1.0,0.0
17,10736,BCHA,GEO,107.0,1.0,0.0
17,2517,BCHA,NG,55.0,1.0,0.0
17,2518,BCHA,NG,55.0,1.0,0.0
17,2589,BCHA,NG,23.0,1.0,0.0
17,2590,BCHA,NG,23.0,1.0,0.0
17,3040,AESO,NG,2.4,1.0,0.0
17,3247,AESO,NG,40.0,1.0,0.0
17,3248,AESO,NG,30.0,1.0,0.0
17,5051,BCHA,NG,290.0,1.0,0.0
17,6625,AESO,NG,25.0,1.0,0.0
17,6755,AESO,NG,101.0,1.0,0.0
17,7003,AESO,NG,93.0,1.0,0.0
17,7541,AESO,NG,125.53699330997927,1.0,0.0
17,7726,AESO,NG,4.1,1.0,0.0
17,8260,AESO,NG,46.0,1.0,0.0
17,8632,AESO,NG,5.5,1.0,0.0
17,9134,AESO,NG,20.0,1.0,0.0
17,9218,AESO,NG,75.0,1.0,0.0
17,9219,AESO,NG,344.0,1.0,0.0
17,9329,AESO,NG,85.0,1.0,0.0
17,11725,AESO,NG,1.6,1.0,0.0
17,11726,AESO,NG,1.6,1.0,0.0
17,11841,AESO,NG,2.9,1.0,0.0
17,11842,AESO,NG,2.9,1.0,0.0
17,11914,AESO,NG,17.0,1.0,0.0
17,11915,AESO,NG,3.0,1.0,0.0
17,11916,AESO,NG,2.0,1.0,0.0
17,13122,AESO,NG,6.5,1.0,0.0
17,13128,AESO,NG,15.0,1.0,0.0
17,13129,AESO,NG,15.0,1.0,0.0
17,13134,AESO,NG,3.1,1.0,0.0
17,13135,AESO,NG,3.1,1.0,0.0
17,14834,AESO,NG,150.81,1.0,0.0
17,15656,AESO,NG,408.0,1.0,0.0
17,15657,AESO,NG,418.5,1.0,0.0
17,15658,AESO,NG,430.0,1.0,0.0
17,15674,AESO,NG,10.0,1.0,0.0
17,15675,AESO,NG,2.9,1.0,0.0
17,15676,AESO,NG,2.3,1.0,0.0
17,15677,AESO,NG,7.0,1.0,0.0
17,1972,BPAT,BIO,40.0,1.0,0.0
17,2051,BPAT,BIO,18.0,1.0,0.0
17,2076,BPAT,BIO,14.7,1.0,0.0
17,2077,BPAT,BIO,20.0,1.0,0.0
17,2078,BPAT,BIO,25.0,1.0,0.0
17,2079,BPAT,BIO,12.25,1.0,0.0
17,6343,BPAT,BIO,0.8,1.0,0.0
17,6344,BPAT,BIO,0.8,1.0,0.0
17,6345,BPAT,BIO,1.5,1.0,0.0
17,6346,BPAT,BIO,1.5,1.0,0.0
17,9593,BPAT,BIO,5.0,1.0,0.0
17,9595,BPAT,BIO,31.28,1.0,0.0
17,13116,BPAT,BIO,12.5,1.0,0.0
17,14182,BPAT,BIO,17.2,1.0,0.0
17,14186,BPAT,BIO,37.2,1.0,0.0
17,14572,BPAT,BIO,36.0,1.0,0.0
17,2063,BPAT,NG,265.0,1.0,0.0
17,2105,BPAT,NG,31.0,1.0,0.0
17,6835,BPAT,NG,269.2,1.0,0.0
17,14571,BPAT,NG,9.9,1.0,0.0
17,2491,BPAT,NUCLEAR,1186.0,1.0,0.0
17,437,CENACE,GEO,25.0,1.0,0.0
17,438,CENACE,GEO,25.0,1.0,0.0
17,439,CENACE,GEO,25.0,1.0,0.0
17,440,CENACE,GEO,25.0,1.0,0.0
17,441,CENACE,GEO,30.0,1.0,0.0
17,446,CENACE,GEO,110.0,1.0,0.0
17,447,CENACE,GEO,110.0,1.0,0.0
17,448,CENACE,GEO,110.0,1.0,0.0
17,457,CENACE,GEO,110.0,1.0,0.0
17,8227,CENACE,NG,277.0,1.0,0.0
17,14839,CENACE,NG,248.0,1.0,0.0
17,15254,CENACE,NG,793.0,1.0,0.0
17,15341,CENACE,NG,1.0,1.0,0.0
17,15991,CENACE,NG,165.0,1.0,0.0
17,15992,CENACE,NG,165.0,1.0,0.0
17,15993,CENACE,NG,405.0,1.0,0.0
17,548,CISO,BIO,2.999999999992724,1.0,0.0
17,549,CISO,BIO,0.95,1.0,0.0
17,550,CISO,BIO,5.0,1.0,0.0
17,551,CISO,BIO,3.0,1.0,0.0
17,555,CISO,BIO,2.9,1.0,0.0
17,570,CISO,BIO,1.88,1.0,0.0
17,572,CISO,BIO,1.88,1.0,0.0
17,629,CISO,BIO,47.0,1.0,0.0
17,633,CISO,BIO,34.0,1.0,0.0
17,795,CISO,BIO,9.708,1.0,0.0
17,836,CISO,BIO,1.3,1.0,0.0
17,1008,CISO,BIO,1.88,1.0,0.0
17,1156,CISO,BIO,10.5,1.0,0.0
17,1168,CISO,BIO,10.8,1.0,0.0
17,1187,CISO,BIO,24.48,1.0,0.0
17,1188,CISO,BIO,6.6,1.0,0.0
17,1300,CISO,BIO,12.0,1.0,0.0
17,1331,CISO,BIO,57.43,1.0,0.0
17,1392,CISO,BIO,24.2,1.0,0.0
17,1398,CISO,BIO,2.57,1.0,0.0
17,1399,CISO,BIO,2.57,1.0,0.0
17,1400,CISO,BIO,2.57,1.0,0.0
17,1401,CISO,BIO,2.57,1.0,0.0
17,1402,CISO,BIO,2.57,1.0,0.0
17,1403,CISO,BIO,2.57,1.0,0.0
17,1404,CISO,BIO,2.57,1.0,0.0
17,1413,CISO,BIO,10.0,1.0,0.0
17,1589,CISO,BIO,8.6,1.0,0.0
17,1590,CISO,BIO,5.7,1.0,0.0
17,1634,CISO,BIO,6.9,1.0,0.0
17,1635,CISO,BIO,12.5,1.0,0.0
17,1636,CISO,BIO,12.5,1.0,0.0
17,1637,CISO,BIO,12.5,1.0,0.0
17,1768,CISO,BIO,22.0,1.0,0.0
17,1774,CISO,BIO,13.1,1.0,0.0
17,1794,CISO,BIO,12.6,1.0,0.0
17,1838,CISO,BIO,17.2,1.0,0.0
17,5728,CISO,BIO,1.25,1.0,0.0
17,5729,CISO,BIO,1.25,1.0,0.0
17,5809,CISO,BIO,3.0,1.0,0.0
17,5865,CISO,BIO,0.75,1.0,0.0
17,5866,CISO,BIO,0.75,1.0,0.0
17,5872,CISO,BIO,14.4,1.0,0.0
17,5899,CISO,BIO,4.0,1.0,0.0
17,5900,CISO,BIO,3.7,1.0,0.0
17,5901,CISO,BIO,0.3,1.0,0.0
17,5999,CISO,BIO,37.828,1.0,0.0
17,6045,CISO,BIO,9.8,1.0,0.0
17,6069,CISO,BIO,4.6,1.0,0.0
17,6070,CISO,BIO,4.6,1.0,0.0
17,6071,CISO,BIO,4.6,1.0,0.0
17,6116,CISO,BIO,1.1,1.0,0.0
17,6117,CISO,BIO,1.1,1.0,0.0
17,6349,CISO,BIO,1.5,1.0,0.0
17,6352,CISO,BIO,1.2,1.0,0.0
17,6492,CISO,BIO,24.5,1.0,0.0
17,6601,CISO,BIO,1.5,1.0,0.0
17,6602,CISO,BIO,1.5,1.0,0.0
17,6603,CISO,BIO,1.5,1.0,0.0
17,6651,CISO,BIO,1.35,1.0,0.0
17,6652,CISO,BIO,1.35,1.0,0.0
17,6653,CISO,BIO,1.35,1.0,0.0
17,6756,CISO,BIO,0.7,1.0,0.0
17,7146,CISO,BIO,0.2,1.0,0.0
17,7147,CISO,BIO,0.2,1.0,0.0
17,7373,CISO,BIO,4.4,1.0,0.0
17,7374,CISO,BIO,3.0,1.0,0.0
17,7556,CISO,BIO,0.8,1.0,0.0
17,7557,CISO,BIO,0.8,1.0,0.0
17,7558,CISO,BIO,0.8,1.0,0.0
17,7559,CISO,BIO,0.8,1.0,0.0
17,7560,CISO,BIO,0.8,1.0,0.0
17,7561,CISO,BIO,0.8,1.0,0.0
17,7780,CISO,BIO,2.9,1.0,0.0
17,7816,CISO,BIO,1.3,1.0,0.0
17,7840,CISO,BIO,1.25,1.0,0.0
17,7841,CISO,BIO,1.25,1.0,0.0
17,7860,CISO,BIO,3.0,1.0,0.0
17,7861,CISO,BIO,3.0,1.0,0.0
17,7862,CISO,BIO,1.6,1.0,0.0
17,7868,CISO,BIO,1.95,1.0,0.0
17,7869,CISO,BIO,4.9,1.0,0.0
17,8080,CISO,BIO,7.14,1.0,0.0
17,8084,CISO,BIO,1.88,1.0,0.0
17,8085,CISO,BIO,1.88,1.0,0.0
17,8162,CISO,BIO,1.6,1.0,0.0
17,8163,CISO,BIO,2.7,1.0,0.0
17,8311,CISO,BIO,0.46,1.0,0.0
17,8312,CISO,BIO,2.29,1.0,0.0
17,8313,CISO,BIO,2.2,1.0,0.0
17,8371,CISO,BIO,3.0,1.0,0.0
17,8403,CISO,BIO,2.8,1.0,0.0
17,8404,CISO,BIO,3.3,1.0,0.0
17,8405,CISO,BIO,3.3,1.0,0.0
17,8406,CISO,BIO,3.3,1.0,0.0
17,8434,CISO,BIO,1.2,1.0,0.0
17,8682,CISO,BIO,3.0,1.0,0.0
17,8685,CISO,BIO,11.16,1.0,0.0
17,8811,CISO,BIO,1.3,1.0,0.0
17,8812,CISO,BIO,1.3,1.0,0.0
17,9227,CISO,BIO,3.0,1.0,0.0
17,9228,CISO,BIO,1.2,1.0,0.0
17,9229,CISO,BIO,1.2,1.0,0.0
17,9242,CISO,BIO,3.05,1.0,0.0
17,9322,CISO,BIO,2.8,1.0,0.0
17,9337,CISO,BIO,1.8,1.0,0.0
17,9338,CISO,BIO,1.8,1.0,0.0
17,9399,CISO,BIO,1.2,1.0,0.0
17,9723,CISO,BIO,0.5,1.0,0.0
17,10025,CISO,BIO,1.6,1.0,0.0
17,10026,CISO,BIO,1.0,1.0,0.0
17,10027,CISO,BIO,1.0,1.0,0.0
17,10028,CISO,BIO,1.4,1.0,0.0
17,11103,CISO,BIO,28.24,1.0,0.0
17,11120,CISO,BIO,50.0,1.0,0.0
17,11138,CISO,BIO,5.0,1.0,0.0
17,12396,CISO,BIO,1.0,1.0,0.0
17,12397,CISO,BIO,0.4,1.0,0.0
17,12837,CISO,BIO,1.5,1.0,0.0
17,13104,CISO,BIO,50.0,1.0,0.0
17,13107,CISO,BIO,25.0,1.0,0.0
17,14499,CISO,BIO,26.5,1.0,0.0
17,14833,CISO,BIO,18.13,1.0,0.0
17,14884,CISO,BIO,1.2,1.0,0.0
17,14896,CISO,BIO,5.0,1.0,0.0
17,15377,CISO,BIO,12.0,1.0,0.0
17,15432,CISO,BIO,32.0,1.0,0.0
17,15783,CISO,BIO,4.7,1.0,0.0
17,15794,CISO,BIO,28.5,1.0,0.0
17,15797,CISO,BIO,24.0,1.0,0.0
17,15798,CISO,BIO,24.0,1.0,0.0
17,442,CISO,GEO,35.7,1.0,0.0
17,443,CISO,GEO,35.7,1.0,0.0
17,444,CISO,GEO,35.7,1.0,0.0
17,445,CISO,GEO,35.7,1.0,0.0
17,656,CISO,GEO,26.66667,1.0,0.0
17,657,CISO,GEO,26.66667,1.0,0.0
17,658,CISO,GEO,26.66667,1.0,0.0
17,663,CISO,GEO,16.0,1.0,0.0
17,664,CISO,GEO,16.0,1.0,0.0
17,665,CISO,GEO,16.0,1.0,0.0
17,1005,CISO,GEO,30.0,1.0,0.0
17,1006,CISO,GEO,30.0,1.0,0.0
17,1007,CISO,GEO,30.0,1.0,0.0
17,1265,CISO,GEO,1.5,1.0,0.0
17,1266,CISO,GEO,1.5,1.0,0.0
17,1597,CISO,GEO,11.0,1.0,0.0
17,1598,CISO,GEO,11.0,1.0,0.0
17,1602,CISO,GEO,47.0,1.0,0.0
17,1603,CISO,GEO,50.0,1.0,0.0
17,1604,CISO,GEO,72.0,1.0,0.0
17,1605,CISO,GEO,75.5,1.0,0.0
17,1606,CISO,GEO,27.5,1.0,0.0
17,1607,CISO,GEO,63.0,1.0,0.0
17,1608,CISO,GEO,70.0,1.0,0.0
17,1609,CISO,GEO,73.0,1.0,0.0
17,1610,CISO,GEO,57.0,1.0,0.0
17,1611,CISO,GEO,86.8,1.0,0.0
17,1612,CISO,GEO,47.9,1.0,0.0
17,1613,CISO,GEO,47.9,1.0,0.0
17,1614,CISO,GEO,49.215,1.0,0.0
17,1615,CISO,GEO,49.215,1.0,0.0
17,1616,CISO,GEO,12.5,1.0,0.0
17,1617,CISO,GEO,12.5,1.0,0.0
17,1618,CISO,GEO,6.5,1.0,0.0
17,1619,CISO,GEO,6.5,1.0,0.0
17,1620,CISO,GEO,36.0,1.0,0.0
17,1621,CISO,GEO,36.0,1.0,0.0
17,7684,CISO,GEO,20.0,1.0,0.0
17,7942,CISO,GEO,11.0,1.0,0.0
17,7943,CISO,GEO,11.0,1.0,0.0
17,8300,CISO,GEO,5.0,1.0,0.0
17,8301,CISO,GEO,5.0,1.0,0.0
17,8302,CISO,GEO,5.0,1.0,0.0
17,11122,CISO,GEO,78.0,1.0,0.0
17,13026,CISO,GEO,14.0,1.0,0.0
17,13102,CISO,GEO,51.9,1.0,0.0
17,13103,CISO,GEO,51.9,1.0,0.0
17,13105,CISO,GEO,59.0,1.0,0.0
17,14055,CISO,GEO,38.85,1.0,0.0
17,14056,CISO,GEO,50.0,1.0,0.0
17,14057,CISO,GEO,42.42,1.0,0.0
17,14058,CISO,GEO,52.73,1.0,0.0
17,14848,CISO,GEO,30.0,1.0,0.0
17,14923,CISO,GEO,38.0,1.0,0.0
17,15381,CISO,GEO,20.0,1.0,0.0
17,1248,CISO,NUCLEAR,1150.0,1.0,0.0
17,1249,CISO,NUCLEAR,1150.0,1.0,0.0
17,13507,IID,BIO,26.999999999999773,1.0,0.0
17,13561,IID,BIO,21.0,1.0,0.0
17,13509,IID,GEO,53.0,1.0,0.0
17,13510,IID,GEO,8.75,1.0,0.0
17,13511,IID,GEO,4.37,1.0,0.0
17,13516,IID,GEO,34.39,1.0,0.0
17,13517,IID,GEO,34.39,1.0,0.0
17,13519,IID,GEO,34.39,1.0,0.0
17,13520,IID,GEO,29.0,1.0,0.0
17,13521,IID,GEO,9.19,1.0,0.0
17,13522,IID,GEO,10.5,1.0,0.0
17,13523,IID,GEO,49.0,1.0,0.0
17,13524,IID,GEO,50.0,1.0,0.0
17,13543,IID,GEO,33.0,1.0,0.0
17,13544,IID,GEO,16.0,1.0,0.0
17,13554,IID,GEO,49.89,1.0,0.0
17,13555,IID,GEO,4.79,1.0,0.0
17,13556,IID,GEO,4.5,1.0,0.0
17,13557,IID,GEO,11.1,1.0,0.0
17,13558,IID,GEO,11.0,1.0,0.0
17,13559,IID,GEO,50.0,1.0,0.0
17,13562,IID,GEO,21.6,1.0,0.0
17,13563,IID,GEO,8.0,1.0,0.0
17,13564,IID,GEO,22.0,1.0,0.0
17,13570,IID,GEO,24.0,1.0,0.0
17,13571,IID,GEO,15.0,1.0,0.0
17,13572,IID,GEO,18.5,1.0,0.0
17,13573,IID,GEO,7.0,1.0,0.0
17,13574,IID,GEO,8.45,1.0,0.0
17,13578,IID,GEO,16.0,1.0,0.0
17,13579,IID,GEO,16.0,1.0,0.0
17,13580,IID,GEO,16.0,1.0,0.0
17,13581,IID,GEO,16.0,1.0,0.0
17,13582,IID,GEO,16.0,1.0,0.0
17,13583,IID,GEO,16.0,1.0,0.0
17,13584,IID,GEO,16.0,1.0,0.0
17,3434,IPCO,BIO,4.999999999999773,1.0,0.0
17,6118,IPCO,BIO,0.8,1.0,0.0
17,6119,IPCO,BIO,0.8,1.0,0.0
17,6120,IPCO,BIO,0.8,1.0,0.0
17,7116,IPCO,BIO,1.6,1.0,0.0
17,7117,IPCO,BIO,1.6,1.0,0.0
17,8549,IPCO,BIO,2.0,1.0,0.0
17,8550,IPCO,BIO,2.0,1.0,0.0
17,10116,IPCO,BIO,7.5,1.0,0.0
17,3400,IPCO,GEO,18.0,1.0,0.0
17,7941,IPCO,GEO,11.0,1.0,0.0
17,3407,IPCO,NG,170.9,1.0,0.0
17,3408,IPCO,NG,172.8,1.0,0.0
17,3410,IPCO,NG,50.0,1.0,0.0
17,7185,IPCO,NG,2.0,1.0,0.0
17,7188,IPCO,NG,2.0,1.0,0.0
17,7189,IPCO,NG,2.0,1.0,0.0
17,7509,IPCO,NG,330.0,1.0,0.0
17,8599,IPCO,NG,10.0,1.0,0.0
17,15899,LDWP,NG,275.0,1.0,0.0
17,15900,LDWP,NG,275.0,1.0,0.0
17,13714,NEVP,GEO,20.0,1.0,0.0
17,13715,NEVP,GEO,60.0,1.0,0.0
17,13716,NEVP,GEO,10.1,1.0,0.0
17,13717,NEVP,GEO,19.2,1.0,0.0
17,13718,NEVP,GEO,11.8,1.0,0.0
17,13719,NEVP,GEO,11.8,1.0,0.0
17,13720,NEVP,GEO,11.8,1.0,0.0
17,13721,NEVP,GEO,11.8,1.0,0.0
17,13724,NEVP,GEO,8.0,1.0,0.0
17,13725,NEVP,GEO,8.0,1.0,0.0
17,13726,NEVP,GEO,8.0,1.0,0.0
17,13727,NEVP,GEO,18.9,1.0,0.0
17,13728,NEVP,GEO,11.3,1.0,0.0
17,13729,NEVP,GEO,11.3,1.0,0.0
17,13730,NEVP,GEO,11.3,1.0,0.0
17,13731,NEVP,GEO,11.3,1.0,0.0
17,13732,NEVP,GEO,11.25,1.0,0.0
17,13733,NEVP,GEO,11.25,1.0,0.0
17,13734,NEVP,GEO,25.0,1.0,0.0
17,13752,NEVP,GEO,15.0,1.0,0.0
17,13753,NEVP,GEO,15.0,1.0,0.0
17,13754,NEVP,GEO,15.0,1.0,0.0
17,13755,NEVP,GEO,15.0,1.0,0.0
17,13756,NEVP,GEO,26.5,1.0,0.0
17,13757,NEVP,GEO,10.0,1.0,0.0
17,13758,NEVP,GEO,10.0,1.0,0.0
17,13759,NEVP,GEO,10.0,1.0,0.0
17,13760,NEVP,GEO,16.5,1.0,0.0
17,13762,NEVP,GEO,25.0,1.0,0.0
17,13763,NEVP,GEO,16.0,1.0,0.0
17,13764,NEVP,GEO,16.0,1.0,0.0
17,13765,NEVP,GEO,21.3,1.0,0.0
17,13766,NEVP,GEO,21.3,1.0,0.0
17,13767,NEVP,GEO,21.3,1.0,0.0
17,13769,NEVP,GEO,20.0,1.0,0.0
17,13770,NEVP,GEO,20.0,1.0,0.0
17,13771,NEVP,GEO,12.0,1.0,0.0
17,13772,NEVP,GEO,11.8,1.0,0.0
17,13774,NEVP,GEO,20.0,1.0,0.0
17,13775,NEVP,GEO,20.0,1.0,0.0
17,13776,NEVP,GEO,12.0,1.0,0.0
17,13427,NEVP,NG,105.0,1.0,0.0
17,13428,NEVP,NG,250.0,1.0,0.0
17,13429,NEVP,NG,250.0,1.0,0.0
17,13430,NEVP,NG,142.5,1.0,0.0
17,13432,NEVP,NG,99.58,1.0,1.0
17,13433,NEVP,NG,96.26,1.0,0.0
17,13434,NEVP,NG,111.26,1.0,0.0
17,13440,NEVP,NG,566.0,1.0,0.0
17,13441,NEVP,NG,735.0,1.0,0.0
17,13442,NEVP,NG,641.4,1.0,0.0
17,13443,NEVP,NG,521.7,1.0,0.0
17,13444,NEVP,NG,585.0,1.0,0.0
17,13445,NEVP,NG,585.0,1.0,0.0
17,13449,NEVP,NG,112.4,1.0,0.0
17,13450,NEVP,NG,112.4,1.0,0.0
17,13712,NEVP,NG,9.36,1.0,0.0
17,13773,NEVP,NG,530.0,1.0,0.0
17,15914,NEVP,NG,403.0,1.0,0.0
17,15916,NEVP,NG,659.6,1.0,0.0
17,15922,NEVP,NG,185.0,1.0,0.0
17,15924,NEVP,NG,185.0,1.0,0.0
17,15966,NEVP,NG,260.85,1.0,0.0
17,15972,NEVP,NG,356.0,1.0,0.0
17,15994,NEVP,NG,60.5,1.0,0.0
17,15995,NEVP,NG,60.5,1.0,0.0
17,15996,NEVP,NG,181.5,1.0,0.0
17,16028,NEVP,NG,367.5,1.0,0.0
17,16029,NEVP,NG,367.5,1.0,0.0
17,16054,NEVP,NG,540.6,1.0,0.0
17,16064,NEVP,NG,624.0,1.0,0.0
17,3476,NWMT,NG,50.0,1.0,0.0
17,3477,NWMT,NG,50.0,1.0,0.0
17,3478,NWMT,NG,50.0,1.0,0.0
17,3522,NWMT,NG,6.0,1.0,0.0
17,3523,NWMT,NG,6.0,1.0,0.0
17,3524,NWMT,NG,6.0,1.0,0.0
17,3525,NWMT,NG,6.0,1.0,0.0
17,3526,NWMT,NG,6.0,1.0,0.0
17,3527,NWMT,NG,6.0,1.0,0.0
17,3528,NWMT,NG,6.0,1.0,0.0
17,3529,NWMT,NG,6.0,1.0,0.0
17,3530,NWMT,NG,6.0,1.0,0.0
17,3617,PACE,GEO,26.1,1.0,0.0
17,3618,PACE,GEO,12.0,1.0,0.0
17,3612,PACE,NG,17.0,1.0,0.0
17,3613,PACE,NG,17.0,1.0,0.0
17,3614,PACE,NG,17.0,1.0,0.0
17,3639,PACE,NG,16.106,1.0,0.0
17,3640,PACE,NG,16.106,1.0,0.0
17,3641,PACE,NG,16.2,1.0,0.0
17,3718,PACE,NG,13.5,1.0,0.0
17,3719,PACE,NG,13.5,1.0,0.0
17,6466,PACE,NG,529.7,1.0,0.0
17,7491,PACE,NG,628.1,1.0,0.0
17,7494,PACE,NG,538.0,1.0,0.0
17,14694,PACE,NG,1.0,1.0,0.0
17,15930,PACE,NG,420.7,1.0,0.0
17,15987,PACE,NG,408.6,1.0,0.0
17,15988,PACE,NG,182.7,1.0,0.0
17,15989,PACE,NG,185.4,1.0,0.0
17,15990,PACE,NG,469.8,1.0,0.0
17,1889,PACW,BIO,7.5,1.0,0.0
17,8587,PACW,BIO,10.0,1.0,0.0
17,11098,PACW,BIO,10.0,1.0,0.0
17,2106,PACW,NG,29.39,1.0,0.0
17,2107,PACW,NG,29.39,1.0,0.0
17,7432,PACW,NG,540.0,1.0,0.0
17,9960,PACW,NG,279.56,1.0,0.0
17,9961,PACW,NG,279.56,1.0,0.0
17,15985,PACW,NG,178.5,1.0,0.0
17,15986,PACW,NG,323.0,1.0,0.0
17,2346,PGE,BIO,10.0,1.0,0.0
17,5829,PGE,NG,476.698,1.0,0.0
17,9847,PGE,NG,296.0,1.0,0.0
17,10103,PGE,NG,483.3,1.0,0.0
17,10104,PGE,NG,18.8,1.0,0.0
17,10105,PGE,NG,18.8,1.0,0.0
17,10106,PGE,NG,18.8,1.0,0.0
17,10107,PGE,NG,18.8,1.0,0.0
17,10108,PGE,NG,18.8,1.0,0.0
17,10109,PGE,NG,18.8,1.0,0.0
17,10110,PGE,NG,18.8,1.0,0.0
17,10111,PGE,NG,18.8,1.0,0.0
17,10112,PGE,NG,18.8,1.0,0.0
17,10113,PGE,NG,18.8,1.0,0.0
17,10114,PGE,NG,18.8,1.0,0.0
17,10115,PGE,NG,18.8,1.0,0.0
17,15905,PGE,NG,292.36,1.0,0.0
17,6353,PNM,BIO,0.8,1.0,0.0
17,6354,PNM,BIO,0.8,1.0,0.0
17,6355,PNM,BIO,0.8,1.0,0.0
17,6356,PNM,BIO,0.8,1.0,0.0
17,6357,PNM,BIO,0.8,1.0,0.0
17,6358,PNM,BIO,0.8,1.0,0.0
17,6359,PNM,BIO,0.8,1.0,0.0
17,6360,PNM,BIO,0.8,1.0,0.0
17,6483,PNM,BIO,4.5,1.0,0.0
17,6741,PNM,BIO,1.0,1.0,0.0
17,6752,PNM,BIO,1.6,1.0,0.0
17,6753,PNM,BIO,1.6,1.0,0.0
17,6754,PNM,BIO,1.6,1.0,0.0
17,7634,PNM,BIO,0.335,1.0,0.0
17,8319,PNM,BIO,3.0,1.0,0.0
17,8320,PNM,BIO,7.5,1.0,0.0
17,8517,PNM,BIO,0.8,1.0,0.0
17,8518,PNM,BIO,0.8,1.0,0.0
17,8519,PNM,BIO,0.8,1.0,0.0
17,8520,PNM,BIO,0.8,1.0,0.0
17,8521,PNM,BIO,0.8,1.0,0.0
17,8522,PNM,BIO,0.8,1.0,0.0
17,10202,PNM,BIO,8.0,1.0,0.0
17,11101,PNM,BIO,11.5,1.0,0.0
17,11102,PNM,BIO,11.5,1.0,0.0
17,13110,PNM,BIO,19.8,1.0,0.0
17,13265,PNM,GEO,4.0,1.0,0.0
17,6828,PNM,NG,11.4,1.0,0.0
17,11104,PNM,NG,11.4,1.0,0.0
17,11105,PNM,NG,11.4,1.0,0.0
17,11106,PNM,NG,11.4,1.0,0.0
17,13240,PNM,NG,596.0,1.0,0.0
17,13243,PNM,NG,287.93,1.0,0.0
17,13503,PNM,NG,67.2,1.0,0.0
17,16004,PNM,NG,497.26,1.0,0.0
17,13785,PSCO,NG,602.0,1.0,0.0
17,13807,PSCO,NG,582.51,1.0,0.0
17,13813,PSCO,NG,396.9,1.0,0.0
17,13816,PSCO,NG,127.0,1.0,0.0
17,13869,PSCO,NG,622.0,1.0,0.0
17,13899,PSCO,NG,100.0,1.0,0.0
17,15920,PSCO,NG,370.6,1.0,0.0
17,15945,PSCO,NG,517.69,1.0,0.0
17,16046,PSCO,NG,510.0,1.0,0.0
17,2398,PSEI,BIO,28.3,1.0,0.0
17,2399,PSEI,NG,71.2,1.0,0.0
17,2400,PSEI,NG,71.2,1.0,0.0
17,2404,PSEI,NG,94.0,1.0,0.0
17,4995,PSEI,NG,94.0,1.0,0.0
17,4996,PSEI,NG,94.0,1.0,0.0
17,6692,PSEI,NG,193.8,1.0,0.0
17,6749,PSEI,NG,253.44,1.0,0.0
17,7707,PSEI,NG,167.04,1.0,0.0
17,7855,PSEI,NG,319.9,1.0,0.0
17,9197,PSEI,NG,145.1,1.0,0.0
17,13338,SRP,NG,591.1,1.0,0.0
17,13370,SRP,NG,277.0,1.0,0.0
17,13375,SRP,NG,589.5,1.0,0.0
17,15937,SRP,NG,459.0,1.0,0.0
17,16050,SRP,NG,456.0,1.0,0.0
17,14041,TIDC,NG,76.92999999999995,1.0,0.0
17,14107,TIDC,NG,29.32000000000002,1.0,0.0
17,14108,TIDC,NG,286.0,1.0,0.0
17,16068,TIDC,NG,241.9,1.0,0.0
17,1990,TPWR,BIO,64.0,1.0,0.0
17,10145,TPWR,BIO,26.0,1.0,0.0
17,13976,WACM,NG,491.0,1.0,0.0
17,13986,WACM,NG,100.0,1.0,0.0
17,13987,WACM,NG,40.0,1.0,0.0
17,15948,WACM,NG,400.4,1.0,0.0
17,15949,WACM,NG,153.9,1.0,0.0
17,13494,WALC,NG,590.8,1.0,0.0
17,13495,WALC,NG,550.0,1.0,0.0
17,15962,WALC,NG,478.4,1.0,0.0
17,16056,WALC,NG,336.0,1.0,0.0
17,16057,WALC,NG,336.0,1.0,0.0
17,1115,CISO,NG,267.0,1.0,0.0
17,1116,CISO,NG,266.0,1.0,0.0
17,1117,CISO,NG,266.0,1.0,0.0
17,1118,CISO,NG,267.0,1.0,0.0
17,1405,CISO,NG,3.105,1.0,0.0
17,1445,CISO,NG,56.2,1.0,0.0
17,1447,CISO,NG,21.384,1.0,0.0
17,1448,CISO,NG,21.384,1.0,0.0
17,1449,CISO,NG,21.384,1.0,0.0
17,9895,CISO,NG,83.24667,1.0,0.0
17,9896,CISO,NG,41.62333,1.0,0.0
17,10214,CISO,NG,625.0,1.0,0.0
17,15255,CISO,NG,322.0,1.0,0.0
17,15908,CISO,NG,493.63,1.0,0.0
17,15939,CISO,NG,247.29,1.0,0.0
17,15940,CISO,NG,247.29,1.0,0.0
17,15943,CISO,NG,275.85,1.0,0.0
17,15944,CISO,NG,275.85,1.0,0.0
17,15975,CISO,NG,166.667,1.0,0.0
17,15978,CISO,NG,336.9,1.0,0.0
17,16018,CISO,NG,277.5,1.0,0.0
17,16019,CISO,NG,277.5,1.0,0.0
17,16020,CISO,NG,277.5,1.0,0.0
17,16021,CISO,NG,277.5,1.0,0.0
17,16032,CISO,NG,145.0,1.0,0.0
17,16033,CISO,NG,145.0,1.0,0.0
17,16034,CISO,NG,266.49,1.0,0.0
17,16035,CISO,NG,266.49,1.0,0.0
17,16058,CISO,NG,293.01,1.0,0.0
17,16059,CISO,NG,293.01,1.0,0.0
17,13304,SRP,NUCLEAR,1372.2,1.0,0.0
17,13305,SRP,NUCLEAR,1375.05,1.0,0.0
17,13306,SRP,NUCLEAR,1373.15,1.0,0.0
17,15322,AZPS,NG,174.0,1.0,0.0
17,15323,AZPS,NG,174.0,1.0,0.0
17,15324,AZPS,NG,174.0,1.0,0.0
17,15325,AZPS,NG,174.0,1.0,0.0
17,15326,AZPS,NG,174.0,1.0,0.0
17,15327,AZPS,NG,174.0,1.0,0.0
17,14088,BANC,NG,81.0,1.0,0.0
17,17031,LDWP,NG,10.0,1.0,0.0
17,13614,LDWP,NG,110.0,1.0,0.0
17,17212,LDWP,NG,398.0,1.0,0.0
17,17210,LDWP,NG,398.0,1.0,0.0
17,13284,TEPC,NG,550.0,1.0,0.0
17,13403,TEPC,NG,540.0,1.0,0.0
17,13404,TEPC,NG,540.0,1.0,0.0
17,13295,AZPS,COAL,818.1,1.0,0.0
17,3504,IPCO,COAL,307.0,1.0,0.0
17,3505,IPCO,COAL,307.0,1.0,0.0
17,3694,IPCO,COAL,50.0,1.0,0.0
17,3695,IPCO,COAL,25.0,1.0,0.0
17,3696,IPCO,COAL,25.0,1.0,0.0
17,3582,NEVP,COAL,268.0,1.0,0.0
17,3583,NEVP,COAL,254.0,1.0,0.0
17,3507,NWMT,COAL,740.0001,1.0,0.0
17,3506,NWMT,COAL,740.0,1.0,0.0
17,3497,NWMT,COAL,135.0,1.0,0.0
17,3510,NWMT,COAL,64.0,1.0,0.0
17,3391,PACE,COAL,584.0,1.0,0.0
17,3461,PACE,COAL,577.9,1.0,0.0
17,3463,PACE,COAL,531.0,1.0,0.0
17,3462,PACE,COAL,527.0,1.0,0.0
17,3656,PACE,COAL,517.5,1.0,0.0
17,3619,PACE,COAL,499.5,1.0,0.0
17,3655,PACE,COAL,498.0,1.0,0.0
17,3638,PACE,COAL,495.6,1.0,0.0
17,3637,PACE,COAL,488.3,1.0,0.0
17,3636,PACE,COAL,488.3,1.0,0.0
17,3698,PACE,COAL,362.1,1.0,0.0
17,3635,PACE,COAL,360.0,1.0,0.0
17,3634,PACE,COAL,229.5,1.0,0.0
17,11093,PACE,COAL,217.6,1.0,0.0
17,13294,PNM,COAL,271.0,1.0,0.0
17,13796,PSCO,COAL,552.28,1.0,0.0
17,13888,PSCO,COAL,467.261,1.0,0.0
17,14002,PSCO,COAL,428.0,1.0,0.0
17,14129,PSCO,COAL,380.8,1.0,0.0
17,13787,PSCO,COAL,335.0,1.0,0.0
17,13786,PSCO,COAL,325.0,1.0,0.0
17,13960,PSCO,COAL,49.65,1.0,0.0
17,13386,SRP,COAL,750.0,1.0,0.0
17,13387,SRP,COAL,750.0,1.0,0.0
17,13388,SRP,COAL,750.0,1.0,0.0
17,13385,SRP,COAL,382.0,1.0,0.0
17,13384,SRP,COAL,380.0,1.0,0.0
17,13389,TEPC,COAL,424.8,1.0,0.0
17,4029,WACM,COAL,621.0,1.0,0.0
17,4030,WACM,COAL,621.0,1.0,0.0
17,14004,WACM,COAL,448.0,1.0,0.0
17,14003,WACM,COAL,428.0,1.0,0.0
17,14001,WACM,COAL,405.0,1.0,0.0
17,14009,WACM,COAL,275.4,1.0,0.0
17,13958,WACM,COAL,207.0,1.0,0.0
17,14008,WACM,COAL,190.0,1.0,0.0
17,13962,WACM,COAL,141.031,1.0,0.0
17,13983,WACM,COAL,116.2,1.0,0.0
17,13982,WACM,COAL,95.0,1.0,0.0
17,13981,WACM,COAL,88.0,1.0,0.0
17,13961,WACM,COAL,83.19,1.0,0.0
17,13943,WACM,COAL,80.0,1.0,0.0
17,13422,WALC,COAL,204.0,1.0,0.0
18,3049,AESO,BIO,18.0,1.0,0.0
18,3243,AESO,BIO,22.335,1.0,0.0
18,3284,AESO,BIO,25.0,1.0,0.0
18,3292,AESO,BIO,11.6,1.0,0.0
18,3343,AESO,BIO,18.0,1.0,0.0
18,3384,AESO,BIO,41.0,1.0,0.0
18,3385,AESO,BIO,41.0,1.0,0.0
18,3386,AESO,BIO,17.0,1.0,0.0
18,3387,AESO,BIO,32.0,1.0,0.0
18,9565,AESO,BIO,20.0,1.0,0.0
18,9566,AESO,BIO,30.0,1.0,0.0
18,9592,AESO,BIO,48.0,1.0,0.0
18,13106,AESO,BIO,43.0,1.0,0.0
18,3218,AESO,NG,407.0,1.0,0.0
18,3219,AESO,NG,148.0,1.0,0.0
18,3220,AESO,NG,148.0,1.0,0.0
18,3221,AESO,NG,408.0,1.0,0.0
18,3222,AESO,NG,408.0,1.0,0.0
18,3238,AESO,NG,151.0,1.0,0.0
18,9198,AESO,NG,280.0,1.0,0.0
18,3017,AESO,NG,101.0,1.0,0.0
18,3041,AESO,NG,2.2,1.0,0.0
18,3042,AESO,NG,2.2,1.0,0.0
18,3043,AESO,NG,2.2,1.0,0.0
18,3044,AESO,NG,2.2,1.0,0.0
18,3047,AESO,NG,105.0,1.0,0.0
18,3072,AESO,NG,101.0,1.0,0.0
18,3096,AESO,NG,5.4,1.0,0.0
18,3126,AESO,NG,46.0,1.0,0.0
18,3139,AESO,NG,5.0,1.0,0.0
18,3190,AESO,NG,48.0,1.0,0.0
18,3217,AESO,NG,48.0,1.0,0.0
18,3232,AESO,NG,101.0,1.0,0.0
18,3235,AESO,NG,50.0,1.0,0.0
18,3244,AESO,NG,50.0,1.0,0.0
18,3245,AESO,NG,47.0,1.0,0.0
18,3249,AESO,NG,36.5,1.0,0.0
18,3250,AESO,NG,36.5,1.0,0.0
18,3254,AESO,NG,101.0,1.0,0.0
18,3259,AESO,NG,40.0,1.0,0.0
18,3262,AESO,NG,30.0,1.0,0.0
18,3263,AESO,NG,35.0,1.0,0.0
18,3264,AESO,NG,30.0,1.0,0.0
18,3357,AESO,NG,3.0,1.0,0.0
18,3358,AESO,NG,3.0,1.0,0.0
18,3359,AESO,NG,4.9,1.0,0.0
18,3370,AESO,NG,47.5,1.0,0.0
18,5241,AESO,NG,48.0,1.0,0.0
18,5274,AESO,NG,48.0,1.0,0.0
18,5302,AESO,NG,48.0,1.0,0.0
18,5802,AESO,NG,120.0,1.0,0.0
18,6087,AESO,NG,330.0,1.0,0.0
18,6150,AESO,NG,120.0,1.0,0.0
18,6611,AESO,NG,128.0,1.0,0.0
18,7724,AESO,NG,15.5,1.0,0.0
18,7725,AESO,NG,6.0,1.0,0.0
18,7727,AESO,NG,8.0,1.0,0.0
18,7851,AESO,NG,3.0,1.0,0.0
18,7852,AESO,NG,2.0,1.0,0.0
18,8055,AESO,NG,16.0,1.0,0.0
18,8417,AESO,NG,141.0,1.0,0.0
18,8781,AESO,NG,3.0,1.0,0.0
18,8782,AESO,NG,3.5,1.0,0.0
18,8783,AESO,NG,3.0,1.0,0.0
18,10169,AESO,NG,195.0,1.0,0.0
18,10179,AESO,NG,870.0,1.0,0.0
18,13123,AESO,NG,6.3,1.0,0.0
18,13124,AESO,NG,6.3,1.0,0.0
18,13127,AESO,NG,10.0,1.0,0.0
18,13133,AESO,NG,20.0,1.0,0.0
18,13136,AESO,NG,16.5,1.0,0.0
18,13137,AESO,NG,10.0,1.0,0.0
18,14585,AESO,NG,15.0,1.0,0.0
18,14586,AESO,NG,15.0,1.0,0.0
18,14605,AESO,NG,199.0,1.0,0.0
18,14624,AESO,NG,45.0,1.0,0.0
18,14625,AESO,NG,45.0,1.0,0.0
18,14644,AESO,NG,45.0,1.0,0.0
18,14662,AESO,NG,45.0,1.0,0.0
18,15659,AESO,NG,395.0,1.0,0.0
18,15660,AESO,NG,411.0,1.0,0.0
18,15661,AESO,NG,406.0,1.0,0.0
18,15662,AESO,NG,406.0,1.0,0.0
18,15663,AESO,NG,353.0,1.0,0.0
18,15667,AESO,NG,401.0,1.0,0.0
18,16052,AESO,NG,605.2,1.0,0.0
18,16053,AESO,NG,262.8,1.0,0.0
18,2167,AVA,BIO,50.7,1.0,0.0
18,2190,AVA,BIO,6.2,1.0,0.0
18,2200,AVA,BIO,26.0,1.0,0.0
18,2206,AVA,BIO,28.8,1.0,0.0
18,2207,AVA,BIO,65.0,1.0,0.0
18,2198,AVA,NG,83.3,1.0,0.0
18,2199,AVA,NG,83.3,1.0,0.0
18,8427,AVA,NG,301.49,1.0,0.0
18,9848,AVA,NG,287.0,1.0,0.0
18,14033,AZPS,BIO,27.99999999999818,1.0,0.0
18,16040,AZPS,NG,252.4,1.0,0.0
18,16041,AZPS,NG,252.4,1.0,0.0
18,16042,AZPS,NG,252.4,1.0,0.0
18,16043,AZPS,NG,252.4,1.0,0.0
18,16070,AZPS,NG,385.0,1.0,0.0
18,13687,BANC,BIO,3.5,1.0,0.0
18,13688,BANC,BIO,3.5,1.0,0.0
18,13689,BANC,BIO,3.5,1.0,0.0
18,13690,BANC,BIO,3.5,1.0,0.0
18,13691,BANC,BIO,3.5,1.0,0.0
18,13703,BANC,NG,62.0,1.0,0.0
18,13708,BANC,NG,8.149987700000395,1.0,0.0
18,14110,BANC,NG,83.0,1.0,0.0
18,14117,BANC,NG,84.2,1.0,0.0
18,15928,BANC,NG,265.0,1.0,0.0
18,15929,BANC,NG,265.0,1.0,0.0
18,16044,BANC,NG,59.5,1.0,0.0
18,16060,BANC,NG,274.5,1.0,0.0
18,16061,BANC,NG,274.5,1.0,0.0
18,2516,BCHA,BIO,65.99999999999977,1.0,0.0
18,2581,BCHA,BIO,16.39,1.0,0.0
18,2634,BCHA,BIO,20.39,1.0,0.0
18,2644,BCHA,BIO,24.75,1.0,0.0
18,2645,BCHA,BIO,1.667,1.0,0.0
18,2646,BCHA,BIO,1.667,1.0,0.0
18,2647,BCHA,BIO,1.667,1.0,0.0
18,2648,BCHA,BIO,1.851,1.0,0.0
18,2691,BCHA,BIO,32.0,1.0,0.0
18,2744,BCHA,BIO,16.0,1.0,0.0
18,2745,BCHA,BIO,28.0,1.0,0.0
18,2746,BCHA,BIO,32.0,1.0,0.0
18,2766,BCHA,BIO,7.5,1.0,0.0
18,2990,BCHA,BIO,52.29,1.0,0.0
18,2991,BCHA,BIO,48.0,1.0,0.0
18,6066,BCHA,BIO,4.8,1.0,0.0
18,6104,BCHA,BIO,36.0,1.0,0.0
18,6121,BCHA,BIO,32.7,1.0,0.0
18,6122,BCHA,BIO,28.69,1.0,0.0
18,6155,BCHA,BIO,1.26,1.0,0.0
18,6833,BCHA,BIO,1.03,1.0,0.0
18,7014,BCHA,BIO,0.34,1.0,0.0
18,7068,BCHA,BIO,55.0,1.0,0.0
18,7171,BCHA,BIO,62.5,1.0,0.0
18,7172,BCHA,BIO,50.0,1.0,0.0
18,8349,BCHA,BIO,38.0,1.0,0.0
18,11890,BCHA,BIO,1.0,1.0,0.0
18,11891,BCHA,BIO,1.0,1.0,0.0
18,15470,BCHA,BIO,28.0,1.0,0.0
18,15471,BCHA,BIO,16.0,1.0,0.0
18,15664,BCHA,BIO,38.7,1.0,0.0
18,10736,BCHA,GEO,107.0,1.0,0.0
18,2517,BCHA,NG,55.0,1.0,0.0
18,2518,BCHA,NG,55.0,1.0,0.0
18,2589,BCHA,NG,23.0,1.0,0.0
18,2590,BCHA,NG,23.0,1.0,0.0
18,3040,AESO,NG,2.4,1.0,0.0
18,5051,BCHA,NG,290.0,1.0,0.0
18,6625,AESO,NG,11.25,1.0,0.0
18,6755,AESO,NG,101.0,1.0,0.0
18,7003,AESO,NG,27.9,1.0,0.0
18,7541,AESO,NG,39.0,1.0,0.0
18,7726,AESO,NG,4.1,1.0,0.0
18,8260,AESO,NG,46.0,1.0,0.0
18,8632,AESO,NG,5.5,1.0,0.0
18,9134,AESO,NG,9.0,1.0,0.0
18,9218,AESO,NG,75.0,1.0,0.0
18,9219,AESO,NG,213.33751958000974,1.0,0.0
18,9329,AESO,NG,85.0,1.0,0.0
18,11725,AESO,NG,1.0,1.0,0.0
18,11726,AESO,NG,1.0,1.0,0.0
18,11841,AESO,NG,1.0,1.0,0.0
18,11842,AESO,NG,1.0,1.0,0.0
18,11914,AESO,NG,1.0,1.0,0.0
18,11915,AESO,NG,1.0,1.0,0.0
18,11916,AESO,NG,1.0,1.0,0.0
18,13122,AESO,NG,6.5,1.0,0.0
18,13128,AESO,NG,15.0,1.0,0.0
18,13129,AESO,NG,15.0,1.0,0.0
18,15656,AESO,NG,408.0,1.0,0.0
18,15657,AESO,NG,418.5,1.0,0.0
18,15658,AESO,NG,430.0,1.0,0.0
18,15675,AESO,NG,2.9,1.0,0.0
18,15676,AESO,NG,2.3,1.0,0.0
18,15677,AESO,NG,3.0,1.0,0.0
18,1972,BPAT,BIO,40.0,1.0,0.0
18,2051,BPAT,BIO,18.0,1.0,0.0
18,2076,BPAT,BIO,14.7,1.0,0.0
18,2077,BPAT,BIO,20.0,1.0,0.0
18,2078,BPAT,BIO,25.0,1.0,0.0
18,2079,BPAT,BIO,12.25,1.0,0.0
18,6343,BPAT,BIO,0.8,1.0,0.0
18,6344,BPAT,BIO,0.8,1.0,0.0
18,6345,BPAT,BIO,1.5,1.0,0.0
18,6346,BPAT,BIO,1.5,1.0,0.0
18,9593,BPAT,BIO,5.0,1.0,0.0
18,9595,BPAT,BIO,31.28,1.0,0.0
18,13116,BPAT,BIO,12.5,1.0,0.0
18,14182,BPAT,BIO,17.2,1.0,0.0
18,14186,BPAT,BIO,37.2,1.0,0.0
18,14572,BPAT,BIO,36.0,1.0,0.0
18,2063,BPAT,NG,265.0,1.0,0.0
18,6835,BPAT,NG,269.2,1.0,0.0
18,14571,BPAT,NG,9.9,1.0,0.0
18,2491,BPAT,NUCLEAR,1186.0,1.0,0.0
18,437,CENACE,GEO,25.0,1.0,0.0
18,438,CENACE,GEO,25.0,1.0,0.0
18,439,CENACE,GEO,25.0,1.0,0.0
18,440,CENACE,GEO,25.0,1.0,0.0
18,441,CENACE,GEO,30.0,1.0,0.0
18,446,CENACE,GEO,110.0,1.0,0.0
18,447,CENACE,GEO,110.0,1.0,0.0
18,448,CENACE,GEO,110.0,1.0,0.0
18,457,CENACE,GEO,110.0,1.0,0.0
18,8227,CENACE,NG,277.0,1.0,0.0
18,14839,CENACE,NG,248.0,1.0,0.0
18,15254,CENACE,NG,793.0,1.0,0.0
18,15341,CENACE,NG,1.0,1.0,0.0
18,15991,CENACE,NG,165.0,1.0,0.0
18,15992,CENACE,NG,165.0,1.0,0.0
18,15993,CENACE,NG,405.0,1.0,0.0
18,548,CISO,BIO,2.999999999996362,1.0,0.0
18,549,CISO,BIO,0.95,1.0,0.0
18,550,CISO,BIO,5.0,1.0,0.0
18,551,CISO,BIO,3.0,1.0,0.0
18,555,CISO,BIO,2.9,1.0,0.0
18,570,CISO,BIO,1.88,1.0,0.0
18,572,CISO,BIO,1.88,1.0,0.0
18,629,CISO,BIO,47.0,1.0,0.0
18,633,CISO,BIO,34.0,1.0,0.0
18,795,CISO,BIO,24.5,1.0,0.0
18,836,CISO,BIO,1.3,1.0,0.0
18,1008,CISO,BIO,1.88,1.0,0.0
18,1156,CISO,BIO,10.5,1.0,0.0
18,1168,CISO,BIO,10.8,1.0,0.0
18,1187,CISO,BIO,24.48,1.0,0.0
18,1188,CISO,BIO,6.692714299998725,1.0,0.0
18,1300,CISO,BIO,12.0,1.0,0.0
18,1331,CISO,BIO,57.43,1.0,0.0
18,1392,CISO,BIO,24.2,1.0,0.0
18,1398,CISO,BIO,2.57,1.0,0.0
18,1399,CISO,BIO,2.57,1.0,0.0
18,1400,CISO,BIO,2.57,1.0,0.0
18,1401,CISO,BIO,2.57,1.0,0.0
18,1402,CISO,BIO,2.57,1.0,0.0
18,1403,CISO,BIO,2.57,1.0,0.0
18,1404,CISO,BIO,2.57,1.0,0.0
18,1413,CISO,BIO,10.0,1.0,0.0
18,1589,CISO,BIO,8.6,1.0,0.0
18,1590,CISO,BIO,5.7,1.0,0.0
18,1634,CISO,BIO,13.8,1.0,0.0
18,1635,CISO,BIO,12.5,1.0,0.0
18,1636,CISO,BIO,12.5,1.0,0.0
18,1637,CISO,BIO,12.5,1.0,0.0
18,1768,CISO,BIO,22.0,1.0,0.0
18,1774,CISO,BIO,13.1,1.0,0.0
18,1793,CISO,BIO,29.07,1.0,1.0
18,1794,CISO,BIO,25.5,1.0,0.0
18,1838,CISO,BIO,17.2,1.0,0.0
18,5728,CISO,BIO,1.25,1.0,0.0
18,5729,CISO,BIO,1.25,1.0,0.0
18,5809,CISO,BIO,3.0,1.0,0.0
18,5865,CISO,BIO,0.75,1.0,0.0
18,5866,CISO,BIO,0.75,1.0,0.0
18,5872,CISO,BIO,14.4,1.0,0.0
18,5899,CISO,BIO,4.0,1.0,0.0
18,5900,CISO,BIO,3.7,1.0,0.0
18,5901,CISO,BIO,0.3,1.0,0.0
18,5999,CISO,BIO,37.828,1.0,0.0
18,6045,CISO,BIO,9.8,1.0,0.0
18,6069,CISO,BIO,4.6,1.0,0.0
18,6070,CISO,BIO,4.6,1.0,0.0
18,6071,CISO,BIO,4.6,1.0,0.0
18,6116,CISO,BIO,1.1,1.0,0.0
18,6117,CISO,BIO,1.1,1.0,0.0
18,6349,CISO,BIO,1.5,1.0,0.0
18,6352,CISO,BIO,1.2,1.0,0.0
18,6492,CISO,BIO,24.5,1.0,0.0
18,6601,CISO,BIO,1.5,1.0,0.0
18,6602,CISO,BIO,1.5,1.0,0.0
18,6603,CISO,BIO,1.5,1.0,0.0
18,6651,CISO,BIO,1.35,1.0,0.0
18,6652,CISO,BIO,1.35,1.0,0.0
18,6653,CISO,BIO,1.35,1.0,0.0
18,6756,CISO,BIO,0.7,1.0,0.0
18,7146,CISO,BIO,0.2,1.0,0.0
18,7147,CISO,BIO,0.2,1.0,0.0
18,7373,CISO,BIO,4.4,1.0,0.0
18,7374,CISO,BIO,3.0,1.0,0.0
18,7388,CISO,BIO,27.15,1.0,1.0
18,7556,CISO,BIO,0.8,1.0,0.0
18,7557,CISO,BIO,0.8,1.0,0.0
18,7558,CISO,BIO,0.8,1.0,0.0
18,7559,CISO,BIO,0.8,1.0,0.0
18,7560,CISO,BIO,0.8,1.0,0.0
18,7561,CISO,BIO,0.8,1.0,0.0
18,7780,CISO,BIO,2.9,1.0,0.0
18,7816,CISO,BIO,1.3,1.0,0.0
18,7840,CISO,BIO,1.25,1.0,0.0
18,7841,CISO,BIO,1.25,1.0,0.0
18,7860,CISO,BIO,3.0,1.0,0.0
18,7861,CISO,BIO,3.0,1.0,0.0
18,7862,CISO,BIO,1.6,1.0,0.0
18,7868,CISO,BIO,1.95,1.0,0.0
18,7869,CISO,BIO,4.9,1.0,0.0
18,8080,CISO,BIO,23.8,1.0,0.0
18,8084,CISO,BIO,1.88,1.0,0.0
18,8085,CISO,BIO,1.88,1.0,0.0
18,8162,CISO,BIO,1.6,1.0,0.0
18,8163,CISO,BIO,2.7,1.0,0.0
18,8311,CISO,BIO,0.46,1.0,0.0
18,8312,CISO,BIO,2.29,1.0,0.0
18,8313,CISO,BIO,2.2,1.0,0.0
18,8371,CISO,BIO,3.0,1.0,0.0
18,8403,CISO,BIO,2.8,1.0,0.0
18,8404,CISO,BIO,3.3,1.0,0.0
18,8405,CISO,BIO,3.3,1.0,0.0
18,8406,CISO,BIO,3.3,1.0,0.0
18,8434,CISO,BIO,1.2,1.0,0.0
18,8682,CISO,BIO,3.0,1.0,0.0
18,8685,CISO,BIO,11.16,1.0,0.0
18,8811,CISO,BIO,1.3,1.0,0.0
18,8812,CISO,BIO,1.3,1.0,0.0
18,9227,CISO,BIO,3.0,1.0,0.0
18,9228,CISO,BIO,1.2,1.0,0.0
18,9229,CISO,BIO,1.2,1.0,0.0
18,9242,CISO,BIO,3.05,1.0,0.0
18,9322,CISO,BIO,2.8,1.0,0.0
18,9337,CISO,BIO,1.8,1.0,0.0
18,9338,CISO,BIO,1.8,1.0,0.0
18,9399,CISO,BIO,1.2,1.0,0.0
18,9723,CISO,BIO,0.5,1.0,0.0
18,10025,CISO,BIO,1.6,1.0,0.0
18,10026,CISO,BIO,1.0,1.0,0.0
18,10027,CISO,BIO,1.0,1.0,0.0
18,10028,CISO,BIO,1.4,1.0,0.0
18,10227,CISO,BIO,35.2,1.0,1.0
18,11103,CISO,BIO,28.24,1.0,0.0
18,11120,CISO,BIO,50.0,1.0,0.0
18,11138,CISO,BIO,5.0,1.0,0.0
18,12396,CISO,BIO,1.0,1.0,0.0
18,12397,CISO,BIO,0.4,1.0,0.0
18,12837,CISO,BIO,1.5,1.0,0.0
18,13104,CISO,BIO,50.0,1.0,0.0
18,13107,CISO,BIO,30.0,1.0,0.0
18,14499,CISO,BIO,26.5,1.0,0.0
18,14833,CISO,BIO,18.13,1.0,0.0
18,14884,CISO,BIO,1.2,1.0,0.0
18,14896,CISO,BIO,5.0,1.0,0.0
18,15377,CISO,BIO,12.0,1.0,0.0
18,15432,CISO,BIO,32.0,1.0,0.0
18,15783,CISO,BIO,4.7,1.0,0.0
18,15794,CISO,BIO,28.5,1.0,0.0
18,15797,CISO,BIO,24.0,1.0,0.0
18,15798,CISO,BIO,24.0,1.0,0.0
18,442,CISO,GEO,35.7,1.0,0.0
18,443,CISO,GEO,35.7,1.0,0.0
18,444,CISO,GEO,35.7,1.0,0.0
18,445,CISO,GEO,35.7,1.0,0.0
18,656,CISO,GEO,26.66667,1.0,0.0
18,657,CISO,GEO,26.66667,1.0,0.0
18,658,CISO,GEO,26.66667,1.0,0.0
18,663,CISO,GEO,16.0,1.0,0.0
18,664,CISO,GEO,16.0,1.0,0.0
18,665,CISO,GEO,16.0,1.0,0.0
18,1005,CISO,GEO,30.0,1.0,0.0
18,1006,CISO,GEO,30.0,1.0,0.0
18,1007,CISO,GEO,30.0,1.0,0.0
18,1265,CISO,GEO,1.5,1.0,0.0
18,1266,CISO,GEO,1.5,1.0,0.0
18,1597,CISO,GEO,11.0,1.0,0.0
18,1598,CISO,GEO,11.0,1.0,0.0
18,1602,CISO,GEO,47.0,1.0,0.0
18,1603,CISO,GEO,50.0,1.0,0.0
18,1604,CISO,GEO,72.0,1.0,0.0
18,1605,CISO,GEO,75.5,1.0,0.0
18,1606,CISO,GEO,27.5,1.0,0.0
18,1607,CISO,GEO,63.0,1.0,0.0
18,1608,CISO,GEO,70.0,1.0,0.0
18,1609,CISO,GEO,73.0,1.0,0.0
18,1610,CISO,GEO,57.0,1.0,0.0
18,1611,CISO,GEO,86.8,1.0,0.0
18,1612,CISO,GEO,47.9,1.0,0.0
18,1613,CISO,GEO,47.9,1.0,0.0
18,1614,CISO,GEO,49.215,1.0,0.0
18,1615,CISO,GEO,49.215,1.0,0.0
18,1616,CISO,GEO,12.5,1.0,0.0
18,1617,CISO,GEO,12.5,1.0,0.0
18,1618,CISO,GEO,6.5,1.0,0.0
18,1619,CISO,GEO,6.5,1.0,0.0
18,1620,CISO,GEO,36.0,1.0,0.0
18,1621,CISO,GEO,36.0,1.0,0.0
18,7684,CISO,GEO,20.0,1.0,0.0
18,7942,CISO,GEO,11.0,1.0,0.0
18,7943,CISO,GEO,11.0,1.0,0.0
18,8300,CISO,GEO,5.0,1.0,0.0
18,8301,CISO,GEO,5.0,1.0,0.0
18,8302,CISO,GEO,5.0,1.0,0.0
18,11122,CISO,GEO,78.0,1.0,0.0
18,13026,CISO,GEO,14.0,1.0,0.0
18,13102,CISO,GEO,51.9,1.0,0.0
18,13103,CISO,GEO,51.9,1.0,0.0
18,13105,CISO,GEO,59.0,1.0,0.0
18,14055,CISO,GEO,38.85,1.0,0.0
18,14056,CISO,GEO,50.0,1.0,0.0
18,14057,CISO,GEO,42.42,1.0,0.0
18,14058,CISO,GEO,52.73,1.0,0.0
18,14848,CISO,GEO,30.0,1.0,0.0
18,14923,CISO,GEO,38.0,1.0,0.0
18,15381,CISO,GEO,20.0,1.0,0.0
18,1248,CISO,NUCLEAR,1150.0,1.0,0.0
18,1249,CISO,NUCLEAR,1150.0,1.0,0.0
18,13507,IID,BIO,27.0,1.0,0.0
18,13560,IID,BIO,55.5,1.0,1.0
18,13561,IID,BIO,21.0,1.0,0.0
18,13509,IID,GEO,53.0,1.0,0.0
18,13510,IID,GEO,8.75,1.0,0.0
18,13511,IID,GEO,4.37,1.0,0.0
18,13516,IID,GEO,34.39,1.0,0.0
18,13517,IID,GEO,34.39,1.0,0.0
18,13519,IID,GEO,34.39,1.0,0.0
18,13520,IID,GEO,29.0,1.0,0.0
18,13521,IID,GEO,9.19,1.0,0.0
18,13522,IID,GEO,10.5,1.0,0.0
18,13523,IID,GEO,49.0,1.0,0.0
18,13524,IID,GEO,50.0,1.0,0.0
18,13543,IID,GEO,33.0,1.0,0.0
18,13544,IID,GEO,16.0,1.0,0.0
18,13554,IID,GEO,49.89,1.0,0.0
18,13555,IID,GEO,4.79,1.0,0.0
18,13556,IID,GEO,4.5,1.0,0.0
18,13557,IID,GEO,11.1,1.0,0.0
18,13558,IID,GEO,11.0,1.0,0.0
18,13559,IID,GEO,50.0,1.0,0.0
18,13562,IID,GEO,21.6,1.0,0.0
18,13563,IID,GEO,8.0,1.0,0.0
18,13564,IID,GEO,22.0,1.0,0.0
18,13570,IID,GEO,24.0,1.0,0.0
18,13571,IID,GEO,15.0,1.0,0.0
18,13572,IID,GEO,18.5,1.0,0.0
18,13573,IID,GEO,7.0,1.0,0.0
18,13574,IID,GEO,8.45,1.0,0.0
18,13578,IID,GEO,16.0,1.0,0.0
18,13579,IID,GEO,16.0,1.0,0.0
18,13580,IID,GEO,16.0,1.0,0.0
18,13581,IID,GEO,16.0,1.0,0.0
18,13582,IID,GEO,16.0,1.0,0.0
18,13583,IID,GEO,16.0,1.0,0.0
18,13584,IID,GEO,16.0,1.0,0.0
18,13506,IID,NG,30.0,1.0,1.0
18,3434,IPCO,BIO,4.999999999989086,1.0,0.0
18,6118,IPCO,BIO,0.8,1.0,0.0
18,6119,IPCO,BIO,0.8,1.0,0.0
18,6120,IPCO,BIO,0.8,1.0,0.0
18,7116,IPCO,BIO,1.6,1.0,0.0
18,7117,IPCO,BIO,1.6,1.0,0.0
18,8549,IPCO,BIO,2.0,1.0,0.0
18,8550,IPCO,BIO,2.0,1.0,0.0
18,10116,IPCO,BIO,7.5,1.0,0.0
18,3400,IPCO,GEO,18.0,1.0,0.0
18,7941,IPCO,GEO,11.0,1.0,0.0
18,3407,IPCO,NG,170.9,1.0,0.0
18,7185,IPCO,NG,2.0,1.0,0.0
18,7188,IPCO,NG,2.0,1.0,0.0
18,7189,IPCO,NG,2.0,1.0,0.0
18,7509,IPCO,NG,330.0,1.0,0.0
18,8599,IPCO,NG,10.0,1.0,0.0
18,15899,LDWP,NG,275.0,1.0,0.0
18,15900,LDWP,NG,275.0,1.0,0.0
18,13714,NEVP,GEO,20.0,1.0,0.0
18,13715,NEVP,GEO,60.0,1.0,0.0
18,13716,NEVP,GEO,10.1,1.0,0.0
18,13717,NEVP,GEO,19.2,1.0,0.0
18,13718,NEVP,GEO,11.8,1.0,0.0
18,13719,NEVP,GEO,11.8,1.0,0.0
18,13720,NEVP,GEO,11.8,1.0,0.0
18,13721,NEVP,GEO,11.8,1.0,0.0
18,13724,NEVP,GEO,8.0,1.0,0.0
18,13725,NEVP,GEO,8.0,1.0,0.0
18,13726,NEVP,GEO,8.0,1.0,0.0
18,13727,NEVP,GEO,18.9,1.0,0.0
18,13728,NEVP,GEO,11.3,1.0,0.0
18,13729,NEVP,GEO,11.3,1.0,0.0
18,13730,NEVP,GEO,11.3,1.0,0.0
18,13731,NEVP,GEO,11.3,1.0,0.0
18,13732,NEVP,GEO,11.25,1.0,0.0
18,13733,NEVP,GEO,11.25,1.0,0.0
18,13734,NEVP,GEO,25.0,1.0,0.0
18,13752,NEVP,GEO,15.0,1.0,0.0
18,13753,NEVP,GEO,15.0,1.0,0.0
18,13754,NEVP,GEO,15.0,1.0,0.0
18,13755,NEVP,GEO,15.0,1.0,0.0
18,13756,NEVP,GEO,26.5,1.0,0.0
18,13757,NEVP,GEO,10.0,1.0,0.0
18,13758,NEVP,GEO,10.0,1.0,0.0
18,13759,NEVP,GEO,10.0,1.0,0.0
18,13760,NEVP,GEO,16.5,1.0,0.0
18,13762,NEVP,GEO,25.0,1.0,0.0
18,13763,NEVP,GEO,16.0,1.0,0.0
18,13764,NEVP,GEO,16.0,1.0,0.0
18,13765,NEVP,GEO,21.3,1.0,0.0
18,13766,NEVP,GEO,21.3,1.0,0.0
18,13767,NEVP,GEO,21.3,1.0,0.0
18,13769,NEVP,GEO,20.0,1.0,0.0
18,13770,NEVP,GEO,20.0,1.0,0.0
18,13771,NEVP,GEO,12.0,1.0,0.0
18,13772,NEVP,GEO,11.8,1.0,0.0
18,13774,NEVP,GEO,20.0,1.0,0.0
18,13775,NEVP,GEO,20.0,1.0,0.0
18,13776,NEVP,GEO,12.0,1.0,0.0
18,13427,NEVP,NG,105.0,1.0,0.0
18,13428,NEVP,NG,250.0,1.0,0.0
18,13429,NEVP,NG,250.0,1.0,0.0
18,13430,NEVP,NG,142.5,1.0,0.0
18,13432,NEVP,NG,99.58,1.0,0.0
18,13433,NEVP,NG,96.26,1.0,0.0
18,13434,NEVP,NG,111.26,1.0,0.0
18,13440,NEVP,NG,566.0,1.0,0.0
18,13441,NEVP,NG,735.0,1.0,0.0
18,13442,NEVP,NG,641.4,1.0,0.0
18,13443,NEVP,NG,521.7,1.0,0.0
18,13444,NEVP,NG,585.0,1.0,0.0
18,13445,NEVP,NG,585.0,1.0,0.0
18,13449,NEVP,NG,112.4,1.0,0.0
18,13450,NEVP,NG,112.4,1.0,0.0
18,13773,NEVP,NG,530.0,1.0,0.0
18,15914,NEVP,NG,403.0,1.0,0.0
18,15916,NEVP,NG,659.6,1.0,0.0
18,15922,NEVP,NG,185.0,1.0,0.0
18,15924,NEVP,NG,185.0,1.0,0.0
18,15966,NEVP,NG,260.85,1.0,0.0
18,15972,NEVP,NG,356.0,1.0,0.0
18,15994,NEVP,NG,60.5,1.0,0.0
18,15995,NEVP,NG,60.5,1.0,0.0
18,15996,NEVP,NG,181.5,1.0,0.0
18,16028,NEVP,NG,367.5,1.0,0.0
18,16029,NEVP,NG,367.5,1.0,0.0
18,16054,NEVP,NG,540.6,1.0,0.0
18,16064,NEVP,NG,624.0,1.0,0.0
18,3476,NWMT,NG,50.0,1.0,0.0
18,3477,NWMT,NG,50.0,1.0,0.0
18,3478,NWMT,NG,50.0,1.0,0.0
18,3522,NWMT,NG,6.0,1.0,0.0
18,3523,NWMT,NG,6.0,1.0,0.0
18,3524,NWMT,NG,6.0,1.0,0.0
18,3525,NWMT,NG,6.0,1.0,0.0
18,3526,NWMT,NG,6.0,1.0,0.0
18,3527,NWMT,NG,6.0,1.0,0.0
18,3528,NWMT,NG,6.0,1.0,0.0
18,3529,NWMT,NG,6.0,1.0,0.0
18,3530,NWMT,NG,6.0,1.0,0.0
18,3617,PACE,GEO,26.1,1.0,0.0
18,3618,PACE,GEO,12.0,1.0,0.0
18,3612,PACE,NG,17.0,1.0,0.0
18,3613,PACE,NG,17.0,1.0,0.0
18,3614,PACE,NG,17.0,1.0,0.0
18,3639,PACE,NG,16.106,1.0,0.0
18,3640,PACE,NG,16.106,1.0,0.0
18,3641,PACE,NG,16.2,1.0,0.0
18,3646,PACE,NG,60.4,1.0,1.0
18,3718,PACE,NG,13.5,1.0,0.0
18,3719,PACE,NG,13.5,1.0,0.0
18,6466,PACE,NG,529.7,1.0,0.0
18,7184,PACE,NG,4.0,1.0,1.0
18,7186,PACE,NG,4.0,1.0,1.0
18,7187,PACE,NG,4.0,1.0,1.0
18,7491,PACE,NG,628.1,1.0,0.0
18,7494,PACE,NG,538.0,1.0,0.0
18,14694,PACE,NG,1.0,1.0,0.0
18,15930,PACE,NG,420.7,1.0,0.0
18,15987,PACE,NG,408.6,1.0,0.0
18,15988,PACE,NG,182.7,1.0,0.0
18,15989,PACE,NG,185.4,1.0,0.0
18,15990,PACE,NG,469.8,1.0,0.0
18,1889,PACW,BIO,7.5,1.0,0.0
18,8587,PACW,BIO,10.0,1.0,0.0
18,11098,PACW,BIO,10.0,1.0,0.0
18,7432,PACW,NG,540.0,1.0,0.0
18,9960,PACW,NG,279.56,1.0,0.0
18,9961,PACW,NG,279.56,1.0,0.0
18,15985,PACW,NG,178.5,1.0,0.0
18,15986,PACW,NG,323.0,1.0,0.0
18,2346,PGE,BIO,10.0,1.0,0.0
18,5829,PGE,NG,476.698,1.0,0.0
18,9847,PGE,NG,296.0,1.0,0.0
18,10103,PGE,NG,483.3,1.0,0.0
18,10104,PGE,NG,18.8,1.0,0.0
18,10105,PGE,NG,18.8,1.0,0.0
18,10106,PGE,NG,18.8,1.0,0.0
18,10107,PGE,NG,18.8,1.0,0.0
18,10108,PGE,NG,18.8,1.0,0.0
18,10109,PGE,NG,18.8,1.0,0.0
18,10110,PGE,NG,18.8,1.0,0.0
18,10111,PGE,NG,18.8,1.0,0.0
18,10112,PGE,NG,18.8,1.0,0.0
18,10113,PGE,NG,18.8,1.0,0.0
18,10114,PGE,NG,18.8,1.0,0.0
18,10115,PGE,NG,18.8,1.0,0.0
18,15905,PGE,NG,292.36,1.0,0.0
18,6353,PNM,BIO,0.7999999999995453,1.0,0.0
18,6354,PNM,BIO,0.8,1.0,0.0
18,6355,PNM,BIO,0.8,1.0,0.0
18,6356,PNM,BIO,0.8,1.0,0.0
18,6357,PNM,BIO,0.8,1.0,0.0
18,6358,PNM,BIO,0.8,1.0,0.0
18,6359,PNM,BIO,0.8,1.0,0.0
18,6360,PNM,BIO,0.8,1.0,0.0
18,6483,PNM,BIO,4.5,1.0,0.0
18,6741,PNM,BIO,1.0,1.0,0.0
18,6752,PNM,BIO,1.6,1.0,0.0
18,6753,PNM,BIO,1.6,1.0,0.0
18,6754,PNM,BIO,1.6,1.0,0.0
18,7634,PNM,BIO,0.335,1.0,0.0
18,8319,PNM,BIO,3.0,1.0,0.0
18,8320,PNM,BIO,7.5,1.0,0.0
18,8517,PNM,BIO,0.8,1.0,0.0
18,8518,PNM,BIO,0.8,1.0,0.0
18,8519,PNM,BIO,0.8,1.0,0.0
18,8520,PNM,BIO,0.8,1.0,0.0
18,8521,PNM,BIO,0.8,1.0,0.0
18,8522,PNM,BIO,0.8,1.0,0.0
18,10202,PNM,BIO,8.0,1.0,0.0
18,10222,PNM,BIO,15.0,1.0,1.0
18,11101,PNM,BIO,11.5,1.0,0.0
18,11102,PNM,BIO,11.5,1.0,0.0
18,13110,PNM,BIO,19.8,1.0,0.0
18,13265,PNM,GEO,4.0,1.0,0.0
18,6828,PNM,NG,11.4,1.0,0.0
18,11104,PNM,NG,11.4,1.0,0.0
18,11105,PNM,NG,11.4,1.0,0.0
18,11106,PNM,NG,11.4,1.0,0.0
18,13240,PNM,NG,596.0,1.0,0.0
18,13243,PNM,NG,287.93,1.0,0.0
18,13503,PNM,NG,67.2,1.0,0.0
18,16004,PNM,NG,497.26,1.0,0.0
18,13785,PSCO,NG,602.0,1.0,0.0
18,13807,PSCO,NG,582.51,1.0,0.0
18,13813,PSCO,NG,396.9,1.0,0.0
18,13816,PSCO,NG,127.0,1.0,0.0
18,13869,PSCO,NG,622.0,1.0,0.0
18,13899,PSCO,NG,100.0,1.0,0.0
18,15920,PSCO,NG,370.6,1.0,0.0
18,15945,PSCO,NG,517.69,1.0,0.0
18,16046,PSCO,NG,510.0,1.0,0.0
18,2398,PSEI,BIO,28.3,1.0,0.0
18,2399,PSEI,NG,71.2,1.0,0.0
18,6692,PSEI,NG,193.8,1.0,0.0
18,6749,PSEI,NG,253.44,1.0,0.0
18,7707,PSEI,NG,167.04,1.0,0.0
18,7855,PSEI,NG,319.9,1.0,0.0
18,9197,PSEI,NG,145.1,1.0,0.0
18,13338,SRP,NG,591.1,1.0,0.0
18,13370,SRP,NG,277.0,1.0,0.0
18,13375,SRP,NG,589.5,1.0,0.0
18,15937,SRP,NG,459.0,1.0,0.0
18,16050,SRP,NG,456.0,1.0,0.0
18,14041,TIDC,NG,76.93,1.0,0.0
18,14107,TIDC,NG,27.829999999999956,1.0,0.0
18,14108,TIDC,NG,286.0,1.0,0.0
18,16068,TIDC,NG,241.9,1.0,0.0
18,1990,TPWR,BIO,63.999999999999886,1.0,0.0
18,10145,TPWR,BIO,26.0,1.0,0.0
18,13976,WACM,NG,491.0,1.0,0.0
18,13986,WACM,NG,100.0,1.0,0.0
18,13987,WACM,NG,40.0,1.0,0.0
18,15948,WACM,NG,400.4,1.0,0.0
18,15949,WACM,NG,153.9,1.0,0.0
18,13494,WALC,NG,590.8,1.0,0.0
18,13495,WALC,NG,550.0,1.0,0.0
18,15962,WALC,NG,478.4,1.0,0.0
18,16056,WALC,NG,336.0,1.0,0.0
18,16057,WALC,NG,336.0,1.0,0.0
18,1115,CISO,NG,267.0,1.0,0.0
18,1116,CISO,NG,266.0,1.0,0.0
18,1117,CISO,NG,266.0,1.0,0.0
18,1118,CISO,NG,267.0,1.0,0.0
18,1405,CISO,NG,3.105,1.0,0.0
18,1445,CISO,NG,56.2,1.0,0.0
18,1447,CISO,NG,21.384,1.0,0.0
18,1448,CISO,NG,21.384,1.0,0.0
18,1449,CISO,NG,21.384,1.0,0.0
18,9895,CISO,NG,83.24667,1.0,0.0
18,9896,CISO,NG,41.62333,1.0,0.0
18,10214,CISO,NG,625.0,1.0,0.0
18,15255,CISO,NG,322.0,1.0,0.0
18,15908,CISO,NG,493.63,1.0,0.0
18,15939,CISO,NG,247.29,1.0,0.0
18,15940,CISO,NG,247.29,1.0,0.0
18,15943,CISO,NG,275.85,1.0,0.0
18,15944,CISO,NG,275.85,1.0,0.0
18,15975,CISO,NG,283.3333,1.0,0.0
18,15978,CISO,NG,336.9,1.0,0.0
18,16018,CISO,NG,277.5,1.0,0.0
18,16019,CISO,NG,277.5,1.0,0.0
18,16020,CISO,NG,277.5,1.0,0.0
18,16021,CISO,NG,277.5,1.0,0.0
18,16032,CISO,NG,294.105,1.0,0.0
18,16033,CISO,NG,294.105,1.0,0.0
18,16034,CISO,NG,266.49,1.0,0.0
18,16035,CISO,NG,266.49,1.0,0.0
18,16058,CISO,NG,293.01,1.0,0.0
18,16059,CISO,NG,293.01,1.0,0.0
18,13304,SRP,NUCLEAR,1372.2,1.0,0.0
18,13305,SRP,NUCLEAR,1375.05,1.0,0.0
18,13306,SRP,NUCLEAR,1373.15,1.0,0.0
18,15322,AZPS,NG,174.0,1.0,0.0
18,15323,AZPS,NG,174.0,1.0,0.0
18,15324,AZPS,NG,174.0,1.0,0.0
18,15325,AZPS,NG,174.0,1.0,0.0
18,15326,AZPS,NG,174.0,1.0,0.0
18,15327,AZPS,NG,174.0,1.0,0.0
18,14088,BANC,NG,81.0,1.0,0.0
18,17274,LDWP,NG,34.5,1.0,1.0
18,17031,LDWP,NG,10.0,1.0,0.0
18,13614,LDWP,NG,110.0,1.0,0.0
18,17212,LDWP,NG,398.0,1.0,0.0
18,17210,LDWP,NG,398.0,1.0,0.0
18,13284,TEPC,NG,549.9999999999995,1.0,0.0
18,13403,TEPC,NG,540.0,1.0,0.0
18,13404,TEPC,NG,540.0,1.0,0.0
18,13295,AZPS,COAL,818.1,1.0,0.0
18,3504,IPCO,COAL,307.0,1.0,0.0
18,3505,IPCO,COAL,307.0,1.0,0.0
18,3694,IPCO,COAL,50.0,1.0,0.0
18,3695,IPCO,COAL,25.0,1.0,0.0
18,3696,IPCO,COAL,25.0,1.0,0.0
18,3582,NEVP,COAL,268.0,1.0,0.0
18,3583,NEVP,COAL,254.0,1.0,0.0
18,3507,NWMT,COAL,740.0001,1.0,0.0
18,3506,NWMT,COAL,740.0,1.0,0.0
18,3497,NWMT,COAL,135.0,1.0,0.0
18,3510,NWMT,COAL,64.0,1.0,0.0
18,3391,PACE,COAL,584.0,1.0,0.0
18,3461,PACE,COAL,577.9,1.0,0.0
18,3463,PACE,COAL,531.0,1.0,0.0
18,3462,PACE,COAL,527.0,1.0,0.0
18,3656,PACE,COAL,517.5,1.0,0.0
18,3619,PACE,COAL,499.5,1.0,0.0
18,3655,PACE,COAL,498.0,1.0,0.0
18,3638,PACE,COAL,495.6,1.0,0.0
18,3637,PACE,COAL,488.3,1.0,0.0
18,3636,PACE,COAL,488.3,1.0,0.0
18,3698,PACE,COAL,362.1,1.0,0.0
18,3635,PACE,COAL,360.0,1.0,0.0
18,3634,PACE,COAL,229.5,1.0,0.0
18,11093,PACE,COAL,217.6,1.0,0.0
18,13294,PNM,COAL,271.0,1.0,0.0
18,13796,PSCO,COAL,552.28,1.0,0.0
18,13888,PSCO,COAL,467.261,1.0,0.0
18,14002,PSCO,COAL,428.0,1.0,0.0
18,14129,PSCO,COAL,380.8,1.0,0.0
18,13787,PSCO,COAL,335.0,1.0,0.0
18,13786,PSCO,COAL,325.0,1.0,0.0
18,13960,PSCO,COAL,49.65,1.0,0.0
18,13386,SRP,COAL,750.0,1.0,0.0
18,13387,SRP,COAL,750.0,1.0,0.0
18,13388,SRP,COAL,750.0,1.0,0.0
18,13385,SRP,COAL,382.0,1.0,0.0
18,13384,SRP,COAL,380.0,1.0,0.0
18,13389,TEPC,COAL,424.8,1.0,0.0
18,4029,WACM,COAL,621.0,1.0,0.0
18,4030,WACM,COAL,621.0,1.0,0.0
18,14004,WACM,COAL,448.0,1.0,0.0
18,14003,WACM,COAL,428.0,1.0,0.0
18,14001,WACM,COAL,405.0,1.0,0.0
18,14009,WACM,COAL,275.4,1.0,0.0
18,13958,WACM,COAL,207.0,1.0,0.0
18,14008,WACM,COAL,190.0,1.0,0.0
18,13962,WACM,COAL,141.031,1.0,0.0
18,13983,WACM,COAL,116.2,1.0,0.0
18,13982,WACM,COAL,95.0,1.0,0.0
18,13981,WACM,COAL,88.0,1.0,0.0
18,13961,WACM,COAL,83.19,1.0,0.0
18,13943,WACM,COAL,80.0,1.0,0.0
18,13422,WALC,COAL,204.0,1.0,0.0
19,3049,AESO,BIO,18.0,1.0,0.0
19,3243,AESO,BIO,22.335,1.0,0.0
19,3284,AESO,BIO,25.0,1.0,0.0
19,3292,AESO,BIO,11.6,1.0,0.0
19,3343,AESO,BIO,18.0,1.0,0.0
19,3384,AESO,BIO,41.0,1.0,0.0
19,3385,AESO,BIO,41.0,1.0,0.0
19,3386,AESO,BIO,17.0,1.0,0.0
19,3387,AESO,BIO,32.0,1.0,0.0
19,9565,AESO,BIO,20.0,1.0,0.0
19,9566,AESO,BIO,30.0,1.0,0.0
19,9592,AESO,BIO,48.0,1.0,0.0
19,13106,AESO,BIO,43.0,1.0,0.0
19,3218,AESO,NG,407.0,1.0,0.0
19,3219,AESO,NG,148.0,1.0,0.0
19,3220,AESO,NG,148.0,1.0,0.0
19,3221,AESO,NG,408.0,1.0,0.0
19,3222,AESO,NG,408.0,1.0,0.0
19,3238,AESO,NG,151.0,1.0,0.0
19,9198,AESO,NG,280.0,1.0,0.0
19,3017,AESO,NG,101.0,1.0,0.0
19,3041,AESO,NG,2.2,1.0,0.0
19,3042,AESO,NG,2.2,1.0,0.0
19,3043,AESO,NG,2.2,1.0,0.0
19,3044,AESO,NG,2.2,1.0,0.0
19,3047,AESO,NG,105.0,1.0,0.0
19,3072,AESO,NG,101.0,1.0,0.0
19,3096,AESO,NG,3.24,1.0,0.0
19,3126,AESO,NG,46.0,1.0,0.0
19,3139,AESO,NG,3.0,1.0,0.0
19,3190,AESO,NG,21.6,1.0,0.0
19,3217,AESO,NG,48.0,1.0,0.0
19,3232,AESO,NG,101.0,1.0,0.0
19,3235,AESO,NG,50.0,1.0,0.0
19,3244,AESO,NG,50.0,1.0,0.0
19,3245,AESO,NG,20.25,1.0,0.0
19,3249,AESO,NG,36.5,1.0,0.0
19,3250,AESO,NG,36.5,1.0,0.0
19,3254,AESO,NG,101.0,1.0,0.0
19,3259,AESO,NG,10.66,1.0,0.0
19,3262,AESO,NG,30.0,1.0,0.0
19,3263,AESO,NG,10.348,1.0,0.0
19,3264,AESO,NG,30.0,1.0,0.0
19,3357,AESO,NG,1.8,1.0,0.0
19,3358,AESO,NG,1.8,1.0,0.0
19,3359,AESO,NG,2.94,1.0,0.0
19,3370,AESO,NG,47.5,1.0,0.0
19,5241,AESO,NG,48.0,1.0,0.0
19,5274,AESO,NG,48.0,1.0,0.0
19,5302,AESO,NG,48.0,1.0,0.0
19,5802,AESO,NG,120.0,1.0,0.0
19,6087,AESO,NG,330.0,1.0,0.0
19,6150,AESO,NG,120.0,1.0,0.0
19,6611,AESO,NG,128.0,1.0,0.0
19,7724,AESO,NG,3.6,1.0,0.0
19,7725,AESO,NG,3.15,1.0,0.0
19,7727,AESO,NG,2.7,1.0,0.0
19,7851,AESO,NG,1.35,1.0,0.0
19,7852,AESO,NG,0.9,1.0,0.0
19,8055,AESO,NG,7.2,1.0,0.0
19,8417,AESO,NG,63.45,1.0,0.0
19,8781,AESO,NG,1.35,1.0,0.0
19,8782,AESO,NG,1.575,1.0,0.0
19,8783,AESO,NG,1.35,1.0,0.0
19,10169,AESO,NG,195.0,1.0,0.0
19,10179,AESO,NG,870.0,1.0,0.0
19,13123,AESO,NG,6.3,1.0,0.0
19,13124,AESO,NG,6.3,1.0,0.0
19,13127,AESO,NG,10.0,1.0,0.0
19,13133,AESO,NG,16.8,1.0,0.0
19,13136,AESO,NG,16.5,1.0,0.0
19,13137,AESO,NG,10.0,1.0,0.0
19,14585,AESO,NG,8.61,1.0,0.0
19,14586,AESO,NG,9.45,1.0,0.0
19,14605,AESO,NG,199.0,1.0,0.0
19,14624,AESO,NG,21.0,1.0,0.0
19,14625,AESO,NG,21.0,1.0,0.0
19,14644,AESO,NG,21.0,1.0,0.0
19,14662,AESO,NG,21.0,1.0,0.0
19,15659,AESO,NG,164.4,1.0,0.0
19,15660,AESO,NG,164.4,1.0,0.0
19,15661,AESO,NG,406.0,1.0,0.0
19,15662,AESO,NG,406.0,1.0,0.0
19,15663,AESO,NG,353.0,1.0,0.0
19,15667,AESO,NG,401.0,1.0,0.0
19,16052,AESO,NG,605.2,1.0,0.0
19,16053,AESO,NG,262.8,1.0,0.0
19,2167,AVA,BIO,50.7,1.0,0.0
19,2190,AVA,BIO,6.2,1.0,0.0
19,2200,AVA,BIO,26.0,1.0,0.0
19,2206,AVA,BIO,28.8,1.0,0.0
19,2207,AVA,BIO,65.0,1.0,0.0
19,2198,AVA,NG,83.3,1.0,0.0
19,2199,AVA,NG,83.3,1.0,0.0
19,8427,AVA,NG,301.49,1.0,0.0
19,9848,AVA,NG,287.0,1.0,0.0
19,14033,AZPS,BIO,27.99999999999909,1.0,0.0
19,16040,AZPS,NG,252.4,1.0,0.0
19,16041,AZPS,NG,252.4,1.0,0.0
19,16042,AZPS,NG,252.4,1.0,0.0
19,16043,AZPS,NG,252.4,1.0,0.0
19,16070,AZPS,NG,385.0,1.0,0.0
19,13687,BANC,BIO,3.5,1.0,0.0
19,13688,BANC,BIO,3.5,1.0,0.0
19,13689,BANC,BIO,3.5,1.0,0.0
19,13690,BANC,BIO,3.5,1.0,0.0
19,13691,BANC,BIO,3.5,1.0,0.0
19,15928,BANC,NG,265.0,1.0,0.0
19,15929,BANC,NG,265.0,1.0,0.0
19,16060,BANC,NG,274.5,1.0,0.0
19,16061,BANC,NG,274.5,1.0,0.0
19,2516,BCHA,BIO,66.0,1.0,0.0
19,2581,BCHA,BIO,16.39,1.0,0.0
19,2634,BCHA,BIO,20.39,1.0,0.0
19,2644,BCHA,BIO,24.75,1.0,0.0
19,2645,BCHA,BIO,1.667,1.0,0.0
19,2646,BCHA,BIO,1.667,1.0,0.0
19,2647,BCHA,BIO,1.667,1.0,0.0
19,2648,BCHA,BIO,1.851,1.0,0.0
19,2691,BCHA,BIO,32.0,1.0,0.0
19,2744,BCHA,BIO,16.0,1.0,0.0
19,2745,BCHA,BIO,28.0,1.0,0.0
19,2746,BCHA,BIO,32.0,1.0,0.0
19,2766,BCHA,BIO,7.5,1.0,0.0
19,2990,BCHA,BIO,52.29,1.0,0.0
19,2991,BCHA,BIO,48.0,1.0,0.0
19,6066,BCHA,BIO,4.8,1.0,0.0
19,6104,BCHA,BIO,36.0,1.0,0.0
19,6121,BCHA,BIO,32.7,1.0,0.0
19,6122,BCHA,BIO,28.69,1.0,0.0
19,6155,BCHA,BIO,1.26,1.0,0.0
19,6833,BCHA,BIO,1.03,1.0,0.0
19,7014,BCHA,BIO,0.34,1.0,0.0
19,7068,BCHA,BIO,55.0,1.0,0.0
19,7171,BCHA,BIO,62.5,1.0,0.0
19,7172,BCHA,BIO,50.0,1.0,0.0
19,8349,BCHA,BIO,38.0,1.0,0.0
19,11890,BCHA,BIO,1.0,1.0,0.0
19,11891,BCHA,BIO,1.0,1.0,0.0
19,15470,BCHA,BIO,28.0,1.0,0.0
19,15471,BCHA,BIO,16.0,1.0,0.0
19,15664,BCHA,BIO,38.7,1.0,0.0
19,10736,BCHA,GEO,107.0,1.0,0.0
19,2517,BCHA,NG,55.0,1.0,0.0
19,2518,BCHA,NG,55.0,1.0,0.0
19,2589,BCHA,NG,6.9,1.0,0.0
19,2590,BCHA,NG,7.128218078880991,1.0,0.0
19,3040,AESO,NG,2.4,1.0,0.0
19,5051,BCHA,NG,290.0,1.0,0.0
19,6625,AESO,NG,11.25,1.0,0.0
19,6755,AESO,NG,101.0,1.0,0.0
19,7003,AESO,NG,27.9,1.0,0.0
19,7541,AESO,NG,39.0,1.0,0.0
19,7726,AESO,NG,1.845,1.0,0.0
19,8260,AESO,NG,20.7,1.0,0.0
19,8632,AESO,NG,2.475,1.0,0.0
19,9134,AESO,NG,9.0,1.0,0.0
19,9218,AESO,NG,75.0,1.0,0.0
19,9219,AESO,NG,189.2,1.0,0.0
19,9329,AESO,NG,85.0,1.0,0.0
19,11725,AESO,NG,1.0,1.0,0.0
19,11726,AESO,NG,1.0,1.0,0.0
19,11841,AESO,NG,1.0,1.0,0.0
19,11842,AESO,NG,1.0,1.0,0.0
19,11914,AESO,NG,1.0,1.0,0.0
19,11915,AESO,NG,1.0,1.0,0.0
19,11916,AESO,NG,1.0,1.0,0.0
19,13122,AESO,NG,6.5,1.0,0.0
19,13128,AESO,NG,15.0,1.0,0.0
19,13129,AESO,NG,15.0,1.0,0.0
19,15656,AESO,NG,408.0,1.0,0.0
19,15657,AESO,NG,418.5,1.0,0.0
19,15658,AESO,NG,430.0,1.0,0.0
19,15675,AESO,NG,1.0,1.0,0.0
19,15676,AESO,NG,1.0,1.0,0.0
19,15677,AESO,NG,3.0,1.0,0.0
19,1972,BPAT,BIO,40.0,1.0,0.0
19,2051,BPAT,BIO,18.0,1.0,0.0
19,2076,BPAT,BIO,14.7,1.0,0.0
19,2077,BPAT,BIO,20.0,1.0,0.0
19,2078,BPAT,BIO,25.0,1.0,0.0
19,2079,BPAT,BIO,12.25,1.0,0.0
19,6343,BPAT,BIO,0.8,1.0,0.0
19,6344,BPAT,BIO,0.8,1.0,0.0
19,6345,BPAT,BIO,1.5,1.0,0.0
19,6346,BPAT,BIO,1.5,1.0,0.0
19,9593,BPAT,BIO,5.0,1.0,0.0
19,9595,BPAT,BIO,31.28,1.0,0.0
19,13116,BPAT,BIO,12.5,1.0,0.0
19,14182,BPAT,BIO,17.2,1.0,0.0
19,14186,BPAT,BIO,37.2,1.0,0.0
19,14572,BPAT,BIO,36.0,1.0,0.0
19,2063,BPAT,NG,265.0,1.0,0.0
19,6835,BPAT,NG,269.2,1.0,0.0
19,14571,BPAT,NG,9.9,1.0,0.0
19,2491,BPAT,NUCLEAR,1186.0,1.0,0.0
19,437,CENACE,GEO,25.0,1.0,0.0
19,438,CENACE,GEO,25.0,1.0,0.0
19,439,CENACE,GEO,25.0,1.0,0.0
19,440,CENACE,GEO,25.0,1.0,0.0
19,441,CENACE,GEO,30.0,1.0,0.0
19,446,CENACE,GEO,110.0,1.0,0.0
19,447,CENACE,GEO,110.0,1.0,0.0
19,448,CENACE,GEO,110.0,1.0,0.0
19,457,CENACE,GEO,110.0,1.0,0.0
19,8227,CENACE,NG,277.0,1.0,0.0
19,14839,CENACE,NG,248.0,1.0,0.0
19,15254,CENACE,NG,793.0,1.0,0.0
19,15341,CENACE,NG,1.0,1.0,0.0
19,15991,CENACE,NG,165.0,1.0,0.0
19,15992,CENACE,NG,165.0,1.0,0.0
19,15993,CENACE,NG,405.0,1.0,0.0
19,548,CISO,BIO,2.999999999994543,1.0,0.0
19,549,CISO,BIO,0.95,1.0,0.0
19,550,CISO,BIO,5.0,1.0,0.0
19,551,CISO,BIO,3.0,1.0,0.0
19,555,CISO,BIO,2.9,1.0,0.0
19,570,CISO,BIO,1.88,1.0,0.0
19,572,CISO,BIO,1.88,1.0,0.0
19,629,CISO,BIO,47.0,1.0,0.0
19,633,CISO,BIO,34.0,1.0,0.0
19,795,CISO,BIO,24.5,1.0,0.0
19,836,CISO,BIO,1.3,1.0,0.0
19,1008,CISO,BIO,1.88,1.0,0.0
19,1156,CISO,BIO,10.5,1.0,0.0
19,1168,CISO,BIO,10.8,1.0,0.0
19,1187,CISO,BIO,24.48,1.0,0.0
19,1188,CISO,BIO,22.0,1.0,0.0
19,1300,CISO,BIO,12.0,1.0,0.0
19,1331,CISO,BIO,57.43,1.0,0.0
19,1392,CISO,BIO,24.2,1.0,0.0
19,1398,CISO,BIO,2.57,1.0,0.0
19,1399,CISO,BIO,2.57,1.0,0.0
19,1400,CISO,BIO,2.57,1.0,0.0
19,1401,CISO,BIO,2.57,1.0,0.0
19,1402,CISO,BIO,2.57,1.0,0.0
19,1403,CISO,BIO,2.57,1.0,0.0
19,1404,CISO,BIO,2.57,1.0,0.0
19,1413,CISO,BIO,10.0,1.0,0.0
19,1589,CISO,BIO,8.6,1.0,0.0
19,1590,CISO,BIO,5.7,1.0,0.0
19,1634,CISO,BIO,13.8,1.0,0.0
19,1635,CISO,BIO,12.5,1.0,0.0
19,1636,CISO,BIO,12.5,1.0,0.0
19,1637,CISO,BIO,12.5,1.0,0.0
19,1768,CISO,BIO,22.0,1.0,0.0
19,1774,CISO,BIO,13.1,1.0,0.0
19,1793,CISO,BIO,29.07,1.0,0.0
19,1794,CISO,BIO,25.5,1.0,0.0
19,1838,CISO,BIO,17.2,1.0,0.0
19,1839,CISO,BIO,24.4,1.0,1.0
19,5728,CISO,BIO,1.25,1.0,0.0
19,5729,CISO,BIO,1.25,1.0,0.0
19,5809,CISO,BIO,3.0,1.0,0.0
19,5865,CISO,BIO,0.75,1.0,0.0
19,5866,CISO,BIO,0.75,1.0,0.0
19,5872,CISO,BIO,14.4,1.0,0.0
19,5899,CISO,BIO,4.0,1.0,0.0
19,5900,CISO,BIO,3.7,1.0,0.0
19,5901,CISO,BIO,0.3,1.0,0.0
19,5999,CISO,BIO,37.828,1.0,0.0
19,6045,CISO,BIO,9.8,1.0,0.0
19,6069,CISO,BIO,4.6,1.0,0.0
19,6070,CISO,BIO,4.6,1.0,0.0
19,6071,CISO,BIO,4.6,1.0,0.0
19,6116,CISO,BIO,1.1,1.0,0.0
19,6117,CISO,BIO,1.1,1.0,0.0
19,6349,CISO,BIO,1.5,1.0,0.0
19,6352,CISO,BIO,1.2,1.0,0.0
19,6492,CISO,BIO,24.5,1.0,0.0
19,6601,CISO,BIO,1.5,1.0,0.0
19,6602,CISO,BIO,1.5,1.0,0.0
19,6603,CISO,BIO,1.5,1.0,0.0
19,6651,CISO,BIO,1.35,1.0,0.0
19,6652,CISO,BIO,1.35,1.0,0.0
19,6653,CISO,BIO,1.35,1.0,0.0
19,6756,CISO,BIO,0.7,1.0,0.0
19,7146,CISO,BIO,0.2,1.0,0.0
19,7147,CISO,BIO,0.2,1.0,0.0
19,7373,CISO,BIO,4.4,1.0,0.0
19,7374,CISO,BIO,3.0,1.0,0.0
19,7388,CISO,BIO,27.15,1.0,0.0
19,7556,CISO,BIO,0.8,1.0,0.0
19,7557,CISO,BIO,0.8,1.0,0.0
19,7558,CISO,BIO,0.8,1.0,0.0
19,7559,CISO,BIO,0.8,1.0,0.0
19,7560,CISO,BIO,0.8,1.0,0.0
19,7561,CISO,BIO,0.8,1.0,0.0
19,7780,CISO,BIO,2.9,1.0,0.0
19,7816,CISO,BIO,1.3,1.0,0.0
19,7840,CISO,BIO,1.25,1.0,0.0
19,7841,CISO,BIO,1.25,1.0,0.0
19,7860,CISO,BIO,3.0,1.0,0.0
19,7861,CISO,BIO,3.0,1.0,0.0
19,7862,CISO,BIO,1.6,1.0,0.0
19,7868,CISO,BIO,1.95,1.0,0.0
19,7869,CISO,BIO,4.9,1.0,0.0
19,8080,CISO,BIO,23.8,1.0,0.0
19,8084,CISO,BIO,1.88,1.0,0.0
19,8085,CISO,BIO,1.88,1.0,0.0
19,8162,CISO,BIO,1.6,1.0,0.0
19,8163,CISO,BIO,2.7,1.0,0.0
19,8311,CISO,BIO,0.46,1.0,0.0
19,8312,CISO,BIO,2.29,1.0,0.0
19,8313,CISO,BIO,2.2,1.0,0.0
19,8371,CISO,BIO,3.0,1.0,0.0
19,8403,CISO,BIO,2.8,1.0,0.0
19,8404,CISO,BIO,3.3,1.0,0.0
19,8405,CISO,BIO,3.3,1.0,0.0
19,8406,CISO,BIO,3.3,1.0,0.0
19,8434,CISO,BIO,1.2,1.0,0.0
19,8682,CISO,BIO,3.0,1.0,0.0
19,8685,CISO,BIO,11.16,1.0,0.0
19,8811,CISO,BIO,1.3,1.0,0.0
19,8812,CISO,BIO,1.3,1.0,0.0
19,9227,CISO,BIO,3.0,1.0,0.0
19,9228,CISO,BIO,1.2,1.0,0.0
19,9229,CISO,BIO,1.2,1.0,0.0
19,9242,CISO,BIO,3.05,1.0,0.0
19,9322,CISO,BIO,2.8,1.0,0.0
19,9337,CISO,BIO,1.8,1.0,0.0
19,9338,CISO,BIO,1.8,1.0,0.0
19,9399,CISO,BIO,1.2,1.0,0.0
19,9723,CISO,BIO,0.5,1.0,0.0
19,10025,CISO,BIO,1.6,1.0,0.0
19,10026,CISO,BIO,1.0,1.0,0.0
19,10027,CISO,BIO,1.0,1.0,0.0
19,10028,CISO,BIO,1.4,1.0,0.0
19,10227,CISO,BIO,35.2,1.0,0.0
19,11103,CISO,BIO,28.24,1.0,0.0
19,11120,CISO,BIO,50.0,1.0,0.0
19,11138,CISO,BIO,5.0,1.0,0.0
19,12396,CISO,BIO,1.0,1.0,0.0
19,12397,CISO,BIO,0.4,1.0,0.0
19,12837,CISO,BIO,1.5,1.0,0.0
19,13104,CISO,BIO,50.0,1.0,0.0
19,13107,CISO,BIO,30.0,1.0,0.0
19,14499,CISO,BIO,26.5,1.0,0.0
19,14833,CISO,BIO,18.13,1.0,0.0
19,14884,CISO,BIO,1.2,1.0,0.0
19,14896,CISO,BIO,5.0,1.0,0.0
19,15377,CISO,BIO,12.0,1.0,0.0
19,15432,CISO,BIO,32.0,1.0,0.0
19,15783,CISO,BIO,4.7,1.0,0.0
19,15794,CISO,BIO,28.5,1.0,0.0
19,15797,CISO,BIO,24.0,1.0,0.0
19,15798,CISO,BIO,24.0,1.0,0.0
19,442,CISO,GEO,35.7,1.0,0.0
19,443,CISO,GEO,35.7,1.0,0.0
19,444,CISO,GEO,35.7,1.0,0.0
19,445,CISO,GEO,35.7,1.0,0.0
19,656,CISO,GEO,26.66667,1.0,0.0
19,657,CISO,GEO,26.66667,1.0,0.0
19,658,CISO,GEO,26.66667,1.0,0.0
19,663,CISO,GEO,16.0,1.0,0.0
19,664,CISO,GEO,16.0,1.0,0.0
19,665,CISO,GEO,16.0,1.0,0.0
19,1005,CISO,GEO,30.0,1.0,0.0
19,1006,CISO,GEO,30.0,1.0,0.0
19,1007,CISO,GEO,30.0,1.0,0.0
19,1265,CISO,GEO,1.5,1.0,0.0
19,1266,CISO,GEO,1.5,1.0,0.0
19,1597,CISO,GEO,11.0,1.0,0.0
19,1598,CISO,GEO,11.0,1.0,0.0
19,1602,CISO,GEO,47.0,1.0,0.0
19,1603,CISO,GEO,50.0,1.0,0.0
19,1604,CISO,GEO,72.0,1.0,0.0
19,1605,CISO,GEO,75.5,1.0,0.0
19,1606,CISO,GEO,27.5,1.0,0.0
19,1607,CISO,GEO,63.0,1.0,0.0
19,1608,CISO,GEO,70.0,1.0,0.0
19,1609,CISO,GEO,73.0,1.0,0.0
19,1610,CISO,GEO,57.0,1.0,0.0
19,1611,CISO,GEO,86.8,1.0,0.0
19,1612,CISO,GEO,47.9,1.0,0.0
19,1613,CISO,GEO,47.9,1.0,0.0
19,1614,CISO,GEO,49.215,1.0,0.0
19,1615,CISO,GEO,49.215,1.0,0.0
19,1616,CISO,GEO,12.5,1.0,0.0
19,1617,CISO,GEO,12.5,1.0,0.0
19,1618,CISO,GEO,6.5,1.0,0.0
19,1619,CISO,GEO,6.5,1.0,0.0
19,1620,CISO,GEO,36.0,1.0,0.0
19,1621,CISO,GEO,36.0,1.0,0.0
19,7684,CISO,GEO,20.0,1.0,0.0
19,7942,CISO,GEO,11.0,1.0,0.0
19,7943,CISO,GEO,11.0,1.0,0.0
19,8300,CISO,GEO,5.0,1.0,0.0
19,8301,CISO,GEO,5.0,1.0,0.0
19,8302,CISO,GEO,5.0,1.0,0.0
19,11122,CISO,GEO,78.0,1.0,0.0
19,13026,CISO,GEO,14.0,1.0,0.0
19,13102,CISO,GEO,51.9,1.0,0.0
19,13103,CISO,GEO,51.9,1.0,0.0
19,13105,CISO,GEO,59.0,1.0,0.0
19,14055,CISO,GEO,38.85,1.0,0.0
19,14056,CISO,GEO,50.0,1.0,0.0
19,14057,CISO,GEO,42.42,1.0,0.0
19,14058,CISO,GEO,52.73,1.0,0.0
19,14848,CISO,GEO,30.0,1.0,0.0
19,14923,CISO,GEO,38.0,1.0,0.0
19,15381,CISO,GEO,20.0,1.0,0.0
19,1248,CISO,NUCLEAR,1150.0,1.0,0.0
19,1249,CISO,NUCLEAR,1150.0,1.0,0.0
19,13507,IID,BIO,27.0,1.0,0.0
19,13560,IID,BIO,55.5,1.0,0.0
19,13561,IID,BIO,21.0,1.0,0.0
19,13509,IID,GEO,53.0,1.0,0.0
19,13510,IID,GEO,8.75,1.0,0.0
19,13511,IID,GEO,4.37,1.0,0.0
19,13516,IID,GEO,34.39,1.0,0.0
19,13517,IID,GEO,34.39,1.0,0.0
19,13519,IID,GEO,34.39,1.0,0.0
19,13520,IID,GEO,29.0,1.0,0.0
19,13521,IID,GEO,9.19,1.0,0.0
19,13522,IID,GEO,10.5,1.0,0.0
19,13523,IID,GEO,49.0,1.0,0.0
19,13524,IID,GEO,50.0,1.0,0.0
19,13543,IID,GEO,33.0,1.0,0.0
19,13544,IID,GEO,16.0,1.0,0.0
19,13554,IID,GEO,49.89,1.0,0.0
19,13555,IID,GEO,4.79,1.0,0.0
19,13556,IID,GEO,4.5,1.0,0.0
19,13557,IID,GEO,11.1,1.0,0.0
19,13558,IID,GEO,11.0,1.0,0.0
19,13559,IID,GEO,50.0,1.0,0.0
19,13562,IID,GEO,21.6,1.0,0.0
19,13563,IID,GEO,8.0,1.0,0.0
19,13564,IID,GEO,22.0,1.0,0.0
19,13570,IID,GEO,24.0,1.0,0.0
19,13571,IID,GEO,15.0,1.0,0.0
19,13572,IID,GEO,18.5,1.0,0.0
19,13573,IID,GEO,7.0,1.0,0.0
19,13574,IID,GEO,8.45,1.0,0.0
19,13578,IID,GEO,16.0,1.0,0.0
19,13579,IID,GEO,16.0,1.0,0.0
19,13580,IID,GEO,16.0,1.0,0.0
19,13581,IID,GEO,16.0,1.0,0.0
19,13582,IID,GEO,16.0,1.0,0.0
19,13583,IID,GEO,16.0,1.0,0.0
19,13584,IID,GEO,16.0,1.0,0.0
19,3434,IPCO,BIO,5.0,1.0,0.0
19,6118,IPCO,BIO,0.8,1.0,0.0
19,6119,IPCO,BIO,0.8,1.0,0.0
19,6120,IPCO,BIO,0.8,1.0,0.0
19,7116,IPCO,BIO,1.6,1.0,0.0
19,7117,IPCO,BIO,1.6,1.0,0.0
19,8549,IPCO,BIO,2.0,1.0,0.0
19,8550,IPCO,BIO,2.0,1.0,0.0
19,10116,IPCO,BIO,7.5,1.0,0.0
19,3400,IPCO,GEO,18.0,1.0,0.0
19,7941,IPCO,GEO,11.0,1.0,0.0
19,3407,IPCO,NG,170.9,1.0,0.0
19,7185,IPCO,NG,2.0,1.0,0.0
19,7188,IPCO,NG,2.0,1.0,0.0
19,7189,IPCO,NG,2.0,1.0,0.0
19,7509,IPCO,NG,330.0,1.0,0.0
19,8599,IPCO,NG,4.16,1.0,0.0
19,15899,LDWP,NG,275.0,1.0,0.0
19,15900,LDWP,NG,275.0,1.0,0.0
19,13714,NEVP,GEO,20.0,1.0,0.0
19,13715,NEVP,GEO,60.0,1.0,0.0
19,13716,NEVP,GEO,10.1,1.0,0.0
19,13717,NEVP,GEO,19.2,1.0,0.0
19,13718,NEVP,GEO,11.8,1.0,0.0
19,13719,NEVP,GEO,11.8,1.0,0.0
19,13720,NEVP,GEO,11.8,1.0,0.0
19,13721,NEVP,GEO,11.8,1.0,0.0
19,13724,NEVP,GEO,8.0,1.0,0.0
19,13725,NEVP,GEO,8.0,1.0,0.0
19,13726,NEVP,GEO,8.0,1.0,0.0
19,13727,NEVP,GEO,18.9,1.0,0.0
19,13728,NEVP,GEO,11.3,1.0,0.0
19,13729,NEVP,GEO,11.3,1.0,0.0
19,13730,NEVP,GEO,11.3,1.0,0.0
19,13731,NEVP,GEO,11.3,1.0,0.0
19,13732,NEVP,GEO,11.25,1.0,0.0
19,13733,NEVP,GEO,11.25,1.0,0.0
19,13734,NEVP,GEO,25.0,1.0,0.0
19,13752,NEVP,GEO,15.0,1.0,0.0
19,13753,NEVP,GEO,15.0,1.0,0.0
19,13754,NEVP,GEO,15.0,1.0,0.0
19,13755,NEVP,GEO,15.0,1.0,0.0
19,13756,NEVP,GEO,26.5,1.0,0.0
19,13757,NEVP,GEO,10.0,1.0,0.0
19,13758,NEVP,GEO,10.0,1.0,0.0
19,13759,NEVP,GEO,10.0,1.0,0.0
19,13760,NEVP,GEO,16.5,1.0,0.0
19,13762,NEVP,GEO,25.0,1.0,0.0
19,13763,NEVP,GEO,16.0,1.0,0.0
19,13764,NEVP,GEO,16.0,1.0,0.0
19,13765,NEVP,GEO,21.3,1.0,0.0
19,13766,NEVP,GEO,21.3,1.0,0.0
19,13767,NEVP,GEO,21.3,1.0,0.0
19,13769,NEVP,GEO,20.0,1.0,0.0
19,13770,NEVP,GEO,20.0,1.0,0.0
19,13771,NEVP,GEO,12.0,1.0,0.0
19,13772,NEVP,GEO,11.8,1.0,0.0
19,13774,NEVP,GEO,20.0,1.0,0.0
19,13775,NEVP,GEO,20.0,1.0,0.0
19,13776,NEVP,GEO,12.0,1.0,0.0
19,13427,NEVP,NG,105.0,1.0,0.0
19,13428,NEVP,NG,250.0,1.0,0.0
19,13429,NEVP,NG,250.0,1.0,0.0
19,13430,NEVP,NG,142.5,1.0,0.0
19,13432,NEVP,NG,99.58,1.0,0.0
19,13433,NEVP,NG,96.26,1.0,0.0
19,13434,NEVP,NG,111.26,1.0,0.0
19,13440,NEVP,NG,566.0,1.0,0.0
19,13441,NEVP,NG,735.0,1.0,0.0
19,13442,NEVP,NG,641.4,1.0,0.0
19,13443,NEVP,NG,521.7,1.0,0.0
19,13444,NEVP,NG,585.0,1.0,0.0
19,13445,NEVP,NG,585.0,1.0,0.0
19,13449,NEVP,NG,112.4,1.0,0.0
19,13450,NEVP,NG,112.4,1.0,0.0
19,13749,NEVP,NG,8.4,1.0,1.0
19,13773,NEVP,NG,530.0,1.0,0.0
19,15914,NEVP,NG,403.0,1.0,0.0
19,15916,NEVP,NG,659.6,1.0,0.0
19,15922,NEVP,NG,185.0,1.0,0.0
19,15924,NEVP,NG,185.0,1.0,0.0
19,15966,NEVP,NG,260.85,1.0,0.0
19,15972,NEVP,NG,356.0,1.0,0.0
19,15994,NEVP,NG,60.5,1.0,0.0
19,15995,NEVP,NG,60.5,1.0,0.0
19,15996,NEVP,NG,181.5,1.0,0.0
19,16028,NEVP,NG,367.5,1.0,0.0
19,16029,NEVP,NG,367.5,1.0,0.0
19,16054,NEVP,NG,540.6,1.0,0.0
19,16064,NEVP,NG,624.0,1.0,0.0
19,3476,NWMT,NG,6.0,1.0,0.0
19,3477,NWMT,NG,6.0,1.0,0.0
19,3478,NWMT,NG,6.0,1.0,0.0
19,3522,NWMT,NG,6.0,1.0,0.0
19,3523,NWMT,NG,6.0,1.0,0.0
19,3524,NWMT,NG,6.0,1.0,0.0
19,3525,NWMT,NG,6.0,1.0,0.0
19,3526,NWMT,NG,6.0,1.0,0.0
19,3527,NWMT,NG,6.0,1.0,0.0
19,3528,NWMT,NG,6.0,1.0,0.0
19,3529,NWMT,NG,6.0,1.0,0.0
19,3530,NWMT,NG,6.0,1.0,0.0
19,3617,PACE,GEO,26.1,1.0,0.0
19,3618,PACE,GEO,12.0,1.0,0.0
19,3612,PACE,NG,17.0,1.0,0.0
19,3613,PACE,NG,17.0,1.0,0.0
19,3614,PACE,NG,17.0,1.0,0.0
19,3639,PACE,NG,16.106,1.0,0.0
19,3640,PACE,NG,16.106,1.0,0.0
19,3641,PACE,NG,16.2,1.0,0.0
19,3646,PACE,NG,60.4,1.0,0.0
19,3718,PACE,NG,13.5,1.0,0.0
19,3719,PACE,NG,13.5,1.0,0.0
19,6466,PACE,NG,529.7,1.0,0.0
19,7184,PACE,NG,4.0,1.0,0.0
19,7186,PACE,NG,4.0,1.0,0.0
19,7187,PACE,NG,4.0,1.0,0.0
19,7491,PACE,NG,628.1,1.0,0.0
19,7494,PACE,NG,538.0,1.0,0.0
19,14694,PACE,NG,1.0,1.0,0.0
19,15930,PACE,NG,420.7,1.0,0.0
19,15987,PACE,NG,408.6,1.0,0.0
19,15988,PACE,NG,182.7,1.0,0.0
19,15989,PACE,NG,185.4,1.0,0.0
19,15990,PACE,NG,469.8,1.0,0.0
19,1889,PACW,BIO,7.4999999999990905,1.0,0.0
19,8587,PACW,BIO,10.0,1.0,0.0
19,11098,PACW,BIO,10.0,1.0,0.0
19,7432,PACW,NG,540.0,1.0,0.0
19,9960,PACW,NG,279.56,1.0,0.0
19,9961,PACW,NG,279.56,1.0,0.0
19,15985,PACW,NG,178.5,1.0,0.0
19,15986,PACW,NG,323.0,1.0,0.0
19,2346,PGE,BIO,10.0,1.0,0.0
19,5829,PGE,NG,476.698,1.0,0.0
19,9847,PGE,NG,296.0,1.0,0.0
19,10103,PGE,NG,483.3,1.0,0.0
19,10104,PGE,NG,18.8,1.0,0.0
19,10105,PGE,NG,18.8,1.0,0.0
19,10106,PGE,NG,18.8,1.0,0.0
19,10107,PGE,NG,18.8,1.0,0.0
19,10108,PGE,NG,18.8,1.0,0.0
19,10109,PGE,NG,18.8,1.0,0.0
19,10110,PGE,NG,18.8,1.0,0.0
19,10111,PGE,NG,18.8,1.0,0.0
19,10112,PGE,NG,18.8,1.0,0.0
19,10113,PGE,NG,18.8,1.0,0.0
19,10114,PGE,NG,18.8,1.0,0.0
19,10115,PGE,NG,18.8,1.0,0.0
19,15905,PGE,NG,292.36,1.0,0.0
19,6353,PNM,BIO,0.7999999999995453,1.0,0.0
19,6354,PNM,BIO,0.8,1.0,0.0
19,6355,PNM,BIO,0.8,1.0,0.0
19,6356,PNM,BIO,0.8,1.0,0.0
19,6357,PNM,BIO,0.8,1.0,0.0
19,6358,PNM,BIO,0.8,1.0,0.0
19,6359,PNM,BIO,0.8,1.0,0.0
19,6360,PNM,BIO,0.8,1.0,0.0
19,6483,PNM,BIO,4.5,1.0,0.0
19,6741,PNM,BIO,1.0,1.0,0.0
19,6752,PNM,BIO,1.6,1.0,0.0
19,6753,PNM,BIO,1.6,1.0,0.0
19,6754,PNM,BIO,1.6,1.0,0.0
19,7634,PNM,BIO,0.335,1.0,0.0
19,8319,PNM,BIO,3.0,1.0,0.0
19,8320,PNM,BIO,7.5,1.0,0.0
19,8517,PNM,BIO,0.8,1.0,0.0
19,8518,PNM,BIO,0.8,1.0,0.0
19,8519,PNM,BIO,0.8,1.0,0.0
19,8520,PNM,BIO,0.8,1.0,0.0
19,8521,PNM,BIO,0.8,1.0,0.0
19,8522,PNM,BIO,0.8,1.0,0.0
19,10202,PNM,BIO,8.0,1.0,0.0
19,10222,PNM,BIO,15.0,1.0,0.0
19,11101,PNM,BIO,11.5,1.0,0.0
19,11102,PNM,BIO,11.5,1.0,0.0
19,13110,PNM,BIO,19.8,1.0,0.0
19,13265,PNM,GEO,4.0,1.0,0.0
19,6828,PNM,NG,11.4,1.0,0.0
19,11104,PNM,NG,11.4,1.0,0.0
19,11105,PNM,NG,11.4,1.0,0.0
19,11106,PNM,NG,11.4,1.0,0.0
19,13228,PNM,NG,150.0,1.0,1.0
19,13240,PNM,NG,596.0,1.0,0.0
19,13243,PNM,NG,287.93,1.0,0.0
19,13503,PNM,NG,67.2,1.0,0.0
19,16004,PNM,NG,497.26,1.0,0.0
19,13785,PSCO,NG,602.0,1.0,0.0
19,13807,PSCO,NG,509.1741993138327,1.0,0.0
19,13813,PSCO,NG,396.9,1.0,0.0
19,13816,PSCO,NG,127.0,1.0,0.0
19,13869,PSCO,NG,622.0,1.0,0.0
19,15920,PSCO,NG,370.6,1.0,0.0
19,15945,PSCO,NG,517.69,1.0,0.0
19,16046,PSCO,NG,510.0,1.0,0.0
19,2398,PSEI,BIO,28.3,1.0,0.0
19,2399,PSEI,NG,71.2,1.0,0.0
19,6692,PSEI,NG,193.8,1.0,0.0
19,6749,PSEI,NG,253.44,1.0,0.0
19,7707,PSEI,NG,167.04,1.0,0.0
19,7855,PSEI,NG,319.9,1.0,0.0
19,9197,PSEI,NG,145.1,1.0,0.0
19,13338,SRP,NG,591.1,1.0,0.0
19,13370,SRP,NG,277.0,1.0,0.0
19,13375,SRP,NG,589.5,1.0,0.0
19,15937,SRP,NG,459.0,1.0,0.0
19,16050,SRP,NG,456.0,1.0,0.0
19,14041,TIDC,NG,76.7,1.0,0.0
19,14107,TIDC,NG,12.4,1.0,0.0
19,14108,TIDC,NG,286.0,1.0,0.0
19,16068,TIDC,NG,241.9,1.0,0.0
19,1990,TPWR,BIO,64.0,1.0,0.0
19,10145,TPWR,BIO,26.0,1.0,0.0
19,13976,WACM,NG,491.0,1.0,0.0
19,13986,WACM,NG,100.0,1.0,0.0
19,13987,WACM,NG,40.0,1.0,0.0
19,15948,WACM,NG,400.4,1.0,0.0
19,15949,WACM,NG,153.9,1.0,0.0
19,13494,WALC,NG,590.8,1.0,0.0
19,13495,WALC,NG,550.0,1.0,0.0
19,15962,WALC,NG,478.4,1.0,0.0
19,16056,WALC,NG,336.0,1.0,0.0
19,16057,WALC,NG,336.0,1.0,0.0
19,1115,CISO,NG,267.0,1.0,0.0
19,1116,CISO,NG,266.0,1.0,0.0
19,1117,CISO,NG,266.0,1.0,0.0
19,1118,CISO,NG,267.0,1.0,0.0
19,1405,CISO,NG,3.105,1.0,0.0
19,1445,CISO,NG,56.2,1.0,0.0
19,1447,CISO,NG,21.384,1.0,0.0
19,1448,CISO,NG,21.384,1.0,0.0
19,1449,CISO,NG,21.384,1.0,0.0
19,9895,CISO,NG,83.24667,1.0,0.0
19,9896,CISO,NG,41.62333,1.0,0.0
19,10214,CISO,NG,625.0,1.0,0.0
19,15255,CISO,NG,322.0,1.0,0.0
19,15908,CISO,NG,493.63,1.0,0.0
19,15939,CISO,NG,247.29,1.0,0.0
19,15940,CISO,NG,247.29,1.0,0.0
19,15943,CISO,NG,275.85,1.0,0.0
19,15944,CISO,NG,275.85,1.0,0.0
19,15975,CISO,NG,283.3333,1.0,0.0
19,15978,CISO,NG,336.9,1.0,0.0
19,16018,CISO,NG,277.5,1.0,0.0
19,16019,CISO,NG,277.5,1.0,0.0
19,16020,CISO,NG,277.5,1.0,0.0
19,16021,CISO,NG,277.5,1.0,0.0
19,16030,CISO,NG,305.0,1.0,1.0
19,16032,CISO,NG,294.105,1.0,0.0
19,16033,CISO,NG,294.105,1.0,0.0
19,16034,CISO,NG,266.49,1.0,0.0
19,16035,CISO,NG,266.49,1.0,0.0
19,16058,CISO,NG,293.01,1.0,0.0
19,16059,CISO,NG,293.01,1.0,0.0
19,13304,SRP,NUCLEAR,1372.2,1.0,0.0
19,13305,SRP,NUCLEAR,1375.05,1.0,0.0
19,13306,SRP,NUCLEAR,1373.15,1.0,0.0
19,15322,AZPS,NG,174.0,1.0,0.0
19,15323,AZPS,NG,174.0,1.0,0.0
19,15324,AZPS,NG,174.0,1.0,0.0
19,15325,AZPS,NG,174.0,1.0,0.0
19,15326,AZPS,NG,174.0,1.0,0.0
19,15327,AZPS,NG,174.0,1.0,0.0
19,14088,BANC,NG,81.0,1.0,0.0
19,17274,LDWP,NG,34.5,1.0,0.0
19,17031,LDWP,NG,10.0,1.0,0.0
19,13614,LDWP,NG,110.0,1.0,0.0
19,17212,LDWP,NG,398.0,1.0,0.0
19,17210,LDWP,NG,398.0,1.0,0.0
19,13284,TEPC,NG,550.0,1.0,0.0
19,13403,TEPC,NG,540.0,1.0,0.0
19,13404,TEPC,NG,540.0,1.0,0.0
19,13295,AZPS,COAL,818.1,1.0,0.0
19,3504,IPCO,COAL,307.0,1.0,0.0
19,3505,IPCO,COAL,307.0,1.0,0.0
19,3694,IPCO,COAL,50.0,1.0,0.0
19,3695,IPCO,COAL,25.0,1.0,0.0
19,3696,IPCO,COAL,25.0,1.0,0.0
19,3582,NEVP,COAL,268.0,1.0,0.0
19,3583,NEVP,COAL,254.0,1.0,0.0
19,3507,NWMT,COAL,740.0001,1.0,0.0
19,3506,NWMT,COAL,740.0,1.0,0.0
19,3497,NWMT,COAL,135.0,1.0,0.0
19,3510,NWMT,COAL,64.0,1.0,0.0
19,3391,PACE,COAL,584.0,1.0,0.0
19,3461,PACE,COAL,577.9,1.0,0.0
19,3463,PACE,COAL,531.0,1.0,0.0
19,3462,PACE,COAL,527.0,1.0,0.0
19,3656,PACE,COAL,517.5,1.0,0.0
19,3619,PACE,COAL,499.5,1.0,0.0
19,3655,PACE,COAL,498.0,1.0,0.0
19,3638,PACE,COAL,495.6,1.0,0.0
19,3637,PACE,COAL,488.3,1.0,0.0
19,3636,PACE,COAL,488.3,1.0,0.0
19,3698,PACE,COAL,362.1,1.0,0.0
19,3635,PACE,COAL,360.0,1.0,0.0
19,3634,PACE,COAL,229.5,1.0,0.0
19,11093,PACE,COAL,217.6,1.0,0.0
19,13294,PNM,COAL,271.0,1.0,0.0
19,13796,PSCO,COAL,552.28,1.0,0.0
19,13888,PSCO,COAL,467.261,1.0,0.0
19,14002,PSCO,COAL,428.0,1.0,0.0
19,14129,PSCO,COAL,380.8,1.0,0.0
19,13787,PSCO,COAL,335.0,1.0,0.0
19,13786,PSCO,COAL,325.0,1.0,0.0
19,13960,PSCO,COAL,49.65,1.0,0.0
19,13386,SRP,COAL,750.0,1.0,0.0
19,13387,SRP,COAL,750.0,1.0,0.0
19,13388,SRP,COAL,750.0,1.0,0.0
19,13385,SRP,COAL,382.0,1.0,0.0
19,13384,SRP,COAL,380.0,1.0,0.0
19,13389,TEPC,COAL,424.8,1.0,0.0
19,4029,WACM,COAL,621.0,1.0,0.0
19,4030,WACM,COAL,621.0,1.0,0.0
19,14004,WACM,COAL,448.0,1.0,0.0
19,14003,WACM,COAL,428.0,1.0,0.0
19,14001,WACM,COAL,405.0,1.0,0.0
19,14009,WACM,COAL,275.4,1.0,0.0
19,13958,WACM,COAL,207.0,1.0,0.0
19,14008,WACM,COAL,190.0,1.0,0.0
19,13962,WACM,COAL,141.031,1.0,0.0
19,13983,WACM,COAL,116.2,1.0,0.0
19,13982,WACM,COAL,95.0,1.0,0.0
19,13981,WACM,COAL,88.0,1.0,0.0
19,13961,WACM,COAL,83.19,1.0,0.0
19,13943,WACM,COAL,80.0,1.0,0.0
19,13422,WALC,COAL,204.0,1.0,0.0
20,3049,AESO,BIO,18.0,1.0,0.0
20,3243,AESO,BIO,22.335,1.0,0.0
20,3284,AESO,BIO,25.0,1.0,0.0
20,3292,AESO,BIO,11.6,1.0,0.0
20,3343,AESO,BIO,18.0,1.0,0.0
20,3384,AESO,BIO,41.0,1.0,0.0
20,3385,AESO,BIO,41.0,1.0,0.0
20,3386,AESO,BIO,17.0,1.0,0.0
20,3387,AESO,BIO,32.0,1.0,0.0
20,9565,AESO,BIO,20.0,1.0,0.0
20,9566,AESO,BIO,30.0,1.0,0.0
20,9592,AESO,BIO,48.0,1.0,0.0
20,13106,AESO,BIO,43.0,1.0,0.0
20,3218,AESO,NG,407.0,1.0,0.0
20,3219,AESO,NG,148.0,1.0,0.0
20,3220,AESO,NG,148.0,1.0,0.0
20,3221,AESO,NG,408.0,1.0,0.0
20,3222,AESO,NG,408.0,1.0,0.0
20,3238,AESO,NG,151.0,1.0,0.0
20,9198,AESO,NG,280.0,1.0,0.0
20,3017,AESO,NG,101.0,1.0,0.0
20,3041,AESO,NG,2.2,1.0,0.0
20,3042,AESO,NG,2.2,1.0,0.0
20,3043,AESO,NG,2.2,1.0,0.0
20,3044,AESO,NG,2.2,1.0,0.0
20,3047,AESO,NG,105.0,1.0,0.0
20,3072,AESO,NG,101.0,1.0,0.0
20,3096,AESO,NG,3.24,1.0,0.0
20,3126,AESO,NG,46.0,1.0,0.0
20,3139,AESO,NG,3.0,1.0,0.0
20,3190,AESO,NG,21.6,1.0,0.0
20,3217,AESO,NG,48.0,1.0,0.0
20,3232,AESO,NG,101.0,1.0,0.0
20,3235,AESO,NG,50.0,1.0,0.0
20,3244,AESO,NG,50.0,1.0,0.0
20,3245,AESO,NG,20.25,1.0,0.0
20,3249,AESO,NG,36.5,1.0,0.0
20,3250,AESO,NG,36.5,1.0,0.0
20,3254,AESO,NG,101.0,1.0,0.0
20,3259,AESO,NG,10.66,1.0,0.0
20,3262,AESO,NG,30.0,1.0,0.0
20,3263,AESO,NG,10.348,1.0,0.0
20,3264,AESO,NG,30.0,1.0,0.0
20,3357,AESO,NG,1.8,1.0,0.0
20,3358,AESO,NG,1.8,1.0,0.0
20,3359,AESO,NG,2.94,1.0,0.0
20,3370,AESO,NG,47.5,1.0,0.0
20,5241,AESO,NG,48.0,1.0,0.0
20,5274,AESO,NG,48.0,1.0,0.0
20,5302,AESO,NG,48.0,1.0,0.0
20,5802,AESO,NG,120.0,1.0,0.0
20,6087,AESO,NG,330.0,1.0,0.0
20,6150,AESO,NG,120.0,1.0,0.0
20,6611,AESO,NG,128.0,1.0,0.0
20,7724,AESO,NG,3.6,1.0,0.0
20,7725,AESO,NG,3.15,1.0,0.0
20,7727,AESO,NG,2.7,1.0,0.0
20,7851,AESO,NG,1.35,1.0,0.0
20,7852,AESO,NG,0.9,1.0,0.0
20,8055,AESO,NG,7.2,1.0,0.0
20,8417,AESO,NG,63.45,1.0,0.0
20,8781,AESO,NG,1.35,1.0,0.0
20,8782,AESO,NG,1.575,1.0,0.0
20,8783,AESO,NG,1.35,1.0,0.0
20,10169,AESO,NG,195.0,1.0,0.0
20,10179,AESO,NG,870.0,1.0,0.0
20,13123,AESO,NG,6.3,1.0,0.0
20,13124,AESO,NG,6.3,1.0,0.0
20,13127,AESO,NG,10.0,1.0,0.0
20,13133,AESO,NG,16.8,1.0,0.0
20,13136,AESO,NG,16.5,1.0,0.0
20,13137,AESO,NG,10.0,1.0,0.0
20,14585,AESO,NG,8.61,1.0,0.0
20,14586,AESO,NG,9.45,1.0,0.0
20,14605,AESO,NG,199.0,1.0,0.0
20,14624,AESO,NG,21.0,1.0,0.0
20,14625,AESO,NG,21.0,1.0,0.0
20,14644,AESO,NG,21.0,1.0,0.0
20,14662,AESO,NG,21.0,1.0,0.0
20,15659,AESO,NG,226.81348473898828,1.0,0.0
20,15660,AESO,NG,411.0,1.0,0.0
20,15661,AESO,NG,406.0,1.0,0.0
20,15662,AESO,NG,406.0,1.0,0.0
20,15663,AESO,NG,353.0,1.0,0.0
20,15667,AESO,NG,401.0,1.0,0.0
20,16052,AESO,NG,605.2,1.0,0.0
20,16053,AESO,NG,262.8,1.0,0.0
20,2167,AVA,BIO,50.7,1.0,0.0
20,2190,AVA,BIO,6.2,1.0,0.0
20,2200,AVA,BIO,26.0,1.0,0.0
20,2206,AVA,BIO,28.8,1.0,0.0
20,2207,AVA,BIO,65.0,1.0,0.0
20,2198,AVA,NG,83.3,1.0,0.0
20,2199,AVA,NG,83.3,1.0,0.0
20,8427,AVA,NG,301.49,1.0,0.0
20,9848,AVA,NG,287.0,1.0,0.0
20,14033,AZPS,BIO,28.0,1.0,0.0
20,16040,AZPS,NG,252.4,1.0,0.0
20,16041,AZPS,NG,252.4,1.0,0.0
20,16042,AZPS,NG,252.4,1.0,0.0
20,16043,AZPS,NG,252.4,1.0,0.0
20,16070,AZPS,NG,385.0,1.0,0.0
20,13687,BANC,BIO,3.5,1.0,0.0
20,13688,BANC,BIO,3.5,1.0,0.0
20,13689,BANC,BIO,3.5,1.0,0.0
20,13690,BANC,BIO,3.5,1.0,0.0
20,13691,BANC,BIO,3.5,1.0,0.0
20,15928,BANC,NG,265.0,1.0,0.0
20,15929,BANC,NG,265.0,1.0,0.0
20,16060,BANC,NG,274.5,1.0,0.0
20,16061,BANC,NG,274.5,1.0,0.0
20,2516,BCHA,BIO,66.0,1.0,0.0
20,2581,BCHA,BIO,16.39,1.0,0.0
20,2634,BCHA,BIO,20.39,1.0,0.0
20,2644,BCHA,BIO,24.75,1.0,0.0
20,2645,BCHA,BIO,1.667,1.0,0.0
20,2646,BCHA,BIO,1.667,1.0,0.0
20,2647,BCHA,BIO,1.667,1.0,0.0
20,2648,BCHA,BIO,1.851,1.0,0.0
20,2691,BCHA,BIO,32.0,1.0,0.0
20,2744,BCHA,BIO,16.0,1.0,0.0
20,2745,BCHA,BIO,28.0,1.0,0.0
20,2746,BCHA,BIO,32.0,1.0,0.0
20,2766,BCHA,BIO,7.5,1.0,0.0
20,2990,BCHA,BIO,52.29,1.0,0.0
20,2991,BCHA,BIO,48.0,1.0,0.0
20,6066,BCHA,BIO,4.8,1.0,0.0
20,6104,BCHA,BIO,36.0,1.0,0.0
20,6121,BCHA,BIO,32.7,1.0,0.0
20,6122,BCHA,BIO,28.69,1.0,0.0
20,6155,BCHA,BIO,1.26,1.0,0.0
20,6833,BCHA,BIO,1.03,1.0,0.0
20,7014,BCHA,BIO,0.34,1.0,0.0
20,7068,BCHA,BIO,55.0,1.0,0.0
20,7171,BCHA,BIO,62.5,1.0,0.0
20,7172,BCHA,BIO,50.0,1.0,0.0
20,8349,BCHA,BIO,38.0,1.0,0.0
20,11890,BCHA,BIO,1.0,1.0,0.0
20,11891,BCHA,BIO,1.0,1.0,0.0
20,15470,BCHA,BIO,28.0,1.0,0.0
20,15471,BCHA,BIO,16.0,1.0,0.0
20,15664,BCHA,BIO,38.7,1.0,0.0
20,10736,BCHA,GEO,107.0,1.0,0.0
20,2517,BCHA,NG,55.0,1.0,0.0
20,2518,BCHA,NG,55.0,1.0,0.0
20,2589,BCHA,NG,23.0,1.0,0.0
20,2590,BCHA,NG,23.0,1.0,0.0
20,3040,AESO,NG,2.4,1.0,0.0
20,5051,BCHA,NG,290.0,1.0,0.0
20,6625,AESO,NG,11.25,1.0,0.0
20,6755,AESO,NG,101.0,1.0,0.0
20,7003,AESO,NG,27.9,1.0,0.0
20,7541,AESO,NG,39.0,1.0,0.0
20,7726,AESO,NG,1.845,1.0,0.0
20,8260,AESO,NG,20.7,1.0,0.0
20,8632,AESO,NG,2.475,1.0,0.0
20,9134,AESO,NG,9.0,1.0,0.0
20,9218,AESO,NG,75.0,1.0,0.0
20,9219,AESO,NG,189.2,1.0,0.0
20,9329,AESO,NG,85.0,1.0,0.0
20,11725,AESO,NG,1.0,1.0,0.0
20,11726,AESO,NG,1.0,1.0,0.0
20,11841,AESO,NG,1.0,1.0,0.0
20,11842,AESO,NG,1.0,1.0,0.0
20,11914,AESO,NG,1.0,1.0,0.0
20,11915,AESO,NG,1.0,1.0,0.0
20,11916,AESO,NG,1.0,1.0,0.0
20,13122,AESO,NG,6.5,1.0,0.0
20,13128,AESO,NG,15.0,1.0,0.0
20,13129,AESO,NG,15.0,1.0,0.0
20,15656,AESO,NG,408.0,1.0,0.0
20,15657,AESO,NG,418.5,1.0,0.0
20,15658,AESO,NG,430.0,1.0,0.0
20,15675,AESO,NG,1.0,1.0,0.0
20,15676,AESO,NG,1.0,1.0,0.0
20,15677,AESO,NG,3.0,1.0,0.0
20,1972,BPAT,BIO,40.0,1.0,0.0
20,2051,BPAT,BIO,18.0,1.0,0.0
20,2076,BPAT,BIO,14.7,1.0,0.0
20,2077,BPAT,BIO,20.0,1.0,0.0
20,2078,BPAT,BIO,25.0,1.0,0.0
20,2079,BPAT,BIO,12.25,1.0,0.0
20,6343,BPAT,BIO,0.8,1.0,0.0
20,6344,BPAT,BIO,0.8,1.0,0.0
20,6345,BPAT,BIO,1.5,1.0,0.0
20,6346,BPAT,BIO,1.5,1.0,0.0
20,9593,BPAT,BIO,5.0,1.0,0.0
20,9595,BPAT,BIO,31.28,1.0,0.0
20,13116,BPAT,BIO,12.5,1.0,0.0
20,14182,BPAT,BIO,17.2,1.0,0.0
20,14186,BPAT,BIO,37.2,1.0,0.0
20,14572,BPAT,BIO,36.0,1.0,0.0
20,2063,BPAT,NG,265.0,1.0,0.0
20,6835,BPAT,NG,269.2,1.0,0.0
20,14571,BPAT,NG,9.9,1.0,0.0
20,2491,BPAT,NUCLEAR,1186.0,1.0,0.0
20,437,CENACE,GEO,25.0,1.0,0.0
20,438,CENACE,GEO,25.0,1.0,0.0
20,439,CENACE,GEO,25.0,1.0,0.0
20,440,CENACE,GEO,25.0,1.0,0.0
20,441,CENACE,GEO,30.0,1.0,0.0
20,446,CENACE,GEO,110.0,1.0,0.0
20,447,CENACE,GEO,110.0,1.0,0.0
20,448,CENACE,GEO,110.0,1.0,0.0
20,457,CENACE,GEO,110.0,1.0,0.0
20,8227,CENACE,NG,277.0,1.0,0.0
20,14839,CENACE,NG,248.0,1.0,0.0
20,15254,CENACE,NG,793.0,1.0,0.0
20,15341,CENACE,NG,1.0,1.0,0.0
20,15991,CENACE,NG,165.0,1.0,0.0
20,15992,CENACE,NG,165.0,1.0,0.0
20,15993,CENACE,NG,405.0,1.0,0.0
20,548,CISO,BIO,3.0,1.0,0.0
20,549,CISO,BIO,0.95,1.0,0.0
20,550,CISO,BIO,5.0,1.0,0.0
20,551,CISO,BIO,3.0,1.0,0.0
20,555,CISO,BIO,2.9,1.0,0.0
20,570,CISO,BIO,1.88,1.0,0.0
20,572,CISO,BIO,1.88,1.0,0.0
20,629,CISO,BIO,47.0,1.0,0.0
20,633,CISO,BIO,34.0,1.0,0.0
20,795,CISO,BIO,24.5,1.0,0.0
20,836,CISO,BIO,1.3,1.0,0.0
20,1008,CISO,BIO,1.88,1.0,0.0
20,1156,CISO,BIO,10.5,1.0,0.0
20,1168,CISO,BIO,10.8,1.0,0.0
20,1178,CISO,BIO,28.5,1.0,1.0
20,1187,CISO,BIO,24.48,1.0,0.0
20,1188,CISO,BIO,22.0,1.0,0.0
20,1297,CISO,BIO,30.5,1.0,1.0
20,1300,CISO,BIO,12.0,1.0,0.0
20,1331,CISO,BIO,57.43,1.0,0.0
20,1392,CISO,BIO,24.2,1.0,0.0
20,1398,CISO,BIO,2.57,1.0,0.0
20,1399,CISO,BIO,2.57,1.0,0.0
20,1400,CISO,BIO,2.57,1.0,0.0
20,1401,CISO,BIO,2.57,1.0,0.0
20,1402,CISO,BIO,2.57,1.0,0.0
20,1403,CISO,BIO,2.57,1.0,0.0
20,1404,CISO,BIO,2.57,1.0,0.0
20,1413,CISO,BIO,10.0,1.0,0.0
20,1589,CISO,BIO,8.6,1.0,0.0
20,1590,CISO,BIO,5.7,1.0,0.0
20,1634,CISO,BIO,13.8,1.0,0.0
20,1635,CISO,BIO,12.5,1.0,0.0
20,1636,CISO,BIO,12.5,1.0,0.0
20,1637,CISO,BIO,12.5,1.0,0.0
20,1768,CISO,BIO,22.0,1.0,0.0
20,1774,CISO,BIO,13.1,1.0,0.0
20,1793,CISO,BIO,29.07,1.0,0.0
20,1794,CISO,BIO,25.5,1.0,0.0
20,1838,CISO,BIO,17.2,1.0,0.0
20,1839,CISO,BIO,24.4,1.0,0.0
20,5728,CISO,BIO,1.25,1.0,0.0
20,5729,CISO,BIO,1.25,1.0,0.0
20,5809,CISO,BIO,3.0,1.0,0.0
20,5865,CISO,BIO,0.75,1.0,0.0
20,5866,CISO,BIO,0.75,1.0,0.0
20,5872,CISO,BIO,14.4,1.0,0.0
20,5899,CISO,BIO,4.0,1.0,0.0
20,5900,CISO,BIO,3.7,1.0,0.0
20,5901,CISO,BIO,0.3,1.0,0.0
20,5999,CISO,BIO,37.828,1.0,0.0
20,6045,CISO,BIO,9.8,1.0,0.0
20,6069,CISO,BIO,4.6,1.0,0.0
20,6070,CISO,BIO,4.6,1.0,0.0
20,6071,CISO,BIO,4.6,1.0,0.0
20,6116,CISO,BIO,1.1,1.0,0.0
20,6117,CISO,BIO,1.1,1.0,0.0
20,6349,CISO,BIO,1.5,1.0,0.0
20,6352,CISO,BIO,1.2,1.0,0.0
20,6492,CISO,BIO,24.5,1.0,0.0
20,6601,CISO,BIO,1.5,1.0,0.0
20,6602,CISO,BIO,1.5,1.0,0.0
20,6603,CISO,BIO,1.5,1.0,0.0
20,6651,CISO,BIO,1.35,1.0,0.0
20,6652,CISO,BIO,1.35,1.0,0.0
20,6653,CISO,BIO,1.35,1.0,0.0
20,6710,CISO,BIO,20.0,1.0,1.0
20,6756,CISO,BIO,0.7,1.0,0.0
20,7146,CISO,BIO,0.2,1.0,0.0
20,7147,CISO,BIO,0.2,1.0,0.0
20,7373,CISO,BIO,4.4,1.0,0.0
20,7374,CISO,BIO,3.0,1.0,0.0
20,7388,CISO,BIO,27.15,1.0,0.0
20,7556,CISO,BIO,0.8,1.0,0.0
20,7557,CISO,BIO,0.8,1.0,0.0
20,7558,CISO,BIO,0.8,1.0,0.0
20,7559,CISO,BIO,0.8,1.0,0.0
20,7560,CISO,BIO,0.8,1.0,0.0
20,7561,CISO,BIO,0.8,1.0,0.0
20,7780,CISO,BIO,2.9,1.0,0.0
20,7816,CISO,BIO,1.3,1.0,0.0
20,7840,CISO,BIO,1.25,1.0,0.0
20,7841,CISO,BIO,1.25,1.0,0.0
20,7860,CISO,BIO,3.0,1.0,0.0
20,7861,CISO,BIO,3.0,1.0,0.0
20,7862,CISO,BIO,1.6,1.0,0.0
20,7868,CISO,BIO,6.5,1.0,0.0
20,7869,CISO,BIO,4.9,1.0,0.0
20,8080,CISO,BIO,23.8,1.0,0.0
20,8084,CISO,BIO,1.88,1.0,0.0
20,8085,CISO,BIO,1.88,1.0,0.0
20,8162,CISO,BIO,1.6,1.0,0.0
20,8163,CISO,BIO,2.7,1.0,0.0
20,8311,CISO,BIO,0.46,1.0,0.0
20,8312,CISO,BIO,2.29,1.0,0.0
20,8313,CISO,BIO,2.2,1.0,0.0
20,8371,CISO,BIO,3.0,1.0,0.0
20,8403,CISO,BIO,2.8,1.0,0.0
20,8404,CISO,BIO,3.3,1.0,0.0
20,8405,CISO,BIO,3.3,1.0,0.0
20,8406,CISO,BIO,3.3,1.0,0.0
20,8434,CISO,BIO,1.2,1.0,0.0
20,8682,CISO,BIO,3.0,1.0,0.0
20,8685,CISO,BIO,11.16,1.0,0.0
20,8811,CISO,BIO,1.3,1.0,0.0
20,8812,CISO,BIO,1.3,1.0,0.0
20,9227,CISO,BIO,3.0,1.0,0.0
20,9228,CISO,BIO,1.2,1.0,0.0
20,9229,CISO,BIO,1.2,1.0,0.0
20,9242,CISO,BIO,3.05,1.0,0.0
20,9322,CISO,BIO,2.8,1.0,0.0
20,9337,CISO,BIO,1.8,1.0,0.0
20,9338,CISO,BIO,1.8,1.0,0.0
20,9399,CISO,BIO,1.2,1.0,0.0
20,9723,CISO,BIO,0.5,1.0,0.0
20,10025,CISO,BIO,1.6,1.0,0.0
20,10026,CISO,BIO,1.0,1.0,0.0
20,10027,CISO,BIO,1.0,1.0,0.0
20,10028,CISO,BIO,1.4,1.0,0.0
20,10227,CISO,BIO,35.2,1.0,0.0
20,11103,CISO,BIO,28.24,1.0,0.0
20,11120,CISO,BIO,50.0,1.0,0.0
20,11138,CISO,BIO,5.0,1.0,0.0
20,12396,CISO,BIO,1.0,1.0,0.0
20,12397,CISO,BIO,0.4,1.0,0.0
20,12837,CISO,BIO,1.5,1.0,0.0
20,13104,CISO,BIO,50.0,1.0,0.0
20,13107,CISO,BIO,30.0,1.0,0.0
20,14499,CISO,BIO,26.5,1.0,0.0
20,14833,CISO,BIO,18.13,1.0,0.0
20,14884,CISO,BIO,1.2,1.0,0.0
20,14896,CISO,BIO,5.0,1.0,0.0
20,15377,CISO,BIO,12.0,1.0,0.0
20,15432,CISO,BIO,32.0,1.0,0.0
20,15783,CISO,BIO,4.7,1.0,0.0
20,15794,CISO,BIO,28.5,1.0,0.0
20,15797,CISO,BIO,24.0,1.0,0.0
20,15798,CISO,BIO,24.0,1.0,0.0
20,442,CISO,GEO,35.7,1.0,0.0
20,443,CISO,GEO,35.7,1.0,0.0
20,444,CISO,GEO,35.7,1.0,0.0
20,445,CISO,GEO,35.7,1.0,0.0
20,656,CISO,GEO,26.66667,1.0,0.0
20,657,CISO,GEO,26.66667,1.0,0.0
20,658,CISO,GEO,26.66667,1.0,0.0
20,663,CISO,GEO,16.0,1.0,0.0
20,664,CISO,GEO,16.0,1.0,0.0
20,665,CISO,GEO,16.0,1.0,0.0
20,1005,CISO,GEO,30.0,1.0,0.0
20,1006,CISO,GEO,30.0,1.0,0.0
20,1007,CISO,GEO,30.0,1.0,0.0
20,1265,CISO,GEO,1.5,1.0,0.0
20,1266,CISO,GEO,1.5,1.0,0.0
20,1597,CISO,GEO,11.0,1.0,0.0
20,1598,CISO,GEO,11.0,1.0,0.0
20,1602,CISO,GEO,47.0,1.0,0.0
20,1603,CISO,GEO,50.0,1.0,0.0
20,1604,CISO,GEO,72.0,1.0,0.0
20,1605,CISO,GEO,75.5,1.0,0.0
20,1606,CISO,GEO,27.5,1.0,0.0
20,1607,CISO,GEO,63.0,1.0,0.0
20,1608,CISO,GEO,70.0,1.0,0.0
20,1609,CISO,GEO,73.0,1.0,0.0
20,1610,CISO,GEO,57.0,1.0,0.0
20,1611,CISO,GEO,86.8,1.0,0.0
20,1612,CISO,GEO,47.9,1.0,0.0
20,1613,CISO,GEO,47.9,1.0,0.0
20,1614,CISO,GEO,49.215,1.0,0.0
20,1615,CISO,GEO,49.215,1.0,0.0
20,1616,CISO,GEO,12.5,1.0,0.0
20,1617,CISO,GEO,12.5,1.0,0.0
20,1618,CISO,GEO,6.5,1.0,0.0
20,1619,CISO,GEO,6.5,1.0,0.0
20,1620,CISO,GEO,36.0,1.0,0.0
20,1621,CISO,GEO,36.0,1.0,0.0
20,7684,CISO,GEO,20.0,1.0,0.0
20,7942,CISO,GEO,11.0,1.0,0.0
20,7943,CISO,GEO,11.0,1.0,0.0
20,8300,CISO,GEO,5.0,1.0,0.0
20,8301,CISO,GEO,5.0,1.0,0.0
20,8302,CISO,GEO,5.0,1.0,0.0
20,11122,CISO,GEO,78.0,1.0,0.0
20,13026,CISO,GEO,14.0,1.0,0.0
20,13102,CISO,GEO,51.9,1.0,0.0
20,13103,CISO,GEO,51.9,1.0,0.0
20,13105,CISO,GEO,59.0,1.0,0.0
20,14055,CISO,GEO,38.85,1.0,0.0
20,14056,CISO,GEO,50.0,1.0,0.0
20,14057,CISO,GEO,42.42,1.0,0.0
20,14058,CISO,GEO,52.73,1.0,0.0
20,14848,CISO,GEO,30.0,1.0,0.0
20,14923,CISO,GEO,38.0,1.0,0.0
20,15381,CISO,GEO,20.0,1.0,0.0
20,1248,CISO,NUCLEAR,1150.0,1.0,0.0
20,1249,CISO,NUCLEAR,1150.0,1.0,0.0
20,13507,IID,BIO,27.0,1.0,0.0
20,13560,IID,BIO,55.5,1.0,0.0
20,13561,IID,BIO,21.0,1.0,0.0
20,13509,IID,GEO,53.0,1.0,0.0
20,13510,IID,GEO,8.75,1.0,0.0
20,13511,IID,GEO,4.37,1.0,0.0
20,13516,IID,GEO,34.39,1.0,0.0
20,13517,IID,GEO,34.39,1.0,0.0
20,13519,IID,GEO,34.39,1.0,0.0
20,13520,IID,GEO,29.0,1.0,0.0
20,13521,IID,GEO,9.19,1.0,0.0
20,13522,IID,GEO,10.5,1.0,0.0
20,13523,IID,GEO,49.0,1.0,0.0
20,13524,IID,GEO,50.0,1.0,0.0
20,13543,IID,GEO,33.0,1.0,0.0
20,13544,IID,GEO,16.0,1.0,0.0
20,13554,IID,GEO,49.89,1.0,0.0
20,13555,IID,GEO,4.79,1.0,0.0
20,13556,IID,GEO,4.5,1.0,0.0
20,13557,IID,GEO,11.1,1.0,0.0
20,13558,IID,GEO,11.0,1.0,0.0
20,13559,IID,GEO,50.0,1.0,0.0
20,13562,IID,GEO,21.6,1.0,0.0
20,13563,IID,GEO,8.0,1.0,0.0
20,13564,IID,GEO,22.0,1.0,0.0
20,13570,IID,GEO,24.0,1.0,0.0
20,13571,IID,GEO,15.0,1.0,0.0
20,13572,IID,GEO,18.5,1.0,0.0
20,13573,IID,GEO,7.0,1.0,0.0
20,13574,IID,GEO,8.45,1.0,0.0
20,13578,IID,GEO,16.0,1.0,0.0
20,13579,IID,GEO,16.0,1.0,0.0
20,13580,IID,GEO,16.0,1.0,0.0
20,13581,IID,GEO,16.0,1.0,0.0
20,13582,IID,GEO,16.0,1.0,0.0
20,13583,IID,GEO,16.0,1.0,0.0
20,13584,IID,GEO,16.0,1.0,0.0
20,3434,IPCO,BIO,5.0,1.0,0.0
20,6118,IPCO,BIO,0.8,1.0,0.0
20,6119,IPCO,BIO,0.8,1.0,0.0
20,6120,IPCO,BIO,0.8,1.0,0.0
20,7116,IPCO,BIO,1.6,1.0,0.0
20,7117,IPCO,BIO,1.6,1.0,0.0
20,8549,IPCO,BIO,2.0,1.0,0.0
20,8550,IPCO,BIO,2.0,1.0,0.0
20,10116,IPCO,BIO,7.5,1.0,0.0
20,3400,IPCO,GEO,18.0,1.0,0.0
20,7941,IPCO,GEO,11.0,1.0,0.0
20,3407,IPCO,NG,170.9,1.0,0.0
20,7185,IPCO,NG,2.0,1.0,0.0
20,7188,IPCO,NG,2.0,1.0,0.0
20,7189,IPCO,NG,2.0,1.0,0.0
20,7509,IPCO,NG,330.0,1.0,0.0
20,8599,IPCO,NG,4.16,1.0,0.0
20,15899,LDWP,NG,275.0,1.0,0.0
20,15900,LDWP,NG,275.0,1.0,0.0
20,13714,NEVP,GEO,20.0,1.0,0.0
20,13715,NEVP,GEO,60.0,1.0,0.0
20,13716,NEVP,GEO,10.1,1.0,0.0
20,13717,NEVP,GEO,19.2,1.0,0.0
20,13718,NEVP,GEO,11.8,1.0,0.0
20,13719,NEVP,GEO,11.8,1.0,0.0
20,13720,NEVP,GEO,11.8,1.0,0.0
20,13721,NEVP,GEO,11.8,1.0,0.0
20,13724,NEVP,GEO,8.0,1.0,0.0
20,13725,NEVP,GEO,8.0,1.0,0.0
20,13726,NEVP,GEO,8.0,1.0,0.0
20,13727,NEVP,GEO,18.9,1.0,0.0
20,13728,NEVP,GEO,11.3,1.0,0.0
20,13729,NEVP,GEO,11.3,1.0,0.0
20,13730,NEVP,GEO,11.3,1.0,0.0
20,13731,NEVP,GEO,11.3,1.0,0.0
20,13732,NEVP,GEO,11.25,1.0,0.0
20,13733,NEVP,GEO,11.25,1.0,0.0
20,13734,NEVP,GEO,25.0,1.0,0.0
20,13752,NEVP,GEO,15.0,1.0,0.0
20,13753,NEVP,GEO,15.0,1.0,0.0
20,13754,NEVP,GEO,15.0,1.0,0.0
20,13755,NEVP,GEO,15.0,1.0,0.0
20,13756,NEVP,GEO,26.5,1.0,0.0
20,13757,NEVP,GEO,10.0,1.0,0.0
20,13758,NEVP,GEO,10.0,1.0,0.0
20,13759,NEVP,GEO,10.0,1.0,0.0
20,13760,NEVP,GEO,16.5,1.0,0.0
20,13762,NEVP,GEO,25.0,1.0,0.0
20,13763,NEVP,GEO,16.0,1.0,0.0
20,13764,NEVP,GEO,16.0,1.0,0.0
20,13765,NEVP,GEO,21.3,1.0,0.0
20,13766,NEVP,GEO,21.3,1.0,0.0
20,13767,NEVP,GEO,21.3,1.0,0.0
20,13769,NEVP,GEO,20.0,1.0,0.0
20,13770,NEVP,GEO,20.0,1.0,0.0
20,13771,NEVP,GEO,12.0,1.0,0.0
20,13772,NEVP,GEO,11.8,1.0,0.0
20,13774,NEVP,GEO,20.0,1.0,0.0
20,13775,NEVP,GEO,20.0,1.0,0.0
20,13776,NEVP,GEO,12.0,1.0,0.0
20,13427,NEVP,NG,105.0,1.0,0.0
20,13428,NEVP,NG,250.0,1.0,0.0
20,13429,NEVP,NG,250.0,1.0,0.0
20,13430,NEVP,NG,142.5,1.0,0.0
20,13432,NEVP,NG,99.58,1.0,0.0
20,13433,NEVP,NG,96.26,1.0,0.0
20,13434,NEVP,NG,111.26,1.0,0.0
20,13440,NEVP,NG,566.0,1.0,0.0
20,13441,NEVP,NG,735.0,1.0,0.0
20,13442,NEVP,NG,641.4,1.0,0.0
20,13443,NEVP,NG,521.7,1.0,0.0
20,13444,NEVP,NG,585.0,1.0,0.0
20,13445,NEVP,NG,585.0,1.0,0.0
20,13449,NEVP,NG,112.4,1.0,0.0
20,13450,NEVP,NG,112.4,1.0,0.0
20,13773,NEVP,NG,530.0,1.0,0.0
20,15914,NEVP,NG,403.0,1.0,0.0
20,15916,NEVP,NG,659.6,1.0,0.0
20,15922,NEVP,NG,185.0,1.0,0.0
20,15924,NEVP,NG,185.0,1.0,0.0
20,15966,NEVP,NG,260.85,1.0,0.0
20,15972,NEVP,NG,356.0,1.0,0.0
20,15994,NEVP,NG,60.5,1.0,0.0
20,15995,NEVP,NG,60.5,1.0,0.0
20,15996,NEVP,NG,181.5,1.0,0.0
20,16028,NEVP,NG,367.5,1.0,0.0
20,16029,NEVP,NG,367.5,1.0,0.0
20,16054,NEVP,NG,540.6,1.0,0.0
20,16064,NEVP,NG,624.0,1.0,0.0
20,3476,NWMT,NG,6.0,1.0,0.0
20,3477,NWMT,NG,6.0,1.0,0.0
20,3478,NWMT,NG,6.0,1.0,0.0
20,3522,NWMT,NG,6.0,1.0,0.0
20,3523,NWMT,NG,6.0,1.0,0.0
20,3524,NWMT,NG,6.0,1.0,0.0
20,3525,NWMT,NG,6.0,1.0,0.0
20,3526,NWMT,NG,6.0,1.0,0.0
20,3527,NWMT,NG,6.0,1.0,0.0
20,3528,NWMT,NG,6.0,1.0,0.0
20,3529,NWMT,NG,6.0,1.0,0.0
20,3530,NWMT,NG,6.0,1.0,0.0
20,3617,PACE,GEO,26.1,1.0,0.0
20,3618,PACE,GEO,12.0,1.0,0.0
20,3612,PACE,NG,17.0,1.0,0.0
20,3613,PACE,NG,17.0,1.0,0.0
20,3614,PACE,NG,17.0,1.0,0.0
20,3639,PACE,NG,16.106,1.0,0.0
20,3640,PACE,NG,16.106,1.0,0.0
20,3641,PACE,NG,16.2,1.0,0.0
20,3646,PACE,NG,60.4,1.0,0.0
20,3718,PACE,NG,13.5,1.0,0.0
20,3719,PACE,NG,13.5,1.0,0.0
20,6466,PACE,NG,529.7,1.0,0.0
20,7184,PACE,NG,4.0,1.0,0.0
20,7186,PACE,NG,4.0,1.0,0.0
20,7187,PACE,NG,4.0,1.0,0.0
20,7491,PACE,NG,628.1,1.0,0.0
20,7494,PACE,NG,538.0,1.0,0.0
20,14694,PACE,NG,1.0,1.0,0.0
20,15930,PACE,NG,420.7,1.0,0.0
20,15987,PACE,NG,408.6,1.0,0.0
20,15988,PACE,NG,182.7,1.0,0.0
20,15989,PACE,NG,185.4,1.0,0.0
20,15990,PACE,NG,469.8,1.0,0.0
20,1889,PACW,BIO,7.5,1.0,0.0
20,8587,PACW,BIO,10.0,1.0,0.0
20,11098,PACW,BIO,10.0,1.0,0.0
20,7432,PACW,NG,540.0,1.0,0.0
20,9960,PACW,NG,279.56,1.0,0.0
20,9961,PACW,NG,279.56,1.0,0.0
20,15985,PACW,NG,178.5,1.0,0.0
20,15986,PACW,NG,323.0,1.0,0.0
20,2346,PGE,BIO,10.0,1.0,0.0
20,5829,PGE,NG,476.698,1.0,0.0
20,9847,PGE,NG,296.0,1.0,0.0
20,10103,PGE,NG,483.3,1.0,0.0
20,10104,PGE,NG,18.8,1.0,0.0
20,10105,PGE,NG,18.8,1.0,0.0
20,10106,PGE,NG,18.8,1.0,0.0
20,10107,PGE,NG,18.8,1.0,0.0
20,10108,PGE,NG,18.8,1.0,0.0
20,10109,PGE,NG,18.8,1.0,0.0
20,10110,PGE,NG,18.8,1.0,0.0
20,10111,PGE,NG,18.8,1.0,0.0
20,10112,PGE,NG,18.8,1.0,0.0
20,10113,PGE,NG,18.8,1.0,0.0
20,10114,PGE,NG,18.8,1.0,0.0
20,10115,PGE,NG,18.8,1.0,0.0
20,15905,PGE,NG,292.36,1.0,0.0
20,6353,PNM,BIO,0.7999999999995453,1.0,0.0
20,6354,PNM,BIO,0.8,1.0,0.0
20,6355,PNM,BIO,0.8,1.0,0.0
20,6356,PNM,BIO,0.8,1.0,0.0
20,6357,PNM,BIO,0.8,1.0,0.0
20,6358,PNM,BIO,0.8,1.0,0.0
20,6359,PNM,BIO,0.8,1.0,0.0
20,6360,PNM,BIO,0.8,1.0,0.0
20,6483,PNM,BIO,4.5,1.0,0.0
20,6741,PNM,BIO,1.0,1.0,0.0
20,6752,PNM,BIO,1.6,1.0,0.0
20,6753,PNM,BIO,1.6,1.0,0.0
20,6754,PNM,BIO,1.6,1.0,0.0
20,7634,PNM,BIO,0.335,1.0,0.0
20,8319,PNM,BIO,3.0,1.0,0.0
20,8320,PNM,BIO,7.5,1.0,0.0
20,8517,PNM,BIO,0.8,1.0,0.0
20,8518,PNM,BIO,0.8,1.0,0.0
20,8519,PNM,BIO,0.8,1.0,0.0
20,8520,PNM,BIO,0.8,1.0,0.0
20,8521,PNM,BIO,0.8,1.0,0.0
20,8522,PNM,BIO,0.8,1.0,0.0
20,10202,PNM,BIO,8.0,1.0,0.0
20,10222,PNM,BIO,15.0,1.0,0.0
20,11101,PNM,BIO,11.5,1.0,0.0
20,11102,PNM,BIO,11.5,1.0,0.0
20,13110,PNM,BIO,19.8,1.0,0.0
20,13265,PNM,GEO,4.0,1.0,0.0
20,6828,PNM,NG,11.4,1.0,0.0
20,11104,PNM,NG,11.4,1.0,0.0
20,11105,PNM,NG,11.4,1.0,0.0
20,11106,PNM,NG,11.4,1.0,0.0
20,13240,PNM,NG,596.0,1.0,0.0
20,13243,PNM,NG,287.93,1.0,0.0
20,13503,PNM,NG,67.2,1.0,0.0
20,16004,PNM,NG,497.26,1.0,0.0
20,13785,PSCO,NG,470.06899999999996,1.0,0.0
20,13807,PSCO,NG,314.97,1.0,0.0
20,13813,PSCO,NG,396.9,1.0,0.0
20,13816,PSCO,NG,127.0,1.0,0.0
20,13869,PSCO,NG,622.0,1.0,0.0
20,15920,PSCO,NG,370.6,1.0,0.0
20,15945,PSCO,NG,517.69,1.0,0.0
20,16046,PSCO,NG,510.0,1.0,0.0
20,2398,PSEI,BIO,28.3,1.0,0.0
20,2399,PSEI,NG,71.2,1.0,0.0
20,6692,PSEI,NG,193.8,1.0,0.0
20,6749,PSEI,NG,253.44,1.0,0.0
20,7707,PSEI,NG,167.04,1.0,0.0
20,7855,PSEI,NG,319.9,1.0,0.0
20,9197,PSEI,NG,145.1,1.0,0.0
20,13338,SRP,NG,591.0999999999991,1.0,0.0
20,13370,SRP,NG,277.0,1.0,0.0
20,13375,SRP,NG,589.5,1.0,0.0
20,15937,SRP,NG,459.0,1.0,0.0
20,16050,SRP,NG,456.0,1.0,0.0
20,14041,TIDC,NG,45.23999999999998,1.0,0.0
20,14107,TIDC,NG,12.4,1.0,0.0
20,14108,TIDC,NG,286.0,1.0,0.0
20,16068,TIDC,NG,241.9,1.0,0.0
20,1990,TPWR,BIO,64.0,1.0,0.0
20,10145,TPWR,BIO,26.0,1.0,0.0
20,13976,WACM,NG,491.0,1.0,0.0
20,13986,WACM,NG,100.0,1.0,0.0
20,13987,WACM,NG,40.0,1.0,0.0
20,15948,WACM,NG,400.4,1.0,0.0
20,15949,WACM,NG,153.9,1.0,0.0
20,13494,WALC,NG,590.8,1.0,0.0
20,13495,WALC,NG,550.0,1.0,0.0
20,15962,WALC,NG,478.4,1.0,0.0
20,16056,WALC,NG,336.0,1.0,0.0
20,16057,WALC,NG,336.0,1.0,0.0
20,1115,CISO,NG,267.0,1.0,0.0
20,1116,CISO,NG,266.0,1.0,0.0
20,1117,CISO,NG,266.0,1.0,0.0
20,1118,CISO,NG,267.0,1.0,0.0
20,1405,CISO,NG,3.105,1.0,0.0
20,1445,CISO,NG,56.2,1.0,0.0
20,1447,CISO,NG,21.384,1.0,0.0
20,1448,CISO,NG,21.384,1.0,0.0
20,1449,CISO,NG,21.384,1.0,0.0
20,9729,CISO,NG,46.0,1.0,1.0
20,9895,CISO,NG,83.24667,1.0,0.0
20,9896,CISO,NG,41.62333,1.0,0.0
20,10214,CISO,NG,625.0,1.0,0.0
20,15255,CISO,NG,322.0,1.0,0.0
20,15908,CISO,NG,493.63,1.0,0.0
20,15939,CISO,NG,247.29,1.0,0.0
20,15940,CISO,NG,247.29,1.0,0.0
20,15943,CISO,NG,275.85,1.0,0.0
20,15944,CISO,NG,275.85,1.0,0.0
20,15950,CISO,NG,292.5,1.0,1.0
20,15975,CISO,NG,283.3333,1.0,0.0
20,15978,CISO,NG,336.9,1.0,0.0
20,16018,CISO,NG,277.5,1.0,0.0
20,16019,CISO,NG,277.5,1.0,0.0
20,16020,CISO,NG,277.5,1.0,0.0
20,16021,CISO,NG,277.5,1.0,0.0
20,16030,CISO,NG,305.0,1.0,0.0
20,16031,CISO,NG,305.0,1.0,1.0
20,16032,CISO,NG,294.105,1.0,0.0
20,16033,CISO,NG,294.105,1.0,0.0
20,16034,CISO,NG,266.49,1.0,0.0
20,16035,CISO,NG,266.49,1.0,0.0
20,16058,CISO,NG,293.01,1.0,0.0
20,16059,CISO,NG,293.01,1.0,0.0
20,13304,SRP,NUCLEAR,1372.2,1.0,0.0
20,13305,SRP,NUCLEAR,1375.05,1.0,0.0
20,13306,SRP,NUCLEAR,1373.15,1.0,0.0
20,15322,AZPS,NG,174.0,1.0,0.0
20,15323,AZPS,NG,174.0,1.0,0.0
20,15324,AZPS,NG,174.0,1.0,0.0
20,15325,AZPS,NG,174.0,1.0,0.0
20,15326,AZPS,NG,174.0,1.0,0.0
20,15327,AZPS,NG,174.0,1.0,0.0
20,14088,BANC,NG,81.0,1.0,0.0
20,17274,LDWP,NG,34.5,1.0,0.0
20,17031,LDWP,NG,10.0,1.0,0.0
20,13614,LDWP,NG,110.0,1.0,0.0
20,17212,LDWP,NG,398.0,1.0,0.0
20,17210,LDWP,NG,398.0,1.0,0.0
20,13284,TEPC,NG,550.0,1.0,0.0
20,13403,TEPC,NG,540.0,1.0,0.0
20,13404,TEPC,NG,540.0,1.0,0.0
20,13295,AZPS,COAL,818.1,1.0,0.0
20,3504,IPCO,COAL,307.0,1.0,0.0
20,3505,IPCO,COAL,307.0,1.0,0.0
20,3694,IPCO,COAL,50.0,1.0,0.0
20,3695,IPCO,COAL,25.0,1.0,0.0
20,3696,IPCO,COAL,25.0,1.0,0.0
20,3582,NEVP,COAL,268.0,1.0,0.0
20,3583,NEVP,COAL,254.0,1.0,0.0
20,3507,NWMT,COAL,740.0001,1.0,0.0
20,3506,NWMT,COAL,740.0,1.0,0.0
20,3497,NWMT,COAL,135.0,1.0,0.0
20,3510,NWMT,COAL,64.0,1.0,0.0
20,3391,PACE,COAL,584.0,1.0,0.0
20,3461,PACE,COAL,577.9,1.0,0.0
20,3463,PACE,COAL,531.0,1.0,0.0
20,3462,PACE,COAL,527.0,1.0,0.0
20,3656,PACE,COAL,517.5,1.0,0.0
20,3619,PACE,COAL,499.5,1.0,0.0
20,3655,PACE,COAL,498.0,1.0,0.0
20,3638,PACE,COAL,495.6,1.0,0.0
20,3637,PACE,COAL,488.3,1.0,0.0
20,3636,PACE,COAL,488.3,1.0,0.0
20,3698,PACE,COAL,362.1,1.0,0.0
20,3635,PACE,COAL,360.0,1.0,0.0
20,3634,PACE,COAL,229.5,1.0,0.0
20,11093,PACE,COAL,217.6,1.0,0.0
20,13294,PNM,COAL,271.0,1.0,0.0
20,13796,PSCO,COAL,552.28,1.0,0.0
20,13888,PSCO,COAL,467.261,1.0,0.0
20,14002,PSCO,COAL,428.0,1.0,0.0
20,14129,PSCO,COAL,380.8,1.0,0.0
20,13787,PSCO,COAL,335.0,1.0,0.0
20,13786,PSCO,COAL,325.0,1.0,0.0
20,13960,PSCO,COAL,49.65,1.0,0.0
20,13386,SRP,COAL,750.0,1.0,0.0
20,13387,SRP,COAL,750.0,1.0,0.0
20,13388,SRP,COAL,750.0,1.0,0.0
20,13385,SRP,COAL,382.0,1.0,0.0
20,13384,SRP,COAL,380.0,1.0,0.0
20,13389,TEPC,COAL,424.8,1.0,0.0
20,4029,WACM,COAL,621.0,1.0,0.0
20,4030,WACM,COAL,621.0,1.0,0.0
20,14004,WACM,COAL,448.0,1.0,0.0
20,14003,WACM,COAL,428.0,1.0,0.0
20,14001,WACM,COAL,405.0,1.0,0.0
20,14009,WACM,COAL,275.4,1.0,0.0
20,13958,WACM,COAL,207.0,1.0,0.0
20,14008,WACM,COAL,190.0,1.0,0.0
20,13962,WACM,COAL,141.031,1.0,0.0
20,13983,WACM,COAL,116.2,1.0,0.0
20,13982,WACM,COAL,95.0,1.0,0.0
20,13981,WACM,COAL,88.0,1.0,0.0
20,13961,WACM,COAL,83.19,1.0,0.0
20,13943,WACM,COAL,80.0,1.0,0.0
20,13422,WALC,COAL,204.0,1.0,0.0
21,3049,AESO,BIO,18.0,1.0,0.0
21,3243,AESO,BIO,22.335,1.0,0.0
21,3284,AESO,BIO,25.0,1.0,0.0
21,3292,AESO,BIO,11.6,1.0,0.0
21,3343,AESO,BIO,18.0,1.0,0.0
21,3384,AESO,BIO,41.0,1.0,0.0
21,3385,AESO,BIO,41.0,1.0,0.0
21,3386,AESO,BIO,17.0,1.0,0.0
21,3387,AESO,BIO,32.0,1.0,0.0
21,9565,AESO,BIO,20.0,1.0,0.0
21,9566,AESO,BIO,30.0,1.0,0.0
21,9592,AESO,BIO,48.0,1.0,0.0
21,13106,AESO,BIO,43.0,1.0,0.0
21,3218,AESO,NG,407.0,1.0,0.0
21,3219,AESO,NG,148.0,1.0,0.0
21,3220,AESO,NG,148.0,1.0,0.0
21,3221,AESO,NG,408.0,1.0,0.0
21,3222,AESO,NG,408.0,1.0,0.0
21,3238,AESO,NG,151.0,1.0,0.0
21,9198,AESO,NG,280.0,1.0,0.0
21,3017,AESO,NG,101.0,1.0,0.0
21,3041,AESO,NG,2.2,1.0,0.0
21,3042,AESO,NG,2.2,1.0,0.0
21,3043,AESO,NG,2.2,1.0,0.0
21,3044,AESO,NG,2.2,1.0,0.0
21,3047,AESO,NG,105.0,1.0,0.0
21,3072,AESO,NG,101.0,1.0,0.0
21,3096,AESO,NG,5.4,1.0,0.0
21,3126,AESO,NG,46.0,1.0,0.0
21,3139,AESO,NG,5.0,1.0,0.0
21,3190,AESO,NG,48.0,1.0,0.0
21,3217,AESO,NG,48.0,1.0,0.0
21,3232,AESO,NG,101.0,1.0,0.0
21,3235,AESO,NG,50.0,1.0,0.0
21,3244,AESO,NG,50.0,1.0,0.0
21,3245,AESO,NG,47.0,1.0,0.0
21,3249,AESO,NG,36.5,1.0,0.0
21,3250,AESO,NG,36.5,1.0,0.0
21,3254,AESO,NG,101.0,1.0,0.0
21,3259,AESO,NG,40.0,1.0,0.0
21,3262,AESO,NG,30.0,1.0,0.0
21,3263,AESO,NG,35.0,1.0,0.0
21,3264,AESO,NG,30.0,1.0,0.0
21,3357,AESO,NG,3.0,1.0,0.0
21,3358,AESO,NG,3.0,1.0,0.0
21,3359,AESO,NG,4.9,1.0,0.0
21,3370,AESO,NG,47.5,1.0,0.0
21,5241,AESO,NG,48.0,1.0,0.0
21,5274,AESO,NG,48.0,1.0,0.0
21,5302,AESO,NG,48.0,1.0,0.0
21,5802,AESO,NG,120.0,1.0,0.0
21,6087,AESO,NG,330.0,1.0,0.0
21,6150,AESO,NG,120.0,1.0,0.0
21,6611,AESO,NG,128.0,1.0,0.0
21,7724,AESO,NG,15.5,1.0,0.0
21,7725,AESO,NG,6.0,1.0,0.0
21,7727,AESO,NG,8.0,1.0,0.0
21,7851,AESO,NG,3.0,1.0,0.0
21,7852,AESO,NG,2.0,1.0,0.0
21,8055,AESO,NG,16.0,1.0,0.0
21,8417,AESO,NG,141.0,1.0,0.0
21,8781,AESO,NG,3.0,1.0,0.0
21,8782,AESO,NG,3.5,1.0,0.0
21,8783,AESO,NG,3.0,1.0,0.0
21,10169,AESO,NG,195.0,1.0,0.0
21,10179,AESO,NG,870.0,1.0,0.0
21,13123,AESO,NG,6.3,1.0,0.0
21,13124,AESO,NG,6.3,1.0,0.0
21,13127,AESO,NG,10.0,1.0,0.0
21,13133,AESO,NG,20.0,1.0,0.0
21,13136,AESO,NG,16.5,1.0,0.0
21,13137,AESO,NG,10.0,1.0,0.0
21,14585,AESO,NG,15.0,1.0,0.0
21,14586,AESO,NG,15.0,1.0,0.0
21,14605,AESO,NG,199.0,1.0,0.0
21,14624,AESO,NG,45.0,1.0,0.0
21,14625,AESO,NG,45.0,1.0,0.0
21,14644,AESO,NG,45.0,1.0,0.0
21,14662,AESO,NG,45.0,1.0,0.0
21,15659,AESO,NG,395.0,1.0,0.0
21,15660,AESO,NG,411.0,1.0,0.0
21,15661,AESO,NG,406.0,1.0,0.0
21,15662,AESO,NG,406.0,1.0,0.0
21,15663,AESO,NG,353.0,1.0,0.0
21,15667,AESO,NG,401.0,1.0,0.0
21,16052,AESO,NG,605.2,1.0,0.0
21,16053,AESO,NG,262.8,1.0,0.0
21,2167,AVA,BIO,50.7,1.0,0.0
21,2190,AVA,BIO,6.2,1.0,0.0
21,2200,AVA,BIO,26.0,1.0,0.0
21,2206,AVA,BIO,28.8,1.0,0.0
21,2207,AVA,BIO,65.0,1.0,0.0
21,2198,AVA,NG,83.3,1.0,0.0
21,2199,AVA,NG,83.3,1.0,0.0
21,8427,AVA,NG,301.49,1.0,0.0
21,9848,AVA,NG,287.0,1.0,0.0
21,14033,AZPS,BIO,28.0,1.0,0.0
21,16040,AZPS,NG,252.4,1.0,0.0
21,16041,AZPS,NG,252.4,1.0,0.0
21,16042,AZPS,NG,252.4,1.0,0.0
21,16043,AZPS,NG,252.4,1.0,0.0
21,16070,AZPS,NG,385.0,1.0,0.0
21,13687,BANC,BIO,3.5,1.0,0.0
21,13688,BANC,BIO,3.5,1.0,0.0
21,13689,BANC,BIO,3.5,1.0,0.0
21,13690,BANC,BIO,3.5,1.0,0.0
21,13691,BANC,BIO,3.5,1.0,0.0
21,15928,BANC,NG,265.0,1.0,0.0
21,15929,BANC,NG,265.0,1.0,0.0
21,16060,BANC,NG,274.5,1.0,0.0
21,16061,BANC,NG,274.5,1.0,0.0
21,2516,BCHA,BIO,65.99999999999977,1.0,0.0
21,2581,BCHA,BIO,16.39,1.0,0.0
21,2634,BCHA,BIO,20.39,1.0,0.0
21,2644,BCHA,BIO,24.75,1.0,0.0
21,2645,BCHA,BIO,1.667,1.0,0.0
21,2646,BCHA,BIO,1.667,1.0,0.0
21,2647,BCHA,BIO,1.667,1.0,0.0
21,2648,BCHA,BIO,1.851,1.0,0.0
21,2691,BCHA,BIO,32.0,1.0,0.0
21,2744,BCHA,BIO,16.0,1.0,0.0
21,2745,BCHA,BIO,28.0,1.0,0.0
21,2746,BCHA,BIO,32.0,1.0,0.0
21,2766,BCHA,BIO,7.5,1.0,0.0
21,2990,BCHA,BIO,52.29,1.0,0.0
21,2991,BCHA,BIO,48.0,1.0,0.0
21,6066,BCHA,BIO,4.8,1.0,0.0
21,6104,BCHA,BIO,36.0,1.0,0.0
21,6121,BCHA,BIO,32.7,1.0,0.0
21,6122,BCHA,BIO,28.69,1.0,0.0
21,6155,BCHA,BIO,1.26,1.0,0.0
21,6833,BCHA,BIO,1.03,1.0,0.0
21,7014,BCHA,BIO,0.34,1.0,0.0
21,7068,BCHA,BIO,55.0,1.0,0.0
21,7171,BCHA,BIO,62.5,1.0,0.0
21,7172,BCHA,BIO,50.0,1.0,0.0
21,8349,BCHA,BIO,38.0,1.0,0.0
21,11890,BCHA,BIO,1.0,1.0,0.0
21,11891,BCHA,BIO,1.0,1.0,0.0
21,15470,BCHA,BIO,28.0,1.0,0.0
21,15471,BCHA,BIO,16.0,1.0,0.0
21,15664,BCHA,BIO,38.7,1.0,0.0
21,10736,BCHA,GEO,107.0,1.0,0.0
21,2517,BCHA,NG,55.0,1.0,0.0
21,2518,BCHA,NG,55.0,1.0,0.0
21,2589,BCHA,NG,23.0,1.0,0.0
21,2590,BCHA,NG,23.0,1.0,0.0
21,3040,AESO,NG,2.4,1.0,0.0
21,5051,BCHA,NG,290.0,1.0,0.0
21,6625,AESO,NG,11.25,1.0,0.0
21,6755,AESO,NG,101.0,1.0,0.0
21,7003,AESO,NG,27.9,1.0,0.0
21,7541,AESO,NG,39.0,1.0,0.0
21,7726,AESO,NG,4.1,1.0,0.0
21,8260,AESO,NG,46.0,1.0,0.0
21,8632,AESO,NG,5.5,1.0,0.0
21,9134,AESO,NG,9.0,1.0,0.0
21,9218,AESO,NG,75.0,1.0,0.0
21,9219,AESO,NG,344.0,1.0,0.0
21,9329,AESO,NG,85.0,1.0,0.0
21,11725,AESO,NG,1.6,1.0,0.0
21,11726,AESO,NG,1.6,1.0,0.0
21,11841,AESO,NG,2.9,1.0,0.0
21,11842,AESO,NG,2.9,1.0,0.0
21,11914,AESO,NG,17.0,1.0,0.0
21,11915,AESO,NG,3.0,1.0,0.0
21,11916,AESO,NG,2.0,1.0,0.0
21,13122,AESO,NG,6.5,1.0,0.0
21,13128,AESO,NG,15.0,1.0,0.0
21,13129,AESO,NG,15.0,1.0,0.0
21,15656,AESO,NG,408.0,1.0,0.0
21,15657,AESO,NG,418.5,1.0,0.0
21,15658,AESO,NG,430.0,1.0,0.0
21,15675,AESO,NG,2.9,1.0,0.0
21,15676,AESO,NG,2.3,1.0,0.0
21,15677,AESO,NG,7.0,1.0,0.0
21,1972,BPAT,BIO,40.0,1.0,0.0
21,2051,BPAT,BIO,18.0,1.0,0.0
21,2076,BPAT,BIO,14.7,1.0,0.0
21,2077,BPAT,BIO,20.0,1.0,0.0
21,2078,BPAT,BIO,25.0,1.0,0.0
21,2079,BPAT,BIO,12.25,1.0,0.0
21,6343,BPAT,BIO,0.8,1.0,0.0
21,6344,BPAT,BIO,0.8,1.0,0.0
21,6345,BPAT,BIO,1.5,1.0,0.0
21,6346,BPAT,BIO,1.5,1.0,0.0
21,9593,BPAT,BIO,5.0,1.0,0.0
21,9595,BPAT,BIO,31.28,1.0,0.0
21,13116,BPAT,BIO,12.5,1.0,0.0
21,14182,BPAT,BIO,17.2,1.0,0.0
21,14186,BPAT,BIO,37.2,1.0,0.0
21,14572,BPAT,BIO,36.0,1.0,0.0
21,2063,BPAT,NG,265.0,1.0,0.0
21,6835,BPAT,NG,269.2,1.0,0.0
21,14571,BPAT,NG,9.9,1.0,0.0
21,2491,BPAT,NUCLEAR,1186.0,1.0,0.0
21,437,CENACE,GEO,25.0,1.0,0.0
21,438,CENACE,GEO,25.0,1.0,0.0
21,439,CENACE,GEO,25.0,1.0,0.0
21,440,CENACE,GEO,25.0,1.0,0.0
21,441,CENACE,GEO,30.0,1.0,0.0
21,446,CENACE,GEO,110.0,1.0,0.0
21,447,CENACE,GEO,110.0,1.0,0.0
21,448,CENACE,GEO,110.0,1.0,0.0
21,457,CENACE,GEO,110.0,1.0,0.0
21,8227,CENACE,NG,277.0,1.0,0.0
21,14839,CENACE,NG,248.0,1.0,0.0
21,15254,CENACE,NG,793.0,1.0,0.0
21,15341,CENACE,NG,1.0,1.0,0.0
21,15991,CENACE,NG,165.0,1.0,0.0
21,15992,CENACE,NG,165.0,1.0,0.0
21,15993,CENACE,NG,405.0,1.0,0.0
21,548,CISO,BIO,2.999999999992724,1.0,0.0
21,549,CISO,BIO,0.95,1.0,0.0
21,550,CISO,BIO,5.0,1.0,0.0
21,551,CISO,BIO,3.0,1.0,0.0
21,555,CISO,BIO,2.9,1.0,0.0
21,570,CISO,BIO,1.88,1.0,0.0
21,572,CISO,BIO,1.88,1.0,0.0
21,629,CISO,BIO,47.0,1.0,0.0
21,633,CISO,BIO,34.0,1.0,0.0
21,795,CISO,BIO,24.5,1.0,0.0
21,836,CISO,BIO,1.3,1.0,0.0
21,1008,CISO,BIO,1.88,1.0,0.0
21,1154,CISO,BIO,25.0,1.0,1.0
21,1156,CISO,BIO,10.5,1.0,0.0
21,1168,CISO,BIO,10.8,1.0,0.0
21,1178,CISO,BIO,28.5,1.0,0.0
21,1187,CISO,BIO,24.48,1.0,0.0
21,1188,CISO,BIO,22.0,1.0,0.0
21,1297,CISO,BIO,30.5,1.0,0.0
21,1300,CISO,BIO,12.0,1.0,0.0
21,1331,CISO,BIO,57.43,1.0,0.0
21,1392,CISO,BIO,24.2,1.0,0.0
21,1398,CISO,BIO,2.57,1.0,0.0
21,1399,CISO,BIO,2.57,1.0,0.0
21,1400,CISO,BIO,2.57,1.0,0.0
21,1401,CISO,BIO,2.57,1.0,0.0
21,1402,CISO,BIO,2.57,1.0,0.0
21,1403,CISO,BIO,2.57,1.0,0.0
21,1404,CISO,BIO,2.57,1.0,0.0
21,1413,CISO,BIO,10.0,1.0,0.0
21,1589,CISO,BIO,8.6,1.0,0.0
21,1590,CISO,BIO,5.7,1.0,0.0
21,1591,CISO,BIO,12.5,1.0,1.0
21,1592,CISO,BIO,12.5,1.0,1.0
21,1593,CISO,BIO,12.5,1.0,1.0
21,1594,CISO,BIO,12.5,1.0,1.0
21,1634,CISO,BIO,13.8,1.0,0.0
21,1635,CISO,BIO,12.5,1.0,0.0
21,1636,CISO,BIO,12.5,1.0,0.0
21,1637,CISO,BIO,12.5,1.0,0.0
21,1638,CISO,BIO,19.9,1.0,1.0
21,1715,CISO,BIO,29.0,1.0,1.0
21,1768,CISO,BIO,22.0,1.0,0.0
21,1774,CISO,BIO,13.1,1.0,0.0
21,1775,CISO,BIO,5.14,1.0,1.0
21,1776,CISO,BIO,20.001,1.0,1.0
21,1793,CISO,BIO,29.07,1.0,0.0
21,1794,CISO,BIO,25.5,1.0,0.0
21,1838,CISO,BIO,17.2,1.0,0.0
21,1839,CISO,BIO,24.4,1.0,0.0
21,4294,CISO,BIO,2.29,1.0,1.0
21,5728,CISO,BIO,1.25,1.0,0.0
21,5729,CISO,BIO,1.25,1.0,0.0
21,5809,CISO,BIO,3.0,1.0,0.0
21,5865,CISO,BIO,0.75,1.0,0.0
21,5866,CISO,BIO,0.75,1.0,0.0
21,5872,CISO,BIO,14.4,1.0,0.0
21,5899,CISO,BIO,4.0,1.0,0.0
21,5900,CISO,BIO,3.7,1.0,0.0
21,5901,CISO,BIO,0.3,1.0,0.0
21,5999,CISO,BIO,37.828,1.0,0.0
21,6045,CISO,BIO,9.8,1.0,0.0
21,6069,CISO,BIO,4.6,1.0,0.0
21,6070,CISO,BIO,4.6,1.0,0.0
21,6071,CISO,BIO,4.6,1.0,0.0
21,6116,CISO,BIO,1.1,1.0,0.0
21,6117,CISO,BIO,1.1,1.0,0.0
21,6349,CISO,BIO,1.5,1.0,0.0
21,6352,CISO,BIO,1.2,1.0,0.0
21,6492,CISO,BIO,24.5,1.0,0.0
21,6601,CISO,BIO,1.5,1.0,0.0
21,6602,CISO,BIO,1.5,1.0,0.0
21,6603,CISO,BIO,1.5,1.0,0.0
21,6651,CISO,BIO,1.35,1.0,0.0
21,6652,CISO,BIO,1.35,1.0,0.0
21,6653,CISO,BIO,1.35,1.0,0.0
21,6710,CISO,BIO,20.0,1.0,0.0
21,6756,CISO,BIO,0.7,1.0,0.0
21,7146,CISO,BIO,0.2,1.0,0.0
21,7147,CISO,BIO,0.2,1.0,0.0
21,7373,CISO,BIO,4.4,1.0,0.0
21,7374,CISO,BIO,3.0,1.0,0.0
21,7388,CISO,BIO,27.15,1.0,0.0
21,7556,CISO,BIO,0.8,1.0,0.0
21,7557,CISO,BIO,0.8,1.0,0.0
21,7558,CISO,BIO,0.8,1.0,0.0
21,7559,CISO,BIO,0.8,1.0,0.0
21,7560,CISO,BIO,0.8,1.0,0.0
21,7561,CISO,BIO,0.8,1.0,0.0
21,7780,CISO,BIO,2.9,1.0,0.0
21,7816,CISO,BIO,1.3,1.0,0.0
21,7840,CISO,BIO,1.25,1.0,0.0
21,7841,CISO,BIO,1.25,1.0,0.0
21,7860,CISO,BIO,3.0,1.0,0.0
21,7861,CISO,BIO,3.0,1.0,0.0
21,7862,CISO,BIO,1.6,1.0,0.0
21,7868,CISO,BIO,6.5,1.0,0.0
21,7869,CISO,BIO,4.9,1.0,0.0
21,8080,CISO,BIO,23.8,1.0,0.0
21,8084,CISO,BIO,1.88,1.0,0.0
21,8085,CISO,BIO,1.88,1.0,0.0
21,8162,CISO,BIO,1.6,1.0,0.0
21,8163,CISO,BIO,2.7,1.0,0.0
21,8311,CISO,BIO,0.46,1.0,0.0
21,8312,CISO,BIO,2.29,1.0,0.0
21,8313,CISO,BIO,2.2,1.0,0.0
21,8371,CISO,BIO,3.0,1.0,0.0
21,8403,CISO,BIO,2.8,1.0,0.0
21,8404,CISO,BIO,3.3,1.0,0.0
21,8405,CISO,BIO,3.3,1.0,0.0
21,8406,CISO,BIO,3.3,1.0,0.0
21,8434,CISO,BIO,1.2,1.0,0.0
21,8682,CISO,BIO,3.0,1.0,0.0
21,8685,CISO,BIO,11.16,1.0,0.0
21,8811,CISO,BIO,1.3,1.0,0.0
21,8812,CISO,BIO,1.3,1.0,0.0
21,9227,CISO,BIO,3.0,1.0,0.0
21,9228,CISO,BIO,1.2,1.0,0.0
21,9229,CISO,BIO,1.2,1.0,0.0
21,9242,CISO,BIO,3.05,1.0,0.0
21,9322,CISO,BIO,2.8,1.0,0.0
21,9337,CISO,BIO,1.8,1.0,0.0
21,9338,CISO,BIO,1.8,1.0,0.0
21,9399,CISO,BIO,1.2,1.0,0.0
21,9723,CISO,BIO,0.5,1.0,0.0
21,10025,CISO,BIO,1.6,1.0,0.0
21,10026,CISO,BIO,1.0,1.0,0.0
21,10027,CISO,BIO,1.0,1.0,0.0
21,10028,CISO,BIO,1.4,1.0,0.0
21,10227,CISO,BIO,35.2,1.0,0.0
21,11103,CISO,BIO,28.24,1.0,0.0
21,11120,CISO,BIO,50.0,1.0,0.0
21,11138,CISO,BIO,5.0,1.0,0.0
21,12396,CISO,BIO,1.0,1.0,0.0
21,12397,CISO,BIO,0.4,1.0,0.0
21,12837,CISO,BIO,1.5,1.0,0.0
21,13104,CISO,BIO,50.0,1.0,0.0
21,13107,CISO,BIO,30.0,1.0,0.0
21,14499,CISO,BIO,26.5,1.0,0.0
21,14833,CISO,BIO,18.13,1.0,0.0
21,14884,CISO,BIO,1.2,1.0,0.0
21,14885,CISO,BIO,12.0,1.0,1.0
21,14886,CISO,BIO,17.0,1.0,1.0
21,14887,CISO,BIO,17.0,1.0,1.0
21,14888,CISO,BIO,13.0,1.0,1.0
21,14896,CISO,BIO,5.0,1.0,0.0
21,14898,CISO,BIO,12.0,1.0,1.0
21,15377,CISO,BIO,12.0,1.0,0.0
21,15432,CISO,BIO,32.0,1.0,0.0
21,15783,CISO,BIO,4.7,1.0,0.0
21,15794,CISO,BIO,28.5,1.0,0.0
21,15795,CISO,BIO,13.4,1.0,1.0
21,15797,CISO,BIO,24.0,1.0,0.0
21,15798,CISO,BIO,24.0,1.0,0.0
21,15861,CISO,BIO,13.4,1.0,1.0
21,442,CISO,GEO,35.7,1.0,0.0
21,443,CISO,GEO,35.7,1.0,0.0
21,444,CISO,GEO,35.7,1.0,0.0
21,445,CISO,GEO,35.7,1.0,0.0
21,656,CISO,GEO,26.66667,1.0,0.0
21,657,CISO,GEO,26.66667,1.0,0.0
21,658,CISO,GEO,26.66667,1.0,0.0
21,663,CISO,GEO,16.0,1.0,0.0
21,664,CISO,GEO,16.0,1.0,0.0
21,665,CISO,GEO,16.0,1.0,0.0
21,1005,CISO,GEO,30.0,1.0,0.0
21,1006,CISO,GEO,30.0,1.0,0.0
21,1007,CISO,GEO,30.0,1.0,0.0
21,1265,CISO,GEO,1.5,1.0,0.0
21,1266,CISO,GEO,1.5,1.0,0.0
21,1597,CISO,GEO,11.0,1.0,0.0
21,1598,CISO,GEO,11.0,1.0,0.0
21,1602,CISO,GEO,47.0,1.0,0.0
21,1603,CISO,GEO,50.0,1.0,0.0
21,1605,CISO,GEO,75.5,1.0,0.0
21,1606,CISO,GEO,27.5,1.0,0.0
21,1607,CISO,GEO,63.0,1.0,0.0
21,1608,CISO,GEO,70.0,1.0,0.0
21,1609,CISO,GEO,73.0,1.0,0.0
21,1610,CISO,GEO,57.0,1.0,0.0
21,1611,CISO,GEO,86.8,1.0,0.0
21,1612,CISO,GEO,47.9,1.0,0.0
21,1613,CISO,GEO,47.9,1.0,0.0
21,1614,CISO,GEO,49.215,1.0,0.0
21,1615,CISO,GEO,49.215,1.0,0.0
21,1616,CISO,GEO,12.5,1.0,0.0
21,1617,CISO,GEO,12.5,1.0,0.0
21,1618,CISO,GEO,6.5,1.0,0.0
21,1619,CISO,GEO,6.5,1.0,0.0
21,1620,CISO,GEO,36.0,1.0,0.0
21,1621,CISO,GEO,36.0,1.0,0.0
21,7684,CISO,GEO,20.0,1.0,0.0
21,7942,CISO,GEO,11.0,1.0,0.0
21,7943,CISO,GEO,11.0,1.0,0.0
21,8300,CISO,GEO,5.0,1.0,0.0
21,8301,CISO,GEO,5.0,1.0,0.0
21,8302,CISO,GEO,5.0,1.0,0.0
21,11122,CISO,GEO,78.0,1.0,0.0
21,13026,CISO,GEO,14.0,1.0,0.0
21,13102,CISO,GEO,51.9,1.0,0.0
21,13103,CISO,GEO,51.9,1.0,0.0
21,13105,CISO,GEO,59.0,1.0,0.0
21,14055,CISO,GEO,38.85,1.0,0.0
21,14056,CISO,GEO,50.0,1.0,0.0
21,14057,CISO,GEO,42.42,1.0,0.0
21,14058,CISO,GEO,52.73,1.0,0.0
21,14848,CISO,GEO,30.0,1.0,0.0
21,14923,CISO,GEO,38.0,1.0,0.0
21,15381,CISO,GEO,20.0,1.0,0.0
21,1248,CISO,NUCLEAR,1150.0,1.0,0.0
21,1249,CISO,NUCLEAR,1150.0,1.0,0.0
21,13507,IID,BIO,27.0,1.0,0.0
21,13560,IID,BIO,55.5,1.0,0.0
21,13561,IID,BIO,21.0,1.0,0.0
21,13509,IID,GEO,53.0,1.0,0.0
21,13510,IID,GEO,8.75,1.0,0.0
21,13511,IID,GEO,4.37,1.0,0.0
21,13516,IID,GEO,34.39,1.0,0.0
21,13517,IID,GEO,34.39,1.0,0.0
21,13519,IID,GEO,34.39,1.0,0.0
21,13520,IID,GEO,29.0,1.0,0.0
21,13521,IID,GEO,9.19,1.0,0.0
21,13522,IID,GEO,10.5,1.0,0.0
21,13523,IID,GEO,49.0,1.0,0.0
21,13524,IID,GEO,50.0,1.0,0.0
21,13543,IID,GEO,33.0,1.0,0.0
21,13544,IID,GEO,16.0,1.0,0.0
21,13554,IID,GEO,49.89,1.0,0.0
21,13555,IID,GEO,4.79,1.0,0.0
21,13556,IID,GEO,4.5,1.0,0.0
21,13557,IID,GEO,11.1,1.0,0.0
21,13558,IID,GEO,11.0,1.0,0.0
21,13559,IID,GEO,50.0,1.0,0.0
21,13562,IID,GEO,21.6,1.0,0.0
21,13563,IID,GEO,8.0,1.0,0.0
21,13564,IID,GEO,22.0,1.0,0.0
21,13570,IID,GEO,24.0,1.0,0.0
21,13571,IID,GEO,15.0,1.0,0.0
21,13572,IID,GEO,18.5,1.0,0.0
21,13573,IID,GEO,7.0,1.0,0.0
21,13574,IID,GEO,8.45,1.0,0.0
21,13578,IID,GEO,16.0,1.0,0.0
21,13579,IID,GEO,16.0,1.0,0.0
21,13580,IID,GEO,16.0,1.0,0.0
21,13581,IID,GEO,16.0,1.0,0.0
21,13582,IID,GEO,16.0,1.0,0.0
21,13583,IID,GEO,16.0,1.0,0.0
21,13584,IID,GEO,16.0,1.0,0.0
21,15941,IID,NG,109.1,1.0,1.0
21,3434,IPCO,BIO,5.0,1.0,0.0
21,6118,IPCO,BIO,0.8,1.0,0.0
21,6119,IPCO,BIO,0.8,1.0,0.0
21,6120,IPCO,BIO,0.8,1.0,0.0
21,7116,IPCO,BIO,1.6,1.0,0.0
21,7117,IPCO,BIO,1.6,1.0,0.0
21,8549,IPCO,BIO,2.0,1.0,0.0
21,8550,IPCO,BIO,2.0,1.0,0.0
21,10116,IPCO,BIO,7.5,1.0,0.0
21,3400,IPCO,GEO,18.0,1.0,0.0
21,7941,IPCO,GEO,11.0,1.0,0.0
21,3407,IPCO,NG,170.9,1.0,0.0
21,7185,IPCO,NG,2.0,1.0,0.0
21,7188,IPCO,NG,2.0,1.0,0.0
21,7189,IPCO,NG,2.0,1.0,0.0
21,7509,IPCO,NG,330.0,1.0,0.0
21,8599,IPCO,NG,10.0,1.0,0.0
21,15899,LDWP,NG,275.0,1.0,0.0
21,15900,LDWP,NG,275.0,1.0,0.0
21,13714,NEVP,GEO,20.0,1.0,0.0
21,13715,NEVP,GEO,60.0,1.0,0.0
21,13716,NEVP,GEO,10.1,1.0,0.0
21,13717,NEVP,GEO,19.2,1.0,0.0
21,13718,NEVP,GEO,11.8,1.0,0.0
21,13719,NEVP,GEO,11.8,1.0,0.0
21,13720,NEVP,GEO,11.8,1.0,0.0
21,13721,NEVP,GEO,11.8,1.0,0.0
21,13724,NEVP,GEO,8.0,1.0,0.0
21,13725,NEVP,GEO,8.0,1.0,0.0
21,13726,NEVP,GEO,8.0,1.0,0.0
21,13727,NEVP,GEO,18.9,1.0,0.0
21,13728,NEVP,GEO,11.3,1.0,0.0
21,13729,NEVP,GEO,11.3,1.0,0.0
21,13730,NEVP,GEO,11.3,1.0,0.0
21,13731,NEVP,GEO,11.3,1.0,0.0
21,13732,NEVP,GEO,11.25,1.0,0.0
21,13733,NEVP,GEO,11.25,1.0,0.0
21,13734,NEVP,GEO,25.0,1.0,0.0
21,13752,NEVP,GEO,15.0,1.0,0.0
21,13753,NEVP,GEO,15.0,1.0,0.0
21,13754,NEVP,GEO,15.0,1.0,0.0
21,13755,NEVP,GEO,15.0,1.0,0.0
21,13756,NEVP,GEO,26.5,1.0,0.0
21,13757,NEVP,GEO,10.0,1.0,0.0
21,13758,NEVP,GEO,10.0,1.0,0.0
21,13759,NEVP,GEO,10.0,1.0,0.0
21,13760,NEVP,GEO,16.5,1.0,0.0
21,13762,NEVP,GEO,25.0,1.0,0.0
21,13763,NEVP,GEO,16.0,1.0,0.0
21,13764,NEVP,GEO,16.0,1.0,0.0
21,13765,NEVP,GEO,21.3,1.0,0.0
21,13766,NEVP,GEO,21.3,1.0,0.0
21,13767,NEVP,GEO,21.3,1.0,0.0
21,13769,NEVP,GEO,20.0,1.0,0.0
21,13770,NEVP,GEO,20.0,1.0,0.0
21,13771,NEVP,GEO,12.0,1.0,0.0
21,13772,NEVP,GEO,11.8,1.0,0.0
21,13774,NEVP,GEO,20.0,1.0,0.0
21,13775,NEVP,GEO,20.0,1.0,0.0
21,13776,NEVP,GEO,12.0,1.0,0.0
21,13427,NEVP,NG,105.0,1.0,0.0
21,13428,NEVP,NG,250.0,1.0,0.0
21,13429,NEVP,NG,250.0,1.0,0.0
21,13430,NEVP,NG,143.5,1.0,0.0
21,13432,NEVP,NG,99.58,1.0,0.0
21,13433,NEVP,NG,96.26,1.0,0.0
21,13434,NEVP,NG,111.26,1.0,0.0
21,13440,NEVP,NG,566.0,1.0,0.0
21,13441,NEVP,NG,735.0,1.0,0.0
21,13442,NEVP,NG,641.4,1.0,0.0
21,13443,NEVP,NG,521.7,1.0,0.0
21,13444,NEVP,NG,585.0,1.0,0.0
21,13445,NEVP,NG,585.0,1.0,0.0
21,13449,NEVP,NG,112.4,1.0,0.0
21,13450,NEVP,NG,112.4,1.0,0.0
21,13739,NEVP,NG,8.4,1.0,1.0
21,13741,NEVP,NG,8.4,1.0,1.0
21,13742,NEVP,NG,8.4,1.0,1.0
21,13743,NEVP,NG,8.4,1.0,1.0
21,13744,NEVP,NG,8.4,1.0,1.0
21,13745,NEVP,NG,8.4,1.0,1.0
21,13746,NEVP,NG,8.4,1.0,1.0
21,13747,NEVP,NG,8.4,1.0,1.0
21,13748,NEVP,NG,8.4,1.0,1.0
21,13749,NEVP,NG,8.4,1.0,1.0
21,13750,NEVP,NG,8.4,1.0,1.0
21,13751,NEVP,NG,8.4,1.0,1.0
21,13773,NEVP,NG,530.0,1.0,0.0
21,15914,NEVP,NG,403.0,1.0,0.0
21,15916,NEVP,NG,659.6,1.0,0.0
21,15922,NEVP,NG,185.0,1.0,0.0
21,15924,NEVP,NG,185.0,1.0,0.0
21,15966,NEVP,NG,260.85,1.0,0.0
21,15972,NEVP,NG,356.0,1.0,0.0
21,15994,NEVP,NG,60.5,1.0,0.0
21,15995,NEVP,NG,60.5,1.0,0.0
21,15996,NEVP,NG,181.5,1.0,0.0
21,16028,NEVP,NG,367.5,1.0,0.0
21,16029,NEVP,NG,367.5,1.0,0.0
21,16054,NEVP,NG,540.6,1.0,0.0
21,16064,NEVP,NG,624.0,1.0,0.0
21,3476,NWMT,NG,50.0,1.0,0.0
21,3477,NWMT,NG,50.0,1.0,0.0
21,3478,NWMT,NG,50.0,1.0,0.0
21,3522,NWMT,NG,6.0,1.0,0.0
21,3523,NWMT,NG,6.0,1.0,0.0
21,3524,NWMT,NG,6.0,1.0,0.0
21,3525,NWMT,NG,6.0,1.0,0.0
21,3526,NWMT,NG,6.0,1.0,0.0
21,3527,NWMT,NG,6.0,1.0,0.0
21,3528,NWMT,NG,6.0,1.0,0.0
21,3529,NWMT,NG,6.0,1.0,0.0
21,3530,NWMT,NG,6.0,1.0,0.0
21,3617,PACE,GEO,26.1,1.0,0.0
21,3618,PACE,GEO,12.0,1.0,0.0
21,3612,PACE,NG,17.0,1.0,0.0
21,3613,PACE,NG,17.0,1.0,0.0
21,3614,PACE,NG,17.0,1.0,0.0
21,3639,PACE,NG,35.8,1.0,0.0
21,3640,PACE,NG,35.8,1.0,0.0
21,3641,PACE,NG,35.8,1.0,0.0
21,3646,PACE,NG,60.4,1.0,0.0
21,3683,PACE,NG,7.0,1.0,1.0
21,3684,PACE,NG,7.0,1.0,1.0
21,3685,PACE,NG,7.0,1.0,1.0
21,3686,PACE,NG,5.0,1.0,1.0
21,3718,PACE,NG,13.5,1.0,0.0
21,3719,PACE,NG,13.5,1.0,0.0
21,6466,PACE,NG,529.7,1.0,0.0
21,7184,PACE,NG,4.0,1.0,0.0
21,7186,PACE,NG,4.0,1.0,0.0
21,7187,PACE,NG,4.0,1.0,0.0
21,7491,PACE,NG,628.1,1.0,0.0
21,7494,PACE,NG,538.0,1.0,0.0
21,14694,PACE,NG,1.0,1.0,0.0
21,15930,PACE,NG,420.7,1.0,0.0
21,15987,PACE,NG,408.6,1.0,0.0
21,15988,PACE,NG,182.7,1.0,0.0
21,15989,PACE,NG,185.4,1.0,0.0
21,15990,PACE,NG,469.8,1.0,0.0
21,1889,PACW,BIO,7.5,1.0,0.0
21,8587,PACW,BIO,10.0,1.0,0.0
21,11098,PACW,BIO,10.0,1.0,0.0
21,7432,PACW,NG,540.0,1.0,0.0
21,9960,PACW,NG,279.56,1.0,0.0
21,9961,PACW,NG,279.56,1.0,0.0
21,15985,PACW,NG,178.5,1.0,0.0
21,15986,PACW,NG,323.0,1.0,0.0
21,2346,PGE,BIO,10.0,1.0,0.0
21,5829,PGE,NG,476.698,1.0,0.0
21,9847,PGE,NG,296.0,1.0,0.0
21,10103,PGE,NG,483.3,1.0,0.0
21,10104,PGE,NG,18.8,1.0,0.0
21,10105,PGE,NG,18.8,1.0,0.0
21,10106,PGE,NG,18.8,1.0,0.0
21,10107,PGE,NG,18.8,1.0,0.0
21,10108,PGE,NG,18.8,1.0,0.0
21,10109,PGE,NG,18.8,1.0,0.0
21,10110,PGE,NG,18.8,1.0,0.0
21,10111,PGE,NG,18.8,1.0,0.0
21,10112,PGE,NG,18.8,1.0,0.0
21,10113,PGE,NG,18.8,1.0,0.0
21,10114,PGE,NG,18.8,1.0,0.0
21,10115,PGE,NG,18.8,1.0,0.0
21,15905,PGE,NG,292.36,1.0,0.0
21,6353,PNM,BIO,0.8,1.0,0.0
21,6354,PNM,BIO,0.8,1.0,0.0
21,6355,PNM,BIO,0.8,1.0,0.0
21,6356,PNM,BIO,0.8,1.0,0.0
21,6357,PNM,BIO,0.8,1.0,0.0
21,6358,PNM,BIO,0.8,1.0,0.0
21,6359,PNM,BIO,0.8,1.0,0.0
21,6360,PNM,BIO,0.8,1.0,0.0
21,6483,PNM,BIO,4.5,1.0,0.0
21,6741,PNM,BIO,1.0,1.0,0.0
21,6752,PNM,BIO,1.6,1.0,0.0
21,6753,PNM,BIO,1.6,1.0,0.0
21,6754,PNM,BIO,1.6,1.0,0.0
21,7634,PNM,BIO,0.335,1.0,0.0
21,8319,PNM,BIO,3.0,1.0,0.0
21,8320,PNM,BIO,7.5,1.0,0.0
21,8517,PNM,BIO,0.8,1.0,0.0
21,8518,PNM,BIO,0.8,1.0,0.0
21,8519,PNM,BIO,0.8,1.0,0.0
21,8520,PNM,BIO,0.8,1.0,0.0
21,8521,PNM,BIO,0.8,1.0,0.0
21,8522,PNM,BIO,0.8,1.0,0.0
21,10202,PNM,BIO,8.0,1.0,0.0
21,10222,PNM,BIO,15.0,1.0,0.0
21,11101,PNM,BIO,11.5,1.0,0.0
21,11102,PNM,BIO,11.5,1.0,0.0
21,13110,PNM,BIO,19.8,1.0,0.0
21,13265,PNM,GEO,4.0,1.0,0.0
21,6828,PNM,NG,11.4,1.0,0.0
21,9270,PNM,NG,18.0,1.0,1.0
21,11104,PNM,NG,11.4,1.0,0.0
21,11105,PNM,NG,11.4,1.0,0.0
21,11106,PNM,NG,11.4,1.0,0.0
21,13240,PNM,NG,596.0,1.0,0.0
21,13243,PNM,NG,287.93,1.0,0.0
21,13503,PNM,NG,67.2,1.0,0.0
21,16004,PNM,NG,497.26,1.0,0.0
21,13785,PSCO,NG,602.0,1.0,0.0
21,13807,PSCO,NG,582.51,1.0,0.0
21,13813,PSCO,NG,396.9,1.0,0.0
21,13816,PSCO,NG,127.0,1.0,0.0
21,13845,PSCO,NG,2.52,1.0,1.0
21,13869,PSCO,NG,622.0,1.0,0.0
21,13899,PSCO,NG,100.0,1.0,1.0
21,15920,PSCO,NG,370.6,1.0,0.0
21,15945,PSCO,NG,517.69,1.0,0.0
21,16046,PSCO,NG,510.0,1.0,0.0
21,2398,PSEI,BIO,28.3,1.0,0.0
21,2399,PSEI,NG,71.2,1.0,0.0
21,6692,PSEI,NG,193.8,1.0,0.0
21,6749,PSEI,NG,253.44,1.0,0.0
21,7707,PSEI,NG,167.04,1.0,0.0
21,7855,PSEI,NG,319.9,1.0,0.0
21,9197,PSEI,NG,145.1,1.0,0.0
21,13338,SRP,NG,591.1,1.0,0.0
21,13370,SRP,NG,277.0,1.0,0.0
21,13375,SRP,NG,589.5,1.0,0.0
21,15937,SRP,NG,459.0,1.0,0.0
21,16050,SRP,NG,456.0,1.0,0.0
21,14107,TIDC,NG,21.58000000000002,1.0,0.0
21,14108,TIDC,NG,286.0,1.0,0.0
21,16068,TIDC,NG,241.9,1.0,0.0
21,1990,TPWR,BIO,64.0,1.0,0.0
21,10145,TPWR,BIO,26.0,1.0,0.0
21,13976,WACM,NG,491.0,1.0,0.0
21,13986,WACM,NG,100.0,1.0,0.0
21,13987,WACM,NG,40.0,1.0,0.0
21,15948,WACM,NG,400.4,1.0,0.0
21,15949,WACM,NG,153.9,1.0,0.0
21,13494,WALC,NG,590.7999999999997,1.0,0.0
21,13495,WALC,NG,550.0,1.0,0.0
21,15962,WALC,NG,478.4,1.0,0.0
21,16056,WALC,NG,336.0,1.0,0.0
21,16057,WALC,NG,336.0,1.0,0.0
21,711,CISO,NG,18.0,1.0,1.0
21,1013,CISO,NG,741.27,1.0,1.0
21,1115,CISO,NG,267.0,1.0,0.0
21,1116,CISO,NG,266.0,1.0,0.0
21,1117,CISO,NG,266.0,1.0,0.0
21,1118,CISO,NG,267.0,1.0,0.0
21,1389,CISO,NG,49.0,1.0,1.0
21,1405,CISO,NG,3.105,1.0,0.0
21,1445,CISO,NG,56.2,1.0,0.0
21,1447,CISO,NG,21.384,1.0,0.0
21,1448,CISO,NG,21.384,1.0,0.0
21,1449,CISO,NG,21.384,1.0,0.0
21,1630,CISO,NG,3.26,1.0,1.0
21,9130,CISO,NG,18.0,1.0,1.0
21,9720,CISO,NG,97.32,1.0,1.0
21,9731,CISO,NG,106.85,1.0,1.0
21,9895,CISO,NG,83.24667,1.0,0.0
21,9896,CISO,NG,41.62333,1.0,0.0
21,10080,CISO,NG,31.492,1.0,1.0
21,10214,CISO,NG,625.0,1.0,0.0
21,15255,CISO,NG,322.0,1.0,0.0
21,15898,CISO,NG,1.0,1.0,1.0
21,15908,CISO,NG,493.63,1.0,0.0
21,15939,CISO,NG,247.29,1.0,0.0
21,15940,CISO,NG,247.29,1.0,0.0
21,15943,CISO,NG,275.85,1.0,0.0
21,15944,CISO,NG,275.85,1.0,0.0
21,15950,CISO,NG,292.5,1.0,0.0
21,15975,CISO,NG,283.3333,1.0,0.0
21,15977,CISO,NG,336.9,1.0,1.0
21,15978,CISO,NG,336.9,1.0,0.0
21,16018,CISO,NG,277.5,1.0,0.0
21,16019,CISO,NG,277.5,1.0,0.0
21,16020,CISO,NG,277.5,1.0,0.0
21,16021,CISO,NG,277.5,1.0,0.0
21,16030,CISO,NG,305.0,1.0,0.0
21,16031,CISO,NG,305.0,1.0,0.0
21,16032,CISO,NG,294.105,1.0,0.0
21,16033,CISO,NG,294.105,1.0,0.0
21,16034,CISO,NG,266.49,1.0,0.0
21,16035,CISO,NG,266.49,1.0,0.0
21,16058,CISO,NG,293.01,1.0,0.0
21,16059,CISO,NG,293.01,1.0,0.0
21,13304,SRP,NUCLEAR,1372.2,1.0,0.0
21,13305,SRP,NUCLEAR,1375.05,1.0,0.0
21,13306,SRP,NUCLEAR,1373.15,1.0,0.0
21,15322,AZPS,NG,174.0,1.0,0.0
21,15323,AZPS,NG,174.0,1.0,0.0
21,15324,AZPS,NG,174.0,1.0,0.0
21,15325,AZPS,NG,174.0,1.0,0.0
21,15326,AZPS,NG,174.0,1.0,0.0
21,15327,AZPS,NG,174.0,1.0,0.0
21,16755,AZPS,NG,1.6,1.0,1.0
21,16756,AZPS,NG,1.6,1.0,1.0
21,14088,BANC,NG,81.0,1.0,0.0
21,17274,LDWP,NG,34.5,1.0,0.0
21,17031,LDWP,NG,10.0,1.0,0.0
21,13614,LDWP,NG,311.0,1.0,0.0
21,17212,LDWP,NG,398.0,1.0,0.0
21,17210,LDWP,NG,398.0,1.0,0.0
21,13284,TEPC,NG,550.0,1.0,0.0
21,13403,TEPC,NG,540.0,1.0,0.0
21,13404,TEPC,NG,540.0,1.0,0.0
21,13295,AZPS,COAL,818.1,1.0,0.0
21,3504,IPCO,COAL,307.0,1.0,0.0
21,3505,IPCO,COAL,307.0,1.0,0.0
21,3694,IPCO,COAL,50.0,1.0,0.0
21,3695,IPCO,COAL,25.0,1.0,0.0
21,3696,IPCO,COAL,25.0,1.0,0.0
21,3582,NEVP,COAL,268.0,1.0,0.0
21,3583,NEVP,COAL,254.0,1.0,0.0
21,3507,NWMT,COAL,740.0001,1.0,0.0
21,3506,NWMT,COAL,740.0,1.0,0.0
21,3497,NWMT,COAL,135.0,1.0,0.0
21,3510,NWMT,COAL,64.0,1.0,0.0
21,3391,PACE,COAL,584.0,1.0,0.0
21,3461,PACE,COAL,577.9,1.0,0.0
21,3463,PACE,COAL,531.0,1.0,0.0
21,3462,PACE,COAL,527.0,1.0,0.0
21,3656,PACE,COAL,517.5,1.0,0.0
21,3619,PACE,COAL,499.5,1.0,0.0
21,3655,PACE,COAL,498.0,1.0,0.0
21,3638,PACE,COAL,495.6,1.0,0.0
21,3637,PACE,COAL,488.3,1.0,0.0
21,3636,PACE,COAL,488.3,1.0,0.0
21,3698,PACE,COAL,362.1,1.0,0.0
21,3635,PACE,COAL,360.0,1.0,0.0
21,3634,PACE,COAL,229.5,1.0,0.0
21,11093,PACE,COAL,217.6,1.0,0.0
21,13294,PNM,COAL,271.0,1.0,0.0
21,13796,PSCO,COAL,552.28,1.0,0.0
21,13888,PSCO,COAL,467.261,1.0,0.0
21,14002,PSCO,COAL,428.0,1.0,0.0
21,14129,PSCO,COAL,380.8,1.0,0.0
21,13787,PSCO,COAL,335.0,1.0,0.0
21,13786,PSCO,COAL,325.0,1.0,0.0
21,13960,PSCO,COAL,49.65,1.0,0.0
21,13386,SRP,COAL,750.0,1.0,0.0
21,13387,SRP,COAL,750.0,1.0,0.0
21,13388,SRP,COAL,750.0,1.0,0.0
21,13385,SRP,COAL,382.0,1.0,0.0
21,13384,SRP,COAL,380.0,1.0,0.0
21,13389,TEPC,COAL,424.8,1.0,0.0
21,4029,WACM,COAL,621.0,1.0,0.0
21,4030,WACM,COAL,621.0,1.0,0.0
21,14004,WACM,COAL,448.0,1.0,0.0
21,14003,WACM,COAL,428.0,1.0,0.0
21,14001,WACM,COAL,405.0,1.0,0.0
21,14009,WACM,COAL,275.4,1.0,0.0
21,13958,WACM,COAL,207.0,1.0,0.0
21,14008,WACM,COAL,190.0,1.0,0.0
21,13962,WACM,COAL,141.031,1.0,0.0
21,13983,WACM,COAL,116.2,1.0,0.0
21,13982,WACM,COAL,95.0,1.0,0.0
21,13981,WACM,COAL,88.0,1.0,0.0
21,13961,WACM,COAL,83.19,1.0,0.0
21,13943,WACM,COAL,80.0,1.0,0.0
21,13422,WALC,COAL,204.0,1.0,0.0
22,3049,AESO,BIO,18.0,1.0,0.0
22,3243,AESO,BIO,22.335,1.0,0.0
22,3284,AESO,BIO,25.0,1.0,0.0
22,3292,AESO,BIO,11.6,1.0,0.0
22,3343,AESO,BIO,18.0,1.0,0.0
22,3384,AESO,BIO,41.0,1.0,0.0
22,3385,AESO,BIO,41.0,1.0,0.0
22,3386,AESO,BIO,17.0,1.0,0.0
22,3387,AESO,BIO,32.0,1.0,0.0
22,9565,AESO,BIO,20.0,1.0,0.0
22,9566,AESO,BIO,30.0,1.0,0.0
22,9592,AESO,BIO,48.0,1.0,0.0
22,13106,AESO,BIO,43.0,1.0,0.0
22,3218,AESO,NG,407.0,1.0,0.0
22,3219,AESO,NG,148.0,1.0,0.0
22,3220,AESO,NG,148.0,1.0,0.0
22,3221,AESO,NG,408.0,1.0,0.0
22,3222,AESO,NG,408.0,1.0,0.0
22,3238,AESO,NG,151.0,1.0,0.0
22,9198,AESO,NG,280.0,1.0,0.0
22,3017,AESO,NG,101.0,1.0,0.0
22,3041,AESO,NG,2.2,1.0,0.0
22,3042,AESO,NG,2.2,1.0,0.0
22,3043,AESO,NG,2.2,1.0,0.0
22,3044,AESO,NG,2.2,1.0,0.0
22,3047,AESO,NG,105.0,1.0,0.0
22,3072,AESO,NG,101.0,1.0,0.0
22,3096,AESO,NG,5.4,1.0,0.0
22,3126,AESO,NG,46.0,1.0,0.0
22,3139,AESO,NG,5.0,1.0,0.0
22,3190,AESO,NG,48.0,1.0,0.0
22,3217,AESO,NG,48.0,1.0,0.0
22,3232,AESO,NG,101.0,1.0,0.0
22,3235,AESO,NG,50.0,1.0,0.0
22,3244,AESO,NG,50.0,1.0,0.0
22,3245,AESO,NG,47.0,1.0,0.0
22,3249,AESO,NG,36.5,1.0,0.0
22,3250,AESO,NG,36.5,1.0,0.0
22,3254,AESO,NG,101.0,1.0,0.0
22,3259,AESO,NG,40.0,1.0,0.0
22,3262,AESO,NG,30.0,1.0,0.0
22,3263,AESO,NG,35.0,1.0,0.0
22,3264,AESO,NG,30.0,1.0,0.0
22,3357,AESO,NG,3.0,1.0,0.0
22,3358,AESO,NG,3.0,1.0,0.0
22,3359,AESO,NG,4.9,1.0,0.0
22,3370,AESO,NG,47.5,1.0,0.0
22,5241,AESO,NG,48.0,1.0,0.0
22,5274,AESO,NG,48.0,1.0,0.0
22,5302,AESO,NG,48.0,1.0,0.0
22,5802,AESO,NG,120.0,1.0,0.0
22,6087,AESO,NG,330.0,1.0,0.0
22,6150,AESO,NG,120.0,1.0,0.0
22,6611,AESO,NG,128.0,1.0,0.0
22,7724,AESO,NG,15.5,1.0,0.0
22,7725,AESO,NG,6.0,1.0,0.0
22,7727,AESO,NG,8.0,1.0,0.0
22,7851,AESO,NG,3.0,1.0,0.0
22,7852,AESO,NG,2.0,1.0,0.0
22,8055,AESO,NG,16.0,1.0,0.0
22,8417,AESO,NG,141.0,1.0,0.0
22,8781,AESO,NG,3.0,1.0,0.0
22,8782,AESO,NG,3.5,1.0,0.0
22,8783,AESO,NG,3.0,1.0,0.0
22,10169,AESO,NG,195.0,1.0,0.0
22,10179,AESO,NG,870.0,1.0,0.0
22,13123,AESO,NG,6.3,1.0,0.0
22,13124,AESO,NG,6.3,1.0,0.0
22,13127,AESO,NG,10.0,1.0,0.0
22,13133,AESO,NG,20.0,1.0,0.0
22,13136,AESO,NG,16.5,1.0,0.0
22,13137,AESO,NG,10.0,1.0,0.0
22,14585,AESO,NG,15.0,1.0,0.0
22,14586,AESO,NG,15.0,1.0,0.0
22,14605,AESO,NG,199.0,1.0,0.0
22,14624,AESO,NG,45.0,1.0,0.0
22,14625,AESO,NG,45.0,1.0,0.0
22,14644,AESO,NG,45.0,1.0,0.0
22,14662,AESO,NG,45.0,1.0,0.0
22,15659,AESO,NG,395.0,1.0,0.0
22,15660,AESO,NG,411.0,1.0,0.0
22,15661,AESO,NG,406.0,1.0,0.0
22,15662,AESO,NG,406.0,1.0,0.0
22,15663,AESO,NG,353.0,1.0,0.0
22,15667,AESO,NG,401.0,1.0,0.0
22,16052,AESO,NG,605.2,1.0,0.0
22,16053,AESO,NG,262.8,1.0,0.0
22,2167,AVA,BIO,50.7,1.0,0.0
22,2190,AVA,BIO,6.2,1.0,0.0
22,2200,AVA,BIO,26.0,1.0,0.0
22,2206,AVA,BIO,28.8,1.0,0.0
22,2207,AVA,BIO,65.0,1.0,0.0
22,2198,AVA,NG,83.3,1.0,0.0
22,2199,AVA,NG,83.3,1.0,0.0
22,8427,AVA,NG,301.49,1.0,0.0
22,9848,AVA,NG,287.0,1.0,0.0
22,14033,AZPS,BIO,28.0,1.0,0.0
22,16040,AZPS,NG,252.4,1.0,0.0
22,16041,AZPS,NG,252.4,1.0,0.0
22,16042,AZPS,NG,252.4,1.0,0.0
22,16043,AZPS,NG,252.4,1.0,0.0
22,16070,AZPS,NG,385.0,1.0,0.0
22,13687,BANC,BIO,3.4999999999995453,1.0,0.0
22,13688,BANC,BIO,3.5,1.0,0.0
22,13689,BANC,BIO,3.5,1.0,0.0
22,13690,BANC,BIO,3.5,1.0,0.0
22,13691,BANC,BIO,3.5,1.0,0.0
22,15928,BANC,NG,265.0,1.0,0.0
22,15929,BANC,NG,265.0,1.0,0.0
22,16060,BANC,NG,274.5,1.0,0.0
22,16061,BANC,NG,274.5,1.0,0.0
22,2516,BCHA,BIO,65.99999999999977,1.0,0.0
22,2581,BCHA,BIO,16.39,1.0,0.0
22,2634,BCHA,BIO,20.39,1.0,0.0
22,2644,BCHA,BIO,24.75,1.0,0.0
22,2645,BCHA,BIO,1.667,1.0,0.0
22,2646,BCHA,BIO,1.667,1.0,0.0
22,2647,BCHA,BIO,1.667,1.0,0.0
22,2648,BCHA,BIO,1.851,1.0,0.0
22,2691,BCHA,BIO,32.0,1.0,0.0
22,2744,BCHA,BIO,16.0,1.0,0.0
22,2745,BCHA,BIO,28.0,1.0,0.0
22,2746,BCHA,BIO,32.0,1.0,0.0
22,2766,BCHA,BIO,7.5,1.0,0.0
22,2990,BCHA,BIO,52.29,1.0,0.0
22,2991,BCHA,BIO,48.0,1.0,0.0
22,6066,BCHA,BIO,4.8,1.0,0.0
22,6104,BCHA,BIO,36.0,1.0,0.0
22,6121,BCHA,BIO,32.7,1.0,0.0
22,6122,BCHA,BIO,28.69,1.0,0.0
22,6155,BCHA,BIO,1.26,1.0,0.0
22,6833,BCHA,BIO,1.03,1.0,0.0
22,7014,BCHA,BIO,0.34,1.0,0.0
22,7068,BCHA,BIO,55.0,1.0,0.0
22,7171,BCHA,BIO,62.5,1.0,0.0
22,7172,BCHA,BIO,50.0,1.0,0.0
22,8349,BCHA,BIO,38.0,1.0,0.0
22,11890,BCHA,BIO,1.0,1.0,0.0
22,11891,BCHA,BIO,1.0,1.0,0.0
22,15470,BCHA,BIO,28.0,1.0,0.0
22,15471,BCHA,BIO,16.0,1.0,0.0
22,15664,BCHA,BIO,38.7,1.0,0.0
22,10736,BCHA,GEO,107.0,1.0,0.0
22,2517,BCHA,NG,55.0,1.0,0.0
22,2518,BCHA,NG,55.0,1.0,0.0
22,2589,BCHA,NG,23.0,1.0,0.0
22,2590,BCHA,NG,23.0,1.0,0.0
22,3040,AESO,NG,2.4,1.0,0.0
22,5051,BCHA,NG,290.0,1.0,0.0
22,6625,AESO,NG,11.25,1.0,0.0
22,6755,AESO,NG,101.0,1.0,0.0
22,7003,AESO,NG,27.9,1.0,0.0
22,7726,AESO,NG,4.1,1.0,0.0
22,8260,AESO,NG,46.0,1.0,0.0
22,8632,AESO,NG,5.5,1.0,0.0
22,9134,AESO,NG,9.0,1.0,0.0
22,9218,AESO,NG,75.0,1.0,0.0
22,9219,AESO,NG,344.0,1.0,0.0
22,9329,AESO,NG,85.0,1.0,0.0
22,11725,AESO,NG,1.6,1.0,0.0
22,11726,AESO,NG,1.6,1.0,0.0
22,11841,AESO,NG,1.0,1.0,0.0
22,11842,AESO,NG,2.9,1.0,0.0
22,11914,AESO,NG,17.0,1.0,0.0
22,11915,AESO,NG,3.0,1.0,0.0
22,11916,AESO,NG,2.0,1.0,0.0
22,13122,AESO,NG,6.5,1.0,0.0
22,13128,AESO,NG,15.0,1.0,0.0
22,13129,AESO,NG,15.0,1.0,0.0
22,15656,AESO,NG,408.0,1.0,0.0
22,15657,AESO,NG,418.5,1.0,0.0
22,15658,AESO,NG,430.0,1.0,0.0
22,15675,AESO,NG,2.9,1.0,0.0
22,15676,AESO,NG,2.3,1.0,0.0
22,15677,AESO,NG,4.364744379994818,1.0,0.0
22,1972,BPAT,BIO,40.0,1.0,0.0
22,2051,BPAT,BIO,18.0,1.0,0.0
22,2076,BPAT,BIO,14.7,1.0,0.0
22,2077,BPAT,BIO,20.0,1.0,0.0
22,2078,BPAT,BIO,25.0,1.0,0.0
22,2079,BPAT,BIO,12.25,1.0,0.0
22,6343,BPAT,BIO,0.8,1.0,0.0
22,6344,BPAT,BIO,0.8,1.0,0.0
22,6345,BPAT,BIO,1.5,1.0,0.0
22,6346,BPAT,BIO,1.5,1.0,0.0
22,9593,BPAT,BIO,5.0,1.0,0.0
22,9595,BPAT,BIO,31.28,1.0,0.0
22,13116,BPAT,BIO,12.5,1.0,0.0
22,14182,BPAT,BIO,17.2,1.0,0.0
22,14186,BPAT,BIO,37.2,1.0,0.0
22,14572,BPAT,BIO,36.0,1.0,0.0
22,2063,BPAT,NG,265.0,1.0,0.0
22,6835,BPAT,NG,269.2,1.0,0.0
22,14571,BPAT,NG,9.9,1.0,0.0
22,2491,BPAT,NUCLEAR,1186.0,1.0,0.0
22,437,CENACE,GEO,25.0,1.0,0.0
22,438,CENACE,GEO,25.0,1.0,0.0
22,439,CENACE,GEO,25.0,1.0,0.0
22,440,CENACE,GEO,25.0,1.0,0.0
22,441,CENACE,GEO,30.0,1.0,0.0
22,446,CENACE,GEO,110.0,1.0,0.0
22,447,CENACE,GEO,110.0,1.0,0.0
22,448,CENACE,GEO,110.0,1.0,0.0
22,457,CENACE,GEO,110.0,1.0,0.0
22,8227,CENACE,NG,277.0,1.0,0.0
22,14839,CENACE,NG,248.0,1.0,0.0
22,15254,CENACE,NG,793.0,1.0,0.0
22,15341,CENACE,NG,1.0,1.0,0.0
22,15991,CENACE,NG,165.0,1.0,0.0
22,15992,CENACE,NG,165.0,1.0,0.0
22,15993,CENACE,NG,405.0,1.0,0.0
22,548,CISO,BIO,3.0,1.0,0.0
22,549,CISO,BIO,0.95,1.0,0.0
22,550,CISO,BIO,5.0,1.0,0.0
22,551,CISO,BIO,3.0,1.0,0.0
22,555,CISO,BIO,2.9,1.0,0.0
22,570,CISO,BIO,1.88,1.0,0.0
22,572,CISO,BIO,1.88,1.0,0.0
22,629,CISO,BIO,47.0,1.0,0.0
22,633,CISO,BIO,34.0,1.0,0.0
22,795,CISO,BIO,24.5,1.0,0.0
22,836,CISO,BIO,1.3,1.0,0.0
22,1008,CISO,BIO,1.88,1.0,0.0
22,1154,CISO,BIO,25.0,1.0,0.0
22,1156,CISO,BIO,10.5,1.0,0.0
22,1168,CISO,BIO,10.8,1.0,0.0
22,1178,CISO,BIO,28.5,1.0,0.0
22,1187,CISO,BIO,24.48,1.0,0.0
22,1188,CISO,BIO,22.0,1.0,0.0
22,1297,CISO,BIO,30.5,1.0,0.0
22,1300,CISO,BIO,12.0,1.0,0.0
22,1331,CISO,BIO,57.43,1.0,0.0
22,1392,CISO,BIO,24.2,1.0,0.0
22,1398,CISO,BIO,2.57,1.0,0.0
22,1399,CISO,BIO,2.57,1.0,0.0
22,1400,CISO,BIO,2.57,1.0,0.0
22,1401,CISO,BIO,2.57,1.0,0.0
22,1402,CISO,BIO,2.57,1.0,0.0
22,1403,CISO,BIO,2.57,1.0,0.0
22,1404,CISO,BIO,2.57,1.0,0.0
22,1413,CISO,BIO,10.0,1.0,0.0
22,1589,CISO,BIO,8.6,1.0,0.0
22,1590,CISO,BIO,5.7,1.0,0.0
22,1591,CISO,BIO,12.5,1.0,0.0
22,1592,CISO,BIO,12.5,1.0,0.0
22,1593,CISO,BIO,12.5,1.0,0.0
22,1594,CISO,BIO,12.5,1.0,0.0
22,1634,CISO,BIO,13.8,1.0,0.0
22,1635,CISO,BIO,12.5,1.0,0.0
22,1636,CISO,BIO,12.5,1.0,0.0
22,1637,CISO,BIO,12.5,1.0,0.0
22,1638,CISO,BIO,19.9,1.0,0.0
22,1715,CISO,BIO,29.0,1.0,0.0
22,1768,CISO,BIO,22.0,1.0,0.0
22,1774,CISO,BIO,13.1,1.0,0.0
22,1775,CISO,BIO,5.14,1.0,0.0
22,1776,CISO,BIO,20.001,1.0,0.0
22,1793,CISO,BIO,29.07,1.0,0.0
22,1794,CISO,BIO,25.5,1.0,0.0
22,1838,CISO,BIO,17.2,1.0,0.0
22,1839,CISO,BIO,24.4,1.0,0.0
22,4294,CISO,BIO,2.29,1.0,0.0
22,5728,CISO,BIO,1.25,1.0,0.0
22,5729,CISO,BIO,1.25,1.0,0.0
22,5809,CISO,BIO,3.0,1.0,0.0
22,5865,CISO,BIO,0.75,1.0,0.0
22,5866,CISO,BIO,0.75,1.0,0.0
22,5872,CISO,BIO,14.4,1.0,0.0
22,5899,CISO,BIO,4.0,1.0,0.0
22,5900,CISO,BIO,3.7,1.0,0.0
22,5901,CISO,BIO,0.3,1.0,0.0
22,5999,CISO,BIO,37.828,1.0,0.0
22,6045,CISO,BIO,9.8,1.0,0.0
22,6069,CISO,BIO,4.6,1.0,0.0
22,6070,CISO,BIO,4.6,1.0,0.0
22,6071,CISO,BIO,4.6,1.0,0.0
22,6116,CISO,BIO,1.1,1.0,0.0
22,6117,CISO,BIO,1.1,1.0,0.0
22,6349,CISO,BIO,1.5,1.0,0.0
22,6352,CISO,BIO,1.2,1.0,0.0
22,6492,CISO,BIO,24.5,1.0,0.0
22,6601,CISO,BIO,1.5,1.0,0.0
22,6602,CISO,BIO,1.5,1.0,0.0
22,6603,CISO,BIO,1.5,1.0,0.0
22,6651,CISO,BIO,1.35,1.0,0.0
22,6652,CISO,BIO,1.35,1.0,0.0
22,6653,CISO,BIO,1.35,1.0,0.0
22,6710,CISO,BIO,20.0,1.0,0.0
22,6756,CISO,BIO,0.7,1.0,0.0
22,7146,CISO,BIO,0.2,1.0,0.0
22,7147,CISO,BIO,0.2,1.0,0.0
22,7373,CISO,BIO,4.4,1.0,0.0
22,7374,CISO,BIO,3.0,1.0,0.0
22,7388,CISO,BIO,27.15,1.0,0.0
22,7556,CISO,BIO,0.8,1.0,0.0
22,7557,CISO,BIO,0.8,1.0,0.0
22,7558,CISO,BIO,0.8,1.0,0.0
22,7559,CISO,BIO,0.8,1.0,0.0
22,7560,CISO,BIO,0.8,1.0,0.0
22,7561,CISO,BIO,0.8,1.0,0.0
22,7780,CISO,BIO,2.9,1.0,0.0
22,7816,CISO,BIO,1.3,1.0,0.0
22,7840,CISO,BIO,1.25,1.0,0.0
22,7841,CISO,BIO,1.25,1.0,0.0
22,7860,CISO,BIO,3.0,1.0,0.0
22,7861,CISO,BIO,3.0,1.0,0.0
22,7862,CISO,BIO,1.6,1.0,0.0
22,7868,CISO,BIO,6.5,1.0,0.0
22,7869,CISO,BIO,4.9,1.0,0.0
22,8080,CISO,BIO,23.8,1.0,0.0
22,8084,CISO,BIO,1.88,1.0,0.0
22,8085,CISO,BIO,1.88,1.0,0.0
22,8162,CISO,BIO,1.6,1.0,0.0
22,8163,CISO,BIO,2.7,1.0,0.0
22,8311,CISO,BIO,0.46,1.0,0.0
22,8312,CISO,BIO,2.29,1.0,0.0
22,8313,CISO,BIO,2.2,1.0,0.0
22,8371,CISO,BIO,3.0,1.0,0.0
22,8403,CISO,BIO,2.8,1.0,0.0
22,8404,CISO,BIO,3.3,1.0,0.0
22,8405,CISO,BIO,3.3,1.0,0.0
22,8406,CISO,BIO,3.3,1.0,0.0
22,8434,CISO,BIO,1.2,1.0,0.0
22,8682,CISO,BIO,3.0,1.0,0.0
22,8685,CISO,BIO,11.16,1.0,0.0
22,8811,CISO,BIO,1.3,1.0,0.0
22,8812,CISO,BIO,1.3,1.0,0.0
22,9227,CISO,BIO,3.0,1.0,0.0
22,9228,CISO,BIO,1.2,1.0,0.0
22,9229,CISO,BIO,1.2,1.0,0.0
22,9242,CISO,BIO,3.05,1.0,0.0
22,9322,CISO,BIO,2.8,1.0,0.0
22,9337,CISO,BIO,1.8,1.0,0.0
22,9338,CISO,BIO,1.8,1.0,0.0
22,9399,CISO,BIO,1.2,1.0,0.0
22,9723,CISO,BIO,0.5,1.0,0.0
22,10025,CISO,BIO,1.6,1.0,0.0
22,10026,CISO,BIO,1.0,1.0,0.0
22,10027,CISO,BIO,1.0,1.0,0.0
22,10028,CISO,BIO,1.4,1.0,0.0
22,10227,CISO,BIO,35.2,1.0,0.0
22,11103,CISO,BIO,28.24,1.0,0.0
22,11120,CISO,BIO,50.0,1.0,0.0
22,11138,CISO,BIO,5.0,1.0,0.0
22,12396,CISO,BIO,1.0,1.0,0.0
22,12397,CISO,BIO,0.4,1.0,0.0
22,12837,CISO,BIO,1.5,1.0,0.0
22,13104,CISO,BIO,50.0,1.0,0.0
22,13107,CISO,BIO,30.0,1.0,0.0
22,14499,CISO,BIO,26.5,1.0,0.0
22,14833,CISO,BIO,18.13,1.0,0.0
22,14884,CISO,BIO,1.2,1.0,0.0
22,14885,CISO,BIO,12.0,1.0,0.0
22,14886,CISO,BIO,17.0,1.0,0.0
22,14887,CISO,BIO,17.0,1.0,0.0
22,14888,CISO,BIO,13.0,1.0,0.0
22,14896,CISO,BIO,5.0,1.0,0.0
22,14898,CISO,BIO,12.0,1.0,0.0
22,15377,CISO,BIO,12.0,1.0,0.0
22,15432,CISO,BIO,32.0,1.0,0.0
22,15783,CISO,BIO,4.7,1.0,0.0
22,15794,CISO,BIO,28.5,1.0,0.0
22,15795,CISO,BIO,13.4,1.0,0.0
22,15797,CISO,BIO,24.0,1.0,0.0
22,15798,CISO,BIO,24.0,1.0,0.0
22,15861,CISO,BIO,13.4,1.0,0.0
22,442,CISO,GEO,35.7,1.0,0.0
22,443,CISO,GEO,35.7,1.0,0.0
22,444,CISO,GEO,35.7,1.0,0.0
22,445,CISO,GEO,35.7,1.0,0.0
22,656,CISO,GEO,26.66667,1.0,0.0
22,657,CISO,GEO,26.66667,1.0,0.0
22,658,CISO,GEO,26.66667,1.0,0.0
22,663,CISO,GEO,16.0,1.0,0.0
22,664,CISO,GEO,16.0,1.0,0.0
22,665,CISO,GEO,16.0,1.0,0.0
22,1005,CISO,GEO,30.0,1.0,0.0
22,1006,CISO,GEO,30.0,1.0,0.0
22,1007,CISO,GEO,30.0,1.0,0.0
22,1265,CISO,GEO,1.5,1.0,0.0
22,1266,CISO,GEO,1.5,1.0,0.0
22,1597,CISO,GEO,11.0,1.0,0.0
22,1598,CISO,GEO,11.0,1.0,0.0
22,1602,CISO,GEO,47.0,1.0,0.0
22,1603,CISO,GEO,50.0,1.0,0.0
22,1604,CISO,GEO,72.0,1.0,1.0
22,1605,CISO,GEO,75.5,1.0,0.0
22,1606,CISO,GEO,27.5,1.0,0.0
22,1607,CISO,GEO,63.0,1.0,0.0
22,1608,CISO,GEO,70.0,1.0,0.0
22,1609,CISO,GEO,73.0,1.0,0.0
22,1610,CISO,GEO,57.0,1.0,0.0
22,1611,CISO,GEO,86.8,1.0,0.0
22,1612,CISO,GEO,47.9,1.0,0.0
22,1613,CISO,GEO,47.9,1.0,0.0
22,1614,CISO,GEO,49.215,1.0,0.0
22,1615,CISO,GEO,49.215,1.0,0.0
22,1616,CISO,GEO,12.5,1.0,0.0
22,1617,CISO,GEO,12.5,1.0,0.0
22,1618,CISO,GEO,6.5,1.0,0.0
22,1619,CISO,GEO,6.5,1.0,0.0
22,1620,CISO,GEO,36.0,1.0,0.0
22,1621,CISO,GEO,36.0,1.0,0.0
22,7684,CISO,GEO,20.0,1.0,0.0
22,7942,CISO,GEO,11.0,1.0,0.0
22,7943,CISO,GEO,11.0,1.0,0.0
22,8300,CISO,GEO,5.0,1.0,0.0
22,8301,CISO,GEO,5.0,1.0,0.0
22,8302,CISO,GEO,5.0,1.0,0.0
22,11122,CISO,GEO,78.0,1.0,0.0
22,13026,CISO,GEO,14.0,1.0,0.0
22,13102,CISO,GEO,51.9,1.0,0.0
22,13103,CISO,GEO,51.9,1.0,0.0
22,13105,CISO,GEO,59.0,1.0,0.0
22,14055,CISO,GEO,38.85,1.0,0.0
22,14056,CISO,GEO,50.0,1.0,0.0
22,14057,CISO,GEO,42.42,1.0,0.0
22,14058,CISO,GEO,52.73,1.0,0.0
22,14848,CISO,GEO,30.0,1.0,0.0
22,14923,CISO,GEO,38.0,1.0,0.0
22,15381,CISO,GEO,20.0,1.0,0.0
22,1248,CISO,NUCLEAR,1150.0,1.0,0.0
22,1249,CISO,NUCLEAR,1150.0,1.0,0.0
22,13507,IID,BIO,26.999999999999886,1.0,0.0
22,13560,IID,BIO,55.5,1.0,0.0
22,13561,IID,BIO,21.0,1.0,0.0
22,13509,IID,GEO,53.0,1.0,0.0
22,13510,IID,GEO,8.75,1.0,0.0
22,13511,IID,GEO,4.37,1.0,0.0
22,13516,IID,GEO,34.39,1.0,0.0
22,13517,IID,GEO,34.39,1.0,0.0
22,13519,IID,GEO,34.39,1.0,0.0
22,13520,IID,GEO,29.0,1.0,0.0
22,13521,IID,GEO,9.19,1.0,0.0
22,13522,IID,GEO,10.5,1.0,0.0
22,13523,IID,GEO,49.0,1.0,0.0
22,13524,IID,GEO,50.0,1.0,0.0
22,13543,IID,GEO,33.0,1.0,0.0
22,13544,IID,GEO,16.0,1.0,0.0
22,13554,IID,GEO,49.89,1.0,0.0
22,13555,IID,GEO,4.79,1.0,0.0
22,13556,IID,GEO,4.5,1.0,0.0
22,13557,IID,GEO,11.1,1.0,0.0
22,13558,IID,GEO,11.0,1.0,0.0
22,13559,IID,GEO,50.0,1.0,0.0
22,13562,IID,GEO,21.6,1.0,0.0
22,13563,IID,GEO,8.0,1.0,0.0
22,13564,IID,GEO,22.0,1.0,0.0
22,13570,IID,GEO,24.0,1.0,0.0
22,13571,IID,GEO,15.0,1.0,0.0
22,13572,IID,GEO,18.5,1.0,0.0
22,13573,IID,GEO,7.0,1.0,0.0
22,13574,IID,GEO,8.45,1.0,0.0
22,13578,IID,GEO,16.0,1.0,0.0
22,13579,IID,GEO,16.0,1.0,0.0
22,13580,IID,GEO,16.0,1.0,0.0
22,13581,IID,GEO,16.0,1.0,0.0
22,13582,IID,GEO,16.0,1.0,0.0
22,13583,IID,GEO,16.0,1.0,0.0
22,13584,IID,GEO,16.0,1.0,0.0
22,15941,IID,NG,109.1,1.0,0.0
22,3434,IPCO,BIO,5.0,1.0,0.0
22,6118,IPCO,BIO,0.8,1.0,0.0
22,6119,IPCO,BIO,0.8,1.0,0.0
22,6120,IPCO,BIO,0.8,1.0,0.0
22,7116,IPCO,BIO,1.6,1.0,0.0
22,7117,IPCO,BIO,1.6,1.0,0.0
22,8549,IPCO,BIO,2.0,1.0,0.0
22,8550,IPCO,BIO,2.0,1.0,0.0
22,10116,IPCO,BIO,7.5,1.0,0.0
22,3400,IPCO,GEO,18.0,1.0,0.0
22,7941,IPCO,GEO,11.0,1.0,0.0
22,3407,IPCO,NG,170.9,1.0,0.0
22,7185,IPCO,NG,2.0,1.0,0.0
22,7188,IPCO,NG,2.0,1.0,0.0
22,7189,IPCO,NG,2.0,1.0,0.0
22,7509,IPCO,NG,330.0,1.0,0.0
22,8599,IPCO,NG,10.0,1.0,0.0
22,15899,LDWP,NG,275.0,1.0,0.0
22,15900,LDWP,NG,275.0,1.0,0.0
22,13714,NEVP,GEO,19.99999999999909,1.0,0.0
22,13715,NEVP,GEO,60.0,1.0,0.0
22,13716,NEVP,GEO,10.1,1.0,0.0
22,13717,NEVP,GEO,19.2,1.0,0.0
22,13718,NEVP,GEO,11.8,1.0,0.0
22,13719,NEVP,GEO,11.8,1.0,0.0
22,13720,NEVP,GEO,11.8,1.0,0.0
22,13721,NEVP,GEO,11.8,1.0,0.0
22,13724,NEVP,GEO,8.0,1.0,0.0
22,13725,NEVP,GEO,8.0,1.0,0.0
22,13726,NEVP,GEO,8.0,1.0,0.0
22,13727,NEVP,GEO,18.9,1.0,0.0
22,13728,NEVP,GEO,11.3,1.0,0.0
22,13729,NEVP,GEO,11.3,1.0,0.0
22,13730,NEVP,GEO,11.3,1.0,0.0
22,13731,NEVP,GEO,11.3,1.0,0.0
22,13732,NEVP,GEO,11.25,1.0,0.0
22,13733,NEVP,GEO,11.25,1.0,0.0
22,13734,NEVP,GEO,25.0,1.0,0.0
22,13752,NEVP,GEO,15.0,1.0,0.0
22,13753,NEVP,GEO,15.0,1.0,0.0
22,13754,NEVP,GEO,15.0,1.0,0.0
22,13755,NEVP,GEO,15.0,1.0,0.0
22,13756,NEVP,GEO,26.5,1.0,0.0
22,13757,NEVP,GEO,10.0,1.0,0.0
22,13758,NEVP,GEO,10.0,1.0,0.0
22,13759,NEVP,GEO,10.0,1.0,0.0
22,13760,NEVP,GEO,16.5,1.0,0.0
22,13762,NEVP,GEO,25.0,1.0,0.0
22,13763,NEVP,GEO,16.0,1.0,0.0
22,13764,NEVP,GEO,16.0,1.0,0.0
22,13765,NEVP,GEO,21.3,1.0,0.0
22,13766,NEVP,GEO,21.3,1.0,0.0
22,13767,NEVP,GEO,21.3,1.0,0.0
22,13769,NEVP,GEO,20.0,1.0,0.0
22,13770,NEVP,GEO,20.0,1.0,0.0
22,13771,NEVP,GEO,12.0,1.0,0.0
22,13772,NEVP,GEO,11.8,1.0,0.0
22,13774,NEVP,GEO,20.0,1.0,0.0
22,13775,NEVP,GEO,20.0,1.0,0.0
22,13776,NEVP,GEO,12.0,1.0,0.0
22,13427,NEVP,NG,105.0,1.0,0.0
22,13428,NEVP,NG,250.0,1.0,0.0
22,13429,NEVP,NG,250.0,1.0,0.0
22,13430,NEVP,NG,143.5,1.0,0.0
22,13432,NEVP,NG,99.58,1.0,0.0
22,13433,NEVP,NG,96.26,1.0,0.0
22,13434,NEVP,NG,111.26,1.0,0.0
22,13440,NEVP,NG,566.0,1.0,0.0
22,13441,NEVP,NG,735.0,1.0,0.0
22,13442,NEVP,NG,641.4,1.0,0.0
22,13443,NEVP,NG,521.7,1.0,0.0
22,13444,NEVP,NG,585.0,1.0,0.0
22,13445,NEVP,NG,585.0,1.0,0.0
22,13449,NEVP,NG,112.4,1.0,0.0
22,13450,NEVP,NG,112.4,1.0,0.0
22,13739,NEVP,NG,8.4,1.0,0.0
22,13741,NEVP,NG,8.4,1.0,0.0
22,13742,NEVP,NG,8.4,1.0,0.0
22,13743,NEVP,NG,8.4,1.0,0.0
22,13744,NEVP,NG,8.4,1.0,0.0
22,13745,NEVP,NG,8.4,1.0,0.0
22,13746,NEVP,NG,8.4,1.0,0.0
22,13747,NEVP,NG,8.4,1.0,0.0
22,13748,NEVP,NG,8.4,1.0,0.0
22,13749,NEVP,NG,8.4,1.0,0.0
22,13750,NEVP,NG,8.4,1.0,0.0
22,13751,NEVP,NG,8.4,1.0,0.0
22,13773,NEVP,NG,530.0,1.0,0.0
22,15914,NEVP,NG,403.0,1.0,0.0
22,15916,NEVP,NG,659.6,1.0,0.0
22,15922,NEVP,NG,185.0,1.0,0.0
22,15924,NEVP,NG,185.0,1.0,0.0
22,15966,NEVP,NG,260.85,1.0,0.0
22,15972,NEVP,NG,356.0,1.0,0.0
22,15994,NEVP,NG,60.5,1.0,0.0
22,15995,NEVP,NG,60.5,1.0,0.0
22,15996,NEVP,NG,181.5,1.0,0.0
22,16028,NEVP,NG,367.5,1.0,0.0
22,16029,NEVP,NG,367.5,1.0,0.0
22,16054,NEVP,NG,540.6,1.0,0.0
22,16064,NEVP,NG,624.0,1.0,0.0
22,3476,NWMT,NG,50.0,1.0,0.0
22,3477,NWMT,NG,50.0,1.0,0.0
22,3478,NWMT,NG,50.0,1.0,0.0
22,3522,NWMT,NG,6.0,1.0,0.0
22,3523,NWMT,NG,6.0,1.0,0.0
22,3524,NWMT,NG,6.0,1.0,0.0
22,3525,NWMT,NG,6.0,1.0,0.0
22,3526,NWMT,NG,6.0,1.0,0.0
22,3527,NWMT,NG,6.0,1.0,0.0
22,3528,NWMT,NG,6.0,1.0,0.0
22,3529,NWMT,NG,6.0,1.0,0.0
22,3530,NWMT,NG,6.0,1.0,0.0
22,3617,PACE,GEO,26.1,1.0,0.0
22,3618,PACE,GEO,12.0,1.0,0.0
22,3612,PACE,NG,17.0,1.0,0.0
22,3613,PACE,NG,17.0,1.0,0.0
22,3614,PACE,NG,17.0,1.0,0.0
22,3639,PACE,NG,35.8,1.0,0.0
22,3640,PACE,NG,35.8,1.0,0.0
22,3641,PACE,NG,35.8,1.0,0.0
22,3646,PACE,NG,60.4,1.0,0.0
22,3683,PACE,NG,7.0,1.0,0.0
22,3684,PACE,NG,7.0,1.0,0.0
22,3685,PACE,NG,7.0,1.0,0.0
22,3686,PACE,NG,5.0,1.0,0.0
22,3718,PACE,NG,13.5,1.0,0.0
22,3719,PACE,NG,13.5,1.0,0.0
22,6466,PACE,NG,529.7,1.0,0.0
22,7184,PACE,NG,4.0,1.0,0.0
22,7186,PACE,NG,4.0,1.0,0.0
22,7187,PACE,NG,4.0,1.0,0.0
22,7491,PACE,NG,628.1,1.0,0.0
22,7494,PACE,NG,538.0,1.0,0.0
22,14694,PACE,NG,1.0,1.0,0.0
22,15930,PACE,NG,420.7,1.0,0.0
22,15987,PACE,NG,408.6,1.0,0.0
22,15988,PACE,NG,182.7,1.0,0.0
22,15989,PACE,NG,185.4,1.0,0.0
22,15990,PACE,NG,469.8,1.0,0.0
22,1889,PACW,BIO,7.5,1.0,0.0
22,8587,PACW,BIO,10.0,1.0,0.0
22,11098,PACW,BIO,10.0,1.0,0.0
22,7432,PACW,NG,540.0,1.0,0.0
22,9960,PACW,NG,279.56,1.0,0.0
22,9961,PACW,NG,279.56,1.0,0.0
22,15985,PACW,NG,178.5,1.0,0.0
22,15986,PACW,NG,323.0,1.0,0.0
22,2346,PGE,BIO,10.0,1.0,0.0
22,5829,PGE,NG,476.698,1.0,0.0
22,9847,PGE,NG,296.0,1.0,0.0
22,10103,PGE,NG,483.3,1.0,0.0
22,10104,PGE,NG,18.8,1.0,0.0
22,10105,PGE,NG,18.8,1.0,0.0
22,10106,PGE,NG,18.8,1.0,0.0
22,10107,PGE,NG,18.8,1.0,0.0
22,10108,PGE,NG,18.8,1.0,0.0
22,10109,PGE,NG,18.8,1.0,0.0
22,10110,PGE,NG,18.8,1.0,0.0
22,10111,PGE,NG,18.8,1.0,0.0
22,10112,PGE,NG,18.8,1.0,0.0
22,10113,PGE,NG,18.8,1.0,0.0
22,10114,PGE,NG,18.8,1.0,0.0
22,10115,PGE,NG,18.8,1.0,0.0
22,15905,PGE,NG,292.36,1.0,0.0
22,6353,PNM,BIO,0.8,1.0,0.0
22,6354,PNM,BIO,0.8,1.0,0.0
22,6355,PNM,BIO,0.8,1.0,0.0
22,6356,PNM,BIO,0.8,1.0,0.0
22,6357,PNM,BIO,0.8,1.0,0.0
22,6358,PNM,BIO,0.8,1.0,0.0
22,6359,PNM,BIO,0.8,1.0,0.0
22,6360,PNM,BIO,0.8,1.0,0.0
22,6483,PNM,BIO,4.5,1.0,0.0
22,6741,PNM,BIO,1.0,1.0,0.0
22,6752,PNM,BIO,1.6,1.0,0.0
22,6753,PNM,BIO,1.6,1.0,0.0
22,6754,PNM,BIO,1.6,1.0,0.0
22,7634,PNM,BIO,0.335,1.0,0.0
22,8319,PNM,BIO,3.0,1.0,0.0
22,8320,PNM,BIO,7.5,1.0,0.0
22,8517,PNM,BIO,0.8,1.0,0.0
22,8518,PNM,BIO,0.8,1.0,0.0
22,8519,PNM,BIO,0.8,1.0,0.0
22,8520,PNM,BIO,0.8,1.0,0.0
22,8521,PNM,BIO,0.8,1.0,0.0
22,8522,PNM,BIO,0.8,1.0,0.0
22,10202,PNM,BIO,8.0,1.0,0.0
22,10222,PNM,BIO,15.0,1.0,0.0
22,11101,PNM,BIO,11.5,1.0,0.0
22,11102,PNM,BIO,11.5,1.0,0.0
22,13110,PNM,BIO,19.8,1.0,0.0
22,13265,PNM,GEO,4.0,1.0,0.0
22,6828,PNM,NG,11.4,1.0,0.0
22,9270,PNM,NG,18.0,1.0,0.0
22,11104,PNM,NG,11.4,1.0,0.0
22,11105,PNM,NG,11.4,1.0,0.0
22,11106,PNM,NG,11.4,1.0,0.0
22,13240,PNM,NG,596.0,1.0,0.0
22,13243,PNM,NG,287.93,1.0,0.0
22,13503,PNM,NG,67.2,1.0,0.0
22,16004,PNM,NG,497.26,1.0,0.0
22,13785,PSCO,NG,601.9999999999991,1.0,0.0
22,13807,PSCO,NG,582.51,1.0,0.0
22,13813,PSCO,NG,396.9,1.0,0.0
22,13816,PSCO,NG,127.0,1.0,0.0
22,13845,PSCO,NG,8.4,1.0,0.0
22,13869,PSCO,NG,622.0,1.0,0.0
22,13899,PSCO,NG,100.0,1.0,0.0
22,15920,PSCO,NG,370.6,1.0,0.0
22,15945,PSCO,NG,517.69,1.0,0.0
22,16046,PSCO,NG,510.0,1.0,0.0
22,2398,PSEI,BIO,28.3,1.0,0.0
22,2399,PSEI,NG,71.2,1.0,0.0
22,6692,PSEI,NG,193.8,1.0,0.0
22,6749,PSEI,NG,253.44,1.0,0.0
22,7707,PSEI,NG,167.04,1.0,0.0
22,7855,PSEI,NG,319.9,1.0,0.0
22,9197,PSEI,NG,145.1,1.0,0.0
22,13338,SRP,NG,591.1,1.0,0.0
22,13370,SRP,NG,277.0,1.0,0.0
22,13375,SRP,NG,589.5,1.0,0.0
22,15937,SRP,NG,459.0,1.0,0.0
22,16050,SRP,NG,456.0,1.0,0.0
22,14107,TIDC,NG,12.4,1.0,0.0
22,14108,TIDC,NG,286.0,1.0,0.0
22,16068,TIDC,NG,233.63999999999996,1.0,0.0
22,1990,TPWR,BIO,64.0,1.0,0.0
22,10145,TPWR,BIO,26.0,1.0,0.0
22,13976,WACM,NG,491.0,1.0,0.0
22,13986,WACM,NG,100.0,1.0,0.0
22,13987,WACM,NG,40.0,1.0,0.0
22,15948,WACM,NG,400.4,1.0,0.0
22,15949,WACM,NG,153.9,1.0,0.0
22,13494,WALC,NG,590.8,1.0,0.0
22,13495,WALC,NG,550.0,1.0,0.0
22,15962,WALC,NG,478.4,1.0,0.0
22,16056,WALC,NG,336.0,1.0,0.0
22,16057,WALC,NG,336.0,1.0,0.0
22,711,CISO,NG,18.0,1.0,0.0
22,1013,CISO,NG,613.5398721662104,1.0,0.0
22,1115,CISO,NG,267.0,1.0,0.0
22,1116,CISO,NG,266.0,1.0,0.0
22,1117,CISO,NG,266.0,1.0,0.0
22,1118,CISO,NG,267.0,1.0,0.0
22,1389,CISO,NG,49.0,1.0,0.0
22,1405,CISO,NG,3.105,1.0,0.0
22,1445,CISO,NG,56.2,1.0,0.0
22,1447,CISO,NG,21.384,1.0,0.0
22,1448,CISO,NG,21.384,1.0,0.0
22,1449,CISO,NG,21.384,1.0,0.0
22,9130,CISO,NG,18.0,1.0,0.0
22,9720,CISO,NG,97.32,1.0,0.0
22,9731,CISO,NG,106.85,1.0,0.0
22,9895,CISO,NG,83.24667,1.0,0.0
22,9896,CISO,NG,41.62333,1.0,0.0
22,10080,CISO,NG,31.492,1.0,0.0
22,10214,CISO,NG,625.0,1.0,0.0
22,15255,CISO,NG,322.0,1.0,0.0
22,15898,CISO,NG,1.0,1.0,0.0
22,15908,CISO,NG,493.63,1.0,0.0
22,15939,CISO,NG,247.29,1.0,0.0
22,15940,CISO,NG,247.29,1.0,0.0
22,15943,CISO,NG,275.85,1.0,0.0
22,15944,CISO,NG,275.85,1.0,0.0
22,15975,CISO,NG,283.3333,1.0,0.0
22,15977,CISO,NG,336.9,1.0,0.0
22,15978,CISO,NG,336.9,1.0,0.0
22,16018,CISO,NG,277.5,1.0,0.0
22,16019,CISO,NG,277.5,1.0,0.0
22,16020,CISO,NG,277.5,1.0,0.0
22,16021,CISO,NG,277.5,1.0,0.0
22,16030,CISO,NG,305.0,1.0,0.0
22,16031,CISO,NG,305.0,1.0,0.0
22,16032,CISO,NG,294.105,1.0,0.0
22,16033,CISO,NG,294.105,1.0,0.0
22,16034,CISO,NG,266.49,1.0,0.0
22,16035,CISO,NG,266.49,1.0,0.0
22,16058,CISO,NG,293.01,1.0,0.0
22,16059,CISO,NG,293.01,1.0,0.0
22,13304,SRP,NUCLEAR,1372.2,1.0,0.0
22,13305,SRP,NUCLEAR,1375.05,1.0,0.0
22,13306,SRP,NUCLEAR,1373.15,1.0,0.0
22,15322,AZPS,NG,174.0,1.0,0.0
22,15323,AZPS,NG,174.0,1.0,0.0
22,15324,AZPS,NG,174.0,1.0,0.0
22,15325,AZPS,NG,174.0,1.0,0.0
22,15326,AZPS,NG,174.0,1.0,0.0
22,15327,AZPS,NG,174.0,1.0,0.0
22,14088,BANC,NG,81.0,1.0,0.0
22,17274,LDWP,NG,34.5,1.0,0.0
22,17031,LDWP,NG,10.0,1.0,0.0
22,13614,LDWP,NG,311.0,1.0,0.0
22,17212,LDWP,NG,398.0,1.0,0.0
22,17210,LDWP,NG,398.0,1.0,0.0
22,13284,TEPC,NG,549.9999999999995,1.0,0.0
22,13403,TEPC,NG,540.0,1.0,0.0
22,13404,TEPC,NG,540.0,1.0,0.0
22,13295,AZPS,COAL,818.1,1.0,0.0
22,3504,IPCO,COAL,307.0,1.0,0.0
22,3505,IPCO,COAL,307.0,1.0,0.0
22,3694,IPCO,COAL,50.0,1.0,0.0
22,3695,IPCO,COAL,25.0,1.0,0.0
22,3696,IPCO,COAL,25.0,1.0,0.0
22,3582,NEVP,COAL,268.0,1.0,0.0
22,3583,NEVP,COAL,254.0,1.0,0.0
22,3507,NWMT,COAL,740.0001,1.0,0.0
22,3506,NWMT,COAL,740.0,1.0,0.0
22,3497,NWMT,COAL,135.0,1.0,0.0
22,3510,NWMT,COAL,64.0,1.0,0.0
22,3391,PACE,COAL,584.0,1.0,0.0
22,3461,PACE,COAL,577.9,1.0,0.0
22,3463,PACE,COAL,531.0,1.0,0.0
22,3462,PACE,COAL,527.0,1.0,0.0
22,3656,PACE,COAL,517.5,1.0,0.0
22,3619,PACE,COAL,499.5,1.0,0.0
22,3655,PACE,COAL,498.0,1.0,0.0
22,3638,PACE,COAL,495.6,1.0,0.0
22,3637,PACE,COAL,488.3,1.0,0.0
22,3636,PACE,COAL,488.3,1.0,0.0
22,3698,PACE,COAL,362.1,1.0,0.0
22,3635,PACE,COAL,360.0,1.0,0.0
22,3634,PACE,COAL,229.5,1.0,0.0
22,11093,PACE,COAL,217.6,1.0,0.0
22,13294,PNM,COAL,271.0,1.0,0.0
22,13796,PSCO,COAL,552.28,1.0,0.0
22,13888,PSCO,COAL,467.261,1.0,0.0
22,14002,PSCO,COAL,428.0,1.0,0.0
22,14129,PSCO,COAL,380.8,1.0,0.0
22,13787,PSCO,COAL,335.0,1.0,0.0
22,13786,PSCO,COAL,325.0,1.0,0.0
22,13960,PSCO,COAL,49.65,1.0,0.0
22,13386,SRP,COAL,750.0,1.0,0.0
22,13387,SRP,COAL,750.0,1.0,0.0
22,13388,SRP,COAL,750.0,1.0,0.0
22,13385,SRP,COAL,382.0,1.0,0.0
22,13384,SRP,COAL,380.0,1.0,0.0
22,13389,TEPC,COAL,424.8,1.0,0.0
22,4029,WACM,COAL,621.0,1.0,0.0
22,4030,WACM,COAL,621.0,1.0,0.0
22,14004,WACM,COAL,448.0,1.0,0.0
22,14003,WACM,COAL,428.0,1.0,0.0
22,14001,WACM,COAL,405.0,1.0,0.0
22,14009,WACM,COAL,275.4,1.0,0.0
22,13958,WACM,COAL,207.0,1.0,0.0
22,14008,WACM,COAL,190.0,1.0,0.0
22,13962,WACM,COAL,141.031,1.0,0.0
22,13983,WACM,COAL,116.2,1.0,0.0
22,13982,WACM,COAL,95.0,1.0,0.0
22,13981,WACM,COAL,88.0,1.0,0.0
22,13961,WACM,COAL,83.19,1.0,0.0
22,13943,WACM,COAL,80.0,1.0,0.0
22,13422,WALC,COAL,204.0,1.0,0.0
23,3049,AESO,BIO,18.0,1.0,0.0
23,3243,AESO,BIO,22.335,1.0,0.0
23,3284,AESO,BIO,25.0,1.0,0.0
23,3292,AESO,BIO,11.6,1.0,0.0
23,3343,AESO,BIO,18.0,1.0,0.0
23,3384,AESO,BIO,41.0,1.0,0.0
23,3385,AESO,BIO,41.0,1.0,0.0
23,3386,AESO,BIO,17.0,1.0,0.0
23,3387,AESO,BIO,32.0,1.0,0.0
23,9565,AESO,BIO,20.0,1.0,0.0
23,9566,AESO,BIO,30.0,1.0,0.0
23,9592,AESO,BIO,48.0,1.0,0.0
23,13106,AESO,BIO,43.0,1.0,0.0
23,3218,AESO,NG,407.0,1.0,0.0
23,3219,AESO,NG,148.0,1.0,0.0
23,3220,AESO,NG,148.0,1.0,0.0
23,3221,AESO,NG,408.0,1.0,0.0
23,3222,AESO,NG,408.0,1.0,0.0
23,3238,AESO,NG,151.0,1.0,0.0
23,9198,AESO,NG,280.0,1.0,0.0
23,3017,AESO,NG,101.0,1.0,0.0
23,3041,AESO,NG,2.2,1.0,0.0
23,3042,AESO,NG,2.2,1.0,0.0
23,3043,AESO,NG,2.2,1.0,0.0
23,3044,AESO,NG,2.2,1.0,0.0
23,3047,AESO,NG,105.0,1.0,0.0
23,3072,AESO,NG,101.0,1.0,0.0
23,3096,AESO,NG,5.4,1.0,0.0
23,3126,AESO,NG,46.0,1.0,0.0
23,3139,AESO,NG,5.0,1.0,0.0
23,3190,AESO,NG,46.63457895999822,1.0,0.0
23,3217,AESO,NG,48.0,1.0,0.0
23,3232,AESO,NG,101.0,1.0,0.0
23,3235,AESO,NG,50.0,1.0,0.0
23,3244,AESO,NG,50.0,1.0,0.0
23,3245,AESO,NG,20.25,1.0,0.0
23,3249,AESO,NG,36.5,1.0,0.0
23,3250,AESO,NG,36.5,1.0,0.0
23,3254,AESO,NG,101.0,1.0,0.0
23,3259,AESO,NG,40.0,1.0,0.0
23,3262,AESO,NG,30.0,1.0,0.0
23,3264,AESO,NG,30.0,1.0,0.0
23,3357,AESO,NG,1.8,1.0,0.0
23,3358,AESO,NG,1.8,1.0,0.0
23,3359,AESO,NG,4.9,1.0,0.0
23,3370,AESO,NG,47.5,1.0,0.0
23,5241,AESO,NG,48.0,1.0,0.0
23,5274,AESO,NG,48.0,1.0,0.0
23,5302,AESO,NG,48.0,1.0,0.0
23,5802,AESO,NG,120.0,1.0,0.0
23,6087,AESO,NG,330.0,1.0,0.0
23,6150,AESO,NG,120.0,1.0,0.0
23,6611,AESO,NG,128.0,1.0,0.0
23,7724,AESO,NG,15.5,1.0,0.0
23,7725,AESO,NG,6.0,1.0,0.0
23,7727,AESO,NG,8.0,1.0,0.0
23,7851,AESO,NG,1.35,1.0,0.0
23,7852,AESO,NG,0.9,1.0,0.0
23,8055,AESO,NG,16.0,1.0,0.0
23,8417,AESO,NG,63.45,1.0,0.0
23,8781,AESO,NG,3.0,1.0,0.0
23,8782,AESO,NG,3.5,1.0,0.0
23,8783,AESO,NG,3.0,1.0,0.0
23,10169,AESO,NG,195.0,1.0,0.0
23,10179,AESO,NG,870.0,1.0,0.0
23,13123,AESO,NG,6.3,1.0,0.0
23,13124,AESO,NG,6.3,1.0,0.0
23,13127,AESO,NG,10.0,1.0,0.0
23,13133,AESO,NG,20.0,1.0,0.0
23,13136,AESO,NG,16.5,1.0,0.0
23,13137,AESO,NG,10.0,1.0,0.0
23,14585,AESO,NG,8.61,1.0,0.0
23,14586,AESO,NG,9.45,1.0,0.0
23,14605,AESO,NG,199.0,1.0,0.0
23,14624,AESO,NG,21.0,1.0,0.0
23,14625,AESO,NG,21.0,1.0,0.0
23,14644,AESO,NG,21.0,1.0,0.0
23,14662,AESO,NG,21.0,1.0,0.0
23,15661,AESO,NG,406.0,1.0,0.0
23,15662,AESO,NG,406.0,1.0,0.0
23,15663,AESO,NG,353.0,1.0,0.0
23,15667,AESO,NG,401.0,1.0,0.0
23,16052,AESO,NG,605.2,1.0,0.0
23,16053,AESO,NG,262.8,1.0,0.0
23,2167,AVA,BIO,50.7,1.0,0.0
23,2190,AVA,BIO,6.2,1.0,0.0
23,2200,AVA,BIO,26.0,1.0,0.0
23,2206,AVA,BIO,28.8,1.0,0.0
23,2207,AVA,BIO,65.0,1.0,0.0
23,2198,AVA,NG,83.3,1.0,0.0
23,2199,AVA,NG,83.3,1.0,0.0
23,8427,AVA,NG,301.49,1.0,0.0
23,9848,AVA,NG,287.0,1.0,0.0
23,14033,AZPS,BIO,27.99999999999818,1.0,0.0
23,16040,AZPS,NG,252.4,1.0,0.0
23,16041,AZPS,NG,252.4,1.0,0.0
23,16042,AZPS,NG,252.4,1.0,0.0
23,16043,AZPS,NG,252.4,1.0,0.0
23,16070,AZPS,NG,154.17500220000412,1.0,0.0
23,13687,BANC,BIO,3.5,1.0,0.0
23,13688,BANC,BIO,3.5,1.0,0.0
23,13689,BANC,BIO,3.5,1.0,0.0
23,13690,BANC,BIO,3.5,1.0,0.0
23,13691,BANC,BIO,3.5,1.0,0.0
23,15928,BANC,NG,265.0,1.0,0.0
23,15929,BANC,NG,265.0,1.0,0.0
23,16060,BANC,NG,274.5,1.0,0.0
23,16061,BANC,NG,274.5,1.0,0.0
23,2516,BCHA,BIO,66.0,1.0,0.0
23,2581,BCHA,BIO,16.39,1.0,0.0
23,2634,BCHA,BIO,20.39,1.0,0.0
23,2644,BCHA,BIO,24.75,1.0,0.0
23,2645,BCHA,BIO,1.667,1.0,0.0
23,2646,BCHA,BIO,1.667,1.0,0.0
23,2647,BCHA,BIO,1.667,1.0,0.0
23,2648,BCHA,BIO,1.851,1.0,0.0
23,2691,BCHA,BIO,32.0,1.0,0.0
23,2744,BCHA,BIO,16.0,1.0,0.0
23,2745,BCHA,BIO,28.0,1.0,0.0
23,2746,BCHA,BIO,32.0,1.0,0.0
23,2766,BCHA,BIO,7.5,1.0,0.0
23,2990,BCHA,BIO,52.29,1.0,0.0
23,2991,BCHA,BIO,48.0,1.0,0.0
23,6066,BCHA,BIO,4.8,1.0,0.0
23,6104,BCHA,BIO,36.0,1.0,0.0
23,6121,BCHA,BIO,32.7,1.0,0.0
23,6122,BCHA,BIO,28.69,1.0,0.0
23,6155,BCHA,BIO,1.26,1.0,0.0
23,6833,BCHA,BIO,1.03,1.0,0.0
23,7014,BCHA,BIO,0.34,1.0,0.0
23,7068,BCHA,BIO,55.0,1.0,0.0
23,7171,BCHA,BIO,62.5,1.0,0.0
23,7172,BCHA,BIO,50.0,1.0,0.0
23,8349,BCHA,BIO,38.0,1.0,0.0
23,11890,BCHA,BIO,1.0,1.0,0.0
23,11891,BCHA,BIO,1.0,1.0,0.0
23,15470,BCHA,BIO,28.0,1.0,0.0
23,15471,BCHA,BIO,16.0,1.0,0.0
23,15664,BCHA,BIO,38.7,1.0,0.0
23,10736,BCHA,GEO,107.0,1.0,0.0
23,3040,AESO,NG,2.4,1.0,0.0
23,5051,BCHA,NG,290.0,1.0,0.0
23,6625,AESO,NG,11.25,1.0,0.0
23,6755,AESO,NG,101.0,1.0,0.0
23,7726,AESO,NG,4.1,1.0,0.0
23,8260,AESO,NG,46.0,1.0,0.0
23,8632,AESO,NG,5.5,1.0,0.0
23,9134,AESO,NG,9.0,1.0,0.0
23,9218,AESO,NG,75.0,1.0,0.0
23,9219,AESO,NG,189.2,1.0,0.0
23,11725,AESO,NG,1.0,1.0,0.0
23,11726,AESO,NG,1.0,1.0,0.0
23,11841,AESO,NG,1.0,1.0,0.0
23,11842,AESO,NG,1.0,1.0,0.0
23,11914,AESO,NG,1.0,1.0,0.0
23,11915,AESO,NG,1.0,1.0,0.0
23,11916,AESO,NG,1.0,1.0,0.0
23,13122,AESO,NG,6.5,1.0,0.0
23,13128,AESO,NG,15.0,1.0,0.0
23,13129,AESO,NG,15.0,1.0,0.0
23,15656,AESO,NG,408.0,1.0,0.0
23,15657,AESO,NG,418.5,1.0,0.0
23,15658,AESO,NG,430.0,1.0,0.0
23,15675,AESO,NG,1.0,1.0,0.0
23,1972,BPAT,BIO,40.0,1.0,0.0
23,2051,BPAT,BIO,18.0,1.0,0.0
23,2076,BPAT,BIO,14.7,1.0,0.0
23,2077,BPAT,BIO,20.0,1.0,0.0
23,2078,BPAT,BIO,25.0,1.0,0.0
23,2079,BPAT,BIO,12.25,1.0,0.0
23,6343,BPAT,BIO,0.8,1.0,0.0
23,6344,BPAT,BIO,0.8,1.0,0.0
23,6345,BPAT,BIO,1.5,1.0,0.0
23,6346,BPAT,BIO,1.5,1.0,0.0
23,9593,BPAT,BIO,5.0,1.0,0.0
23,9595,BPAT,BIO,31.28,1.0,0.0
23,13116,BPAT,BIO,12.5,1.0,0.0
23,14182,BPAT,BIO,17.2,1.0,0.0
23,14186,BPAT,BIO,37.2,1.0,0.0
23,14572,BPAT,BIO,36.0,1.0,0.0
23,2063,BPAT,NG,265.0,1.0,0.0
23,6835,BPAT,NG,269.2,1.0,0.0
23,14571,BPAT,NG,9.9,1.0,0.0
23,2491,BPAT,NUCLEAR,1186.0,1.0,0.0
23,437,CENACE,GEO,25.0,1.0,0.0
23,438,CENACE,GEO,25.0,1.0,0.0
23,439,CENACE,GEO,25.0,1.0,0.0
23,440,CENACE,GEO,25.0,1.0,0.0
23,441,CENACE,GEO,30.0,1.0,0.0
23,446,CENACE,GEO,110.0,1.0,0.0
23,447,CENACE,GEO,110.0,1.0,0.0
23,448,CENACE,GEO,110.0,1.0,0.0
23,457,CENACE,GEO,110.0,1.0,0.0
23,8227,CENACE,NG,277.0,1.0,0.0
23,14839,CENACE,NG,248.0,1.0,0.0
23,15254,CENACE,NG,793.0,1.0,0.0
23,15341,CENACE,NG,1.0,1.0,0.0
23,15991,CENACE,NG,165.0,1.0,0.0
23,15992,CENACE,NG,165.0,1.0,0.0
23,15993,CENACE,NG,405.0,1.0,0.0
23,548,CISO,BIO,3.0,1.0,0.0
23,549,CISO,BIO,0.95,1.0,0.0
23,550,CISO,BIO,5.0,1.0,0.0
23,551,CISO,BIO,3.0,1.0,0.0
23,555,CISO,BIO,2.9,1.0,0.0
23,570,CISO,BIO,1.88,1.0,0.0
23,572,CISO,BIO,1.88,1.0,0.0
23,629,CISO,BIO,47.0,1.0,0.0
23,633,CISO,BIO,34.0,1.0,0.0
23,795,CISO,BIO,24.5,1.0,0.0
23,836,CISO,BIO,1.3,1.0,0.0
23,1008,CISO,BIO,1.88,1.0,0.0
23,1154,CISO,BIO,25.0,1.0,0.0
23,1156,CISO,BIO,10.5,1.0,0.0
23,1168,CISO,BIO,10.8,1.0,0.0
23,1178,CISO,BIO,28.5,1.0,0.0
23,1187,CISO,BIO,24.48,1.0,0.0
23,1188,CISO,BIO,22.0,1.0,0.0
23,1297,CISO,BIO,30.5,1.0,0.0
23,1300,CISO,BIO,12.0,1.0,0.0
23,1331,CISO,BIO,57.43,1.0,0.0
23,1392,CISO,BIO,24.2,1.0,0.0
23,1398,CISO,BIO,2.57,1.0,0.0
23,1399,CISO,BIO,2.57,1.0,0.0
23,1400,CISO,BIO,2.57,1.0,0.0
23,1401,CISO,BIO,2.57,1.0,0.0
23,1402,CISO,BIO,2.57,1.0,0.0
23,1403,CISO,BIO,2.57,1.0,0.0
23,1404,CISO,BIO,2.57,1.0,0.0
23,1413,CISO,BIO,10.0,1.0,0.0
23,1589,CISO,BIO,8.6,1.0,0.0
23,1590,CISO,BIO,5.7,1.0,0.0
23,1591,CISO,BIO,12.5,1.0,0.0
23,1592,CISO,BIO,12.5,1.0,0.0
23,1593,CISO,BIO,12.5,1.0,0.0
23,1594,CISO,BIO,12.5,1.0,0.0
23,1634,CISO,BIO,13.8,1.0,0.0
23,1635,CISO,BIO,12.5,1.0,0.0
23,1636,CISO,BIO,12.5,1.0,0.0
23,1637,CISO,BIO,12.5,1.0,0.0
23,1638,CISO,BIO,19.9,1.0,0.0
23,1715,CISO,BIO,29.0,1.0,0.0
23,1768,CISO,BIO,22.0,1.0,0.0
23,1774,CISO,BIO,13.1,1.0,0.0
23,1775,CISO,BIO,5.14,1.0,0.0
23,1776,CISO,BIO,20.001,1.0,0.0
23,1793,CISO,BIO,29.07,1.0,0.0
23,1794,CISO,BIO,25.5,1.0,0.0
23,1838,CISO,BIO,17.2,1.0,0.0
23,1839,CISO,BIO,24.4,1.0,0.0
23,4294,CISO,BIO,2.29,1.0,0.0
23,5728,CISO,BIO,1.25,1.0,0.0
23,5729,CISO,BIO,1.25,1.0,0.0
23,5809,CISO,BIO,3.0,1.0,0.0
23,5865,CISO,BIO,0.75,1.0,0.0
23,5866,CISO,BIO,0.75,1.0,0.0
23,5872,CISO,BIO,14.4,1.0,0.0
23,5899,CISO,BIO,4.0,1.0,0.0
23,5900,CISO,BIO,3.7,1.0,0.0
23,5901,CISO,BIO,0.3,1.0,0.0
23,5999,CISO,BIO,37.828,1.0,0.0
23,6045,CISO,BIO,9.8,1.0,0.0
23,6069,CISO,BIO,4.6,1.0,0.0
23,6070,CISO,BIO,4.6,1.0,0.0
23,6071,CISO,BIO,4.6,1.0,0.0
23,6116,CISO,BIO,1.1,1.0,0.0
23,6117,CISO,BIO,1.1,1.0,0.0
23,6349,CISO,BIO,1.5,1.0,0.0
23,6352,CISO,BIO,1.2,1.0,0.0
23,6492,CISO,BIO,24.5,1.0,0.0
23,6601,CISO,BIO,1.5,1.0,0.0
23,6602,CISO,BIO,1.5,1.0,0.0
23,6603,CISO,BIO,1.5,1.0,0.0
23,6651,CISO,BIO,1.35,1.0,0.0
23,6652,CISO,BIO,1.35,1.0,0.0
23,6653,CISO,BIO,1.35,1.0,0.0
23,6710,CISO,BIO,20.0,1.0,0.0
23,6756,CISO,BIO,0.7,1.0,0.0
23,7146,CISO,BIO,0.2,1.0,0.0
23,7147,CISO,BIO,0.2,1.0,0.0
23,7373,CISO,BIO,4.4,1.0,0.0
23,7374,CISO,BIO,3.0,1.0,0.0
23,7388,CISO,BIO,27.15,1.0,0.0
23,7556,CISO,BIO,0.8,1.0,0.0
23,7557,CISO,BIO,0.8,1.0,0.0
23,7558,CISO,BIO,0.8,1.0,0.0
23,7559,CISO,BIO,0.8,1.0,0.0
23,7560,CISO,BIO,0.8,1.0,0.0
23,7561,CISO,BIO,0.8,1.0,0.0
23,7780,CISO,BIO,2.9,1.0,0.0
23,7816,CISO,BIO,1.3,1.0,0.0
23,7840,CISO,BIO,1.25,1.0,0.0
23,7841,CISO,BIO,1.25,1.0,0.0
23,7860,CISO,BIO,3.0,1.0,0.0
23,7861,CISO,BIO,3.0,1.0,0.0
23,7862,CISO,BIO,1.6,1.0,0.0
23,7868,CISO,BIO,6.5,1.0,0.0
23,7869,CISO,BIO,4.9,1.0,0.0
23,8080,CISO,BIO,23.8,1.0,0.0
23,8084,CISO,BIO,1.88,1.0,0.0
23,8085,CISO,BIO,1.88,1.0,0.0
23,8162,CISO,BIO,1.6,1.0,0.0
23,8163,CISO,BIO,2.7,1.0,0.0
23,8311,CISO,BIO,0.46,1.0,0.0
23,8312,CISO,BIO,2.29,1.0,0.0
23,8313,CISO,BIO,2.2,1.0,0.0
23,8371,CISO,BIO,3.0,1.0,0.0
23,8403,CISO,BIO,2.8,1.0,0.0
23,8404,CISO,BIO,3.3,1.0,0.0
23,8405,CISO,BIO,3.3,1.0,0.0
23,8406,CISO,BIO,3.3,1.0,0.0
23,8434,CISO,BIO,1.2,1.0,0.0
23,8682,CISO,BIO,3.0,1.0,0.0
23,8685,CISO,BIO,11.16,1.0,0.0
23,8811,CISO,BIO,1.3,1.0,0.0
23,8812,CISO,BIO,1.3,1.0,0.0
23,9227,CISO,BIO,3.0,1.0,0.0
23,9228,CISO,BIO,1.2,1.0,0.0
23,9229,CISO,BIO,1.2,1.0,0.0
23,9242,CISO,BIO,3.05,1.0,0.0
23,9322,CISO,BIO,2.8,1.0,0.0
23,9337,CISO,BIO,1.8,1.0,0.0
23,9338,CISO,BIO,1.8,1.0,0.0
23,9399,CISO,BIO,1.2,1.0,0.0
23,9723,CISO,BIO,0.5,1.0,0.0
23,10025,CISO,BIO,1.6,1.0,0.0
23,10026,CISO,BIO,1.0,1.0,0.0
23,10027,CISO,BIO,1.0,1.0,0.0
23,10028,CISO,BIO,1.4,1.0,0.0
23,10227,CISO,BIO,35.2,1.0,0.0
23,11103,CISO,BIO,28.24,1.0,0.0
23,11120,CISO,BIO,50.0,1.0,0.0
23,11138,CISO,BIO,5.0,1.0,0.0
23,12396,CISO,BIO,1.0,1.0,0.0
23,12397,CISO,BIO,0.4,1.0,0.0
23,12837,CISO,BIO,1.5,1.0,0.0
23,13104,CISO,BIO,50.0,1.0,0.0
23,13107,CISO,BIO,30.0,1.0,0.0
23,14499,CISO,BIO,26.5,1.0,0.0
23,14833,CISO,BIO,18.13,1.0,0.0
23,14884,CISO,BIO,1.2,1.0,0.0
23,14885,CISO,BIO,12.0,1.0,0.0
23,14886,CISO,BIO,17.0,1.0,0.0
23,14887,CISO,BIO,17.0,1.0,0.0
23,14888,CISO,BIO,13.0,1.0,0.0
23,14896,CISO,BIO,5.0,1.0,0.0
23,14898,CISO,BIO,12.0,1.0,0.0
23,15377,CISO,BIO,12.0,1.0,0.0
23,15432,CISO,BIO,32.0,1.0,0.0
23,15783,CISO,BIO,4.7,1.0,0.0
23,15794,CISO,BIO,28.5,1.0,0.0
23,15795,CISO,BIO,13.4,1.0,0.0
23,15797,CISO,BIO,24.0,1.0,0.0
23,15798,CISO,BIO,24.0,1.0,0.0
23,15861,CISO,BIO,13.4,1.0,0.0
23,442,CISO,GEO,35.7,1.0,0.0
23,443,CISO,GEO,35.7,1.0,0.0
23,444,CISO,GEO,35.7,1.0,0.0
23,445,CISO,GEO,35.7,1.0,0.0
23,656,CISO,GEO,26.66667,1.0,0.0
23,657,CISO,GEO,26.66667,1.0,0.0
23,658,CISO,GEO,26.66667,1.0,0.0
23,663,CISO,GEO,16.0,1.0,0.0
23,664,CISO,GEO,16.0,1.0,0.0
23,665,CISO,GEO,16.0,1.0,0.0
23,1005,CISO,GEO,30.0,1.0,0.0
23,1006,CISO,GEO,30.0,1.0,0.0
23,1007,CISO,GEO,30.0,1.0,0.0
23,1265,CISO,GEO,1.5,1.0,0.0
23,1266,CISO,GEO,1.5,1.0,0.0
23,1597,CISO,GEO,11.0,1.0,0.0
23,1598,CISO,GEO,11.0,1.0,0.0
23,1602,CISO,GEO,47.0,1.0,0.0
23,1603,CISO,GEO,50.0,1.0,0.0
23,1604,CISO,GEO,72.0,1.0,0.0
23,1605,CISO,GEO,75.5,1.0,0.0
23,1606,CISO,GEO,27.5,1.0,0.0
23,1607,CISO,GEO,63.0,1.0,0.0
23,1608,CISO,GEO,70.0,1.0,0.0
23,1609,CISO,GEO,73.0,1.0,0.0
23,1610,CISO,GEO,57.0,1.0,0.0
23,1611,CISO,GEO,86.8,1.0,0.0
23,1612,CISO,GEO,47.9,1.0,0.0
23,1613,CISO,GEO,47.9,1.0,0.0
23,1614,CISO,GEO,49.215,1.0,0.0
23,1615,CISO,GEO,49.215,1.0,0.0
23,1616,CISO,GEO,12.5,1.0,0.0
23,1617,CISO,GEO,12.5,1.0,0.0
23,1618,CISO,GEO,6.5,1.0,0.0
23,1619,CISO,GEO,6.5,1.0,0.0
23,1620,CISO,GEO,36.0,1.0,0.0
23,1621,CISO,GEO,36.0,1.0,0.0
23,7684,CISO,GEO,20.0,1.0,0.0
23,7942,CISO,GEO,11.0,1.0,0.0
23,7943,CISO,GEO,11.0,1.0,0.0
23,8300,CISO,GEO,5.0,1.0,0.0
23,8301,CISO,GEO,5.0,1.0,0.0
23,8302,CISO,GEO,5.0,1.0,0.0
23,11122,CISO,GEO,78.0,1.0,0.0
23,13026,CISO,GEO,14.0,1.0,0.0
23,13102,CISO,GEO,51.9,1.0,0.0
23,13103,CISO,GEO,51.9,1.0,0.0
23,13105,CISO,GEO,59.0,1.0,0.0
23,14055,CISO,GEO,38.85,1.0,0.0
23,14056,CISO,GEO,50.0,1.0,0.0
23,14057,CISO,GEO,42.42,1.0,0.0
23,14058,CISO,GEO,52.73,1.0,0.0
23,14848,CISO,GEO,30.0,1.0,0.0
23,14923,CISO,GEO,38.0,1.0,0.0
23,15381,CISO,GEO,20.0,1.0,0.0
23,1248,CISO,NUCLEAR,1150.0,1.0,0.0
23,1249,CISO,NUCLEAR,1150.0,1.0,0.0
23,13507,IID,BIO,27.0,1.0,0.0
23,13560,IID,BIO,55.5,1.0,0.0
23,13561,IID,BIO,21.0,1.0,0.0
23,13509,IID,GEO,53.0,1.0,0.0
23,13510,IID,GEO,8.75,1.0,0.0
23,13511,IID,GEO,4.37,1.0,0.0
23,13516,IID,GEO,34.39,1.0,0.0
23,13517,IID,GEO,34.39,1.0,0.0
23,13519,IID,GEO,34.39,1.0,0.0
23,13520,IID,GEO,29.0,1.0,0.0
23,13521,IID,GEO,9.19,1.0,0.0
23,13522,IID,GEO,10.5,1.0,0.0
23,13523,IID,GEO,49.0,1.0,0.0
23,13524,IID,GEO,50.0,1.0,0.0
23,13543,IID,GEO,33.0,1.0,0.0
23,13544,IID,GEO,16.0,1.0,0.0
23,13554,IID,GEO,49.89,1.0,0.0
23,13555,IID,GEO,4.79,1.0,0.0
23,13556,IID,GEO,4.5,1.0,0.0
23,13557,IID,GEO,11.1,1.0,0.0
23,13558,IID,GEO,11.0,1.0,0.0
23,13559,IID,GEO,50.0,1.0,0.0
23,13562,IID,GEO,21.6,1.0,0.0
23,13563,IID,GEO,8.0,1.0,0.0
23,13564,IID,GEO,22.0,1.0,0.0
23,13570,IID,GEO,24.0,1.0,0.0
23,13571,IID,GEO,15.0,1.0,0.0
23,13572,IID,GEO,18.5,1.0,0.0
23,13573,IID,GEO,7.0,1.0,0.0
23,13574,IID,GEO,8.45,1.0,0.0
23,13578,IID,GEO,16.0,1.0,0.0
23,13579,IID,GEO,16.0,1.0,0.0
23,13580,IID,GEO,16.0,1.0,0.0
23,13581,IID,GEO,16.0,1.0,0.0
23,13582,IID,GEO,16.0,1.0,0.0
23,13583,IID,GEO,16.0,1.0,0.0
23,13584,IID,GEO,16.0,1.0,0.0
23,15941,IID,NG,109.1,1.0,0.0
23,3434,IPCO,BIO,5.0,1.0,0.0
23,6118,IPCO,BIO,0.8,1.0,0.0
23,6119,IPCO,BIO,0.8,1.0,0.0
23,6120,IPCO,BIO,0.8,1.0,0.0
23,7116,IPCO,BIO,1.6,1.0,0.0
23,7117,IPCO,BIO,1.6,1.0,0.0
23,8549,IPCO,BIO,2.0,1.0,0.0
23,8550,IPCO,BIO,2.0,1.0,0.0
23,10116,IPCO,BIO,7.5,1.0,0.0
23,3400,IPCO,GEO,18.0,1.0,0.0
23,7941,IPCO,GEO,11.0,1.0,0.0
23,3407,IPCO,NG,170.9,1.0,0.0
23,7185,IPCO,NG,2.0,1.0,0.0
23,7188,IPCO,NG,2.0,1.0,0.0
23,7189,IPCO,NG,2.0,1.0,0.0
23,7509,IPCO,NG,330.0,1.0,0.0
23,8599,IPCO,NG,4.16,1.0,0.0
23,15899,LDWP,NG,275.0,1.0,0.0
23,15900,LDWP,NG,275.0,1.0,0.0
23,13714,NEVP,GEO,20.0,1.0,0.0
23,13715,NEVP,GEO,60.0,1.0,0.0
23,13716,NEVP,GEO,10.1,1.0,0.0
23,13717,NEVP,GEO,19.2,1.0,0.0
23,13718,NEVP,GEO,11.8,1.0,0.0
23,13719,NEVP,GEO,11.8,1.0,0.0
23,13720,NEVP,GEO,11.8,1.0,0.0
23,13721,NEVP,GEO,11.8,1.0,0.0
23,13724,NEVP,GEO,8.0,1.0,0.0
23,13725,NEVP,GEO,8.0,1.0,0.0
23,13726,NEVP,GEO,8.0,1.0,0.0
23,13727,NEVP,GEO,18.9,1.0,0.0
23,13728,NEVP,GEO,11.3,1.0,0.0
23,13729,NEVP,GEO,11.3,1.0,0.0
23,13730,NEVP,GEO,11.3,1.0,0.0
23,13731,NEVP,GEO,11.3,1.0,0.0
23,13732,NEVP,GEO,11.25,1.0,0.0
23,13733,NEVP,GEO,11.25,1.0,0.0
23,13734,NEVP,GEO,25.0,1.0,0.0
23,13752,NEVP,GEO,15.0,1.0,0.0
23,13753,NEVP,GEO,15.0,1.0,0.0
23,13754,NEVP,GEO,15.0,1.0,0.0
23,13755,NEVP,GEO,15.0,1.0,0.0
23,13756,NEVP,GEO,26.5,1.0,0.0
23,13757,NEVP,GEO,10.0,1.0,0.0
23,13758,NEVP,GEO,10.0,1.0,0.0
23,13759,NEVP,GEO,10.0,1.0,0.0
23,13760,NEVP,GEO,16.5,1.0,0.0
23,13762,NEVP,GEO,25.0,1.0,0.0
23,13763,NEVP,GEO,16.0,1.0,0.0
23,13764,NEVP,GEO,16.0,1.0,0.0
23,13765,NEVP,GEO,21.3,1.0,0.0
23,13766,NEVP,GEO,21.3,1.0,0.0
23,13767,NEVP,GEO,21.3,1.0,0.0
23,13769,NEVP,GEO,20.0,1.0,0.0
23,13770,NEVP,GEO,20.0,1.0,0.0
23,13771,NEVP,GEO,12.0,1.0,0.0
23,13772,NEVP,GEO,11.8,1.0,0.0
23,13774,NEVP,GEO,20.0,1.0,0.0
23,13775,NEVP,GEO,20.0,1.0,0.0
23,13776,NEVP,GEO,12.0,1.0,0.0
23,13427,NEVP,NG,105.0,1.0,0.0
23,13428,NEVP,NG,250.0,1.0,0.0
23,13429,NEVP,NG,250.0,1.0,0.0
23,13430,NEVP,NG,142.5,1.0,0.0
23,13432,NEVP,NG,99.58,1.0,0.0
23,13433,NEVP,NG,96.26,1.0,0.0
23,13434,NEVP,NG,111.26,1.0,0.0
23,13440,NEVP,NG,566.0,1.0,0.0
23,13441,NEVP,NG,735.0,1.0,0.0
23,13442,NEVP,NG,641.4,1.0,0.0
23,13443,NEVP,NG,521.7,1.0,0.0
23,13444,NEVP,NG,585.0,1.0,0.0
23,13445,NEVP,NG,585.0,1.0,0.0
23,13449,NEVP,NG,112.4,1.0,0.0
23,13450,NEVP,NG,112.4,1.0,0.0
23,13773,NEVP,NG,530.0,1.0,0.0
23,15914,NEVP,NG,403.0,1.0,0.0
23,15916,NEVP,NG,659.6,1.0,0.0
23,15922,NEVP,NG,185.0,1.0,0.0
23,15924,NEVP,NG,185.0,1.0,0.0
23,15966,NEVP,NG,260.85,1.0,0.0
23,15972,NEVP,NG,356.0,1.0,0.0
23,15994,NEVP,NG,60.5,1.0,0.0
23,15995,NEVP,NG,60.5,1.0,0.0
23,15996,NEVP,NG,181.5,1.0,0.0
23,16028,NEVP,NG,367.5,1.0,0.0
23,16029,NEVP,NG,367.5,1.0,0.0
23,16054,NEVP,NG,540.6,1.0,0.0
23,16064,NEVP,NG,624.0,1.0,0.0
23,3522,NWMT,NG,6.0,1.0,0.0
23,3523,NWMT,NG,6.0,1.0,0.0
23,3524,NWMT,NG,6.0,1.0,0.0
23,3525,NWMT,NG,6.0,1.0,0.0
23,3526,NWMT,NG,6.0,1.0,0.0
23,3527,NWMT,NG,6.0,1.0,0.0
23,3528,NWMT,NG,6.0,1.0,0.0
23,3529,NWMT,NG,6.0,1.0,0.0
23,3530,NWMT,NG,6.0,1.0,0.0
23,3617,PACE,GEO,26.1,1.0,0.0
23,3618,PACE,GEO,12.0,1.0,0.0
23,3612,PACE,NG,17.0,1.0,0.0
23,3613,PACE,NG,17.0,1.0,0.0
23,3614,PACE,NG,17.0,1.0,0.0
23,3639,PACE,NG,16.106,1.0,0.0
23,3640,PACE,NG,16.106,1.0,0.0
23,3641,PACE,NG,16.2,1.0,0.0
23,3718,PACE,NG,13.5,1.0,0.0
23,3719,PACE,NG,13.5,1.0,0.0
23,6466,PACE,NG,529.7,1.0,0.0
23,7491,PACE,NG,628.1,1.0,0.0
23,7494,PACE,NG,538.0,1.0,0.0
23,14694,PACE,NG,1.0,1.0,0.0
23,15930,PACE,NG,420.7,1.0,0.0
23,15987,PACE,NG,408.6,1.0,0.0
23,15988,PACE,NG,182.7,1.0,0.0
23,15989,PACE,NG,185.4,1.0,0.0
23,15990,PACE,NG,469.8,1.0,0.0
23,1889,PACW,BIO,7.5,1.0,0.0
23,8587,PACW,BIO,10.0,1.0,0.0
23,11098,PACW,BIO,10.0,1.0,0.0
23,7432,PACW,NG,540.0,1.0,0.0
23,9960,PACW,NG,279.56,1.0,0.0
23,9961,PACW,NG,279.56,1.0,0.0
23,15985,PACW,NG,178.5,1.0,0.0
23,15986,PACW,NG,323.0,1.0,0.0
23,2346,PGE,BIO,10.0,1.0,0.0
23,5829,PGE,NG,476.698,1.0,0.0
23,9847,PGE,NG,296.0,1.0,0.0
23,10103,PGE,NG,483.3,1.0,0.0
23,10105,PGE,NG,18.8,1.0,0.0
23,10106,PGE,NG,18.8,1.0,0.0
23,10107,PGE,NG,18.8,1.0,0.0
23,10108,PGE,NG,18.8,1.0,0.0
23,10109,PGE,NG,18.8,1.0,0.0
23,10112,PGE,NG,18.8,1.0,0.0
23,10113,PGE,NG,18.8,1.0,0.0
23,10114,PGE,NG,18.8,1.0,0.0
23,10115,PGE,NG,18.8,1.0,0.0
23,6353,PNM,BIO,0.7999999999954526,1.0,0.0
23,6354,PNM,BIO,0.8,1.0,0.0
23,6355,PNM,BIO,0.8,1.0,0.0
23,6356,PNM,BIO,0.8,1.0,0.0
23,6357,PNM,BIO,0.8,1.0,0.0
23,6358,PNM,BIO,0.8,1.0,0.0
23,6359,PNM,BIO,0.8,1.0,0.0
23,6360,PNM,BIO,0.8,1.0,0.0
23,6483,PNM,BIO,4.5,1.0,0.0
23,6741,PNM,BIO,1.0,1.0,0.0
23,6752,PNM,BIO,1.6,1.0,0.0
23,6753,PNM,BIO,1.6,1.0,0.0
23,6754,PNM,BIO,1.6,1.0,0.0
23,7634,PNM,BIO,0.335,1.0,0.0
23,8319,PNM,BIO,3.0,1.0,0.0
23,8320,PNM,BIO,7.5,1.0,0.0
23,8517,PNM,BIO,0.8,1.0,0.0
23,8518,PNM,BIO,0.8,1.0,0.0
23,8519,PNM,BIO,0.8,1.0,0.0
23,8520,PNM,BIO,0.8,1.0,0.0
23,8521,PNM,BIO,0.8,1.0,0.0
23,8522,PNM,BIO,0.8,1.0,0.0
23,10202,PNM,BIO,8.0,1.0,0.0
23,10222,PNM,BIO,15.0,1.0,0.0
23,11101,PNM,BIO,11.5,1.0,0.0
23,11102,PNM,BIO,11.5,1.0,0.0
23,13110,PNM,BIO,19.8,1.0,0.0
23,13265,PNM,GEO,4.0,1.0,0.0
23,6828,PNM,NG,11.4,1.0,0.0
23,11104,PNM,NG,11.4,1.0,0.0
23,11105,PNM,NG,11.4,1.0,0.0
23,11106,PNM,NG,11.4,1.0,0.0
23,13240,PNM,NG,596.0,1.0,0.0
23,13243,PNM,NG,287.93,1.0,0.0
23,13503,PNM,NG,67.2,1.0,0.0
23,16004,PNM,NG,497.26,1.0,0.0
23,13785,PSCO,NG,601.9999999999964,1.0,0.0
23,13807,PSCO,NG,582.51,1.0,0.0
23,13813,PSCO,NG,396.9,1.0,0.0
23,13869,PSCO,NG,622.0,1.0,0.0
23,15920,PSCO,NG,370.6,1.0,0.0
23,15945,PSCO,NG,517.69,1.0,0.0
23,16046,PSCO,NG,510.0,1.0,0.0
23,2398,PSEI,BIO,28.3,1.0,0.0
23,6692,PSEI,NG,193.8,1.0,0.0
23,6749,PSEI,NG,253.44,1.0,0.0
23,7707,PSEI,NG,167.04,1.0,0.0
23,7855,PSEI,NG,319.9,1.0,0.0
23,9197,PSEI,NG,145.1,1.0,0.0
23,13338,SRP,NG,591.1,1.0,0.0
23,13370,SRP,NG,277.0,1.0,0.0
23,13375,SRP,NG,589.5,1.0,0.0
23,15937,SRP,NG,459.0,1.0,0.0
23,16050,SRP,NG,456.0,1.0,0.0
23,14108,TIDC,NG,286.0,1.0,0.0
23,16068,TIDC,NG,186.91999999999996,1.0,0.0
23,1990,TPWR,BIO,60.641900299998724,1.0,0.0
23,10145,TPWR,BIO,26.0,1.0,0.0
23,13976,WACM,NG,490.9999999999959,1.0,0.0
23,13986,WACM,NG,100.0,1.0,0.0
23,15948,WACM,NG,400.4,1.0,0.0
23,15949,WACM,NG,153.9,1.0,0.0
23,13494,WALC,NG,590.8,1.0,0.0
23,13495,WALC,NG,550.0,1.0,0.0
23,15962,WALC,NG,478.4,1.0,0.0
23,16056,WALC,NG,336.0,1.0,0.0
23,16057,WALC,NG,336.0,1.0,0.0
23,711,CISO,NG,18.0,1.0,0.0
23,1115,CISO,NG,267.0,1.0,0.0
23,1116,CISO,NG,266.0,1.0,0.0
23,1117,CISO,NG,266.0,1.0,0.0
23,1118,CISO,NG,267.0,1.0,0.0
23,1389,CISO,NG,49.0,1.0,0.0
23,1405,CISO,NG,3.105,1.0,0.0
23,1445,CISO,NG,56.2,1.0,0.0
23,1447,CISO,NG,21.384,1.0,0.0
23,1448,CISO,NG,21.384,1.0,0.0
23,1449,CISO,NG,21.384,1.0,0.0
23,9130,CISO,NG,18.0,1.0,0.0
23,9720,CISO,NG,97.32,1.0,0.0
23,9731,CISO,NG,106.85,1.0,0.0
23,9895,CISO,NG,83.24667,1.0,0.0
23,9896,CISO,NG,41.62333,1.0,0.0
23,10080,CISO,NG,31.492,1.0,0.0
23,10214,CISO,NG,625.0,1.0,0.0
23,15255,CISO,NG,322.0,1.0,0.0
23,15898,CISO,NG,1.0,1.0,0.0
23,15908,CISO,NG,493.63,1.0,0.0
23,15939,CISO,NG,247.29,1.0,0.0
23,15940,CISO,NG,247.29,1.0,0.0
23,15943,CISO,NG,275.85,1.0,0.0
23,15944,CISO,NG,275.85,1.0,0.0
23,15975,CISO,NG,283.3333,1.0,0.0
23,15977,CISO,NG,336.9,1.0,0.0
23,15978,CISO,NG,336.9,1.0,0.0
23,16018,CISO,NG,277.5,1.0,0.0
23,16019,CISO,NG,277.5,1.0,0.0
23,16020,CISO,NG,277.5,1.0,0.0
23,16021,CISO,NG,277.5,1.0,0.0
23,16030,CISO,NG,305.0,1.0,0.0
23,16031,CISO,NG,305.0,1.0,0.0
23,16032,CISO,NG,294.105,1.0,0.0
23,16033,CISO,NG,294.105,1.0,0.0
23,16034,CISO,NG,266.49,1.0,0.0
23,16035,CISO,NG,266.49,1.0,0.0
23,16058,CISO,NG,293.01,1.0,0.0
23,16059,CISO,NG,293.01,1.0,0.0
23,16062,CISO,NG,100.0,1.0,1.0
23,13304,SRP,NUCLEAR,1372.2,1.0,0.0
23,13305,SRP,NUCLEAR,1375.05,1.0,0.0
23,13306,SRP,NUCLEAR,1373.15,1.0,0.0
23,15322,AZPS,NG,174.0,1.0,0.0
23,15323,AZPS,NG,174.0,1.0,0.0
23,15324,AZPS,NG,174.0,1.0,0.0
23,15325,AZPS,NG,174.0,1.0,0.0
23,15326,AZPS,NG,174.0,1.0,0.0
23,15327,AZPS,NG,174.0,1.0,0.0
23,14088,BANC,NG,81.0,1.0,0.0
23,17274,LDWP,NG,15.0,1.0,0.0
23,17031,LDWP,NG,10.0,1.0,0.0
23,13614,LDWP,NG,110.0,1.0,0.0
23,17212,LDWP,NG,398.0,1.0,0.0
23,17210,LDWP,NG,398.0,1.0,0.0
23,13284,TEPC,NG,549.9999999999995,1.0,0.0
23,13403,TEPC,NG,540.0,1.0,0.0
23,13404,TEPC,NG,540.0,1.0,0.0
23,13295,AZPS,COAL,818.1,1.0,0.0
23,3504,IPCO,COAL,307.0,1.0,0.0
23,3505,IPCO,COAL,307.0,1.0,0.0
23,3694,IPCO,COAL,50.0,1.0,0.0
23,3695,IPCO,COAL,25.0,1.0,0.0
23,3696,IPCO,COAL,25.0,1.0,0.0
23,3582,NEVP,COAL,268.0,1.0,0.0
23,3583,NEVP,COAL,254.0,1.0,0.0
23,3507,NWMT,COAL,740.0001,1.0,0.0
23,3506,NWMT,COAL,740.0,1.0,0.0
23,3497,NWMT,COAL,135.0,1.0,0.0
23,3510,NWMT,COAL,64.0,1.0,0.0
23,3391,PACE,COAL,584.0,1.0,0.0
23,3461,PACE,COAL,572.3302648455672,1.0,0.0
23,3463,PACE,COAL,531.0,1.0,0.0
23,3462,PACE,COAL,527.0,1.0,0.0
23,3656,PACE,COAL,517.5,1.0,0.0
23,3619,PACE,COAL,499.5,1.0,0.0
23,3655,PACE,COAL,498.0,1.0,0.0
23,3638,PACE,COAL,495.6,1.0,0.0
23,3637,PACE,COAL,488.3,1.0,0.0
23,3636,PACE,COAL,488.3,1.0,0.0
23,3698,PACE,COAL,362.1,1.0,0.0
23,3635,PACE,COAL,360.0,1.0,0.0
23,3634,PACE,COAL,229.5,1.0,0.0
23,11093,PACE,COAL,217.6,1.0,0.0
23,13294,PNM,COAL,271.0,1.0,0.0
23,13796,PSCO,COAL,552.28,1.0,0.0
23,13888,PSCO,COAL,467.261,1.0,0.0
23,14002,PSCO,COAL,428.0,1.0,0.0
23,14129,PSCO,COAL,380.8,1.0,0.0
23,13787,PSCO,COAL,335.0,1.0,0.0
23,13786,PSCO,COAL,325.0,1.0,0.0
23,13960,PSCO,COAL,49.65,1.0,0.0
23,13386,SRP,COAL,750.0,1.0,0.0
23,13387,SRP,COAL,750.0,1.0,0.0
23,13388,SRP,COAL,750.0,1.0,0.0
23,13385,SRP,COAL,382.0,1.0,0.0
23,13384,SRP,COAL,380.0,1.0,0.0
23,13389,TEPC,COAL,424.8,1.0,0.0
23,4029,WACM,COAL,621.0,1.0,0.0
23,4030,WACM,COAL,621.0,1.0,0.0
23,14004,WACM,COAL,448.0,1.0,0.0
23,14003,WACM,COAL,428.0,1.0,0.0
23,14001,WACM,COAL,405.0,1.0,0.0
23,14009,WACM,COAL,275.4,1.0,0.0
23,13958,WACM,COAL,207.0,1.0,0.0
23,14008,WACM,COAL,190.0,1.0,0.0
23,13962,WACM,COAL,141.031,1.0,0.0
23,13983,WACM,COAL,116.2,1.0,0.0
23,13982,WACM,COAL,95.0,1.0,0.0
23,13981,WACM,COAL,88.0,1.0,0.0
23,13961,WACM,COAL,83.19,1.0,0.0
23,13943,WACM,COAL,80.0,1.0,0.0
23,13422,WALC,COAL,204.0,1.0,0.0
24,3243,AESO,BIO,22.335,1.0,0.0
24,3384,AESO,BIO,41.0,1.0,0.0
24,3385,AESO,BIO,41.0,1.0,0.0
24,3386,AESO,BIO,17.0,1.0,0.0
24,9565,AESO,BIO,20.0,1.0,0.0
24,9566,AESO,BIO,30.0,1.0,0.0
24,13106,AESO,BIO,43.0,1.0,0.0
24,3218,AESO,NG,407.0,1.0,0.0
24,3219,AESO,NG,148.0,1.0,0.0
24,3220,AESO,NG,148.0,1.0,0.0
24,3221,AESO,NG,408.0,1.0,0.0
24,3222,AESO,NG,408.0,1.0,0.0
24,3238,AESO,NG,151.0,1.0,0.0
24,9198,AESO,NG,280.0,1.0,0.0
24,3017,AESO,NG,101.0,1.0,0.0
24,3041,AESO,NG,1.0,1.0,0.0
24,3042,AESO,NG,1.0,1.0,0.0
24,3043,AESO,NG,1.0,1.0,0.0
24,3044,AESO,NG,1.0,1.0,0.0
24,3072,AESO,NG,101.0,1.0,0.0
24,3096,AESO,NG,3.24,1.0,0.0
24,3126,AESO,NG,46.0,1.0,0.0
24,3139,AESO,NG,3.0,1.0,0.0
24,3190,AESO,NG,21.6,1.0,0.0
24,3217,AESO,NG,48.0,1.0,0.0
24,3232,AESO,NG,101.0,1.0,0.0
24,3244,AESO,NG,50.0,1.0,0.0
24,3249,AESO,NG,36.5,1.0,0.0
24,3250,AESO,NG,36.5,1.0,0.0
24,3254,AESO,NG,101.0,1.0,0.0
24,3357,AESO,NG,1.8,1.0,0.0
24,3358,AESO,NG,1.8,1.0,0.0
24,3359,AESO,NG,2.94,1.0,0.0
24,3370,AESO,NG,47.5,1.0,0.0
24,5241,AESO,NG,48.0,1.0,0.0
24,5274,AESO,NG,48.0,1.0,0.0
24,5302,AESO,NG,48.0,1.0,0.0
24,5802,AESO,NG,120.0,1.0,0.0
24,6087,AESO,NG,330.0,1.0,0.0
24,6150,AESO,NG,120.0,1.0,0.0
24,6611,AESO,NG,128.0,1.0,0.0
24,7724,AESO,NG,3.6,1.0,0.0
24,7725,AESO,NG,3.15,1.0,0.0
24,7727,AESO,NG,2.7,1.0,0.0
24,8055,AESO,NG,7.2,1.0,0.0
24,8417,AESO,NG,63.45,1.0,0.0
24,8781,AESO,NG,1.35,1.0,0.0
24,8782,AESO,NG,1.575,1.0,0.0
24,8783,AESO,NG,1.35,1.0,0.0
24,10169,AESO,NG,195.0,1.0,0.0
24,10179,AESO,NG,870.0,1.0,0.0
24,13133,AESO,NG,16.8,1.0,0.0
24,13136,AESO,NG,8.25,1.0,0.0
24,13137,AESO,NG,8.75,1.0,0.0
24,14586,AESO,NG,9.45,1.0,0.0
24,14605,AESO,NG,199.0,1.0,0.0
24,15661,AESO,NG,406.0,1.0,0.0
24,15662,AESO,NG,406.0,1.0,0.0
24,15663,AESO,NG,353.0,1.0,0.0
24,15667,AESO,NG,310.2695789599998,1.0,0.0
24,16052,AESO,NG,605.2,1.0,0.0
24,16053,AESO,NG,262.8,1.0,0.0
24,2167,AVA,BIO,46.7,1.0,0.0
24,2190,AVA,BIO,2.79,1.0,0.0
24,2200,AVA,BIO,26.0,1.0,0.0
24,8427,AVA,NG,301.49,1.0,0.0
24,9848,AVA,NG,287.0,1.0,0.0
24,14033,AZPS,BIO,27.99999999999909,1.0,0.0
24,16040,AZPS,NG,252.4,1.0,0.0
24,16041,AZPS,NG,252.4,1.0,0.0
24,16042,AZPS,NG,252.4,1.0,0.0
24,16043,AZPS,NG,252.4,1.0,0.0
24,16070,AZPS,NG,136.428,1.0,0.0
24,2516,BCHA,BIO,66.0,1.0,0.0
24,2634,BCHA,BIO,20.39,1.0,0.0
24,2644,BCHA,BIO,24.75,1.0,0.0
24,2645,BCHA,BIO,1.667,1.0,0.0
24,2646,BCHA,BIO,1.667,1.0,0.0
24,2647,BCHA,BIO,1.667,1.0,0.0
24,2648,BCHA,BIO,1.851,1.0,0.0
24,2766,BCHA,BIO,7.5,1.0,0.0
24,2990,BCHA,BIO,52.29,1.0,0.0
24,2991,BCHA,BIO,48.0,1.0,0.0
24,6066,BCHA,BIO,4.8,1.0,0.0
24,6104,BCHA,BIO,36.0,1.0,0.0
24,6155,BCHA,BIO,1.26,1.0,0.0
24,6833,BCHA,BIO,1.03,1.0,0.0
24,7014,BCHA,BIO,0.34,1.0,0.0
24,7068,BCHA,BIO,55.0,1.0,0.0
24,11890,BCHA,BIO,1.0,1.0,0.0
24,11891,BCHA,BIO,1.0,1.0,0.0
24,15470,BCHA,BIO,28.0,1.0,0.0
24,15471,BCHA,BIO,16.0,1.0,0.0
24,15664,BCHA,BIO,38.7,1.0,0.0
24,10736,BCHA,GEO,107.0,1.0,0.0
24,5051,BCHA,NG,290.0,1.0,0.0
24,6625,AESO,NG,11.25,1.0,0.0
24,6755,AESO,NG,101.0,1.0,0.0
24,7726,AESO,NG,1.845,1.0,0.0
24,8260,AESO,NG,20.7,1.0,0.0
24,8632,AESO,NG,2.475,1.0,0.0
24,9134,AESO,NG,9.0,1.0,0.0
24,9219,AESO,NG,189.2,1.0,0.0
24,11725,AESO,NG,1.0,1.0,0.0
24,11726,AESO,NG,1.0,1.0,0.0
24,11841,AESO,NG,1.0,1.0,0.0
24,11842,AESO,NG,1.0,1.0,0.0
24,11914,AESO,NG,1.0,1.0,0.0
24,11915,AESO,NG,1.0,1.0,0.0
24,11916,AESO,NG,1.0,1.0,0.0
24,13128,AESO,NG,6.75,1.0,0.0
24,13129,AESO,NG,6.75,1.0,0.0
24,15656,AESO,NG,408.0,1.0,0.0
24,15657,AESO,NG,418.5,1.0,0.0
24,15658,AESO,NG,430.0,1.0,0.0
24,15675,AESO,NG,1.0,1.0,0.0
24,2051,BPAT,BIO,8.1,1.0,0.0
24,2076,BPAT,BIO,14.699999999999545,1.0,0.0
24,2077,BPAT,BIO,20.0,1.0,0.0
24,2078,BPAT,BIO,25.0,1.0,0.0
24,2079,BPAT,BIO,12.25,1.0,0.0
24,6343,BPAT,BIO,0.8,1.0,0.0
24,6344,BPAT,BIO,0.8,1.0,0.0
24,6345,BPAT,BIO,1.5,1.0,0.0
24,6346,BPAT,BIO,1.5,1.0,0.0
24,9593,BPAT,BIO,5.0,1.0,0.0
24,9595,BPAT,BIO,31.28,1.0,0.0
24,13116,BPAT,BIO,8.0,1.0,0.0
24,14572,BPAT,BIO,1.0,1.0,0.0
24,2063,BPAT,NG,265.0,1.0,0.0
24,14571,BPAT,NG,9.9,1.0,0.0
24,2491,BPAT,NUCLEAR,1186.0,1.0,0.0
24,437,CENACE,GEO,25.0,1.0,0.0
24,438,CENACE,GEO,25.0,1.0,0.0
24,439,CENACE,GEO,25.0,1.0,0.0
24,440,CENACE,GEO,25.0,1.0,0.0
24,441,CENACE,GEO,30.0,1.0,0.0
24,446,CENACE,GEO,110.0,1.0,0.0
24,447,CENACE,GEO,110.0,1.0,0.0
24,448,CENACE,GEO,110.0,1.0,0.0
24,457,CENACE,GEO,110.0,1.0,0.0
24,8227,CENACE,NG,277.0,1.0,0.0
24,14839,CENACE,NG,248.0,1.0,0.0
24,15254,CENACE,NG,793.0,1.0,0.0
24,15341,CENACE,NG,1.0,1.0,0.0
24,15991,CENACE,NG,165.0,1.0,0.0
24,15992,CENACE,NG,165.0,1.0,0.0
24,15993,CENACE,NG,405.0,1.0,0.0
24,548,CISO,BIO,2.999999999996362,1.0,0.0
24,549,CISO,BIO,0.95,1.0,0.0
24,550,CISO,BIO,5.0,1.0,0.0
24,551,CISO,BIO,3.0,1.0,0.0
24,555,CISO,BIO,2.9,1.0,0.0
24,570,CISO,BIO,1.88,1.0,0.0
24,572,CISO,BIO,1.88,1.0,0.0
24,629,CISO,BIO,47.0,1.0,0.0
24,633,CISO,BIO,34.0,1.0,0.0
24,795,CISO,BIO,24.5,1.0,0.0
24,836,CISO,BIO,1.3,1.0,0.0
24,1008,CISO,BIO,1.88,1.0,0.0
24,1154,CISO,BIO,25.0,1.0,0.0
24,1156,CISO,BIO,10.5,1.0,0.0
24,1168,CISO,BIO,10.8,1.0,0.0
24,1178,CISO,BIO,28.5,1.0,0.0
24,1187,CISO,BIO,24.48,1.0,0.0
24,1188,CISO,BIO,22.0,1.0,0.0
24,1297,CISO,BIO,30.5,1.0,0.0
24,1300,CISO,BIO,12.0,1.0,0.0
24,1331,CISO,BIO,57.43,1.0,0.0
24,1392,CISO,BIO,24.2,1.0,0.0
24,1398,CISO,BIO,2.57,1.0,0.0
24,1399,CISO,BIO,2.57,1.0,0.0
24,1400,CISO,BIO,2.57,1.0,0.0
24,1401,CISO,BIO,2.57,1.0,0.0
24,1402,CISO,BIO,2.57,1.0,0.0
24,1403,CISO,BIO,2.57,1.0,0.0
24,1404,CISO,BIO,2.57,1.0,0.0
24,1413,CISO,BIO,10.0,1.0,0.0
24,1589,CISO,BIO,8.6,1.0,0.0
24,1590,CISO,BIO,5.7,1.0,0.0
24,1591,CISO,BIO,12.5,1.0,0.0
24,1592,CISO,BIO,12.5,1.0,0.0
24,1593,CISO,BIO,12.5,1.0,0.0
24,1594,CISO,BIO,12.5,1.0,0.0
24,1634,CISO,BIO,13.8,1.0,0.0
24,1635,CISO,BIO,12.5,1.0,0.0
24,1636,CISO,BIO,12.5,1.0,0.0
24,1637,CISO,BIO,12.5,1.0,0.0
24,1638,CISO,BIO,19.9,1.0,0.0
24,1715,CISO,BIO,29.0,1.0,0.0
24,1768,CISO,BIO,22.0,1.0,0.0
24,1774,CISO,BIO,13.1,1.0,0.0
24,1775,CISO,BIO,5.14,1.0,0.0
24,1776,CISO,BIO,20.001,1.0,0.0
24,1793,CISO,BIO,29.07,1.0,0.0
24,1794,CISO,BIO,25.5,1.0,0.0
24,1838,CISO,BIO,17.2,1.0,0.0
24,1839,CISO,BIO,24.4,1.0,0.0
24,4294,CISO,BIO,2.29,1.0,0.0
24,5728,CISO,BIO,1.25,1.0,0.0
24,5729,CISO,BIO,1.25,1.0,0.0
24,5809,CISO,BIO,3.0,1.0,0.0
24,5865,CISO,BIO,0.75,1.0,0.0
24,5866,CISO,BIO,0.75,1.0,0.0
24,5872,CISO,BIO,14.4,1.0,0.0
24,5899,CISO,BIO,4.0,1.0,0.0
24,5900,CISO,BIO,3.7,1.0,0.0
24,5901,CISO,BIO,0.3,1.0,0.0
24,5999,CISO,BIO,37.828,1.0,0.0
24,6045,CISO,BIO,9.8,1.0,0.0
24,6069,CISO,BIO,4.6,1.0,0.0
24,6070,CISO,BIO,4.6,1.0,0.0
24,6071,CISO,BIO,4.6,1.0,0.0
24,6116,CISO,BIO,1.1,1.0,0.0
24,6117,CISO,BIO,1.1,1.0,0.0
24,6349,CISO,BIO,1.5,1.0,0.0
24,6352,CISO,BIO,1.2,1.0,0.0
24,6492,CISO,BIO,24.5,1.0,0.0
24,6601,CISO,BIO,1.5,1.0,0.0
24,6602,CISO,BIO,1.5,1.0,0.0
24,6603,CISO,BIO,1.5,1.0,0.0
24,6651,CISO,BIO,1.35,1.0,0.0
24,6652,CISO,BIO,1.35,1.0,0.0
24,6653,CISO,BIO,1.35,1.0,0.0
24,6710,CISO,BIO,20.0,1.0,0.0
24,6756,CISO,BIO,0.7,1.0,0.0
24,7146,CISO,BIO,0.2,1.0,0.0
24,7147,CISO,BIO,0.2,1.0,0.0
24,7373,CISO,BIO,4.4,1.0,0.0
24,7374,CISO,BIO,3.0,1.0,0.0
24,7388,CISO,BIO,27.15,1.0,0.0
24,7556,CISO,BIO,0.8,1.0,0.0
24,7557,CISO,BIO,0.8,1.0,0.0
24,7558,CISO,BIO,0.8,1.0,0.0
24,7559,CISO,BIO,0.8,1.0,0.0
24,7560,CISO,BIO,0.8,1.0,0.0
24,7561,CISO,BIO,0.8,1.0,0.0
24,7780,CISO,BIO,2.9,1.0,0.0
24,7816,CISO,BIO,1.3,1.0,0.0
24,7840,CISO,BIO,1.25,1.0,0.0
24,7841,CISO,BIO,1.25,1.0,0.0
24,7860,CISO,BIO,3.0,1.0,0.0
24,7861,CISO,BIO,3.0,1.0,0.0
24,7862,CISO,BIO,1.6,1.0,0.0
24,7868,CISO,BIO,6.5,1.0,0.0
24,7869,CISO,BIO,4.9,1.0,0.0
24,8080,CISO,BIO,23.8,1.0,0.0
24,8084,CISO,BIO,1.88,1.0,0.0
24,8085,CISO,BIO,1.88,1.0,0.0
24,8162,CISO,BIO,1.6,1.0,0.0
24,8163,CISO,BIO,2.7,1.0,0.0
24,8311,CISO,BIO,0.46,1.0,0.0
24,8312,CISO,BIO,2.29,1.0,0.0
24,8313,CISO,BIO,2.2,1.0,0.0
24,8371,CISO,BIO,3.0,1.0,0.0
24,8403,CISO,BIO,2.8,1.0,0.0
24,8404,CISO,BIO,3.3,1.0,0.0
24,8405,CISO,BIO,3.3,1.0,0.0
24,8406,CISO,BIO,3.3,1.0,0.0
24,8434,CISO,BIO,1.2,1.0,0.0
24,8682,CISO,BIO,3.0,1.0,0.0
24,8685,CISO,BIO,11.16,1.0,0.0
24,8811,CISO,BIO,1.3,1.0,0.0
24,8812,CISO,BIO,1.3,1.0,0.0
24,9227,CISO,BIO,3.0,1.0,0.0
24,9228,CISO,BIO,1.2,1.0,0.0
24,9229,CISO,BIO,1.2,1.0,0.0
24,9242,CISO,BIO,3.05,1.0,0.0
24,9322,CISO,BIO,2.8,1.0,0.0
24,9337,CISO,BIO,1.8,1.0,0.0
24,9338,CISO,BIO,1.8,1.0,0.0
24,9399,CISO,BIO,1.2,1.0,0.0
24,9723,CISO,BIO,0.5,1.0,0.0
24,10025,CISO,BIO,1.6,1.0,0.0
24,10026,CISO,BIO,1.0,1.0,0.0
24,10027,CISO,BIO,1.0,1.0,0.0
24,10028,CISO,BIO,1.4,1.0,0.0
24,10227,CISO,BIO,35.2,1.0,0.0
24,11103,CISO,BIO,28.24,1.0,0.0
24,11120,CISO,BIO,50.0,1.0,0.0
24,11138,CISO,BIO,5.0,1.0,0.0
24,12396,CISO,BIO,1.0,1.0,0.0
24,12397,CISO,BIO,0.4,1.0,0.0
24,12837,CISO,BIO,1.5,1.0,0.0
24,13104,CISO,BIO,50.0,1.0,0.0
24,13107,CISO,BIO,30.0,1.0,0.0
24,14499,CISO,BIO,26.5,1.0,0.0
24,14833,CISO,BIO,18.13,1.0,0.0
24,14884,CISO,BIO,1.2,1.0,0.0
24,14885,CISO,BIO,12.0,1.0,0.0
24,14886,CISO,BIO,17.0,1.0,0.0
24,14887,CISO,BIO,17.0,1.0,0.0
24,14888,CISO,BIO,13.0,1.0,0.0
24,14896,CISO,BIO,5.0,1.0,0.0
24,14898,CISO,BIO,12.0,1.0,0.0
24,15377,CISO,BIO,12.0,1.0,0.0
24,15432,CISO,BIO,32.0,1.0,0.0
24,15783,CISO,BIO,4.7,1.0,0.0
24,15794,CISO,BIO,28.5,1.0,0.0
24,15795,CISO,BIO,13.4,1.0,0.0
24,15797,CISO,BIO,24.0,1.0,0.0
24,15798,CISO,BIO,24.0,1.0,0.0
24,15861,CISO,BIO,13.4,1.0,0.0
24,442,CISO,GEO,35.7,1.0,0.0
24,443,CISO,GEO,35.7,1.0,0.0
24,444,CISO,GEO,35.7,1.0,0.0
24,445,CISO,GEO,35.7,1.0,0.0
24,656,CISO,GEO,26.66667,1.0,0.0
24,657,CISO,GEO,26.66667,1.0,0.0
24,658,CISO,GEO,26.66667,1.0,0.0
24,663,CISO,GEO,16.0,1.0,0.0
24,664,CISO,GEO,16.0,1.0,0.0
24,665,CISO,GEO,16.0,1.0,0.0
24,1005,CISO,GEO,30.0,1.0,0.0
24,1006,CISO,GEO,30.0,1.0,0.0
24,1007,CISO,GEO,30.0,1.0,0.0
24,1265,CISO,GEO,1.5,1.0,0.0
24,1266,CISO,GEO,1.5,1.0,0.0
24,1597,CISO,GEO,11.0,1.0,0.0
24,1598,CISO,GEO,11.0,1.0,0.0
24,1602,CISO,GEO,47.0,1.0,0.0
24,1603,CISO,GEO,50.0,1.0,0.0
24,1604,CISO,GEO,72.0,1.0,0.0
24,1605,CISO,GEO,75.5,1.0,0.0
24,1606,CISO,GEO,27.5,1.0,0.0
24,1607,CISO,GEO,63.0,1.0,0.0
24,1608,CISO,GEO,70.0,1.0,0.0
24,1609,CISO,GEO,73.0,1.0,0.0
24,1610,CISO,GEO,57.0,1.0,0.0
24,1611,CISO,GEO,86.8,1.0,0.0
24,1612,CISO,GEO,47.9,1.0,0.0
24,1613,CISO,GEO,47.9,1.0,0.0
24,1614,CISO,GEO,49.215,1.0,0.0
24,1615,CISO,GEO,49.215,1.0,0.0
24,1616,CISO,GEO,12.5,1.0,0.0
24,1617,CISO,GEO,12.5,1.0,0.0
24,1618,CISO,GEO,6.5,1.0,0.0
24,1619,CISO,GEO,6.5,1.0,0.0
24,1620,CISO,GEO,36.0,1.0,0.0
24,1621,CISO,GEO,36.0,1.0,0.0
24,7684,CISO,GEO,20.0,1.0,0.0
24,7942,CISO,GEO,11.0,1.0,0.0
24,7943,CISO,GEO,11.0,1.0,0.0
24,8300,CISO,GEO,5.0,1.0,0.0
24,8301,CISO,GEO,5.0,1.0,0.0
24,8302,CISO,GEO,5.0,1.0,0.0
24,11122,CISO,GEO,78.0,1.0,0.0
24,13026,CISO,GEO,14.0,1.0,0.0
24,13102,CISO,GEO,51.9,1.0,0.0
24,13103,CISO,GEO,51.9,1.0,0.0
24,13105,CISO,GEO,59.0,1.0,0.0
24,14055,CISO,GEO,38.85,1.0,0.0
24,14056,CISO,GEO,50.0,1.0,0.0
24,14057,CISO,GEO,42.42,1.0,0.0
24,14058,CISO,GEO,52.73,1.0,0.0
24,14848,CISO,GEO,30.0,1.0,0.0
24,14923,CISO,GEO,38.0,1.0,0.0
24,15381,CISO,GEO,20.0,1.0,0.0
24,1248,CISO,NUCLEAR,1150.0,1.0,0.0
24,1249,CISO,NUCLEAR,1150.0,1.0,0.0
24,13507,IID,BIO,27.0,1.0,0.0
24,13560,IID,BIO,55.5,1.0,0.0
24,13561,IID,BIO,21.0,1.0,0.0
24,13509,IID,GEO,53.0,1.0,0.0
24,13510,IID,GEO,8.75,1.0,0.0
24,13511,IID,GEO,4.37,1.0,0.0
24,13516,IID,GEO,34.39,1.0,0.0
24,13517,IID,GEO,34.39,1.0,0.0
24,13519,IID,GEO,34.39,1.0,0.0
24,13520,IID,GEO,29.0,1.0,0.0
24,13521,IID,GEO,9.19,1.0,0.0
24,13522,IID,GEO,10.5,1.0,0.0
24,13523,IID,GEO,49.0,1.0,0.0
24,13524,IID,GEO,50.0,1.0,0.0
24,13543,IID,GEO,33.0,1.0,0.0
24,13544,IID,GEO,16.0,1.0,0.0
24,13554,IID,GEO,49.89,1.0,0.0
24,13555,IID,GEO,4.79,1.0,0.0
24,13556,IID,GEO,4.5,1.0,0.0
24,13557,IID,GEO,11.1,1.0,0.0
24,13558,IID,GEO,11.0,1.0,0.0
24,13559,IID,GEO,50.0,1.0,0.0
24,13562,IID,GEO,21.6,1.0,0.0
24,13563,IID,GEO,8.0,1.0,0.0
24,13564,IID,GEO,22.0,1.0,0.0
24,13570,IID,GEO,24.0,1.0,0.0
24,13571,IID,GEO,15.0,1.0,0.0
24,13572,IID,GEO,18.5,1.0,0.0
24,13573,IID,GEO,7.0,1.0,0.0
24,13574,IID,GEO,8.45,1.0,0.0
24,13578,IID,GEO,16.0,1.0,0.0
24,13579,IID,GEO,16.0,1.0,0.0
24,13580,IID,GEO,16.0,1.0,0.0
24,13581,IID,GEO,16.0,1.0,0.0
24,13582,IID,GEO,16.0,1.0,0.0
24,13583,IID,GEO,16.0,1.0,0.0
24,13584,IID,GEO,16.0,1.0,0.0
24,15941,IID,NG,68.3399999999998,1.0,0.0
24,3434,IPCO,BIO,2.25,1.0,0.0
24,6118,IPCO,BIO,0.7999999999995453,1.0,0.0
24,6119,IPCO,BIO,0.8,1.0,0.0
24,6120,IPCO,BIO,0.8,1.0,0.0
24,7116,IPCO,BIO,1.6,1.0,0.0
24,7117,IPCO,BIO,1.6,1.0,0.0
24,8549,IPCO,BIO,2.0,1.0,0.0
24,8550,IPCO,BIO,2.0,1.0,0.0
24,10116,IPCO,BIO,7.5,1.0,0.0
24,3400,IPCO,GEO,18.0,1.0,0.0
24,7941,IPCO,GEO,11.0,1.0,0.0
24,7509,IPCO,NG,330.0,1.0,0.0
24,8599,IPCO,NG,4.16,1.0,0.0
24,13714,NEVP,GEO,19.99999999999909,1.0,0.0
24,13715,NEVP,GEO,60.0,1.0,0.0
24,13716,NEVP,GEO,10.1,1.0,0.0
24,13717,NEVP,GEO,19.2,1.0,0.0
24,13718,NEVP,GEO,11.8,1.0,0.0
24,13719,NEVP,GEO,11.8,1.0,0.0
24,13720,NEVP,GEO,11.8,1.0,0.0
24,13721,NEVP,GEO,11.8,1.0,0.0
24,13724,NEVP,GEO,8.0,1.0,0.0
24,13725,NEVP,GEO,8.0,1.0,0.0
24,13726,NEVP,GEO,8.0,1.0,0.0
24,13727,NEVP,GEO,18.9,1.0,0.0
24,13728,NEVP,GEO,11.3,1.0,0.0
24,13729,NEVP,GEO,11.3,1.0,0.0
24,13730,NEVP,GEO,11.3,1.0,0.0
24,13731,NEVP,GEO,11.3,1.0,0.0
24,13732,NEVP,GEO,11.25,1.0,0.0
24,13733,NEVP,GEO,11.25,1.0,0.0
24,13734,NEVP,GEO,25.0,1.0,0.0
24,13752,NEVP,GEO,15.0,1.0,0.0
24,13753,NEVP,GEO,15.0,1.0,0.0
24,13754,NEVP,GEO,15.0,1.0,0.0
24,13755,NEVP,GEO,15.0,1.0,0.0
24,13756,NEVP,GEO,26.5,1.0,0.0
24,13757,NEVP,GEO,10.0,1.0,0.0
24,13758,NEVP,GEO,10.0,1.0,0.0
24,13759,NEVP,GEO,10.0,1.0,0.0
24,13760,NEVP,GEO,16.5,1.0,0.0
24,13762,NEVP,GEO,25.0,1.0,0.0
24,13763,NEVP,GEO,16.0,1.0,0.0
24,13764,NEVP,GEO,16.0,1.0,0.0
24,13765,NEVP,GEO,21.3,1.0,0.0
24,13766,NEVP,GEO,21.3,1.0,0.0
24,13767,NEVP,GEO,21.3,1.0,0.0
24,13769,NEVP,GEO,20.0,1.0,0.0
24,13770,NEVP,GEO,20.0,1.0,0.0
24,13771,NEVP,GEO,12.0,1.0,0.0
24,13772,NEVP,GEO,11.8,1.0,0.0
24,13774,NEVP,GEO,20.0,1.0,0.0
24,13775,NEVP,GEO,20.0,1.0,0.0
24,13776,NEVP,GEO,12.0,1.0,0.0
24,13427,NEVP,NG,105.0,1.0,0.0
24,13428,NEVP,NG,250.0,1.0,0.0
24,13429,NEVP,NG,250.0,1.0,0.0
24,13430,NEVP,NG,142.5,1.0,0.0
24,13433,NEVP,NG,96.26,1.0,0.0
24,13434,NEVP,NG,111.26,1.0,0.0
24,13440,NEVP,NG,566.0,1.0,0.0
24,13441,NEVP,NG,735.0,1.0,0.0
24,13442,NEVP,NG,641.4,1.0,0.0
24,13443,NEVP,NG,521.7,1.0,0.0
24,13444,NEVP,NG,585.0,1.0,0.0
24,13445,NEVP,NG,585.0,1.0,0.0
24,13449,NEVP,NG,112.4,1.0,0.0
24,13450,NEVP,NG,112.4,1.0,0.0
24,13773,NEVP,NG,530.0,1.0,0.0
24,15914,NEVP,NG,403.0,1.0,0.0
24,15916,NEVP,NG,659.6,1.0,0.0
24,15966,NEVP,NG,258.56,1.0,0.0
24,15972,NEVP,NG,356.0,1.0,0.0
24,15994,NEVP,NG,60.5,1.0,0.0
24,15995,NEVP,NG,60.5,1.0,0.0
24,15996,NEVP,NG,181.5,1.0,0.0
24,16028,NEVP,NG,367.5,1.0,0.0
24,16029,NEVP,NG,367.5,1.0,0.0
24,16054,NEVP,NG,540.6,1.0,0.0
24,16064,NEVP,NG,624.0,1.0,0.0
24,3617,PACE,GEO,26.1,1.0,0.0
24,3618,PACE,GEO,12.0,1.0,0.0
24,3612,PACE,NG,17.0,1.0,0.0
24,3613,PACE,NG,17.0,1.0,0.0
24,3614,PACE,NG,17.0,1.0,0.0
24,3639,PACE,NG,16.106,1.0,0.0
24,3640,PACE,NG,16.106,1.0,0.0
24,3641,PACE,NG,16.2,1.0,0.0
24,3718,PACE,NG,13.5,1.0,0.0
24,3719,PACE,NG,13.5,1.0,0.0
24,6466,PACE,NG,529.7,1.0,0.0
24,7491,PACE,NG,628.1,1.0,0.0
24,7494,PACE,NG,538.0,1.0,0.0
24,14694,PACE,NG,1.0,1.0,0.0
24,15930,PACE,NG,420.7,1.0,0.0
24,15987,PACE,NG,408.6,1.0,0.0
24,15990,PACE,NG,469.8,1.0,0.0
24,1889,PACW,BIO,7.499999999999545,1.0,0.0
24,7432,PACW,NG,540.0,1.0,0.0
24,9960,PACW,NG,279.56,1.0,0.0
24,15986,PACW,NG,323.0,1.0,0.0
24,2346,PGE,BIO,10.0,1.0,0.0
24,5829,PGE,NG,476.698,1.0,0.0
24,9847,PGE,NG,296.0,1.0,0.0
24,10103,PGE,NG,483.3,1.0,0.0
24,6353,PNM,BIO,0.7999999999993179,1.0,0.0
24,6354,PNM,BIO,0.8,1.0,0.0
24,6355,PNM,BIO,0.8,1.0,0.0
24,6356,PNM,BIO,0.8,1.0,0.0
24,6357,PNM,BIO,0.8,1.0,0.0
24,6358,PNM,BIO,0.8,1.0,0.0
24,6359,PNM,BIO,0.8,1.0,0.0
24,6360,PNM,BIO,0.8,1.0,0.0
24,6741,PNM,BIO,1.0,1.0,0.0
24,6752,PNM,BIO,1.6,1.0,0.0
24,6753,PNM,BIO,1.6,1.0,0.0
24,6754,PNM,BIO,1.6,1.0,0.0
24,7634,PNM,BIO,0.335,1.0,0.0
24,8320,PNM,BIO,7.5,1.0,0.0
24,8517,PNM,BIO,0.8,1.0,0.0
24,8518,PNM,BIO,0.8,1.0,0.0
24,8519,PNM,BIO,0.8,1.0,0.0
24,8520,PNM,BIO,0.8,1.0,0.0
24,8521,PNM,BIO,0.8,1.0,0.0
24,8522,PNM,BIO,0.8,1.0,0.0
24,10202,PNM,BIO,8.0,1.0,0.0
24,11101,PNM,BIO,11.5,1.0,0.0
24,11102,PNM,BIO,11.5,1.0,0.0
24,13110,PNM,BIO,10.0,1.0,0.0
24,13265,PNM,GEO,4.0,1.0,0.0
24,13240,PNM,NG,596.0,1.0,0.0
24,13243,PNM,NG,287.93,1.0,0.0
24,13503,PNM,NG,67.2,1.0,0.0
24,16004,PNM,NG,497.26,1.0,0.0
24,13785,PSCO,NG,602.0,1.0,0.0
24,13807,PSCO,NG,520.2648036612536,1.0,0.0
24,13869,PSCO,NG,622.0,1.0,0.0
24,15920,PSCO,NG,370.6,1.0,0.0
24,15945,PSCO,NG,517.69,1.0,0.0
24,16046,PSCO,NG,510.0,1.0,0.0
24,6692,PSEI,NG,193.79999999999956,1.0,0.0
24,7855,PSEI,NG,319.9,1.0,0.0
24,13338,SRP,NG,591.1,1.0,0.0
24,13370,SRP,NG,277.0,1.0,0.0
24,13375,SRP,NG,589.5,1.0,0.0
24,15937,SRP,NG,459.0,1.0,0.0
24,16050,SRP,NG,456.0,1.0,0.0
24,14108,TIDC,NG,286.0,1.0,0.0
24,16068,TIDC,NG,117.85,1.0,0.0
24,10145,TPWR,BIO,26.0,1.0,0.0
24,13976,WACM,NG,491.0,1.0,0.0
24,15948,WACM,NG,400.4,1.0,0.0
24,15949,WACM,NG,153.9,1.0,0.0
24,13494,WALC,NG,590.8,1.0,0.0
24,13495,WALC,NG,550.0,1.0,0.0
24,15962,WALC,NG,478.4,1.0,0.0
24,16056,WALC,NG,336.0,1.0,0.0
24,16057,WALC,NG,336.0,1.0,0.0
24,711,CISO,NG,18.0,1.0,0.0
24,1115,CISO,NG,267.0,1.0,0.0
24,1116,CISO,NG,266.0,1.0,0.0
24,1117,CISO,NG,266.0,1.0,0.0
24,1118,CISO,NG,267.0,1.0,0.0
24,1389,CISO,NG,49.0,1.0,0.0
24,1405,CISO,NG,3.105,1.0,0.0
24,1445,CISO,NG,56.2,1.0,0.0
24,1447,CISO,NG,21.384,1.0,0.0
24,1448,CISO,NG,21.384,1.0,0.0
24,1449,CISO,NG,21.384,1.0,0.0
24,9130,CISO,NG,18.0,1.0,0.0
24,9720,CISO,NG,97.32,1.0,0.0
24,9731,CISO,NG,106.85,1.0,0.0
24,9895,CISO,NG,83.24667,1.0,0.0
24,9896,CISO,NG,41.62333,1.0,0.0
24,10080,CISO,NG,31.492,1.0,0.0
24,10214,CISO,NG,625.0,1.0,0.0
24,15255,CISO,NG,322.0,1.0,0.0
24,15898,CISO,NG,1.0,1.0,0.0
24,15908,CISO,NG,493.63,1.0,0.0
24,15939,CISO,NG,247.29,1.0,0.0
24,15940,CISO,NG,247.29,1.0,0.0
24,15943,CISO,NG,275.85,1.0,0.0
24,15944,CISO,NG,275.85,1.0,0.0
24,15975,CISO,NG,283.3333,1.0,0.0
24,15977,CISO,NG,336.9,1.0,0.0
24,15978,CISO,NG,336.9,1.0,0.0
24,16012,CISO,NG,298.525,1.0,1.0
24,16018,CISO,NG,277.5,1.0,0.0
24,16019,CISO,NG,277.5,1.0,0.0
24,16020,CISO,NG,277.5,1.0,0.0
24,16021,CISO,NG,277.5,1.0,0.0
24,16030,CISO,NG,305.0,1.0,0.0
24,16031,CISO,NG,305.0,1.0,0.0
24,16032,CISO,NG,294.105,1.0,0.0
24,16033,CISO,NG,294.105,1.0,0.0
24,16034,CISO,NG,266.49,1.0,0.0
24,16035,CISO,NG,266.49,1.0,0.0
24,16058,CISO,NG,293.01,1.0,0.0
24,16059,CISO,NG,293.01,1.0,0.0
24,16062,CISO,NG,100.0,1.0,0.0
24,13304,SRP,NUCLEAR,1372.2,1.0,0.0
24,13305,SRP,NUCLEAR,1375.05,1.0,0.0
24,13306,SRP,NUCLEAR,1373.15,1.0,0.0
24,15322,AZPS,NG,117.83943204146362,1.0,0.0
24,15323,AZPS,NG,174.0,1.0,0.0
24,15324,AZPS,NG,174.0,1.0,0.0
24,15325,AZPS,NG,174.0,1.0,0.0
24,15326,AZPS,NG,174.0,1.0,0.0
24,15327,AZPS,NG,174.0,1.0,0.0
24,14088,BANC,NG,81.0,1.0,0.0
24,17031,LDWP,NG,5.0,1.0,0.0
24,13614,LDWP,NG,110.0,1.0,0.0
24,17212,LDWP,NG,398.0,1.0,0.0
24,17210,LDWP,NG,398.0,1.0,0.0
24,13284,TEPC,NG,549.9999999999995,1.0,0.0
24,13403,TEPC,NG,540.0,1.0,0.0
24,13404,TEPC,NG,540.0,1.0,0.0
24,13295,AZPS,COAL,818.1,1.0,0.0
24,3504,IPCO,COAL,307.0,1.0,0.0
24,3505,IPCO,COAL,307.0,1.0,0.0
24,3694,IPCO,COAL,50.0,1.0,0.0
24,3695,IPCO,COAL,25.0,1.0,0.0
24,3696,IPCO,COAL,25.0,1.0,0.0
24,3582,NEVP,COAL,268.0,1.0,0.0
24,3583,NEVP,COAL,254.0,1.0,0.0
24,3507,NWMT,COAL,740.0001,1.0,0.0
24,3506,NWMT,COAL,740.0,1.0,0.0
24,3497,NWMT,COAL,135.0,1.0,0.0
24,3510,NWMT,COAL,64.0,1.0,0.0
24,3391,PACE,COAL,584.0,1.0,0.0
24,3463,PACE,COAL,531.0,1.0,0.0
24,3462,PACE,COAL,527.0,1.0,0.0
24,3656,PACE,COAL,517.5,1.0,0.0
24,3619,PACE,COAL,499.5,1.0,0.0
24,3655,PACE,COAL,498.0,1.0,0.0
24,3638,PACE,COAL,495.6,1.0,0.0
24,3637,PACE,COAL,488.3,1.0,0.0
24,3636,PACE,COAL,488.3,1.0,0.0
24,3698,PACE,COAL,362.1,1.0,0.0
24,3635,PACE,COAL,360.0,1.0,0.0
24,3634,PACE,COAL,229.5,1.0,0.0
24,11093,PACE,COAL,217.6,1.0,0.0
24,13294,PNM,COAL,271.0,1.0,0.0
24,13796,PSCO,COAL,552.28,1.0,0.0
24,13888,PSCO,COAL,467.261,1.0,0.0
24,14002,PSCO,COAL,428.0,1.0,0.0
24,14129,PSCO,COAL,380.8,1.0,0.0
24,13787,PSCO,COAL,335.0,1.0,0.0
24,13786,PSCO,COAL,325.0,1.0,0.0
24,13960,PSCO,COAL,49.65,1.0,0.0
24,13386,SRP,COAL,750.0,1.0,0.0
24,13387,SRP,COAL,750.0,1.0,0.0
24,13388,SRP,COAL,750.0,1.0,0.0
24,13385,SRP,COAL,382.0,1.0,0.0
24,13384,SRP,COAL,380.0,1.0,0.0
24,13389,TEPC,COAL,424.8,1.0,0.0
24,4029,WACM,COAL,621.0,1.0,0.0
24,4030,WACM,COAL,621.0,1.0,0.0
24,14004,WACM,COAL,448.0,1.0,0.0
24,14003,WACM,COAL,428.0,1.0,0.0
24,14001,WACM,COAL,405.0,1.0,0.0
24,14009,WACM,COAL,275.4,1.0,0.0
24,13958,WACM,COAL,207.0,1.0,0.0
24,14008,WACM,COAL,190.0,1.0,0.0
24,13962,WACM,COAL,141.031,1.0,0.0
24,13983,WACM,COAL,116.2,1.0,0.0
24,13982,WACM,COAL,95.0,1.0,0.0
24,13981,WACM,COAL,88.0,1.0,0.0
24,13961,WACM,COAL,83.19,1.0,0.0
24,13943,WACM,COAL,80.0,1.0,0.0
24,13422,WALC,COAL,204.0,1.0,0.0
