wkt,flow capacity,pf,qf,pt,qt,kilovolt,line_name,source,target,actual flow
"LINESTRING (-102.2623 31.9067, -102.3124 32.0011)",221.0,63.469126,8.859964,-63.266531,-8.119753,115.0,ODESSA 2 -- ODESSA 3,ODESSA 2,ODESSA 3,63.469126
"LINESTRING (-102.2623 31.9067, -102.3124 32.0011)",221.0,63.469126,8.859964,-63.266531,-8.119753,115.0,ODESSA 2 -- ODESSA 3,ODESSA 2,ODESSA 3,63.469126
"LINESTRING (-102.2623 31.9067, -102.3264 31.8403)",221.0,-73.859126,-11.804964,74.087639,12.706328,115.0,ODESSA 2 -- ODESSA 1,ODESSA 1,ODESSA 2,73.859126
"LINESTRING (-102.2623 31.9067, -102.3264 31.8403)",221.0,-73.859126,-11.804964,74.087639,12.706328,115.0,ODESSA 2 -- ODESSA 1,ODESSA 1,ODESSA 2,73.859126
"LINESTRING (-104.5191 29.888, -104.6245 31.0935)",98.0,2.314318,-5.732504,-2.307771,-1.576834,115.0,PRESIDIO 2 -- VAN HORN,PRESIDIO 2,VAN HORN,2.314318
"LINESTRING (-104.5191 29.888, -104.3 29.6)",98.0,-17.724318,1.362504,17.878492,-3.044692,115.0,PRESIDIO 2 -- PRESIDIO 1,PRESIDIO 1,PRESIDIO 2,17.724318
"LINESTRING (-101.6478 32.9264, -101.6478 32.9264)",250.0,24.238899,-1.220684,-24.215647,1.819126,230.0,O DONNELL 1 -- O DONNELL 1,O DONNELL 1,O DONNELL 1,24.238899
"LINESTRING (-101.6478 32.9264, -101.5786 32.929)",221.0,-81.744407,4.891442,82.029803,-4.09726,115.0,O DONNELL 1 -- O DONNELL 2,O DONNELL 2,O DONNELL 1,81.744407
"LINESTRING (-101.6478 32.9264, -101.7644 32.927)",98.0,57.505509,-3.670758,-57.047332,4.190728,115.0,O DONNELL 1 -- ODONNELL,O DONNELL 1,ODONNELL,57.505509
"LINESTRING (-101.6478 32.9264, -100.9547 32.7471)",523.0,182.465649,-32.185367,-181.209381,34.868262,230.0,O DONNELL 1 -- SNYDER 2,O DONNELL 1,SNYDER 2,182.465649
"LINESTRING (-101.3883 32.2075, -101.3883 32.2075)",42.0,-25.692965,5.844734,25.730001,-4.939943,115.0,BIG SPRING 5 -- BIG SPRING 5,BIG SPRING 5,BIG SPRING 5,25.692965
"LINESTRING (-101.3883 32.2075, -101.22 32.039)",149.0,-47.698606,5.995375,48.077229,-5.671427,115.0,BIG SPRING 5 -- BIG SPRINGS,BIG SPRINGS,BIG SPRING 5,47.698606
"LINESTRING (-101.3883 32.2075, -101.4224 32.2732)",221.0,75.191582,-28.765664,-74.848298,29.711819,115.0,BIG SPRING 5 -- BIG SPRING 6,BIG SPRING 5,BIG SPRING 6,75.191582
"LINESTRING (-101.3883 32.2075, -101.3654 32.1029)",102.9,-1.80001,16.925554,1.845536,-17.428982,115.0,BIG SPRING 5 -- BIG SPRING 7,BIG SPRING 7,BIG SPRING 5,1.80001
"LINESTRING (-104.6245 31.0935, -104.0058 30.2853)",98.0,-2.382486,-3.114818,2.385523,-2.800871,115.0,VAN HORN -- MARFA,MARFA,VAN HORN,2.382486
"LINESTRING (-104.6245 31.0935, -103.7591 31.005)",98.0,-2.319743,2.79508,2.333088,-7.480086,115.0,VAN HORN -- FORT DAVIS,FORT DAVIS,VAN HORN,2.319743
"LINESTRING (-102.2014 30.9315, -102.2014 30.9315)",120.0,-61.706072,15.292228,61.870001,-11.87999,115.0,IRAAN 2 -- IRAAN 2,IRAAN 2,IRAAN 2,61.706072
"LINESTRING (-102.2014 30.9315, -102.2417 31.2092)",102.9,61.114431,-16.419502,-59.517999,18.716562,115.0,IRAAN 2 -- MCCAMEY 1,IRAAN 2,MCCAMEY 1,61.114431
"LINESTRING (-102.2014 30.9315, -102.0867 30.9178)",149.0,0.591641,1.127273,-0.591462,-1.746507,115.0,IRAAN 2 -- IRAAN 1,IRAAN 2,IRAAN 1,0.591641
"LINESTRING (-104.3 29.6, -104.3 29.6)",46.0,-9.993818,0.278354,10.000001,0.0,115.0,PRESIDIO 1 -- PRESIDIO 1,PRESIDIO 1,PRESIDIO 1,9.993818
"LINESTRING (-104.3 29.6, -104.0058 30.2853)",98.0,9.938231,-4.894473,-9.895523,0.670871,115.0,PRESIDIO 1 -- MARFA,PRESIDIO 1,MARFA,9.938231
"LINESTRING (-104.3 29.6, -103.2224 29.8021)",98.0,-17.822904,5.108139,18.024889,-9.664088,115.0,PRESIDIO 1 -- ALPINE,ALPINE,PRESIDIO 1,17.822904
"LINESTRING (-101.9705 30.0281, -101.7845 30.597)",149.0,-70.760606,23.245364,73.137187,-17.435641,115.0,SANDERSON -- SHEFFIELD,SHEFFIELD,SANDERSON,70.760606
"LINESTRING (-101.9705 30.0281, -101.2124 29.8372)",149.0,67.770606,-12.959463,-65.477261,18.527202,115.0,SANDERSON -- DEL RIO,SANDERSON,DEL RIO,67.770606
"LINESTRING (-103.161 31.4846, -103.7591 31.005)",98.0,11.655194,-8.575155,-11.583088,4.860086,115.0,MONAHANS 2 -- FORT DAVIS,MONAHANS 2,FORT DAVIS,11.655194
"LINESTRING (-103.161 31.4846, -102.9633 31.5839)",221.0,-56.369029,12.534008,56.653483,-11.996153,115.0,MONAHANS 2 -- MONAHANS 1,MONAHANS 1,MONAHANS 2,56.369029
"LINESTRING (-103.161 31.4846, -103.5999 31.8035)",98.0,15.483835,-12.238853,-15.231059,10.011395,115.0,MONAHANS 2 -- PECOS,MONAHANS 2,PECOS,15.483835
"LINESTRING (-103.0851 31.1695, -102.9633 31.5839)",149.0,26.247845,-2.918489,-26.028596,1.022317,115.0,GRANDFALLS -- MONAHANS 1,GRANDFALLS,MONAHANS 1,26.247845
"LINESTRING (-103.0851 31.1695, -102.7908 30.7475)",149.0,-28.467845,2.288489,28.769017,-3.977791,115.0,GRANDFALLS -- FORT STOCKTON 3,FORT STOCKTON 3,GRANDFALLS,28.467845
"LINESTRING (-101.5018 31.7631, -101.3026 31.9914)",98.0,-16.483322,12.896376,16.556837,-14.143262,115.0,GARDEN CITY -- BIG SPRING 4,BIG SPRING 4,GARDEN CITY,16.483322
"LINESTRING (-101.5018 31.7631, -101.918 31.5176)",98.0,13.593322,20.653867,-13.431267,-22.364893,115.0,GARDEN CITY -- MIDLAND 1,GARDEN CITY,MIDLAND 1,13.593322
"LINESTRING (-102.4136 31.7252, -102.6329 31.7992)",98.0,-24.655227,10.018854,24.870877,-10.604175,115.0,ODESSA 4 -- NOTREES,NOTREES,ODESSA 4,24.655227
"LINESTRING (-102.4136 31.7252, -102.0815 31.9924)",149.0,26.048466,-41.872045,-25.34493,42.510153,115.0,ODESSA 4 -- MIDLAND 3,ODESSA 4,MIDLAND 3,26.048466
"LINESTRING (-102.4136 31.7252, -102.4741 31.7992)",221.0,64.932318,13.820748,-64.624071,-12.970959,115.0,ODESSA 4 -- ODESSA 5,ODESSA 4,ODESSA 5,64.932318
"LINESTRING (-102.4136 31.7252, -102.9633 31.5839)",150.0,-84.665557,12.832443,87.128349,-4.78642,115.0,ODESSA 4 -- MONAHANS 1,MONAHANS 1,ODESSA 4,84.665557
"LINESTRING (-102.6329 31.7992, -102.6309 31.9693)",98.0,-24.940877,10.584175,25.016519,-11.08627,115.0,NOTREES -- ODESSA 6,ODESSA 6,NOTREES,24.940877
"LINESTRING (-102.1324 31.9794, -102.6973 32.3357)",149.0,-13.499269,10.093952,13.646813,-13.284904,115.0,MIDLAND 4 -- ANDREWS,ANDREWS,MIDLAND 4,13.499269
"LINESTRING (-102.1324 31.9794, -102.2017 32.0536)",221.0,98.525699,12.439218,-97.163665,-9.638002,115.0,MIDLAND 4 -- MIDLAND 5,MIDLAND 4,MIDLAND 5,98.525699
"LINESTRING (-102.1324 31.9794, -102.3264 31.8403)",225.0,-30.290731,50.900404,30.431925,-50.590451,115.0,MIDLAND 4 -- ODESSA 1,ODESSA 1,MIDLAND 4,30.290731
"LINESTRING (-102.1324 31.9794, -102.3264 31.8403)",225.0,-30.290731,50.900404,30.431925,-50.590451,115.0,MIDLAND 4 -- ODESSA 1,ODESSA 1,MIDLAND 4,30.290731
"LINESTRING (-102.1324 31.9794, -101.2983 31.9361)",220.0,-86.224967,15.842292,88.328178,-7.401142,115.0,MIDLAND 4 -- BIG SPRING 2,BIG SPRING 2,MIDLAND 4,86.224967
"LINESTRING (-101.1167 31.9925, -101.1167 31.9925)",250.0,-148.934567,45.343762,149.630001,-28.729906,115.0,BIG SPRING 1 -- BIG SPRING 1,BIG SPRING 1,BIG SPRING 1,148.934567
"LINESTRING (-101.1167 31.9925, -101.22 32.039)",149.0,-44.576315,15.239197,44.738295,-15.230947,115.0,BIG SPRING 1 -- BIG SPRINGS,BIG SPRINGS,BIG SPRING 1,44.576315
"LINESTRING (-101.1167 31.9925, -101.2983 31.9361)",221.0,46.648802,9.494029,-46.437932,-9.199402,115.0,BIG SPRING 1 -- BIG SPRING 2,BIG SPRING 1,BIG SPRING 2,46.648802
"LINESTRING (-101.1167 31.9925, -100.9281 31.9261)",300.0,44.448121,0.715132,-44.120303,-0.353028,115.0,BIG SPRING 1 -- STERLING CITY 1,BIG SPRING 1,STERLING CITY 1,44.448121
"LINESTRING (-101.1167 31.9925, -101.0556 31.8027)",221.0,102.413959,16.655086,-101.471163,-11.357547,115.0,BIG SPRING 1 -- SAN ANGELO 3,BIG SPRING 1,SAN ANGELO 3,102.413959
"LINESTRING (-101.5786 32.929, -101.5786 32.929)",250.0,-134.159714,1.409789,135.000001,17.018407,115.0,O DONNELL 2 -- O DONNELL 2,O DONNELL 2,O DONNELL 2,134.159714
"LINESTRING (-101.5786 32.929, -101.2468 32.8795)",221.0,26.064956,1.343736,-25.979316,-2.803627,115.0,O DONNELL 2 -- COAHOMA,O DONNELL 2,COAHOMA,26.064956
"LINESTRING (-101.5786 32.929, -101.2468 32.8795)",221.0,26.064956,1.343736,-25.979316,-2.803627,115.0,O DONNELL 2 -- COAHOMA,O DONNELL 2,COAHOMA,26.064956
"LINESTRING (-102.6309 31.9693, -102.8283 31.995)",149.0,-88.056519,-6.77373,89.088414,10.370138,115.0,ODESSA 6 -- GOLDSMITH,GOLDSMITH,ODESSA 6,88.056519
"LINESTRING (-101.22 32.039, -101.22 32.039)",200.0,-92.815524,20.902374,93.150001,-6.531012,115.0,BIG SPRINGS -- BIG SPRINGS,BIG SPRINGS,BIG SPRINGS,92.815524
"LINESTRING (-102.0423 32.3217, -102.2017 32.0536)",221.0,-1.058229,36.063587,1.358572,-36.592986,115.0,MIDLAND 2 -- MIDLAND 5,MIDLAND 5,MIDLAND 2,1.058229
"LINESTRING (-102.0423 32.3217, -101.8367 32.2353)",250.0,-100.151771,21.046071,103.01604,-15.20429,115.0,MIDLAND 2 -- LENORAH,LENORAH,MIDLAND 2,100.151771
"LINESTRING (-101.2468 32.8795, -101.2194 32.9254)",250.0,41.948632,2.767253,-41.88194,-2.798969,115.0,COAHOMA -- FLUVANNA 1,COAHOMA,FLUVANNA 1,41.948632
"LINESTRING (-102.0815 31.9924, -101.8367 32.2353)",221.0,-57.83507,11.116392,58.442933,-9.724297,115.0,MIDLAND 3 -- LENORAH,LENORAH,MIDLAND 3,57.83507
"LINESTRING (-103.2224 29.8021, -102.5058 30.7726)",98.0,-25.36521,2.788621,25.812423,-7.415042,115.0,ALPINE -- FORT STOCKTON 1,FORT STOCKTON 1,ALPINE,25.36521
"LINESTRING (-103.2224 29.8021, -102.7908 30.7475)",98.0,-17.289679,-0.104534,17.467641,-5.243772,115.0,ALPINE -- FORT STOCKTON 3,FORT STOCKTON 3,ALPINE,17.289679
"LINESTRING (-102.2417 31.2092, -102.2417 31.2092)",170.0,120.469591,-43.750186,-120.049301,53.786654,230.0,MCCAMEY 1 -- MCCAMEY 1,MCCAMEY 1,MCCAMEY 1,120.469591
"LINESTRING (-102.2417 31.2092, -102.5963 31.1869)",98.0,3.951565,6.331585,-3.939603,-8.008211,115.0,MCCAMEY 1 -- CRANE,MCCAMEY 1,CRANE,3.951565
"LINESTRING (-102.2417 31.2092, -102.5058 30.7726)",155.0,-64.903157,18.70204,66.772112,-15.808621,115.0,MCCAMEY 1 -- FORT STOCKTON 1,FORT STOCKTON 1,MCCAMEY 1,64.903157
"LINESTRING (-102.2417 31.2092, -102.3264 31.8403)",548.0,132.038099,-6.6226,-131.588974,4.402074,230.0,MCCAMEY 1 -- ODESSA 1,MCCAMEY 1,ODESSA 1,132.038099
"LINESTRING (-102.2417 31.2092, -101.2124 29.8372)",647.0,196.511203,-28.933455,-191.882271,43.108455,230.0,MCCAMEY 1 -- DEL RIO,MCCAMEY 1,DEL RIO,196.511203
"LINESTRING (-101.3026 31.9914, -101.3026 31.9914)",130.0,-67.314524,14.834899,67.500001,-11.237162,115.0,BIG SPRING 4 -- BIG SPRING 4,BIG SPRING 4,BIG SPRING 4,67.314524
"LINESTRING (-101.3026 31.9914, -101.3654 32.1029)",98.0,50.757688,-0.691637,-50.575134,1.063577,115.0,BIG SPRING 4 -- BIG SPRING 7,BIG SPRING 4,BIG SPRING 7,50.757688
"LINESTRING (-102.5963 31.1869, -102.2253 31.1392)",98.0,-9.660397,4.158211,9.683095,-5.948959,115.0,CRANE -- MCCAMEY 2,MCCAMEY 2,CRANE,9.660397
"LINESTRING (-102.4741 31.7992, -102.3264 31.8403)",300.0,-37.615929,-15.999041,37.720689,15.795623,115.0,ODESSA 5 -- ODESSA 1,ODESSA 1,ODESSA 5,37.615929
"LINESTRING (-102.5058 30.7726, -102.5058 30.7726)",200.0,-110.395289,31.271887,110.630001,-21.239984,115.0,FORT STOCKTON 1 -- FORT STOCKTON 1,FORT STOCKTON 1,FORT STOCKTON 1,110.395289
"LINESTRING (-102.5058 30.7726, -102.3556 30.8073)",149.0,-69.098675,16.746297,69.599994,-15.333879,115.0,FORT STOCKTON 1 -- FORT STOCKTON 2,FORT STOCKTON 2,FORT STOCKTON 1,69.098675
"LINESTRING (-102.5058 30.7726, -102.7908 30.7475)",221.0,86.909428,-24.794522,-86.186658,27.61607,115.0,FORT STOCKTON 1 -- FORT STOCKTON 3,FORT STOCKTON 1,FORT STOCKTON 3,86.909428
"LINESTRING (-102.6973 32.3357, -102.8283 31.995)",149.0,-58.006813,0.714904,58.950104,1.365931,115.0,ANDREWS -- GOLDSMITH,GOLDSMITH,ANDREWS,58.006813
"LINESTRING (-101.3986 32.1408, -101.3986 32.1408)",145.0,-0.0,-0.0,-0.0,-0.0,115.0,FORSAN -- FORSAN,FORSAN,FORSAN,0.0
"LINESTRING (-101.3986 32.1408, -101.3986 32.1408)",95.0,-44.047671,4.373615,44.100001,-2.133195,115.0,FORSAN -- FORSAN,FORSAN,FORSAN,44.047671
"LINESTRING (-101.3986 32.1408, -101.4514 32.1008)",147.0,-8.876384,-16.939202,8.888737,16.636568,115.0,FORSAN -- BIG SPRING 3,BIG SPRING 3,FORSAN,8.876384
"LINESTRING (-101.3986 32.1408, -101.3654 32.1029)",156.45,52.924055,12.565587,-52.820402,-12.404596,115.0,FORSAN -- BIG SPRING 7,FORSAN,BIG SPRING 7,52.924055
"LINESTRING (-101.1728 31.2726, -100.6788 31.0854)",149.0,38.245166,-20.909317,-37.616994,20.803965,115.0,BIG LAKE -- CHRISTOVAL,BIG LAKE,CHRISTOVAL,38.245166
"LINESTRING (-101.1728 31.2726, -101.0556 31.8027)",221.0,-52.925166,16.749317,53.684136,-14.931453,115.0,BIG LAKE -- SAN ANGELO 3,SAN ANGELO 3,BIG LAKE,52.925166
"LINESTRING (-102.2017 32.0536, -102.3124 32.0011)",221.0,-2.754907,18.300988,2.773062,-18.830493,115.0,MIDLAND 5 -- ODESSA 3,ODESSA 3,MIDLAND 5,2.754907
"LINESTRING (-101.3312 30.5756, -101.7845 30.597)",149.0,-71.409436,24.161919,73.004176,-19.723343,115.0,OZONA -- SHEFFIELD,SHEFFIELD,OZONA,71.409436
"LINESTRING (-101.3312 30.5756, -100.5606 30.4414)",149.0,60.329436,-13.196856,-58.521993,16.013716,115.0,OZONA -- SONORA,OZONA,SONORA,60.329436
"LINESTRING (-102.9633 31.5839, -102.9633 31.5839)",390.0,-0.0,-0.0,-0.0,-0.0,115.0,MONAHANS 1 -- MONAHANS 1,MONAHANS 1,MONAHANS 1,0.0
"LINESTRING (-102.9633 31.5839, -102.9633 31.5839)",390.0,0.0,0.0,0.0,0.0,115.0,MONAHANS 1 -- MONAHANS 1,MONAHANS 1,MONAHANS 1,0.0
"LINESTRING (-102.9633 31.5839, -102.9633 31.5839)",124.0,-82.504677,16.244533,82.70381,-9.919977,115.0,MONAHANS 1 -- MONAHANS 1,MONAHANS 1,MONAHANS 1,82.504677
"LINESTRING (-102.9633 31.5839, -102.9633 31.5839)",117.0,-65.103101,15.07509,65.32811,-9.919974,115.0,MONAHANS 1 -- MONAHANS 1,MONAHANS 1,MONAHANS 1,65.103101
"LINESTRING (-102.9633 31.5839, -102.9633 31.5839)",110.0,-76.728575,14.450586,76.930423,-9.919976,115.0,MONAHANS 1 -- MONAHANS 1,MONAHANS 1,MONAHANS 1,76.728575
"LINESTRING (-102.9633 31.5839, -102.9633 31.5839)",250.0,53.686771,-22.369203,-53.616769,25.049972,230.0,MONAHANS 1 -- MONAHANS 1,MONAHANS 1,MONAHANS 1,53.686771
"LINESTRING (-102.9633 31.5839, -103.139 31.6963)",221.0,52.896345,-7.64075,-52.653768,7.910902,115.0,MONAHANS 1 -- KERMIT,MONAHANS 1,KERMIT,52.896345
"LINESTRING (-102.9633 31.5839, -102.3264 31.8403)",548.0,53.616769,-25.049972,-53.52966,18.986776,230.0,MONAHANS 1 -- ODESSA 1,MONAHANS 1,ODESSA 1,53.616769
"LINESTRING (-101.7545 32.4898, -101.8367 32.2353)",149.0,-4.101219,-20.051261,4.175752,18.675529,115.0,STANTON -- LENORAH,LENORAH,STANTON,4.101219
"LINESTRING (-101.7545 32.4898, -102.1335 32.9296)",98.0,-10.888781,15.801261,11.211437,-18.126775,115.0,STANTON -- LAMESA,LAMESA,STANTON,10.888781
"LINESTRING (-101.7644 32.927, -102.1335 32.9296)",98.0,53.067332,-5.320728,-51.811437,6.626775,115.0,ODONNELL -- LAMESA,ODONNELL,LAMESA,53.067332
"LINESTRING (-101.8367 32.2353, -101.8367 32.2353)",160.0,-0.0,-0.0,0.0,0.0,115.0,LENORAH -- LENORAH,LENORAH,LENORAH,0.0
"LINESTRING (-101.8367 32.2353, -101.4224 32.2732)",150.0,-70.241161,32.162445,71.40257,-27.780141,115.0,LENORAH -- BIG SPRING 6,BIG SPRING 6,LENORAH,70.241161
"LINESTRING (-101.8367 32.2353, -101.4514 32.1008)",250.0,-95.393564,40.302985,97.474436,-30.666574,115.0,LENORAH -- BIG SPRING 3,BIG SPRING 3,LENORAH,95.393564
"LINESTRING (-101.9208 30.8847, -101.9208 30.8847)",33.0,-0.0,-0.0,-0.0,-0.0,115.0,IRAAN 3 -- IRAAN 3,IRAAN 3,IRAAN 3,0.0
"LINESTRING (-101.9208 30.8847, -101.9208 30.8847)",27.0,0.0,-0.0,0.0,-0.0,115.0,IRAAN 3 -- IRAAN 3,IRAAN 3,IRAAN 3,0.0
"LINESTRING (-101.9208 30.8847, -102.0867 30.9178)",221.0,-81.09241,20.914526,81.55343,-18.651162,115.0,IRAAN 3 -- IRAAN 1,IRAAN 1,IRAAN 3,81.09241
"LINESTRING (-101.9208 30.8847, -102.0867 30.9178)",221.0,-81.09241,20.914526,81.55343,-18.651162,115.0,IRAAN 3 -- IRAAN 1,IRAAN 1,IRAAN 3,81.09241
"LINESTRING (-101.9208 30.8847, -101.7845 30.597)",221.0,74.36241,-22.819526,-73.525682,26.597689,115.0,IRAAN 3 -- SHEFFIELD,IRAAN 3,SHEFFIELD,74.36241
"LINESTRING (-101.9208 30.8847, -101.7845 30.597)",221.0,74.36241,-22.819526,-73.525682,26.597689,115.0,IRAAN 3 -- SHEFFIELD,IRAAN 3,SHEFFIELD,74.36241
"LINESTRING (-101.4224 32.2732, -101.4224 32.2732)",29.0,0.0,0.0,0.0,0.0,115.0,BIG SPRING 6 -- BIG SPRING 6,BIG SPRING 6,BIG SPRING 6,0.0
"LINESTRING (-101.4224 32.2732, -101.4224 32.2732)",260.0,-0.0,0.0,0.0,0.0,115.0,BIG SPRING 6 -- BIG SPRING 6,BIG SPRING 6,BIG SPRING 6,0.0
"LINESTRING (-101.4224 32.2732, -100.6917 32.05)",221.0,3.445728,-1.931679,-3.440018,-1.22128,115.0,BIG SPRING 6 -- SILVER,BIG SPRING 6,SILVER,3.445728
"LINESTRING (-101.4514 32.1008, -101.4514 32.1008)",200.0,-106.363173,14.030006,106.880001,-1.500988,115.0,BIG SPRING 3 -- BIG SPRING 3,BIG SPRING 3,BIG SPRING 3,106.363173
"LINESTRING (-101.918 31.5176, -102.2253 31.1392)",98.0,-45.968733,5.534893,46.566906,-4.851028,115.0,MIDLAND 1 -- MCCAMEY 2,MCCAMEY 2,MIDLAND 1,45.968733
"LINESTRING (-102.0867 30.9178, -102.0867 30.9178)",220.0,-119.97008,32.771432,120.380001,-23.109991,115.0,IRAAN 1 -- IRAAN 1,IRAAN 1,IRAAN 1,119.97008
"LINESTRING (-102.0867 30.9178, -102.3556 30.8073)",149.0,-42.545318,6.277398,42.900007,-6.266105,115.0,IRAAN 1 -- FORT STOCKTON 2,FORT STOCKTON 2,IRAAN 1,42.545318
"LINESTRING (-102.3264 31.8403, -102.3264 31.8403)",240.0,-123.86372,24.704323,124.647247,-12.039027,115.0,ODESSA 1 -- ODESSA 1,ODESSA 1,ODESSA 1,123.86372
"LINESTRING (-102.3264 31.8403, -102.3264 31.8403)",240.0,-127.25222,26.179907,128.034215,-3.842127,115.0,ODESSA 1 -- ODESSA 1,ODESSA 1,ODESSA 1,127.25222
"LINESTRING (-102.3264 31.8403, -102.3264 31.8403)",240.0,-119.008014,22.740156,119.791739,-5.766722,115.0,ODESSA 1 -- ODESSA 1,ODESSA 1,ODESSA 1,119.008014
"LINESTRING (-102.3264 31.8403, -102.3264 31.8403)",240.0,-143.803357,34.959941,144.561853,-14.692012,115.0,ODESSA 1 -- ODESSA 1,ODESSA 1,ODESSA 1,143.803357
"LINESTRING (-102.3264 31.8403, -102.3264 31.8403)",230.0,-0.0,0.0,-0.0,0.0,115.0,ODESSA 1 -- ODESSA 1,ODESSA 1,ODESSA 1,0.0
"LINESTRING (-102.3264 31.8403, -102.3264 31.8403)",230.0,0.0,0.0,-0.0,-0.0,115.0,ODESSA 1 -- ODESSA 1,ODESSA 1,ODESSA 1,0.0
"LINESTRING (-102.3264 31.8403, -102.3264 31.8403)",137.0,-95.023561,24.451726,95.499996,-7.390348,115.0,ODESSA 1 -- ODESSA 1,ODESSA 1,ODESSA 1,95.023561
"LINESTRING (-102.3264 31.8403, -102.3264 31.8403)",2000.0,491.036941,-55.939381,-490.742132,160.256403,500.0,ODESSA 1 -- ODESSA 1,ODESSA 1,ODESSA 1,491.036941
"LINESTRING (-102.3264 31.8403, -102.3264 31.8403)",136.0,-94.486933,10.932634,95.499994,6.042432,115.0,ODESSA 1 -- ODESSA 1,ODESSA 1,ODESSA 1,94.486933
"LINESTRING (-102.3264 31.8403, -102.3264 31.8403)",350.0,-125.818952,-53.966682,126.109569,65.539134,230.0,ODESSA 1 -- ODESSA 1,ODESSA 1,ODESSA 1,125.818952
"LINESTRING (-102.3264 31.8403, -100.5303 32.3122)",2300.0,293.121065,-63.393562,-292.1705,-45.258731,500.0,ODESSA 1 -- ROSCOE 5,ODESSA 1,ROSCOE 5,293.121065
"LINESTRING (-102.3264 31.8403, -100.5303 32.3122)",2300.0,293.121065,-63.393562,-292.1705,-45.258731,500.0,ODESSA 1 -- ROSCOE 5,ODESSA 1,ROSCOE 5,293.121065
"LINESTRING (-102.3264 31.8403, -100.9281 31.9261)",548.0,59.009065,3.662369,-58.721599,-20.422163,230.0,ODESSA 1 -- STERLING CITY 1,ODESSA 1,STERLING CITY 1,59.009065
"LINESTRING (-101.2983 31.9361, -101.0556 31.8027)",221.0,44.729755,-0.029391,-44.362973,0.179,115.0,BIG SPRING 2 -- SAN ANGELO 3,BIG SPRING 2,SAN ANGELO 3,44.729755
"LINESTRING (-103.139 31.6963, -103.5999 31.8035)",149.0,24.676664,-14.279918,-24.438941,12.782521,115.0,KERMIT -- PECOS,KERMIT,PECOS,24.676664
"LINESTRING (-103.139 31.6963, -102.8283 31.995)",221.0,6.677104,0.339016,-6.668516,-2.878209,115.0,KERMIT -- GOLDSMITH,KERMIT,GOLDSMITH,6.677104
"LINESTRING (-101.531 33.6587, -101.2872 34.4575)",187.0,18.439883,-5.565615,-18.329591,-3.492135,161.0,RALLS 2 -- SILVERTON,RALLS 2,SILVERTON,18.439883
"LINESTRING (-101.531 33.6587, -100.9901 33.7745)",187.0,13.209403,-7.98421,-13.172461,2.730535,161.0,RALLS 2 -- CROSBYTON,RALLS 2,CROSBYTON,13.209403
"LINESTRING (-101.531 33.6587, -101.39 33.6611)",187.0,-43.269287,10.259825,43.361144,-11.220472,161.0,RALLS 2 -- RALLS 1,RALLS 1,RALLS 2,43.269287
"LINESTRING (-95.3447 33.6839, -95.5577 33.6968)",187.0,-64.945581,-6.893091,65.253809,6.245479,161.0,PARIS 3 -- PARIS 2,PARIS 2,PARIS 3,64.945581
"LINESTRING (-95.3447 33.6839, -95.3201 33.4826)",187.0,16.585581,-6.806909,-16.560271,4.56086,161.0,PARIS 3 -- DEPORT,PARIS 3,DEPORT,16.585581
"LINESTRING (-96.3676 33.6281, -96.3676 33.6281)",981.0,200.742174,-0.436316,-200.63804,7.329995,500.0,SAVOY -- SAVOY,SAVOY,SAVOY,200.742174
"LINESTRING (-96.3676 33.6281, -96.3676 33.6281)",635.0,0.0,0.0,0.0,0.0,500.0,SAVOY -- SAVOY,SAVOY,SAVOY,0.0
"LINESTRING (-96.3676 33.6281, -96.3676 33.6281)",645.0,-0.0,-0.0,0.0,0.0,500.0,SAVOY -- SAVOY,SAVOY,SAVOY,0.0
"LINESTRING (-96.3676 33.6281, -96.3676 33.6281)",636.0,0.0,0.0,0.0,0.0,500.0,SAVOY -- SAVOY,SAVOY,SAVOY,0.0
"LINESTRING (-96.3676 33.6281, -95.5577 33.6968)",2295.0,-633.631955,-55.257498,636.987366,4.554405,500.0,SAVOY -- PARIS 2,PARIS 2,SAVOY,633.631955
"LINESTRING (-96.3676 33.6281, -96.6179 33.5826)",2020.0,432.889781,55.693814,-432.376323,-77.999286,500.0,SAVOY -- SHERMAN 1,SAVOY,SHERMAN 1,432.889781
"LINESTRING (-96.3676 33.6281, -96.2829 33.5535)",251.0,42.033387,6.798776,-41.978017,-7.669912,161.0,SAVOY -- ECTOR,SAVOY,ECTOR,42.033387
"LINESTRING (-96.3676 33.6281, -96.4279 33.6236)",310.0,158.604652,-14.128771,-158.320906,15.686046,161.0,SAVOY -- BELLS,SAVOY,BELLS,158.604652
"LINESTRING (-95.9001 33.6152, -95.59 33.6308)",251.0,-72.347379,-5.757181,72.750095,5.083358,161.0,HONEY GROVE -- PARIS 1,PARIS 1,HONEY GROVE,72.347379
"LINESTRING (-95.9001 33.6152, -95.9968 33.7787)",187.0,62.807379,3.057181,-62.512849,-3.913147,161.0,HONEY GROVE -- TELEPHONE,HONEY GROVE,TELEPHONE,62.807379
"LINESTRING (-100.5129 34.8573, -100.8098 34.4472)",187.0,10.361729,-5.241786,-10.339957,-0.103726,161.0,MEMPHIS -- CHILDRESS,MEMPHIS,CHILDRESS,10.361729
"LINESTRING (-100.5129 34.8573, -100.9945 34.9008)",187.0,-18.421729,2.961786,18.480214,-7.23195,161.0,MEMPHIS -- PANHANDLE 6,PANHANDLE 6,MEMPHIS,18.421729
"LINESTRING (-98.7211 33.9733, -99.1066 34.1317)",251.0,-105.762744,23.510774,106.984925,-20.585029,161.0,IOWA PARK -- ELECTRA,ELECTRA,IOWA PARK,105.762744
"LINESTRING (-98.7211 33.9733, -98.5894 33.8625)",187.0,-6.3288,76.731886,6.705017,-76.948817,161.0,IOWA PARK -- WICHITA FALLS 2,WICHITA FALLS 2,IOWA PARK,6.3288
"LINESTRING (-98.7211 33.9733, -98.6225 34.1033)",250.0,72.951544,30.994144,-72.563994,-31.15157,161.0,IOWA PARK -- BURKBURNETT,IOWA PARK,BURKBURNETT,72.951544
"LINESTRING (-99.7735 33.8998, -99.3647 34.29)",187.0,18.341359,3.662435,-18.26444,-9.31173,161.0,VERNON 2 -- VERNON 1,VERNON 2,VERNON 1,18.341359
"LINESTRING (-99.7735 33.8998, -100.2872 33.9943)",187.0,-35.225681,5.07151,35.447235,-9.207605,161.0,VERNON 2 -- PADUCAH,PADUCAH,VERNON 2,35.225681
"LINESTRING (-99.7735 33.8998, -99.2438 33.6211)",187.0,-39.925678,11.633506,40.294908,-16.363993,161.0,VERNON 2 -- SEYMOUR,SEYMOUR,VERNON 2,39.925678
"LINESTRING (-101.3108 35.2383, -101.3108 35.2383)",461.0,-116.534773,32.624554,116.588026,-28.332805,500.0,PANHANDLE 2 -- PANHANDLE 2,PANHANDLE 2,PANHANDLE 2,116.534773
"LINESTRING (-101.3108 35.2383, -101.3108 35.2383)",412.0,-150.3654,34.589675,150.45,-28.88996,500.0,PANHANDLE 2 -- PANHANDLE 2,PANHANDLE 2,PANHANDLE 2,150.3654
"LINESTRING (-101.3108 35.2383, -100.5386 35.6539)",2020.0,266.900164,-67.214388,-266.262417,-30.088808,500.0,PANHANDLE 2 -- MIAMI,PANHANDLE 2,MIAMI,266.900164
"LINESTRING (-101.3108 35.2383, -101.5786 35.386)",187.0,-72.119584,14.078597,72.689667,-14.807476,161.0,PANHANDLE 2 -- PANHANDLE 3,PANHANDLE 3,PANHANDLE 2,72.119584
"LINESTRING (-101.3108 35.2383, -100.9945 34.9008)",187.0,43.641999,-3.644903,-43.320214,0.19195,161.0,PANHANDLE 2 -- PANHANDLE 6,PANHANDLE 2,PANHANDLE 6,43.641999
"LINESTRING (-101.3108 35.2383, -101.54 35.3503)",187.0,29.369135,-6.924695,-29.291733,4.755832,161.0,PANHANDLE 2 -- PANHANDLE 5,PANHANDLE 2,PANHANDLE 5,29.369135
"LINESTRING (-101.3108 35.2383, -101.3728 35.4428)",251.0,-117.479577,24.823838,118.691042,-22.193011,161.0,PANHANDLE 2 -- PANHANDLE 1,PANHANDLE 1,PANHANDLE 2,117.479577
"LINESTRING (-100.8098 34.4472, -101.2872 34.4575)",187.0,-15.090043,-7.096274,15.129591,2.582135,161.0,CHILDRESS -- SILVERTON,SILVERTON,CHILDRESS,15.090043
"LINESTRING (-97.4452 33.4716, -97.3108 33.6159)",187.0,10.85039,-34.438204,-10.75933,32.752737,161.0,FORESTBURG -- LINDSAY,FORESTBURG,LINDSAY,10.85039
"LINESTRING (-97.4452 33.4716, -97.5142 33.2763)",187.0,-15.54039,33.108204,15.65685,-34.872193,161.0,FORESTBURG -- DECATUR,DECATUR,FORESTBURG,15.54039
"LINESTRING (-96.7674 33.6276, -96.8395 33.738)",187.0,-20.540311,8.107091,20.565752,-9.410903,161.0,SHERMAN 3 -- SADLER,SADLER,SHERMAN 3,20.540311
"LINESTRING (-96.7674 33.6276, -96.7422 33.4508)",280.5,-48.729689,-27.737091,48.952517,26.686586,161.0,SHERMAN 3 -- HOWE,HOWE,SHERMAN 3,48.729689
"LINESTRING (-101.2531 35.4275, -101.2531 35.4275)",271.0,-29.20322,2.66347,29.206695,-2.298202,500.0,PANHANDLE 4 -- PANHANDLE 4,PANHANDLE 4,PANHANDLE 4,29.20322
"LINESTRING (-101.2531 35.4275, -101.2531 35.4275)",454.0,-0.0,-0.0,-0.0,-0.0,500.0,PANHANDLE 4 -- PANHANDLE 4,PANHANDLE 4,PANHANDLE 4,0.0
"LINESTRING (-101.2531 35.4275, -101.39 33.6611)",2020.0,-254.29177,-79.60752,255.705805,-144.601798,500.0,PANHANDLE 4 -- RALLS 1,RALLS 1,PANHANDLE 4,254.29177
"LINESTRING (-101.2531 35.4275, -100.5386 35.6539)",2020.0,283.49499,-160.596882,-282.78853,83.07758,500.0,PANHANDLE 4 -- MIAMI,PANHANDLE 4,MIAMI,283.49499
"LINESTRING (-101.2531 35.4275, -101.54 35.3503)",187.0,-29.206695,2.298202,29.291733,-4.755832,161.0,PANHANDLE 4 -- PANHANDLE 5,PANHANDLE 5,PANHANDLE 4,29.206695
"LINESTRING (-98.5231 33.9438, -98.509 33.9695)",310.0,164.490311,-28.301616,-164.249685,29.329856,161.0,WICHITA FALLS 6 -- SHEPPARD AFB,WICHITA FALLS 6,SHEPPARD AFB,164.490311
"LINESTRING (-98.5231 33.9438, -98.4931 33.9133)",409.0,-212.460311,14.711616,212.87247,-12.179517,161.0,WICHITA FALLS 6 -- WICHITA FALLS 1,WICHITA FALLS 1,WICHITA FALLS 6,212.460311
"LINESTRING (-95.5577 33.6968, -95.5577 33.6968)",867.0,178.430113,17.893911,-178.337486,-12.750349,500.0,PARIS 2 -- PARIS 2,PARIS 2,PARIS 2,178.430113
"LINESTRING (-95.5577 33.6968, -95.5577 33.6968)",319.0,-83.298039,-6.910009,83.33,8.925925,500.0,PARIS 2 -- PARIS 2,PARIS 2,PARIS 2,83.298039
"LINESTRING (-95.5577 33.6968, -95.5577 33.6968)",391.0,-166.585036,-10.367551,166.67,16.090796,500.0,PARIS 2 -- PARIS 2,PARIS 2,PARIS 2,166.585036
"LINESTRING (-95.5577 33.6968, -95.59 33.6308)",2020.0,-565.534405,-5.170755,565.80536,-1.161589,500.0,PARIS 2 -- PARIS 1,PARIS 1,PARIS 2,565.534405
"LINESTRING (-95.5577 33.6968, -94.9973 33.6631)",187.0,12.730734,-3.784366,-12.700051,-1.588072,161.0,PARIS 2 -- CLARKSVILLE,PARIS 2,CLARKSVILLE,12.730734
"LINESTRING (-95.5577 33.6968, -95.7443 33.7452)",251.0,88.792943,7.009237,-88.414963,-6.850531,161.0,PARIS 2 -- SUMNER,PARIS 2,SUMNER,88.792943
"LINESTRING (-98.491 33.8645, -98.4931 33.9133)",187.0,-30.062102,-37.895755,30.109917,37.577006,161.0,WICHITA FALLS 4 -- WICHITA FALLS 1,WICHITA FALLS 1,WICHITA FALLS 4,30.062102
"LINESTRING (-98.491 33.8645, -98.5098 33.7991)",187.0,-9.557898,26.665755,9.581246,-27.286836,161.0,WICHITA FALLS 4 -- WICHITA FALLS 5,WICHITA FALLS 5,WICHITA FALLS 4,9.557898
"LINESTRING (-100.7659 35.8308, -101.2439 35.4789)",187.0,-63.446345,10.71367,64.326122,-13.233641,161.0,WHEELER -- WHITE DEER,WHITE DEER,WHEELER,63.446345
"LINESTRING (-100.7659 35.8308, -100.5386 35.6539)",187.0,44.876345,-15.97367,-44.650033,14.028332,161.0,WHEELER -- MIAMI,WHEELER,MIAMI,44.876345
"LINESTRING (-95.3201 33.4826, -94.8908 33.4982)",187.0,13.010271,-5.57086,-12.983711,1.664273,161.0,DEPORT -- ANNONA,DEPORT,ANNONA,13.010271
"LINESTRING (-98.3888 34.0048, -98.509 33.9695)",251.0,-140.951058,38.57239,141.639685,-35.729856,161.0,WICHITA FALLS 3 -- SHEPPARD AFB,SHEPPARD AFB,WICHITA FALLS 3,140.951058
"LINESTRING (-98.3888 34.0048, -98.6225 34.1033)",250.0,-38.574658,-23.1848,38.753994,21.57157,161.0,WICHITA FALLS 3 -- BURKBURNETT,BURKBURNETT,WICHITA FALLS 3,38.574658
"LINESTRING (-98.3888 34.0048, -98.2593 34.0083)",310.0,165.285716,-19.417591,-164.380577,23.502698,161.0,WICHITA FALLS 3 -- PETROLIA,WICHITA FALLS 3,PETROLIA,165.285716
"LINESTRING (-96.2407 33.7083, -96.3961 33.4946)",187.0,60.702048,-10.175627,-60.307481,9.196183,161.0,BONHAM -- WHITEWRIGHT,BONHAM,WHITEWRIGHT,60.702048
"LINESTRING (-96.2407 33.7083, -95.9968 33.7787)",251.0,-107.852048,-3.184373,108.614198,5.203618,161.0,BONHAM -- TELEPHONE,TELEPHONE,BONHAM,107.852048
"LINESTRING (-100.3842 33.7107, -100.9901 33.7745)",187.0,33.847427,-13.631446,-33.595337,8.828816,161.0,MATADOR -- CROSBYTON,MATADOR,CROSBYTON,33.847427
"LINESTRING (-100.3842 33.7107, -100.7147 33.3411)",187.0,-39.617427,12.001446,39.942216,-16.1495,161.0,MATADOR -- SPUR,SPUR,MATADOR,39.617427
"LINESTRING (-95.6491 33.8579, -95.59 33.6308)",187.0,-56.516262,-2.313728,56.817737,1.010489,161.0,ARTHUR CITY -- PARIS 1,PARIS 1,ARTHUR CITY,56.516262
"LINESTRING (-95.6491 33.8579, -95.9968 33.7787)",187.0,53.166262,1.363728,-52.821349,-3.190471,161.0,ARTHUR CITY -- TELEPHONE,ARTHUR CITY,TELEPHONE,53.166262
"LINESTRING (-96.1792 33.4414, -96.3115 33.4391)",187.0,33.058509,-7.746715,-33.005513,6.774474,161.0,LEONARD -- TRENTON,LEONARD,TRENTON,33.058509
"LINESTRING (-96.1792 33.4414, -95.9457 33.4209)",187.0,-46.628509,3.896715,46.80906,-5.350975,161.0,LEONARD -- WOLFE CITY,WOLFE CITY,LEONARD,46.628509
"LINESTRING (-96.8398 33.8309, -96.8395 33.738)",187.0,24.831884,-9.184959,-24.805752,8.210903,161.0,GORDONVILLE -- SADLER,GORDONVILLE,SADLER,24.831884
"LINESTRING (-96.8398 33.8309, -96.726 33.8007)",187.0,-30.171884,7.674959,30.211315,-8.664687,161.0,GORDONVILLE -- POTTSBORO,POTTSBORO,GORDONVILLE,30.171884
"LINESTRING (-99.8537 33.4318, -100.2451 33.1831)",251.0,-62.570577,13.89021,63.065629,-15.898197,161.0,KNOX CITY -- ASPERMONT,ASPERMONT,KNOX CITY,62.570577
"LINESTRING (-99.8537 33.4318, -99.2438 33.6211)",251.0,57.890577,-15.22021,-57.344908,11.533993,161.0,KNOX CITY -- SEYMOUR,KNOX CITY,SEYMOUR,57.890577
"LINESTRING (-98.5437 33.8949, -98.4931 33.9133)",300.0,-87.451871,45.798799,87.638679,-45.521681,161.0,WICHITA FALLS 7 -- WICHITA FALLS 1,WICHITA FALLS 1,WICHITA FALLS 7,87.451871
"LINESTRING (-98.5437 33.8949, -98.5894 33.8625)",250.0,45.861871,-57.578799,-45.749342,57.487643,161.0,WICHITA FALLS 7 -- WICHITA FALLS 2,WICHITA FALLS 7,WICHITA FALLS 2,45.861871
"LINESTRING (-97.3108 33.6159, -97.1763 33.6616)",251.0,143.443102,-40.342746,-142.671756,43.41272,161.0,LINDSAY -- GAINESVILLE,LINDSAY,GAINESVILLE,143.443102
"LINESTRING (-97.3108 33.6159, -97.3829 33.6821)",251.0,-136.183772,6.600008,136.662947,-4.866417,161.0,LINDSAY -- MUENSTER 2,MUENSTER 2,LINDSAY,136.183772
"LINESTRING (-96.2829 33.5535, -96.0722 33.6155)",251.0,39.378017,6.929912,-39.288703,-8.557507,161.0,ECTOR -- DODD CITY,ECTOR,DODD CITY,39.378017
"LINESTRING (-97.7518 33.456, -97.6879 33.6269)",187.0,-51.091094,7.213191,51.291045,-8.296249,161.0,SUNSET -- MONTAGUE,MONTAGUE,SUNSET,51.091094
"LINESTRING (-97.7518 33.456, -97.8577 33.3159)",251.0,-26.75345,10.899793,26.796495,-12.527546,161.0,SUNSET -- CHICO,CHICO,SUNSET,26.75345
"LINESTRING (-97.7518 33.456, -97.67 33.3724)",251.0,72.284544,-19.692984,-72.101287,19.536959,161.0,SUNSET -- ALVORD,SUNSET,ALVORD,72.284544
"LINESTRING (-94.9973 33.6631, -95.59 33.6308)",187.0,-29.866584,1.073278,30.047792,-6.130014,161.0,CLARKSVILLE -- PARIS 1,PARIS 1,CLARKSVILLE,29.866584
"LINESTRING (-94.9973 33.6631, -95.152 33.8019)",187.0,26.666634,-3.995207,-26.611637,2.095355,161.0,CLARKSVILLE -- BAGWELL,CLARKSVILLE,BAGWELL,26.666634
"LINESTRING (-101.5786 35.386, -101.5786 35.386)",95.0,-59.632056,13.928021,59.700001,-11.459999,161.0,PANHANDLE 3 -- PANHANDLE 3,PANHANDLE 3,PANHANDLE 3,59.632056
"LINESTRING (-101.5786 35.386, -101.2439 35.4789)",187.0,-13.057611,0.879455,13.077835,-4.243128,161.0,PANHANDLE 3 -- WHITE DEER,WHITE DEER,PANHANDLE 3,13.057611
"LINESTRING (-96.9361 33.7439, -97.1763 33.6616)",187.0,-0.084997,-27.431843,0.144584,25.207523,161.0,WHITESBORO -- GAINESVILLE,GAINESVILLE,WHITESBORO,0.084997
"LINESTRING (-96.9361 33.7439, -96.6179 33.5826)",187.0,-27.315003,19.671843,27.46517,-22.515085,161.0,WHITESBORO -- SHERMAN 1,SHERMAN 1,WHITESBORO,27.315003
"LINESTRING (-96.726 33.8007, -96.6041 33.7708)",251.0,-52.341315,2.394687,52.427266,-3.191001,161.0,POTTSBORO -- DENISON 2,DENISON 2,POTTSBORO,52.341315
"LINESTRING (-96.4279 33.6236, -96.4708 33.7271)",251.0,143.360906,-19.926046,-142.682729,22.624164,161.0,BELLS -- DENISON 1,BELLS,DENISON 1,143.360906
"LINESTRING (-100.9901 33.7745, -100.2872 33.9943)",187.0,40.347798,-13.379351,-39.927235,7.937605,161.0,CROSBYTON -- PADUCAH,CROSBYTON,PADUCAH,40.347798
"LINESTRING (-99.1066 34.1317, -99.3647 34.29)",251.0,-118.554925,17.305029,119.668363,-13.934243,161.0,ELECTRA -- VERNON 1,VERNON 1,ELECTRA,118.554925
"LINESTRING (-95.4832 33.4023, -94.8908 33.4982)",187.0,-34.508141,-3.393487,34.756263,-1.123389,161.0,PATTONVILLE -- ANNONA,ANNONA,PATTONVILLE,34.508141
"LINESTRING (-95.4832 33.4023, -95.789 33.3163)",187.0,30.848141,2.353487,-30.74029,-4.96808,161.0,PATTONVILLE -- COMMERCE,PATTONVILLE,COMMERCE,30.848141
"LINESTRING (-98.2023 33.7585, -97.9638 33.7931)",251.0,139.966328,-38.305641,-138.679724,43.196514,161.0,HENRIETTA -- NOCONA,HENRIETTA,NOCONA,139.966328
"LINESTRING (-98.2023 33.7585, -98.2593 34.0083)",310.0,-157.816328,33.245641,159.840577,-24.792698,161.0,HENRIETTA -- PETROLIA,PETROLIA,HENRIETTA,157.816328
"LINESTRING (-97.9561 33.5206, -97.8577 33.3159)",251.0,37.046254,-11.67319,-36.946495,9.647546,161.0,BOWIE -- CHICO,BOWIE,CHICO,37.046254
"LINESTRING (-97.9561 33.5206, -97.9208 33.1964)",251.0,-66.176254,3.42319,66.61491,-4.543348,161.0,BOWIE -- BRIDGEPORT,BRIDGEPORT,BOWIE,66.176254
"LINESTRING (-98.4931 33.9133, -98.4931 33.9133)",1095.0,190.171956,-0.647395,-190.120534,3.032096,500.0,WICHITA FALLS 1 -- WICHITA FALLS 1,WICHITA FALLS 1,WICHITA FALLS 1,190.171956
"LINESTRING (-98.4931 33.9133, -98.4931 33.9133)",1095.0,190.171956,-0.647395,-190.120534,3.032096,500.0,WICHITA FALLS 1 -- WICHITA FALLS 1,WICHITA FALLS 1,WICHITA FALLS 1,190.171956
"LINESTRING (-98.4931 33.9133, -98.4931 33.9133)",227.0,0.0,0.0,0.0,0.0,500.0,WICHITA FALLS 1 -- WICHITA FALLS 1,WICHITA FALLS 1,WICHITA FALLS 1,0.0
"LINESTRING (-98.4931 33.9133, -98.4931 33.9133)",1001.0,-484.824125,117.041375,485.376763,-87.839994,500.0,WICHITA FALLS 1 -- WICHITA FALLS 1,WICHITA FALLS 1,WICHITA FALLS 1,484.824125
"LINESTRING (-98.4931 33.9133, -100.5386 35.6539)",2020.0,-280.64077,19.146141,310.20912,-249.072309,500.0,WICHITA FALLS 1 -- MIAMI,MIAMI,WICHITA FALLS 1,280.64077
"LINESTRING (-98.4931 33.9133, -98.7119 33.3836)",2020.0,385.120984,-134.892727,-383.997444,75.478185,500.0,WICHITA FALLS 1 -- OLNEY 1,WICHITA FALLS 1,OLNEY 1,385.120984
"LINESTRING (-101.2439 35.4789, -101.2439 35.4789)",99.0,-59.829072,14.73008,60.000001,-11.519999,161.0,WHITE DEER -- WHITE DEER,WHITE DEER,WHITE DEER,59.829072
"LINESTRING (-101.2439 35.4789, -101.3728 35.4428)",187.0,-17.574885,2.746689,17.588959,-3.966987,161.0,WHITE DEER -- PANHANDLE 1,PANHANDLE 1,WHITE DEER,17.574885
"LINESTRING (-95.8097 33.5768, -95.7443 33.7452)",251.0,-78.041512,-4.156585,78.364963,4.000531,161.0,ROXTON -- SUMNER,SUMNER,ROXTON,78.041512
"LINESTRING (-95.8097 33.5768, -95.7575 33.4622)",251.0,74.241512,3.076585,-74.038624,-3.295122,161.0,ROXTON -- COOPER,ROXTON,COOPER,74.241512
"LINESTRING (-99.3647 34.29, -99.3647 34.29)",223.0,-101.403923,23.245974,101.550001,-19.499996,161.0,VERNON 1 -- VERNON 1,VERNON 1,VERNON 1,101.403923
"LINESTRING (-96.6041 33.7708, -96.4708 33.7271)",251.0,-118.047266,31.143815,118.572729,-29.454164,161.0,DENISON 2 -- DENISON 1,DENISON 1,DENISON 2,118.047266
"LINESTRING (-97.1763 33.6616, -97.1286 33.458)",251.0,64.167173,29.178764,-63.867755,-30.048419,161.0,GAINESVILLE -- VALLEY VIEW,GAINESVILLE,VALLEY VIEW,64.167173
"LINESTRING (-100.2451 33.1831, -100.5242 32.9697)",251.0,-70.175629,13.878197,70.65009,-14.862579,161.0,ASPERMONT -- JAYTON,JAYTON,ASPERMONT,70.175629
"LINESTRING (-98.5098 33.7991, -98.4576 33.5126)",251.0,-63.551246,11.996836,63.930241,-13.001977,161.0,WICHITA FALLS 5 -- WINDTHORST,WINDTHORST,WICHITA FALLS 5,63.551246
"LINESTRING (-98.4576 33.5126, -98.5 33.4953)",251.0,-69.690241,11.371977,69.751104,-11.453327,161.0,WINDTHORST -- ARCHER 1,ARCHER 1,WINDTHORST,69.690241
"LINESTRING (-96.7422 33.4508, -96.9066 33.5377)",251.0,-97.214294,42.974627,97.745739,-41.78946,161.0,HOWE -- COLLINSVILLE,COLLINSVILLE,HOWE,97.214294
"LINESTRING (-96.7422 33.4508, -96.808 33.2419)",187.0,26.341778,67.280662,-25.88091,-67.677168,161.0,HOWE -- PROSPER,HOWE,PROSPER,26.341778
"LINESTRING (-98.5819 33.4931, -98.5819 33.4931)",249.0,-112.343633,28.518963,112.500001,-21.599983,161.0,ARCHER 2 -- ARCHER 2,ARCHER 2,ARCHER 2,112.343633
"LINESTRING (-98.5819 33.4931, -98.5 33.4953)",251.0,19.122682,0.615438,-19.114908,-1.330922,161.0,ARCHER 2 -- ARCHER 1,ARCHER 2,ARCHER 1,19.122682
"LINESTRING (-98.5819 33.4931, -98.7119 33.3836)",257.25,93.220951,-29.134401,-92.598469,30.065054,161.0,ARCHER 2 -- OLNEY 1,ARCHER 2,OLNEY 1,93.220951
"LINESTRING (-96.9066 33.5377, -96.6179 33.5826)",251.0,-107.455739,39.03946,108.39751,-36.387556,161.0,COLLINSVILLE -- SHERMAN 1,SHERMAN 1,COLLINSVILLE,107.455739
"LINESTRING (-100.5242 32.9697, -100.5242 32.9697)",144.0,-74.396775,13.767439,74.505727,-11.604369,161.0,JAYTON -- JAYTON,JAYTON,JAYTON,74.396775
"LINESTRING (-100.5242 32.9697, -100.5242 32.9697)",64.0,-22.484527,4.649489,22.500001,-4.319985,161.0,JAYTON -- JAYTON,JAYTON,JAYTON,22.484527
"LINESTRING (-100.5242 32.9697, -100.7147 33.3411)",187.0,48.251611,-16.746773,-47.842216,13.9095,161.0,JAYTON -- SPUR,JAYTON,SPUR,48.251611
"LINESTRING (-100.5242 32.9697, -100.6728 32.5886)",251.0,-22.0204,13.192423,22.105138,-17.42329,161.0,JAYTON -- HERMLEIGH,HERMLEIGH,JAYTON,22.0204
"LINESTRING (-100.5242 32.9697, -100.5242 32.9697)",19.0,0.0,-0.0,0.0,-0.0,115.0,JAYTON -- JAYTON,JAYTON,JAYTON,0.0
"LINESTRING (-100.5242 32.9697, -100.4982 32.8918)",221.0,-74.505727,11.604369,74.757801,-10.68878,115.0,JAYTON -- ROTAN,ROTAN,JAYTON,74.505727
"LINESTRING (-97.4284 33.733, -97.4284 33.733)",189.0,-84.253314,20.722075,84.380001,-16.199994,161.0,MUENSTER 1 -- MUENSTER 1,MUENSTER 1,MUENSTER 1,84.253314
"LINESTRING (-97.4284 33.733, -97.3829 33.6821)",310.0,145.70851,-60.416527,-145.252947,62.326003,161.0,MUENSTER 1 -- MUENSTER 2,MUENSTER 1,MUENSTER 2,145.70851
"LINESTRING (-97.4284 33.733, -97.5353 33.7414)",251.0,-61.455196,39.694452,61.59456,-39.940731,161.0,MUENSTER 1 -- SAINT JO,SAINT JO,MUENSTER 1,61.455196
"LINESTRING (-97.9638 33.7931, -97.6879 33.6269)",187.0,53.828467,-9.265151,-53.481045,7.676249,161.0,NOCONA -- MONTAGUE,NOCONA,MONTAGUE,53.828467
"LINESTRING (-97.9638 33.7931, -97.5353 33.7414)",251.0,67.921256,-38.731363,-67.27456,38.330731,161.0,NOCONA -- SAINT JO,NOCONA,SAINT JO,67.921256
"LINESTRING (-96.0722 33.6155, -96.3115 33.4391)",187.0,34.828703,7.297507,-34.686913,-9.731734,161.0,DODD CITY -- TRENTON,DODD CITY,TRENTON,34.828703
"LINESTRING (-98.5894 33.8625, -98.5894 33.8625)",91.0,-19.985675,2.731174,20.0,-2.219995,161.0,WICHITA FALLS 2 -- WICHITA FALLS 2,WICHITA FALLS 2,WICHITA FALLS 2,19.985675
"LINESTRING (-98.5894 33.8625, -98.5894 33.8625)",82.0,-0.0,0.0,-0.0,0.0,161.0,WICHITA FALLS 2 -- WICHITA FALLS 2,WICHITA FALLS 2,WICHITA FALLS 2,0.0
"LINESTRING (-98.5894 33.8625, -98.5894 33.8625)",98.0,-0.0,-0.0,-0.0,-0.0,161.0,WICHITA FALLS 2 -- WICHITA FALLS 2,WICHITA FALLS 2,WICHITA FALLS 2,0.0
"LINESTRING (-98.5 33.4953, -98.5 33.4953)",84.0,-50.636196,12.784249,50.700001,-9.729984,161.0,ARCHER 1 -- ARCHER 1,ARCHER 1,ARCHER 1,50.636196
"LINESTRING (-94.8908 33.4982, -95.152 33.8019)",187.0,-24.192552,-1.230884,24.281637,-2.755355,161.0,ANNONA -- BAGWELL,BAGWELL,ANNONA,24.192552
"LINESTRING (-101.54 35.3503, -101.54 35.3503)",88.0,0.0,0.0,0.0,0.0,161.0,PANHANDLE 5 -- PANHANDLE 5,PANHANDLE 5,PANHANDLE 5,0.0
"LINESTRING (-101.54 35.3503, -101.54 35.3503)",164.0,-0.0,0.0,-0.0,0.0,161.0,PANHANDLE 5 -- PANHANDLE 5,PANHANDLE 5,PANHANDLE 5,0.0
"LINESTRING (-101.39 33.6611, -101.39 33.6611)",836.0,-135.790665,35.889143,135.810719,-34.670862,500.0,RALLS 1 -- RALLS 1,RALLS 1,RALLS 1,135.790665
"LINESTRING (-101.39 33.6611, -101.39 33.6611)",237.0,-7.499852,1.45719,7.500001,-1.439997,500.0,RALLS 1 -- RALLS 1,RALLS 1,RALLS 1,7.499852
"LINESTRING (-101.39 33.6611, -101.39 33.6611)",386.0,-112.415287,26.383506,112.500001,-21.599997,500.0,RALLS 1 -- RALLS 1,RALLS 1,RALLS 1,112.415287
"LINESTRING (-101.39 33.6611, -101.39 33.6611)",146.0,43.391713,-8.998282,-43.361144,11.220472,230.0,RALLS 1 -- RALLS 1,RALLS 1,RALLS 1,43.391713
"LINESTRING (-101.39 33.6611, -101.1478 32.9479)",750.0,-179.202432,43.669144,180.834612,-49.120734,230.0,RALLS 1 -- FLUVANNA 2,FLUVANNA 2,RALLS 1,179.202432
"LINESTRING (-96.6179 33.5826, -96.6179 33.5826)",1072.0,269.059168,-21.479364,-268.977047,27.265748,500.0,SHERMAN 1 -- SHERMAN 1,SHERMAN 1,SHERMAN 1,269.059168
"LINESTRING (-96.6179 33.5826, -96.6179 33.5826)",542.0,0.0,0.0,-0.0,-0.0,500.0,SHERMAN 1 -- SHERMAN 1,SHERMAN 1,SHERMAN 1,0.0
"LINESTRING (-96.6179 33.5826, -96.6179 33.5826)",542.0,-0.0,-0.0,-0.0,-0.0,500.0,SHERMAN 1 -- SHERMAN 1,SHERMAN 1,SHERMAN 1,0.0
"LINESTRING (-96.6179 33.5826, -96.6179 33.5826)",544.0,0.0,0.0,-0.0,-0.0,500.0,SHERMAN 1 -- SHERMAN 1,SHERMAN 1,SHERMAN 1,0.0
"LINESTRING (-96.6179 33.5826, -96.6963 33.172)",2020.0,163.317155,99.47865,-163.098081,-151.536785,500.0,SHERMAN 1 -- MCKINNEY 3,SHERMAN 1,MCKINNEY 3,163.317155
"LINESTRING (-96.6179 33.5826, -96.5504 33.6041)",310.0,133.114367,31.636892,-132.861652,-30.535586,161.0,SHERMAN 1 -- SHERMAN 2,SHERMAN 1,SHERMAN 2,133.114367
"LINESTRING (-96.3961 33.4946, -96.5499 33.4357)",251.0,58.113598,-0.046161,-57.967458,-0.684046,161.0,WHITEWRIGHT -- VAN ALSTYNE,WHITEWRIGHT,VAN ALSTYNE,58.113598
"LINESTRING (-96.3961 33.4946, -96.3115 33.4391)",187.0,-12.206117,-13.230022,12.217876,12.266357,161.0,WHITEWRIGHT -- TRENTON,TRENTON,WHITEWRIGHT,12.206117
"LINESTRING (-96.5504 33.6041, -96.8927 33.4646)",251.0,58.711652,9.525586,-58.37148,-11.146434,161.0,SHERMAN 2 -- TIOGA,SHERMAN 2,TIOGA,58.711652
"LINESTRING (-99.6421 33.3228, -99.6504 33.1227)",187.0,-57.566354,7.446971,57.844825,-8.579448,161.0,ROCHESTER -- HASKELL,HASKELL,ROCHESTER,57.566354
"LINESTRING (-99.6421 33.3228, -99.265 33.1877)",187.0,55.426354,-8.056971,-54.988423,6.180159,161.0,ROCHESTER -- THROCKMORTON,ROCHESTER,THROCKMORTON,55.426354
"LINESTRING (-98.8848 33.5274, -98.9256 33.2502)",187.0,35.974981,-8.474455,-35.818497,6.104454,161.0,ARCHER CITY -- OLNEY 2,ARCHER CITY,OLNEY 2,35.974981
"LINESTRING (-98.8848 33.5274, -99.265 33.1877)",187.0,-49.924981,4.524455,50.418423,-7.470159,161.0,ARCHER CITY -- THROCKMORTON,THROCKMORTON,ARCHER CITY,49.924981
"LINESTRING (-95.59 33.6308, -95.59 33.6308)",924.0,230.454712,24.4,-230.395624,-20.013833,500.0,PARIS 1 -- PARIS 1,PARIS 1,PARIS 1,230.454712
"LINESTRING (-95.59 33.6308, -95.59 33.6308)",410.0,-184.498059,-4.127465,184.72,15.204324,500.0,PARIS 1 -- PARIS 1,PARIS 1,PARIS 1,184.498059
"LINESTRING (-95.59 33.6308, -95.59 33.6308)",402.0,-184.641779,-11.753241,184.72,17.556105,500.0,PARIS 1 -- PARIS 1,PARIS 1,PARIS 1,184.641779
"LINESTRING (-95.59 33.6308, -95.59 33.6308)",404.0,-184.595791,-7.382736,184.72,20.236876,500.0,PARIS 1 -- PARIS 1,PARIS 1,PARIS 1,184.595791
"LINESTRING (-95.59 33.6308, -95.59 33.6308)",391.0,-184.535414,-4.963427,184.72,19.176552,500.0,PARIS 1 -- PARIS 1,PARIS 1,PARIS 1,184.535414
"LINESTRING (-95.59 33.6308, -95.59 33.6308)",389.0,-184.621667,-9.335408,184.72,16.386451,500.0,PARIS 1 -- PARIS 1,PARIS 1,PARIS 1,184.621667
"LINESTRING (-95.59 33.6308, -95.59 33.6308)",392.0,-184.51817,-4.538936,184.72,18.194135,500.0,PARIS 1 -- PARIS 1,PARIS 1,PARIS 1,184.51817
"LINESTRING (-95.59 33.6308, -96.1264 33.1707)",2768.0,512.636543,112.83167,-511.346295,-174.560434,500.0,PARIS 1 -- GREENVILLE 1,PARIS 1,GREENVILLE 1,512.636543
"LINESTRING (-95.59 33.6308, -95.0417 33.0917)",2768.0,-201.485736,-93.968868,201.694788,-0.977918,500.0,PARIS 1 -- MOUNT PLEASANT 1,MOUNT PLEASANT 1,PARIS 1,201.485736
"LINESTRING (-96.5499 33.4357, -96.5662 33.2851)",251.0,36.677458,-5.345954,-36.613922,3.946113,161.0,VAN ALSTYNE -- MELISSA,VAN ALSTYNE,MELISSA,36.677458
"LINESTRING (-96.8927 33.4646, -96.9901 33.2734)",187.0,-18.793663,14.549593,18.846132,-16.561658,161.0,TIOGA -- AUBREY,AUBREY,TIOGA,18.793663
"LINESTRING (-96.8927 33.4646, -96.9332 33.3712)",251.0,73.105143,-4.553159,-72.941916,4.394024,161.0,TIOGA -- PILOT POINT,TIOGA,PILOT POINT,73.105143
"LINESTRING (-97.1286 33.458, -97.2134 33.3731)",251.0,49.627755,26.018419,-49.524403,-26.702099,161.0,VALLEY VIEW -- SANGER,VALLEY VIEW,SANGER,49.627755
"LINESTRING (-100.5386 35.6539, -100.5386 35.6539)",308.0,-44.6379,15.175893,44.650033,-14.028332,500.0,MIAMI -- MIAMI,MIAMI,MIAMI,44.6379
"LINESTRING (-100.5386 35.6539, -97.1061 33.1975)",2768.0,499.929738,-84.164456,-478.477441,-52.381935,500.0,MIAMI -- DENTON 1,MIAMI,DENTON 1,499.929738
"LINESTRING (-96.3115 33.4391, -96.3785 33.3217)",251.0,48.84455,-11.189096,-48.745777,10.295343,161.0,TRENTON -- ANNA,TRENTON,ANNA,48.84455
"LINESTRING (-99.6504 33.1227, -99.6504 33.1227)",214.0,-57.844825,8.579448,57.897565,-6.298325,161.0,HASKELL -- HASKELL,HASKELL,HASKELL,57.844825
"LINESTRING (-99.6504 33.1227, -99.6504 33.1227)",24.0,11.950543,-8.013268,-11.94,8.469764,115.0,HASKELL -- HASKELL,HASKELL,HASKELL,11.950543
"LINESTRING (-99.6504 33.1227, -99.6945 32.8686)",149.0,-69.848108,14.311593,70.804261,-11.76794,115.0,HASKELL -- LUEDERS,LUEDERS,HASKELL,69.848108
"LINESTRING (-99.163 30.0367, -99.163 30.0367)",171.0,65.718194,16.48909,-65.677674,-13.761228,230.0,KERRVILLE -- KERRVILLE,KERRVILLE,KERRVILLE,65.718194
"LINESTRING (-99.163 30.0367, -99.163 30.0367)",171.0,65.718194,16.48909,-65.677674,-13.761228,230.0,KERRVILLE -- KERRVILLE,KERRVILLE,KERRVILLE,65.718194
"LINESTRING (-99.163 30.0367, -98.7348 29.5378)",548.0,-115.747002,-14.573092,116.499774,7.425094,230.0,KERRVILLE -- SAN ANTONIO 51,SAN ANTONIO 51,KERRVILLE,115.747002
"LINESTRING (-99.163 30.0367, -98.7063 29.8592)",443.0,-15.689386,-18.405089,15.712917,8.799488,230.0,KERRVILLE -- BOERNE 2,BOERNE 2,KERRVILLE,15.689386
"LINESTRING (-99.163 30.0367, -99.345 30.1591)",98.0,18.495347,-4.457544,-18.455362,3.425114,115.0,KERRVILLE -- INGRAM,KERRVILLE,INGRAM,18.495347
"LINESTRING (-100.3389 32.3606, -100.3389 32.3606)",51.0,-28.106931,6.1188,28.130001,-5.399358,115.0,SWEETWATER 4 -- SWEETWATER 4,SWEETWATER 4,SWEETWATER 4,28.106931
"LINESTRING (-100.3389 32.3606, -100.2107 32.2919)",149.0,94.239831,9.788781,-93.41168,-7.220555,115.0,SWEETWATER 4 -- SWEETWATER 5,SWEETWATER 4,SWEETWATER 5,94.239831
"LINESTRING (-100.3389 32.3606, -100.3703 32.3472)",149.0,-66.1329,-15.907581,66.231572,16.146973,115.0,SWEETWATER 4 -- SWEETWATER 3,SWEETWATER 3,SWEETWATER 4,66.1329
"LINESTRING (-99.6825 29.6445, -99.6282 30.0951)",98.0,2.179145,5.795834,-2.144579,-8.445044,115.0,LEAKEY -- HUNT,LEAKEY,HUNT,2.179145
"LINESTRING (-99.6825 29.6445, -99.6308 29.3038)",98.0,-9.519145,-7.875834,9.544654,5.871805,115.0,LEAKEY -- SABINAL,SABINAL,LEAKEY,9.519145
"LINESTRING (-100.124 32.857, -99.9054 32.7479)",149.0,66.624415,-18.163306,-65.889086,20.093953,115.0,HAMLIN -- ANSON,HAMLIN,ANSON,66.624415
"LINESTRING (-100.124 32.857, -100.2129 32.6649)",149.0,-73.974415,16.083306,74.834627,-13.911581,115.0,HAMLIN -- TRENT 2,TRENT 2,HAMLIN,73.974415
"LINESTRING (-100.0327 32.4736, -99.6675 32.3357)",149.0,51.961521,-17.587565,-51.22928,18.625588,115.0,MERKEL 3 -- ABILENE 4,MERKEL 3,ABILENE 4,51.961521
"LINESTRING (-100.0327 32.4736, -100.1286 32.4081)",149.0,-50.539184,16.998196,50.755845,-16.681632,115.0,MERKEL 3 -- SWEETWATER 1,SWEETWATER 1,MERKEL 3,50.539184
"LINESTRING (-100.0327 32.4736, -100.2129 32.6649)",98.0,-16.382337,-3.650631,16.420303,2.317116,115.0,MERKEL 3 -- TRENT 2,TRENT 2,MERKEL 3,16.382337
"LINESTRING (-99.5678 31.7369, -99.1355 31.5179)",149.0,42.393026,-12.976708,-41.787312,12.611883,115.0,COLEMAN -- RICHLAND SPRINGS,COLEMAN,RICHLAND SPRINGS,42.393026
"LINESTRING (-99.5678 31.7369, -99.6946 32.0521)",250.0,-84.107829,29.079158,86.055182,-22.455979,115.0,COLEMAN -- GOLDSBORO,GOLDSBORO,COLEMAN,84.107829
"LINESTRING (-99.5678 31.7369, -99.3806 31.5153)",98.0,21.904803,-21.71245,-21.551505,20.95661,115.0,COLEMAN -- SANTA ANNA,COLEMAN,SANTA ANNA,21.904803
"LINESTRING (-100.5606 30.4414, -100.5955 30.8835)",98.0,-0.563974,0.162888,0.564618,-2.886888,115.0,SONORA -- ELDORADO,ELDORADO,SONORA,0.563974
"LINESTRING (-100.5606 30.4414, -100.0691 30.4587)",149.0,46.545967,-19.726604,-45.794111,19.881749,115.0,SONORA -- JUNCTION,SONORA,JUNCTION,46.545967
"LINESTRING (-100.0786 29.6747, -100.44 29.3956)",98.0,-12.094478,2.836087,12.132935,-5.125368,115.0,CAMP WOOD -- BRACKETTVILLE 3,BRACKETTVILLE 3,CAMP WOOD,12.094478
"LINESTRING (-100.0786 29.6747, -100.2861 29.9881)",98.0,7.424478,-4.156087,-7.41139,2.057907,115.0,CAMP WOOD -- ROCKSPRINGS,CAMP WOOD,ROCKSPRINGS,7.424478
"LINESTRING (-98.9183 30.6537, -98.7087 30.4371)",98.0,-8.442516,-0.551508,8.453457,-1.231445,115.0,LLANO -- WILLOW CITY,WILLOW CITY,LLANO,8.442516
"LINESTRING (-98.9183 30.6537, -98.8767 30.2809)",98.0,-18.697484,-7.138492,18.775726,5.109946,115.0,LLANO -- FREDERICKSBURG,FREDERICKSBURG,LLANO,18.697484
"LINESTRING (-98.7087 30.4371, -98.5665 30.1829)",98.0,-9.013457,1.071445,9.026494,-2.844809,115.0,WILLOW CITY -- BLANCO,BLANCO,WILLOW CITY,9.013457
"LINESTRING (-99.6675 32.3357, -99.8173 32.3628)",98.0,-13.33072,38.511269,13.452132,-38.558103,115.0,ABILENE 4 -- ABILENE 6,ABILENE 6,ABILENE 4,13.33072
"LINESTRING (-98.4427 30.6728, -98.8767 30.2809)",149.0,46.153281,-22.310771,-45.159234,23.087458,115.0,KINGSLAND -- FREDERICKSBURG,KINGSLAND,FREDERICKSBURG,46.153281
"LINESTRING (-98.4427 30.6728, -98.3384 30.556)",149.0,-68.153281,16.080771,68.673806,-14.69307,115.0,KINGSLAND -- MARBLE FALLS 2,MARBLE FALLS 2,KINGSLAND,68.153281
"LINESTRING (-100.5735 32.4152, -100.5797 32.4969)",147.0,-31.261197,-12.827373,31.311806,12.621402,115.0,ROSCOE 6 -- ROSCOE 1,ROSCOE 1,ROSCOE 6,31.261197
"LINESTRING (-100.5735 32.4152, -100.4219 32.2908)",109.76,-15.859124,7.153846,15.889359,-8.143643,115.0,ROSCOE 6 -- SWEETWATER 2,SWEETWATER 2,ROSCOE 6,15.859124
"LINESTRING (-100.5735 32.4152, -100.7114 32.4049)",98.0,41.760321,4.153527,-41.648099,-4.200521,115.0,ROSCOE 6 -- LORAINE 2,ROSCOE 6,LORAINE 2,41.760321
"LINESTRING (-100.2686 32.1981, -100.2686 32.1981)",200.0,-126.839154,35.60825,127.130001,-24.409864,115.0,BLACKWELL -- BLACKWELL,BLACKWELL,BLACKWELL,126.839154
"LINESTRING (-100.2686 32.1981, -100.177 32.3182)",221.0,74.731212,-14.383169,-74.260321,16.183468,115.0,BLACKWELL -- MERKEL 1,BLACKWELL,MERKEL 1,74.731212
"LINESTRING (-100.2686 32.1981, -100.2107 32.2919)",149.0,-53.862945,4.165629,54.09168,-3.919445,115.0,BLACKWELL -- SWEETWATER 5,SWEETWATER 5,BLACKWELL,53.862945
"LINESTRING (-100.2686 32.1981, -100.0217 32.3039)",98.0,-1.630077,-11.713983,1.67161,10.443408,115.0,BLACKWELL -- TUSOCOLA,TUSOCOLA,BLACKWELL,1.630077
"LINESTRING (-100.2686 32.1981, -100.1653 31.8585)",221.0,107.600964,-13.676727,-104.555589,24.003191,115.0,BLACKWELL -- WINTERS,BLACKWELL,WINTERS,107.600964
"LINESTRING (-100.6788 31.0854, -100.6788 31.0854)",142.2,76.638232,-9.940544,-76.611598,11.936587,230.0,CHRISTOVAL -- CHRISTOVAL,CHRISTOVAL,CHRISTOVAL,76.638232
"LINESTRING (-100.6788 31.0854, -100.6788 31.0854)",142.2,76.635414,-9.960172,-76.608268,11.956201,230.0,CHRISTOVAL -- CHRISTOVAL,CHRISTOVAL,CHRISTOVAL,76.635414
"LINESTRING (-100.6788 31.0854, -100.6788 31.0854)",200.0,-112.346144,29.442089,112.500001,-21.599998,230.0,CHRISTOVAL -- CHRISTOVAL,CHRISTOVAL,CHRISTOVAL,112.346144
"LINESTRING (-100.6788 31.0854, -101.2124 29.8372)",548.0,57.995989,-35.142509,-57.546459,8.364189,230.0,CHRISTOVAL -- DEL RIO,CHRISTOVAL,DEL RIO,57.995989
"LINESTRING (-100.6788 31.0854, -100.9281 31.9261)",548.0,-98.923491,25.601143,99.785986,-36.796233,230.0,CHRISTOVAL -- STERLING CITY 1,STERLING CITY 1,CHRISTOVAL,98.923491
"LINESTRING (-100.6788 31.0854, -100.5955 30.8835)",98.0,10.708127,-1.32597,-10.694618,0.016888,115.0,CHRISTOVAL -- ELDORADO,CHRISTOVAL,ELDORADO,10.708127
"LINESTRING (-100.6788 31.0854, -100.5635 31.2688)",221.0,90.064366,2.346627,-89.335113,1.337476,115.0,CHRISTOVAL -- SAN ANGELO 2,CHRISTOVAL,SAN ANGELO 2,90.064366
"LINESTRING (-100.6788 31.0854, -100.5635 31.2688)",221.0,90.064366,2.346627,-89.335113,1.337476,115.0,CHRISTOVAL -- SAN ANGELO 2,CHRISTOVAL,SAN ANGELO 2,90.064366
"LINESTRING (-99.6945 32.8686, -99.9054 32.7479)",221.0,-128.819378,18.543197,130.420839,-8.815271,115.0,LUEDERS -- ANSON,ANSON,LUEDERS,128.819378
"LINESTRING (-99.6945 32.8686, -99.4228 32.7683)",149.0,56.075118,-7.325257,-55.498322,8.336642,115.0,LUEDERS -- ALBANY 1,LUEDERS,ALBANY 1,56.075118
"LINESTRING (-100.9184 32.3145, -100.9952 32.7204)",147.0,-30.520433,2.341994,31.060929,-3.497838,115.0,COLORADO CITY -- SNYDER 1,SNYDER 1,COLORADO CITY,30.520433
"LINESTRING (-100.9184 32.3145, -100.7444 32.4375)",98.0,5.930433,-9.311994,-5.918595,8.151978,115.0,COLORADO CITY -- LORAINE 1,COLORADO CITY,LORAINE 1,5.930433
"LINESTRING (-99.851 32.9409, -99.9054 32.7479)",149.0,75.945266,16.714463,-75.111753,-14.278682,115.0,STAMFORD -- ANSON,STAMFORD,ANSON,75.945266
"LINESTRING (-99.851 32.9409, -100.2357 32.4301)",98.0,-45.588706,26.607897,47.919497,-24.616144,115.0,STAMFORD -- TRENT 1,TRENT 1,STAMFORD,45.588706
"LINESTRING (-99.851 32.9409, -100.4982 32.8918)",98.0,-40.76656,14.019081,41.322309,-14.086616,115.0,STAMFORD -- ROTAN,ROTAN,STAMFORD,40.76656
"LINESTRING (-98.764 31.1571, -99.0799 30.9398)",98.0,-3.934965,-2.951816,3.944349,0.924929,115.0,SAN SABA -- CHEROKEE,CHEROKEE,SAN SABA,3.934965
"LINESTRING (-98.764 31.1571, -99.1355 31.5179)",149.0,-24.559972,3.482968,24.780727,-5.79954,115.0,SAN SABA -- RICHLAND SPRINGS,RICHLAND SPRINGS,SAN SABA,24.559972
"LINESTRING (-98.764 31.1571, -98.4671 30.9368)",149.0,14.824937,-4.401152,-14.76819,2.510918,115.0,SAN SABA -- BUCHANAN DAM 2,SAN SABA,BUCHANAN DAM 2,14.824937
"LINESTRING (-99.4928 32.6256, -99.4928 32.6256)",250.0,9.502474,2.114223,-9.500332,-2.020415,230.0,ABILENE 2 -- ABILENE 2,ABILENE 2,ABILENE 2,9.502474
"LINESTRING (-99.4928 32.6256, -99.4928 32.6256)",270.0,-149.900225,35.509848,150.000001,-28.79992,230.0,ABILENE 2 -- ABILENE 2,ABILENE 2,ABILENE 2,149.900225
"LINESTRING (-99.4928 32.6256, -99.4228 32.7683)",443.0,140.397752,-37.624071,-139.980144,37.222259,230.0,ABILENE 2 -- ALBANY 1,ABILENE 2,ALBANY 1,140.397752
"LINESTRING (-99.4928 32.6256, -99.6653 32.5765)",221.0,9.500332,2.020415,-9.479408,-2.880835,115.0,ABILENE 2 -- ABILENE 3,ABILENE 2,ABILENE 3,9.500332
"LINESTRING (-98.3767 31.2572, -98.2593 31.1024)",250.0,48.331021,-9.970537,-48.089152,10.139156,115.0,LOMETA -- LAMPASAS,LOMETA,LAMPASAS,48.331021
"LINESTRING (-98.3767 31.2572, -98.4667 31.3833)",149.0,-53.201021,8.590537,53.502784,-8.372511,115.0,LOMETA -- GOLDTHWAITE 1,GOLDTHWAITE 1,LOMETA,53.201021
"LINESTRING (-100.3221 31.5097, -100.1926 31.592)",190.0,-51.039237,22.678851,51.273881,-22.232935,115.0,SAN ANGELO 1 -- MILES,MILES,SAN ANGELO 1,51.039237
"LINESTRING (-100.3221 31.5097, -100.5635 31.2688)",156.45,-78.680763,35.314073,80.360226,-30.524951,115.0,SAN ANGELO 1 -- SAN ANGELO 2,SAN ANGELO 2,SAN ANGELO 1,78.680763
"LINESTRING (-99.826 32.2741, -100.0571 32.214)",98.0,7.698548,-5.45418,-7.674215,4.333303,115.0,TUSCOLA -- WINGATE,TUSCOLA,WINGATE,7.698548
"LINESTRING (-99.826 32.2741, -100.1 32.2878)",150.0,-89.287005,16.555734,92.040081,-11.188718,115.0,TUSCOLA -- NOLAN,NOLAN,TUSCOLA,89.287005
"LINESTRING (-99.826 32.2741, -99.6946 32.0521)",149.0,66.858457,-15.271554,-65.992663,17.509345,115.0,TUSCOLA -- GOLDSBORO,TUSCOLA,GOLDSBORO,66.858457
"LINESTRING (-99.9277 32.3336, -100.0616 32.3116)",250.0,-165.783038,-3.195354,167.215608,12.432582,115.0,ABILENE 7 -- MERKEL 2,MERKEL 2,ABILENE 7,165.783038
"LINESTRING (-99.9277 32.3336, -99.9062 32.4158)",149.0,92.923038,-17.444646,-92.361931,19.376577,115.0,ABILENE 7 -- DYESS AFB,ABILENE 7,DYESS AFB,92.923038
"LINESTRING (-100.9952 32.7204, -100.9952 32.7204)",125.0,-97.395237,3.336452,97.870001,10.434904,115.0,SNYDER 1 -- SNYDER 1,SNYDER 1,SNYDER 1,97.395237
"LINESTRING (-100.9952 32.7204, -100.9547 32.7471)",250.0,66.334308,0.161387,-66.076122,0.190629,115.0,SNYDER 1 -- SNYDER 2,SNYDER 1,SNYDER 2,66.334308
"LINESTRING (-99.0799 30.9398, -99.6164 31.177)",98.0,-7.414349,-1.904929,7.454117,-1.084725,115.0,CHEROKEE -- BRADY,BRADY,CHEROKEE,7.414349
"LINESTRING (-99.1355 31.5179, -99.6164 31.177)",98.0,11.206584,-8.452343,-11.155305,5.335732,115.0,RICHLAND SPRINGS -- BRADY,RICHLAND SPRINGS,BRADY,11.206584
"LINESTRING (-100.6664 32.4694, -100.6664 32.4694)",82.0,-58.421557,4.53161,58.543206,0.266265,230.0,ROSCOE 2 -- ROSCOE 2,ROSCOE 2,ROSCOE 2,58.421557
"LINESTRING (-100.6664 32.4694, -100.6664 32.4694)",280.0,-156.641697,-9.948155,156.750001,16.486789,230.0,ROSCOE 2 -- ROSCOE 2,ROSCOE 2,ROSCOE 2,156.641697
"LINESTRING (-100.6664 32.4694, -100.6728 32.5886)",548.0,58.391118,17.921269,-58.350372,-20.246207,230.0,ROSCOE 2 -- HERMLEIGH,ROSCOE 2,HERMLEIGH,58.391118
"LINESTRING (-100.6664 32.4694, -99.6564 32.5144)",548.0,156.672135,-12.504724,-154.777812,11.552394,230.0,ROSCOE 2 -- ABILENE 1,ROSCOE 2,ABILENE 1,156.672135
"LINESTRING (-100.6664 32.4694, -100.6728 32.5886)",98.0,41.764062,-4.313807,-41.647354,4.217799,115.0,ROSCOE 2 -- HERMLEIGH,ROSCOE 2,HERMLEIGH,41.764062
"LINESTRING (-100.6664 32.4694, -100.7444 32.4375)",250.0,-100.307268,4.047542,100.71726,-2.033445,115.0,ROSCOE 2 -- LORAINE 1,LORAINE 1,ROSCOE 2,100.307268
"LINESTRING (-99.9342 31.7386, -100.1926 31.592)",149.0,73.505131,-37.7394,-72.185406,41.428469,115.0,BALLINGER -- MILES,BALLINGER,MILES,73.505131
"LINESTRING (-99.9342 31.7386, -100.1653 31.8585)",250.0,-88.115131,33.5994,89.635589,-28.233191,115.0,BALLINGER -- WINTERS,WINTERS,BALLINGER,88.115131
"LINESTRING (-100.6917 32.05, -100.6917 32.05)",240.0,-92.891467,10.383967,93.138728,3.856574,230.0,SILVER -- SILVER,SILVER,SILVER,92.891467
"LINESTRING (-100.6917 32.05, -100.6917 32.05)",57.0,0.0,0.0,0.0,0.0,230.0,SILVER -- SILVER,SILVER,SILVER,0.0
"LINESTRING (-100.6917 32.05, -100.6917 32.05)",112.0,0.0,0.0,0.0,0.0,230.0,SILVER -- SILVER,SILVER,SILVER,0.0
"LINESTRING (-100.6917 32.05, -100.6917 32.05)",550.0,0.0,0.0,0.0,0.0,230.0,SILVER -- SILVER,SILVER,SILVER,0.0
"LINESTRING (-100.6917 32.05, -100.5303 32.3122)",820.0,455.29742,-92.897135,-449.430622,124.067335,230.0,SILVER -- ROSCOE 5,SILVER,ROSCOE 5,455.29742
"LINESTRING (-100.6917 32.05, -100.9281 31.9261)",750.0,-362.405953,82.513169,366.632421,-57.419244,230.0,SILVER -- STERLING CITY 1,STERLING CITY 1,SILVER,362.405953
"LINESTRING (-100.6917 32.05, -100.4833 32.2369)",221.0,-20.061603,-20.704021,20.213106,19.759326,115.0,SILVER -- ROSCOE 4,ROSCOE 4,SILVER,20.061603
"LINESTRING (-100.6917 32.05, -100.7914 31.9519)",221.0,-78.387107,15.588727,78.998488,-13.664909,115.0,SILVER -- STERLING CITY 2,STERLING CITY 2,SILVER,78.387107
"LINESTRING (-100.5303 32.3122, -100.5303 32.3122)",290.0,-178.442131,3.693253,179.37588,35.375013,230.0,ROSCOE 5 -- ROSCOE 5,ROSCOE 5,ROSCOE 5,178.442131
"LINESTRING (-100.5303 32.3122, -100.5303 32.3122)",1500.0,760.101601,-26.383445,-758.747152,106.647058,500.0,ROSCOE 5 -- ROSCOE 5,ROSCOE 5,ROSCOE 5,760.101601
"LINESTRING (-100.5303 32.3122, -100.5303 32.3122)",1500.0,760.101601,-26.383445,-758.747152,106.647058,500.0,ROSCOE 5 -- ROSCOE 5,ROSCOE 5,ROSCOE 5,760.101601
"LINESTRING (-100.5303 32.3122, -100.6728 32.5886)",820.0,-506.200287,82.667751,513.425479,-18.875198,230.0,ROSCOE 5 -- HERMLEIGH,HERMLEIGH,ROSCOE 5,506.200287
"LINESTRING (-100.5303 32.3122, -100.177 32.3182)",750.0,-386.130161,72.958838,390.335519,-38.582767,230.0,ROSCOE 5 -- MERKEL 1,MERKEL 1,ROSCOE 5,386.130161
"LINESTRING (-100.5303 32.3122, -100.4833 32.2369)",221.0,-68.235301,56.538196,69.127211,-54.139171,115.0,ROSCOE 5 -- ROSCOE 4,ROSCOE 4,ROSCOE 5,68.235301
"LINESTRING (-100.5303 32.3122, -100.6481 32.3983)",221.0,-111.140587,48.737162,113.723092,-43.242864,115.0,ROSCOE 5 -- ROSCOE 3,ROSCOE 3,ROSCOE 5,111.140587
"LINESTRING (-100.5303 32.3122, -98.1967 32.2822)",2295.0,973.709977,-18.402932,-964.795082,50.424248,500.0,ROSCOE 5 -- STEPHENVILLE,ROSCOE 5,STEPHENVILLE,973.709977
"LINESTRING (-100.5303 32.3122, -98.1967 32.2822)",2295.0,973.709977,-18.402932,-964.795082,50.424248,500.0,ROSCOE 5 -- STEPHENVILLE,ROSCOE 5,STEPHENVILLE,973.709977
"LINESTRING (-100.5303 32.3122, -99.0329 31.7483)",2295.0,517.187565,-123.153683,-514.171508,38.031714,500.0,ROSCOE 5 -- BROWNWOOD,ROSCOE 5,BROWNWOOD,517.187565
"LINESTRING (-100.5303 32.3122, -99.4228 32.7683)",2020.0,-182.022211,2.483451,182.433188,-116.43726,500.0,ROSCOE 5 -- ALBANY 1,ALBANY 1,ROSCOE 5,182.022211
"LINESTRING (-101.2124 29.8372, -101.2124 29.8372)",122.0,39.930396,19.578125,-39.906369,-18.100868,230.0,DEL RIO -- DEL RIO,DEL RIO,DEL RIO,39.930396
"LINESTRING (-101.2124 29.8372, -101.2124 29.8372)",122.0,39.930396,19.578125,-39.906369,-18.100868,230.0,DEL RIO -- DEL RIO,DEL RIO,DEL RIO,39.930396
"LINESTRING (-101.2124 29.8372, -100.2769 28.4764)",548.0,169.567935,-11.97894,-165.604717,13.069202,230.0,DEL RIO -- EAGLE PASS,DEL RIO,EAGLE PASS,169.567935
"LINESTRING (-99.6282 30.0951, -100.2861 29.9881)",98.0,-2.358608,-0.00294,2.36139,-3.487907,115.0,HUNT -- ROCKSPRINGS,ROCKSPRINGS,HUNT,2.358608
"LINESTRING (-99.6282 30.0951, -99.345 30.1591)",98.0,-3.576813,6.157984,3.585362,-7.635114,115.0,HUNT -- INGRAM,INGRAM,HUNT,3.576813
"LINESTRING (-100.0571 32.214, -100.0571 32.214)",103.0,-7.671297,4.44837,7.674215,-4.333303,230.0,WINGATE -- WINGATE,WINGATE,WINGATE,7.671297
"LINESTRING (-100.0571 32.214, -100.0571 32.214)",330.0,-183.677993,40.130102,183.880002,-30.980651,230.0,WINGATE -- WINGATE,WINGATE,WINGATE,183.677993
"LINESTRING (-100.0571 32.214, -100.0571 32.214)",200.0,-183.580599,26.378752,183.880002,-9.563791,230.0,WINGATE -- WINGATE,WINGATE,WINGATE,183.580599
"LINESTRING (-100.0571 32.214, -100.0571 32.214)",220.0,-183.426409,17.21026,183.880002,-1.098773,230.0,WINGATE -- WINGATE,WINGATE,WINGATE,183.426409
"LINESTRING (-100.0571 32.214, -100.9281 31.9261)",1000.0,-164.023166,31.847752,164.765575,-31.220785,230.0,WINGATE -- STERLING CITY 1,STERLING CITY 1,WINGATE,164.023166
"LINESTRING (-100.0571 32.214, -100.177 32.3182)",548.0,107.425738,-31.416338,-107.259658,29.775085,230.0,WINGATE -- MERKEL 1,WINGATE,MERKEL 1,107.425738
"LINESTRING (-100.0571 32.214, -99.6564 32.5144)",750.0,307.476862,-44.299448,-304.667542,60.011868,230.0,WINGATE -- ABILENE 1,WINGATE,ABILENE 1,307.476862
"LINESTRING (-100.0571 32.214, -99.6564 32.5144)",750.0,307.476862,-44.299448,-304.667542,60.011868,230.0,WINGATE -- ABILENE 1,WINGATE,ABILENE 1,307.476862
"LINESTRING (-100.9281 31.9261, -100.9281 31.9261)",250.0,-76.484272,6.769562,76.57728,0.284418,230.0,STERLING CITY 1 -- STERLING CITY 1,STERLING CITY 1,STERLING CITY 1,76.484272
"LINESTRING (-100.9281 31.9261, -100.9281 31.9261)",200.0,-123.910404,41.066598,124.220001,-23.849968,230.0,STERLING CITY 1 -- STERLING CITY 1,STERLING CITY 1,STERLING CITY 1,123.910404
"LINESTRING (-100.9281 31.9261, -100.9281 31.9261)",155.0,-124.024991,35.875603,124.220001,-23.849971,230.0,STERLING CITY 1 -- STERLING CITY 1,STERLING CITY 1,STERLING CITY 1,124.024991
"LINESTRING (-100.9281 31.9261, -100.9281 31.9261)",190.0,-124.054109,29.783128,124.220001,-23.849972,230.0,STERLING CITY 1 -- STERLING CITY 1,STERLING CITY 1,STERLING CITY 1,124.054109
"LINESTRING (-100.9281 31.9261, -100.9281 31.9261)",190.0,-123.988607,32.363534,124.220001,-23.84997,230.0,STERLING CITY 1 -- STERLING CITY 1,STERLING CITY 1,STERLING CITY 1,123.988607
"LINESTRING (-100.9281 31.9261, -100.7914 31.9519)",221.0,-32.456977,0.06861,32.636479,-0.32059,115.0,STERLING CITY 1 -- STERLING CITY 2,STERLING CITY 2,STERLING CITY 1,32.456977
"LINESTRING (-100.4833 32.2369, -100.4833 32.2369)",110.0,-60.085624,17.508071,60.370001,-11.589978,115.0,ROSCOE 4 -- ROSCOE 4,ROSCOE 4,ROSCOE 4,60.085624
"LINESTRING (-100.4833 32.2369, -100.3703 32.3472)",149.0,-29.254689,16.871788,29.374299,-17.381816,115.0,ROSCOE 4 -- SWEETWATER 3,SWEETWATER 3,ROSCOE 4,29.254689
"LINESTRING (-99.6164 31.177, -100.1527 31.2895)",98.0,-18.32881,-10.491002,18.437211,8.012225,115.0,BRADY -- GOODFELLOW AFB,GOODFELLOW AFB,BRADY,18.32881
"LINESTRING (-100.2357 32.4301, -100.2357 32.4301)",200.0,-112.374239,-0.816916,112.500001,6.002171,115.0,TRENT 1 -- TRENT 1,TRENT 1,TRENT 1,112.374239
"LINESTRING (-100.2357 32.4301, -100.1 32.2878)",98.0,33.978183,2.669894,-33.861655,-3.183695,115.0,TRENT 1 -- NOLAN,TRENT 1,NOLAN,33.978183
"LINESTRING (-100.2357 32.4301, -100.0616 32.3116)",149.0,88.110811,3.633172,-87.066993,-0.174893,115.0,TRENT 1 -- MERKEL 2,TRENT 1,MERKEL 2,88.110811
"LINESTRING (-100.2357 32.4301, -100.3703 32.3472)",149.0,-57.634251,19.129994,58.004802,-18.379374,115.0,TRENT 1 -- SWEETWATER 3,SWEETWATER 3,TRENT 1,57.634251
"LINESTRING (-99.753 32.1202, -99.8173 32.3628)",98.0,-24.145303,4.165316,24.231635,-5.215105,115.0,OVALO -- ABILENE 6,ABILENE 6,OVALO,24.145303
"LINESTRING (-99.753 32.1202, -99.6946 32.0521)",98.0,20.335303,-5.245316,-20.282519,4.886634,115.0,OVALO -- GOLDSBORO,OVALO,GOLDSBORO,20.335303
"LINESTRING (-100.1 32.2878, -100.1 32.2878)",200.0,-127.181044,2.91995,127.650001,5.906732,115.0,NOLAN -- NOLAN,NOLAN,NOLAN,127.181044
"LINESTRING (-100.1 32.2878, -100.0217 32.3039)",149.0,69.002619,11.452463,-68.763001,-10.815044,115.0,NOLAN -- TUSOCOLA,NOLAN,TUSOCOLA,69.002619
"LINESTRING (-100.1926 31.592, -100.1527 31.2895)",98.0,14.931526,-20.895526,-14.827921,19.486397,115.0,MILES -- GOODFELLOW AFB,MILES,GOODFELLOW AFB,14.931526
"LINESTRING (-100.2092 29.2347, -100.2092 29.2347)",115.0,-74.773664,17.403842,74.850001,-14.36998,115.0,BRACKETTVILLE 2 -- BRACKETTVILLE 2,BRACKETTVILLE 2,BRACKETTVILLE 2,74.773664
"LINESTRING (-100.2092 29.2347, -100.44 29.3956)",98.0,23.00046,-3.141873,-22.922935,2.065368,115.0,BRACKETTVILLE 2 -- BRACKETTVILLE 3,BRACKETTVILLE 2,BRACKETTVILLE 3,23.00046
"LINESTRING (-100.2092 29.2347, -100.0159 29.151)",98.0,62.395806,-4.632123,-61.981149,5.815636,115.0,BRACKETTVILLE 2 -- UVALDE,BRACKETTVILLE 2,UVALDE,62.395806
"LINESTRING (-100.2092 29.2347, -100.7775 29.3585)",98.0,-10.622602,-9.629846,10.67354,6.645251,115.0,BRACKETTVILLE 2 -- LAUGHLIN A F B,LAUGHLIN A F B,BRACKETTVILLE 2,10.622602
"LINESTRING (-99.5701 30.8431, -99.8962 31.2228)",98.0,-0.540057,1.361434,0.54526,-4.157113,115.0,MASON -- EDEN,EDEN,MASON,0.540057
"LINESTRING (-99.5701 30.8431, -100.1075 30.8975)",98.0,-11.639943,-4.811434,11.734584,2.22844,115.0,MASON -- MENARD,MENARD,MASON,11.639943
"LINESTRING (-99.8173 32.3628, -99.9062 32.4158)",221.0,43.153507,2.796526,-43.0551,-2.803498,115.0,ABILENE 6 -- DYESS AFB,ABILENE 6,DYESS AFB,43.153507
"LINESTRING (-99.8173 32.3628, -100.0217 32.3039)",250.0,-149.497273,21.526682,152.591392,-8.871395,115.0,ABILENE 6 -- TUSOCOLA,TUSOCOLA,ABILENE 6,149.497273
"LINESTRING (-100.6728 32.5886, -100.6728 32.5886)",166.0,-53.738612,-5.904778,53.778124,7.402419,230.0,HERMLEIGH -- HERMLEIGH,HERMLEIGH,HERMLEIGH,53.738612
"LINESTRING (-100.6728 32.5886, -100.6728 32.5886)",300.0,-186.143426,-1.376526,186.750002,19.591822,230.0,HERMLEIGH -- HERMLEIGH,HERMLEIGH,HERMLEIGH,186.143426
"LINESTRING (-100.6728 32.5886, -100.9547 32.7471)",523.0,-215.193069,46.40271,216.967941,-40.008863,230.0,HERMLEIGH -- SNYDER 2,SNYDER 2,HERMLEIGH,215.193069
"LINESTRING (-100.6728 32.5886, -100.6728 32.5886)",90.0,-41.565146,6.087182,41.647354,-4.217799,161.0,HERMLEIGH -- HERMLEIGH,HERMLEIGH,HERMLEIGH,41.565146
"LINESTRING (-100.6728 32.5886, -100.9547 32.7471)",187.0,-34.318116,3.933689,34.458019,-6.536101,161.0,HERMLEIGH -- SNYDER 2,SNYDER 2,HERMLEIGH,34.318116
"LINESTRING (-100.177 32.3182, -100.177 32.3182)",161.06,-109.15917,16.53127,109.342553,-9.707723,230.0,MERKEL 1 -- MERKEL 1,MERKEL 1,MERKEL 1,109.15917
"LINESTRING (-100.177 32.3182, -100.177 32.3182)",300.0,-173.916691,-7.723589,174.370002,34.227699,230.0,MERKEL 1 -- MERKEL 1,MERKEL 1,MERKEL 1,173.916691
"LINESTRING (-100.177 32.3182, -100.1286 32.4081)",149.0,-35.082232,-6.475745,35.174735,6.257111,115.0,MERKEL 1 -- SWEETWATER 1,SWEETWATER 1,MERKEL 1,35.082232
"LINESTRING (-100.7444 32.4375, -100.7444 32.4375)",77.0,-56.060042,-2.678431,56.250001,8.509594,115.0,LORAINE 1 -- LORAINE 1,LORAINE 1,LORAINE 1,56.060042
"LINESTRING (-100.7444 32.4375, -100.7444 32.4375)",83.0,0.0,0.0,-0.0,-0.0,115.0,LORAINE 1 -- LORAINE 1,LORAINE 1,LORAINE 1,0.0
"LINESTRING (-100.7444 32.4375, -100.7114 32.4049)",98.0,-38.738624,-3.440102,38.828099,3.400521,115.0,LORAINE 1 -- LORAINE 2,LORAINE 2,LORAINE 1,38.738624
"LINESTRING (-99.6564 32.5144, -99.6564 32.5144)",411.0,227.964035,-5.785213,-227.738569,14.993264,230.0,ABILENE 1 -- ABILENE 1,ABILENE 1,ABILENE 1,227.964035
"LINESTRING (-99.6564 32.5144, -99.6564 32.5144)",250.0,-149.675788,46.844839,150.000001,-28.799828,230.0,ABILENE 1 -- ABILENE 1,ABILENE 1,ABILENE 1,149.675788
"LINESTRING (-99.6564 32.5144, -99.4228 32.7683)",750.0,342.912324,-13.534383,-340.494116,28.991659,230.0,ABILENE 1 -- ALBANY 1,ABILENE 1,ALBANY 1,342.912324
"LINESTRING (-99.6564 32.5144, -99.4228 32.7683)",750.0,342.912324,-13.534383,-340.494116,28.991659,230.0,ABILENE 1 -- ALBANY 1,ABILENE 1,ALBANY 1,342.912324
"LINESTRING (-99.6564 32.5144, -99.6564 32.5144)",277.0,46.19035,5.037546,-46.172034,-4.556477,161.0,ABILENE 1 -- ABILENE 1,ABILENE 1,ABILENE 1,46.19035
"LINESTRING (-99.6564 32.5144, -99.5189 32.2664)",409.0,181.548219,-20.030809,-178.838461,32.747975,161.0,ABILENE 1 -- CLYDE,ABILENE 1,CLYDE,181.548219
"LINESTRING (-99.6564 32.5144, -99.6564 32.5144)",268.0,46.172034,4.556477,-46.148299,-3.907203,161.0,ABILENE 1 -- ABILENE 1,ABILENE 1,ABILENE 1,46.172034
"LINESTRING (-99.6564 32.5144, -99.6653 32.5765)",109.76,16.437411,36.091603,-16.381843,-36.130997,115.0,ABILENE 1 -- ABILENE 3,ABILENE 1,ABILENE 3,16.437411
"LINESTRING (-99.6564 32.5144, -99.7159 32.4622)",98.0,29.710888,43.331996,-29.429003,-43.083972,115.0,ABILENE 1 -- ABILENE 5,ABILENE 1,ABILENE 5,29.710888
"LINESTRING (-100.0616 32.3116, -100.0616 32.3116)",250.0,-90.195099,-12.384865,90.450001,24.104537,115.0,MERKEL 2 -- MERKEL 2,MERKEL 2,MERKEL 2,90.195099
"LINESTRING (-100.0616 32.3116, -100.1286 32.4081)",221.0,10.046484,0.127176,-10.030579,-0.746435,115.0,MERKEL 2 -- SWEETWATER 1,MERKEL 2,SWEETWATER 1,10.046484
"LINESTRING (-101.1478 32.9479, -101.1478 32.9479)",162.0,-52.121752,11.367927,52.18129,-9.834619,230.0,FLUVANNA 2 -- FLUVANNA 2,FLUVANNA 2,FLUVANNA 2,52.121752
"LINESTRING (-101.1478 32.9479, -101.1478 32.9479)",162.0,-52.121752,11.367927,52.18129,-9.834619,230.0,FLUVANNA 2 -- FLUVANNA 2,FLUVANNA 2,FLUVANNA 2,52.121752
"LINESTRING (-101.1478 32.9479, -101.1478 32.9479)",200.0,-119.522705,41.851072,120.000001,-23.039983,230.0,FLUVANNA 2 -- FLUVANNA 2,FLUVANNA 2,FLUVANNA 2,119.522705
"LINESTRING (-101.1478 32.9479, -100.9547 32.7471)",443.0,42.931596,-15.466193,-42.864977,10.27283,230.0,FLUVANNA 2 -- SNYDER 2,FLUVANNA 2,SNYDER 2,42.931596
"LINESTRING (-101.1478 32.9479, -101.2194 32.9254)",340.0,-104.362581,19.669237,104.686669,-17.831054,115.0,FLUVANNA 2 -- FLUVANNA 1,FLUVANNA 1,FLUVANNA 2,104.362581
"LINESTRING (-99.9062 32.4158, -99.8306 32.6305)",250.0,123.337032,-19.993079,-120.729582,30.251204,115.0,DYESS AFB -- HAWLEY,DYESS AFB,HAWLEY,123.337032
"LINESTRING (-99.8306 32.6305, -99.6653 32.5765)",98.0,49.767826,-16.871928,-49.398749,17.691832,115.0,HAWLEY -- ABILENE 3,HAWLEY,ABILENE 3,49.767826
"LINESTRING (-99.8306 32.6305, -99.7159 32.4622)",149.0,62.431756,-15.799275,-61.830997,17.223972,115.0,HAWLEY -- ABILENE 5,HAWLEY,ABILENE 5,62.431756
"LINESTRING (-98.4671 30.9368, -98.3854 30.7316)",98.0,-20.646296,-2.30895,20.698641,1.234487,115.0,BUCHANAN DAM 2 -- BUCHANAN DAM 1,BUCHANAN DAM 1,BUCHANAN DAM 2,20.646296
"LINESTRING (-98.4671 30.9368, -98.283 30.8007)",98.0,25.984485,-2.871968,-25.784929,2.140321,115.0,BUCHANAN DAM 2 -- BURNET,BUCHANAN DAM 2,BURNET,25.984485
"LINESTRING (-98.3854 30.7316, -98.3854 30.7316)",60.0,-44.333541,4.591838,44.500001,-0.739984,115.0,BUCHANAN DAM 1 -- BUCHANAN DAM 1,BUCHANAN DAM 1,BUCHANAN DAM 1,44.333541
"LINESTRING (-98.3854 30.7316, -98.3854 30.7316)",200.0,-52.845467,8.157389,53.020001,-2.689984,115.0,BUCHANAN DAM 1 -- BUCHANAN DAM 1,BUCHANAN DAM 1,BUCHANAN DAM 1,52.845467
"LINESTRING (-98.3854 30.7316, -98.2087 30.5812)",149.0,76.480368,-13.983713,-75.54629,16.80419,115.0,BUCHANAN DAM 1 -- MARBLE FALLS 3,BUCHANAN DAM 1,MARBLE FALLS 3,76.480368
"LINESTRING (-98.0107 31.0882, -98.2593 31.1024)",98.0,-13.150816,-21.2064,13.329152,20.358092,115.0,KEMPNER -- LAMPASAS,LAMPASAS,KEMPNER,13.150816
"LINESTRING (-98.0107 31.0882, -98.0452 30.7733)",98.0,-10.369184,14.5464,10.431087,-16.169027,115.0,KEMPNER -- BERTRAM,BERTRAM,KEMPNER,10.369184
"LINESTRING (-101.2194 32.9254, -101.2194 32.9254)",114.0,-62.804729,20.630023,63.000001,-12.099946,115.0,FLUVANNA 1 -- FLUVANNA 1,FLUVANNA 1,FLUVANNA 1,62.804729
"LINESTRING (-100.7914 31.9519, -100.7914 31.9519)",90.0,-55.775839,5.930174,56.100001,1.137894,115.0,STERLING CITY 2 -- STERLING CITY 2,STERLING CITY 2,STERLING CITY 2,55.775839
"LINESTRING (-100.7914 31.9519, -100.7914 31.9519)",90.0,-55.859128,8.055325,56.100001,-0.891175,115.0,STERLING CITY 2 -- STERLING CITY 2,STERLING CITY 2,STERLING CITY 2,55.859128
"LINESTRING (-100.4982 32.8918, -100.7389 32.7393)",221.0,-125.66011,22.065396,128.596334,-11.654033,115.0,ROTAN -- SYNDER,SYNDER,ROTAN,125.66011
"LINESTRING (-100.7389 32.7393, -100.7389 32.7393)",80.0,-47.201945,-2.499916,47.250001,4.606741,115.0,SYNDER -- SYNDER,SYNDER,SYNDER,47.201945
"LINESTRING (-100.7389 32.7393, -100.7389 32.7393)",139.0,-89.762886,-0.022415,90.000001,5.267163,115.0,SYNDER -- SYNDER,SYNDER,SYNDER,89.762886
"LINESTRING (-100.7389 32.7393, -100.9547 32.7471)",221.0,8.368496,14.176365,-8.3405,-15.139446,115.0,SYNDER -- SNYDER 2,SYNDER,SNYDER 2,8.368496
"LINESTRING (-100.3839 29.3289, -100.3839 29.3289)",46.0,-29.681806,0.666326,29.700001,0.0,115.0,BRACKETTVILLE 1 -- BRACKETTVILLE 1,BRACKETTVILLE 1,BRACKETTVILLE 1,29.681806
"LINESTRING (-100.3839 29.3289, -100.7775 29.3585)",98.0,11.715622,4.97836,-11.68354,-6.935251,115.0,BRACKETTVILLE 1 -- LAUGHLIN A F B,BRACKETTVILLE 1,LAUGHLIN A F B,11.715622
"LINESTRING (-100.3839 29.3289, -100.5934 28.9512)",98.0,17.966184,-5.644686,-17.889578,3.293743,115.0,BRACKETTVILLE 1 -- QUEMADO,BRACKETTVILLE 1,QUEMADO,17.966184
"LINESTRING (-100.5797 32.4969, -100.5797 32.4969)",250.0,-146.719382,15.69016,147.750001,3.546856,115.0,ROSCOE 1 -- ROSCOE 1,ROSCOE 1,ROSCOE 1,146.719382
"LINESTRING (-100.5797 32.4969, -100.6481 32.3983)",149.0,18.922064,-25.501814,-18.843087,25.022896,115.0,ROSCOE 1 -- ROSCOE 3,ROSCOE 1,ROSCOE 3,18.922064
"LINESTRING (-100.5797 32.4969, -100.2129 32.6649)",149.0,96.485512,-2.809748,-94.194929,10.764465,115.0,ROSCOE 1 -- TRENT 2,ROSCOE 1,TRENT 2,96.485512
"LINESTRING (-100.0159 29.151, -99.6308 29.3038)",98.0,-4.088851,-24.535636,4.385409,23.033888,115.0,UVALDE -- SABINAL,SABINAL,UVALDE,4.088851
"LINESTRING (-98.8767 30.2809, -98.7063 29.8592)",100.0,-38.156491,7.96205,38.384939,-8.626624,115.0,FREDERICKSBURG -- BOERNE 2,BOERNE 2,FREDERICKSBURG,38.156491
"LINESTRING (-99.6308 29.3038, -99.3292 29.2853)",98.0,-23.890063,17.022466,24.202128,-17.93324,115.0,SABINAL -- D HANIS,D HANIS,SABINAL,23.890063
"LINESTRING (-100.4219 32.2908, -100.3703 32.3472)",221.0,85.360642,-5.242033,-84.990672,6.434375,115.0,SWEETWATER 2 -- SWEETWATER 3,SWEETWATER 2,SWEETWATER 3,85.360642
"LINESTRING (-99.8962 31.2228, -99.6823 31.4115)",98.0,-10.10526,1.447113,10.144514,-2.911998,115.0,EDEN -- ROWENA,ROWENA,EDEN,10.10526
"LINESTRING (-100.9547 32.7471, -100.9547 32.7471)",83.0,7.106417,-5.13223,-7.103796,5.267342,230.0,SNYDER 2 -- SNYDER 2,SNYDER 2,SNYDER 2,7.106417
"LINESTRING (-100.9547 32.7471, -100.9547 32.7471)",200.0,-27.354223,1.26876,27.419404,0.172287,161.0,SNYDER 2 -- SNYDER 2,SNYDER 2,SNYDER 2,27.354223
"LINESTRING (-100.9547 32.7471, -100.9547 32.7471)",200.0,-27.419404,-0.172287,27.456623,1.648817,161.0,SNYDER 2 -- SNYDER 2,SNYDER 2,SNYDER 2,27.419404
"LINESTRING (-100.1075 30.8975, -100.1527 31.2895)",98.0,10.716976,-9.1986,-10.679293,6.801359,115.0,MENARD -- GOODFELLOW AFB,MENARD,GOODFELLOW AFB,10.716976
"LINESTRING (-100.1075 30.8975, -100.0691 30.4587)",149.0,-33.401558,3.870166,33.754111,-5.257783,115.0,MENARD -- JUNCTION,JUNCTION,MENARD,33.401558
"LINESTRING (-99.3806 31.5153, -99.6823 31.4115)",98.0,15.801505,-2.763237,-15.704514,1.341998,115.0,SANTA ANNA -- ROWENA,SANTA ANNA,ROWENA,15.801505
"LINESTRING (-98.2769 26.4504, -98.3762 26.2287)",250.0,-159.370449,13.528621,162.035281,1.93051,115.0,EDINBURG 3 -- MISSION 4,MISSION 4,EDINBURG 3,159.370449
"LINESTRING (-98.2769 26.4504, -98.092 26.4515)",221.0,46.178533,-26.386104,-45.976745,26.478927,115.0,EDINBURG 3 -- EDINBURG 1,EDINBURG 3,EDINBURG 1,46.178533
"LINESTRING (-98.2769 26.4504, -98.092 26.4515)",221.0,46.178533,-26.386104,-45.976745,26.478927,115.0,EDINBURG 3 -- EDINBURG 1,EDINBURG 3,EDINBURG 1,46.178533
"LINESTRING (-98.2769 26.4504, -98.5216 26.5829)",221.0,-60.276617,3.173587,60.683754,-2.060234,115.0,EDINBURG 3 -- RIO GRANDE CITY,RIO GRANDE CITY,EDINBURG 3,60.276617
"LINESTRING (-99.6855 27.8335, -99.6855 27.8335)",190.0,113.693281,1.739558,-113.503996,5.29981,230.0,LAREDO 7 -- LAREDO 7,LAREDO 7,LAREDO 7,113.693281
"LINESTRING (-99.6855 27.8335, -100.2769 28.4764)",548.0,-76.53331,-30.789136,76.868074,20.630461,230.0,LAREDO 7 -- EAGLE PASS,EAGLE PASS,LAREDO 7,76.53331
"LINESTRING (-99.6855 27.8335, -99.5089 27.5667)",443.0,-37.159971,29.049578,37.256177,-35.160847,230.0,LAREDO 7 -- LAREDO 1,LAREDO 1,LAREDO 7,37.159971
"LINESTRING (-99.6855 27.8335, -99.3992 28.0417)",149.0,-7.769917,8.403314,7.805698,-10.457421,115.0,LAREDO 7 -- ENCINAL,ENCINAL,LAREDO 7,7.769917
"LINESTRING (-99.6855 27.8335, -99.5089 27.5667)",221.0,-42.866087,20.480231,43.262625,-20.157994,115.0,LAREDO 7 -- LAREDO 1,LAREDO 1,LAREDO 7,42.866087
"LINESTRING (-98.9967 27.3651, -98.79 27.1004)",149.0,24.664535,0.996538,-24.522267,-2.434023,115.0,BRUNI 2 -- HEBBRONVILLE,BRUNI 2,HEBBRONVILLE,24.664535
"LINESTRING (-98.9967 27.3651, -99.0053 27.4881)",221.0,-27.414535,-1.776538,27.455132,1.235246,115.0,BRUNI 2 -- OILTON,OILTON,BRUNI 2,27.414535
"LINESTRING (-98.2396 26.2158, -98.2487 26.1623)",221.0,-2.4213,-70.917685,2.571493,71.485229,115.0,MCALLEN 2 -- MCALLEN 3,MCALLEN 3,MCALLEN 2,2.4213
"LINESTRING (-98.2396 26.2158, -98.2417 26.1112)",149.0,-73.096967,24.742762,73.545919,-23.402627,115.0,MCALLEN 2 -- HIDALGO,HIDALGO,MCALLEN 2,73.096967
"LINESTRING (-98.2396 26.2158, -98.2366 26.272)",221.0,-108.141733,-5.865077,108.615356,7.618193,115.0,MCALLEN 2 -- MCALLEN 1,MCALLEN 1,MCALLEN 2,108.141733
"LINESTRING (-98.6423 29.0798, -98.8422 29.1998)",98.0,2.454602,-10.149415,-2.443009,8.887006,115.0,POTEET -- NATALIA,POTEET,NATALIA,2.454602
"LINESTRING (-98.6423 29.0798, -98.4927 29.2001)",149.0,18.655242,-1.237092,-18.609515,0.349747,115.0,POTEET -- SAN ANTONIO 26,POTEET,SAN ANTONIO 26,18.655242
"LINESTRING (-98.6423 29.0798, -98.4818 29.0705)",149.0,-53.599845,2.176507,53.899178,-1.713625,115.0,POTEET -- LEMING,LEMING,POTEET,53.599845
"LINESTRING (-97.5077 27.0702, -97.5077 27.0702)",196.5,-75.476144,-1.598407,75.592144,4.926914,115.0,SARITA 3 -- SARITA 3,SARITA 3,SARITA 3,75.476144
"LINESTRING (-97.5077 27.0702, -97.5077 27.0702)",196.5,-75.456994,-0.80582,75.607858,4.131526,115.0,SARITA 3 -- SARITA 3,SARITA 3,SARITA 3,75.456994
"LINESTRING (-97.5077 27.0702, -97.5994 27.0011)",221.0,91.465426,12.880916,-91.076027,-11.154726,115.0,SARITA 3 -- ARMSTRONG 1,SARITA 3,ARMSTRONG 1,91.465426
"LINESTRING (-97.5077 27.0702, -97.5994 27.0011)",221.0,91.465426,12.880916,-91.076027,-11.154726,115.0,SARITA 3 -- ARMSTRONG 1,SARITA 3,ARMSTRONG 1,91.465426
"LINESTRING (-97.5077 27.0702, -97.5499 27.1197)",221.0,-15.998857,-11.678803,16.00911,11.282521,115.0,SARITA 3 -- SARITA 2,SARITA 2,SARITA 3,15.998857
"LINESTRING (-97.5077 27.0702, -97.5499 27.1197)",221.0,-15.998857,-11.678803,16.00911,11.282521,115.0,SARITA 3 -- SARITA 2,SARITA 2,SARITA 3,15.998857
"LINESTRING (-98.79 27.1004, -99.1628 26.9309)",149.0,8.472267,-2.115977,-8.452448,-0.159449,115.0,HEBBRONVILLE -- ZAPATA,HEBBRONVILLE,ZAPATA,8.472267
"LINESTRING (-97.9621 26.0832, -98.2417 26.1112)",221.0,58.88581,3.627462,-58.405679,-2.290103,115.0,PROGRESO -- HIDALGO,PROGRESO,HIDALGO,58.88581
"LINESTRING (-97.9621 26.0832, -98.092 26.4515)",221.0,68.881708,-11.184059,-67.861904,14.488316,115.0,PROGRESO -- EDINBURG 1,PROGRESO,EDINBURG 1,68.881708
"LINESTRING (-97.9621 26.0832, -97.7405 26.0527)",98.0,-12.796528,12.596934,12.833703,-13.610978,115.0,PROGRESO -- SANTA MARIA,SANTA MARIA,PROGRESO,12.796528
"LINESTRING (-97.9621 26.0832, -97.6293 26.1061)",221.0,-128.710989,50.077876,132.77551,-33.867855,115.0,PROGRESO -- SAN BENITO,SAN BENITO,PROGRESO,128.710989
"LINESTRING (-98.1833 26.2807, -97.867 26.2697)",250.0,-138.953352,53.341162,141.719406,-37.485758,115.0,EDINBURG 2 -- SANTA ROSA 1,SANTA ROSA 1,EDINBURG 2,138.953352
"LINESTRING (-98.1833 26.2807, -98.0587 26.1619)",98.0,21.668555,-25.909156,-21.415496,25.547183,115.0,EDINBURG 2 -- DONNA,EDINBURG 2,DONNA,21.668555
"LINESTRING (-98.1833 26.2807, -98.2366 26.272)",98.0,24.934797,-53.602005,-24.840969,53.826175,115.0,EDINBURG 2 -- MCALLEN 1,EDINBURG 2,MCALLEN 1,24.934797
"LINESTRING (-100.2769 28.4764, -100.2769 28.4764)",321.0,72.505498,-16.083318,-72.478717,17.762656,230.0,EAGLE PASS -- EAGLE PASS,EAGLE PASS,EAGLE PASS,72.505498
"LINESTRING (-100.2769 28.4764, -100.2769 28.4764)",321.0,72.505498,-16.083318,-72.478717,17.762656,230.0,EAGLE PASS -- EAGLE PASS,EAGLE PASS,EAGLE PASS,72.505498
"LINESTRING (-100.2769 28.4764, -99.0919 28.9275)",443.0,-56.27435,-1.53302,56.735136,-21.099593,230.0,EAGLE PASS -- PEARSALL,PEARSALL,EAGLE PASS,56.27435
"LINESTRING (-100.2769 28.4764, -100.5934 28.9512)",98.0,-14.852566,1.059844,14.919578,-4.133743,115.0,EAGLE PASS -- QUEMADO,QUEMADO,EAGLE PASS,14.852566
"LINESTRING (-98.7176 28.7909, -98.8513 28.9417)",98.0,38.651073,-9.678195,-38.481909,9.545855,115.0,CHARLOTTE -- MOORE,CHARLOTTE,MOORE,38.651073
"LINESTRING (-98.7176 28.7909, -98.486 28.7645)",149.0,-44.901073,7.908195,45.213119,-7.993127,115.0,CHARLOTTE -- JOURDANTON,JOURDANTON,CHARLOTTE,44.901073
"LINESTRING (-97.2692 27.6271, -97.3117 27.6064)",221.0,-87.055315,-5.763448,87.198624,6.477492,115.0,CORPUS CHRISTI 4 -- CORPUS CHRISTI 3,CORPUS CHRISTI 3,CORPUS CHRISTI 4,87.055315
"LINESTRING (-97.2692 27.6271, -97.3117 27.6064)",221.0,-87.055315,-5.763448,87.198624,6.477492,115.0,CORPUS CHRISTI 4 -- CORPUS CHRISTI 3,CORPUS CHRISTI 3,CORPUS CHRISTI 4,87.055315
"LINESTRING (-97.2692 27.6271, -97.2694 27.6952)",149.0,20.244296,-52.201289,-20.090876,52.452916,115.0,CORPUS CHRISTI 4 -- CORPUS CHRISTI 5,CORPUS CHRISTI 4,CORPUS CHRISTI 5,20.244296
"LINESTRING (-97.2692 27.6271, -97.3714 27.6625)",221.0,64.306334,38.348185,-64.065926,-37.310411,115.0,CORPUS CHRISTI 4 -- CORPUS CHRISTI 7,CORPUS CHRISTI 4,CORPUS CHRISTI 7,64.306334
"LINESTRING (-97.3823 28.1871, -97.553 28.1216)",149.0,48.932966,-27.670188,-48.563852,28.262885,115.0,WOODSBORO -- SINTON,WOODSBORO,SINTON,48.932966
"LINESTRING (-97.3823 28.1871, -97.1969 28.1207)",149.0,-56.072966,25.650188,56.557811,-24.600187,115.0,WOODSBORO -- ROCKPORT,ROCKPORT,WOODSBORO,56.072966
"LINESTRING (-97.8311 26.1488, -97.6675 26.2555)",221.0,-76.850685,15.295715,77.364735,-12.959111,115.0,MERCEDES -- HARLINGEN 1,HARLINGEN 1,MERCEDES,76.850685
"LINESTRING (-97.8311 26.1488, -97.6675 26.2555)",221.0,-76.850685,15.295715,77.364735,-12.959111,115.0,MERCEDES -- HARLINGEN 1,HARLINGEN 1,MERCEDES,76.850685
"LINESTRING (-97.8311 26.1488, -97.7405 26.0527)",98.0,17.87137,-69.07143,-16.943703,70.605305,115.0,MERCEDES -- SANTA MARIA,MERCEDES,SANTA MARIA,17.87137
"LINESTRING (-97.4798 27.6579, -97.8228 27.5697)",221.0,72.424404,-13.475758,-71.647914,16.697098,115.0,CORPUS CHRISTI 16 -- BISHOP,CORPUS CHRISTI 16,BISHOP,72.424404
"LINESTRING (-97.4798 27.6579, -97.8228 27.5697)",221.0,72.424404,-13.475758,-71.647914,16.697098,115.0,CORPUS CHRISTI 16 -- BISHOP,CORPUS CHRISTI 16,BISHOP,72.424404
"LINESTRING (-97.4798 27.6579, -97.3714 27.6625)",149.0,-13.860645,-5.546769,13.876482,5.03084,115.0,CORPUS CHRISTI 16 -- CORPUS CHRISTI 7,CORPUS CHRISTI 7,CORPUS CHRISTI 16,13.860645
"LINESTRING (-97.4798 27.6579, -97.4668 27.7396)",221.0,-124.399082,-0.440857,124.9797,3.952641,115.0,CORPUS CHRISTI 16 -- CORPUS CHRISTI 15,CORPUS CHRISTI 15,CORPUS CHRISTI 16,124.399082
"LINESTRING (-97.4798 27.6579, -97.4668 27.7396)",221.0,-124.399082,-0.440857,124.9797,3.952641,115.0,CORPUS CHRISTI 16 -- CORPUS CHRISTI 15,CORPUS CHRISTI 15,CORPUS CHRISTI 16,124.399082
"LINESTRING (-97.9803 26.3745, -97.867 26.2697)",156.45,-70.457884,10.413127,71.018217,-8.864184,115.0,EDCOUCH -- SANTA ROSA 1,SANTA ROSA 1,EDCOUCH,70.457884
"LINESTRING (-97.9803 26.3745, -97.9215 26.4774)",149.0,38.487884,-19.473127,-38.326673,19.49181,115.0,EDCOUCH -- HARGILL,EDCOUCH,HARGILL,38.487884
"LINESTRING (-99.3992 28.0417, -99.2143 28.2932)",149.0,-13.365698,8.877421,13.426527,-10.612944,115.0,ENCINAL -- COTULLA,COTULLA,ENCINAL,13.365698
"LINESTRING (-98.8513 28.9417, -98.8422 29.1998)",98.0,33.421909,-10.975855,-32.980715,10.530624,115.0,MOORE -- NATALIA,MOORE,NATALIA,33.421909
"LINESTRING (-98.4775 28.7044, -98.4775 28.7044)",260.0,125.364059,-11.309667,-125.183284,17.535291,230.0,CHRISTINE -- CHRISTINE,CHRISTINE,CHRISTINE,125.364059
"LINESTRING (-98.4775 28.7044, -98.4775 28.7044)",500.0,-146.821964,38.471272,147.121199,-25.009755,230.0,CHRISTINE -- CHRISTINE,CHRISTINE,CHRISTINE,146.821964
"LINESTRING (-98.4775 28.7044, -98.4775 28.7044)",500.0,-146.821964,38.471272,147.121199,-25.009755,230.0,CHRISTINE -- CHRISTINE,CHRISTINE,CHRISTINE,146.821964
"LINESTRING (-98.4775 28.7044, -99.0919 28.9275)",647.0,209.449467,-58.031743,-206.954835,69.034503,230.0,CHRISTINE -- PEARSALL,CHRISTINE,PEARSALL,209.449467
"LINESTRING (-98.4775 28.7044, -97.895 28.7334)",443.0,-41.169598,-7.601134,41.282029,-2.827772,230.0,CHRISTINE -- KENEDY,KENEDY,CHRISTINE,41.169598
"LINESTRING (-98.4775 28.7044, -98.486 28.7645)",260.0,125.183284,-17.535291,-124.756578,19.854436,115.0,CHRISTINE -- JOURDANTON,CHRISTINE,JOURDANTON,125.183284
"LINESTRING (-98.2487 26.1623, -98.1897 26.1497)",221.0,-33.845738,-44.967558,33.918737,45.081402,115.0,MCALLEN 3 -- PHARR,PHARR,MCALLEN 3,33.845738
"LINESTRING (-98.2487 26.1623, -98.1897 26.1497)",221.0,-33.845738,-44.967558,33.918737,45.081402,115.0,MCALLEN 3 -- PHARR,PHARR,MCALLEN 3,33.845738
"LINESTRING (-97.2142 28.7128, -97.2142 28.7128)",148.8,70.3143,-5.185132,-70.281233,7.10386,230.0,FANNIN -- FANNIN,FANNIN,FANNIN,70.3143
"LINESTRING (-97.2142 28.7128, -97.2142 28.7128)",148.8,70.3143,-5.185132,-70.281233,7.10386,230.0,FANNIN -- FANNIN,FANNIN,FANNIN,70.3143
"LINESTRING (-97.2142 28.7128, -97.2142 28.7128)",241.5,-76.575,27.57028,76.605328,-25.309984,230.0,FANNIN -- FANNIN,FANNIN,FANNIN,76.575
"LINESTRING (-97.2142 28.7128, -97.2142 28.7128)",241.5,-76.575,27.57028,76.605328,-25.309984,230.0,FANNIN -- FANNIN,FANNIN,FANNIN,76.575
"LINESTRING (-97.2142 28.7128, -97.2142 28.7128)",250.0,-76.575,27.57028,76.605328,-25.309984,230.0,FANNIN -- FANNIN,FANNIN,FANNIN,76.575
"LINESTRING (-97.2142 28.7128, -97.01 28.7883)",443.0,-104.258407,-12.798131,104.529767,10.403096,230.0,FANNIN -- VICTORIA 2,VICTORIA 2,FANNIN,104.258407
"LINESTRING (-97.2142 28.7128, -97.1987 28.6767)",750.0,96.677404,-29.771222,-96.652735,28.866029,230.0,FANNIN -- VICTORIA 3,FANNIN,VICTORIA 3,96.677404
"LINESTRING (-97.2142 28.7128, -97.1987 28.6767)",750.0,96.677404,-29.771222,-96.652735,28.866029,230.0,FANNIN -- VICTORIA 3,FANNIN,VICTORIA 3,96.677404
"LINESTRING (-97.2142 28.7128, -97.4286 28.8577)",221.0,122.64345,-26.272563,-121.022028,35.015772,115.0,FANNIN -- YORKTOWN,FANNIN,YORKTOWN,122.64345
"LINESTRING (-97.2142 28.7128, -97.1987 28.6767)",149.0,17.919017,12.064843,-17.906042,-12.256143,115.0,FANNIN -- VICTORIA 3,FANNIN,VICTORIA 3,17.919017
"LINESTRING (-99.3308 27.1282, -99.1031 26.6782)",149.0,-7.183951,6.322029,7.224947,-9.257088,115.0,SAN YGNACIO -- FALCON HEIGHTS 2,FALCON HEIGHTS 2,SAN YGNACIO,7.183951
"LINESTRING (-99.3308 27.1282, -99.3506 27.3735)",149.0,4.433951,-7.102029,-4.42327,5.575486,115.0,SAN YGNACIO -- LAREDO 4,SAN YGNACIO,LAREDO 4,4.433951
"LINESTRING (-97.8656 27.4442, -97.8228 27.5697)",102.9,-30.488197,2.601255,30.665853,-2.922437,115.0,KINGSVILLE -- BISHOP,BISHOP,KINGSVILLE,30.488197
"LINESTRING (-97.8656 27.4442, -97.7892 27.2231)",149.0,-60.901803,-28.491255,61.678578,30.499902,115.0,KINGSVILLE -- SARITA 1,SARITA 1,KINGSVILLE,60.901803
"LINESTRING (-99.5021 27.5138, -99.2672 27.557)",150.0,-35.559334,21.100924,35.614945,-21.186536,115.0,LAREDO 6 -- LAREDO 3,LAREDO 3,LAREDO 6,35.559334
"LINESTRING (-99.5021 27.5138, -99.3506 27.3735)",221.0,-50.632824,-24.092645,50.908588,24.744398,115.0,LAREDO 6 -- LAREDO 4,LAREDO 4,LAREDO 6,50.632824
"LINESTRING (-99.5021 27.5138, -99.3506 27.3735)",221.0,-50.632824,-24.092645,50.908588,24.744398,115.0,LAREDO 6 -- LAREDO 4,LAREDO 4,LAREDO 6,50.632824
"LINESTRING (-99.5021 27.5138, -99.462 27.5454)",223.5,10.574981,-8.685634,-10.568387,8.401552,115.0,LAREDO 6 -- LAREDO 5,LAREDO 6,LAREDO 5,10.574981
"LINESTRING (-98.2417 26.1112, -98.4762 26.3216)",221.0,-52.780241,15.03273,53.176931,-14.333001,115.0,HIDALGO -- PENITAS,PENITAS,HIDALGO,52.780241
"LINESTRING (-97.5963 27.8382, -97.5281 27.8322)",149.0,-59.149775,-25.841891,59.337466,26.218568,115.0,CORPUS CHRISTI 18 -- CORPUS CHRISTI 2,CORPUS CHRISTI 2,CORPUS CHRISTI 18,59.149775
"LINESTRING (-97.5963 27.8382, -97.4668 27.7396)",98.0,-20.010225,3.411891,20.10031,-4.065505,115.0,CORPUS CHRISTI 18 -- CORPUS CHRISTI 15,CORPUS CHRISTI 15,CORPUS CHRISTI 18,20.010225
"LINESTRING (-99.5627 28.8887, -99.0919 28.9275)",149.0,-49.810563,-6.398041,50.576612,7.195333,115.0,CRYSTAL CITY -- PEARSALL,PEARSALL,CRYSTAL CITY,49.810563
"LINESTRING (-99.5627 28.8887, -99.5085 28.5249)",98.0,14.740563,-3.541959,-14.623985,1.699993,115.0,CRYSTAL CITY -- CARRIZO SPRINGS,CRYSTAL CITY,CARRIZO SPRINGS,14.740563
"LINESTRING (-97.553 28.1216, -97.6509 28.2462)",98.0,30.679716,8.992569,-30.594828,-9.416285,115.0,SINTON -- SKIDMORE,SINTON,SKIDMORE,30.679716
"LINESTRING (-97.553 28.1216, -97.679 27.9629)",149.0,-10.835864,31.560264,10.993492,-32.12331,115.0,SINTON -- ODEM,ODEM,SINTON,10.835864
"LINESTRING (-97.7106 28.4077, -97.6509 28.2462)",98.0,-24.929802,-8.467553,24.994828,7.826285,115.0,BEEVILLE -- SKIDMORE,SKIDMORE,BEEVILLE,24.929802
"LINESTRING (-97.7106 28.4077, -97.957 28.5409)",98.0,-24.714497,8.944056,24.81477,-9.980499,115.0,BEEVILLE -- PETTUS,PETTUS,BEEVILLE,24.714497
"LINESTRING (-97.7106 28.4077, -97.5792 28.5683)",98.0,-33.655697,-24.076494,34.121232,24.012593,115.0,BEEVILLE -- GOLIAD,GOLIAD,BEEVILLE,33.655697
"LINESTRING (-98.3762 26.2287, -98.3762 26.2287)",384.0,222.987224,-57.716516,-222.629892,70.869113,230.0,MISSION 4 -- MISSION 4,MISSION 4,MISSION 4,222.987224
"LINESTRING (-98.3762 26.2287, -98.3762 26.2287)",384.0,222.987224,-57.716516,-222.629892,70.869113,230.0,MISSION 4 -- MISSION 4,MISSION 4,MISSION 4,222.987224
"LINESTRING (-98.3762 26.2287, -98.3992 26.208)",750.0,185.589313,0.221358,-185.523881,-0.439607,230.0,MISSION 4 -- MISSION 1,MISSION 4,MISSION 1,185.589313
"LINESTRING (-98.3762 26.2287, -98.3992 26.208)",750.0,185.589313,0.221358,-185.523881,-0.439607,230.0,MISSION 4 -- MISSION 1,MISSION 4,MISSION 1,185.589313
"LINESTRING (-98.3762 26.2287, -97.5994 27.0011)",750.0,-272.384358,38.330106,277.478152,-16.727904,230.0,MISSION 4 -- ARMSTRONG 1,ARMSTRONG 1,MISSION 4,272.384358
"LINESTRING (-98.3762 26.2287, -97.5994 27.0011)",750.0,-272.384358,38.330106,277.478152,-16.727904,230.0,MISSION 4 -- ARMSTRONG 1,ARMSTRONG 1,MISSION 4,272.384358
"LINESTRING (-98.3762 26.2287, -97.5994 27.0011)",750.0,-272.384358,38.330106,277.478152,-16.727904,230.0,MISSION 4 -- ARMSTRONG 1,ARMSTRONG 1,MISSION 4,272.384358
"LINESTRING (-98.3762 26.2287, -98.3992 26.208)",250.0,-151.332602,67.775557,151.6743,-65.783351,115.0,MISSION 4 -- MISSION 1,MISSION 1,MISSION 4,151.332602
"LINESTRING (-98.3762 26.2287, -98.3992 26.208)",250.0,-151.332602,67.775557,151.6743,-65.783351,115.0,MISSION 4 -- MISSION 1,MISSION 1,MISSION 4,151.332602
"LINESTRING (-98.3762 26.2287, -98.3992 26.208)",250.0,-151.332602,67.775557,151.6743,-65.783351,115.0,MISSION 4 -- MISSION 1,MISSION 1,MISSION 4,151.332602
"LINESTRING (-98.3762 26.2287, -98.3701 26.3189)",300.0,170.520769,13.822251,-169.39788,-6.609019,115.0,MISSION 4 -- MISSION 3,MISSION 4,MISSION 3,170.520769
"LINESTRING (-98.3762 26.2287, -98.3701 26.3189)",300.0,170.520769,13.822251,-169.39788,-6.609019,115.0,MISSION 4 -- MISSION 3,MISSION 4,MISSION 3,170.520769
"LINESTRING (-98.3762 26.2287, -98.3701 26.3189)",300.0,170.520769,13.822251,-169.39788,-6.609019,115.0,MISSION 4 -- MISSION 3,MISSION 4,MISSION 3,170.520769
"LINESTRING (-98.1213 26.1445, -98.1213 26.1445)",442.0,254.560928,-28.798813,-254.243074,48.925733,230.0,SAN JUAN -- SAN JUAN,SAN JUAN,SAN JUAN,254.560928
"LINESTRING (-98.1213 26.1445, -98.1213 26.1445)",442.0,254.560928,-28.798813,-254.243074,48.925733,230.0,SAN JUAN -- SAN JUAN,SAN JUAN,SAN JUAN,254.560928
"LINESTRING (-98.1213 26.1445, -98.1213 26.1445)",442.0,254.560928,-28.798813,-254.243074,48.925733,230.0,SAN JUAN -- SAN JUAN,SAN JUAN,SAN JUAN,254.560928
"LINESTRING (-98.1213 26.1445, -98.3992 26.208)",820.0,-381.841391,43.19822,384.273621,-25.737116,230.0,SAN JUAN -- MISSION 1,MISSION 1,SAN JUAN,381.841391
"LINESTRING (-98.1213 26.1445, -98.3992 26.208)",820.0,-381.841391,43.19822,384.273621,-25.737116,230.0,SAN JUAN -- MISSION 1,MISSION 1,SAN JUAN,381.841391
"LINESTRING (-98.1213 26.1445, -98.1897 26.1497)",375.0,140.92364,-91.531627,-140.178752,95.883291,115.0,SAN JUAN -- PHARR,SAN JUAN,PHARR,140.92364
"LINESTRING (-98.1213 26.1445, -98.1897 26.1497)",375.0,140.92364,-91.531627,-140.178752,95.883291,115.0,SAN JUAN -- PHARR,SAN JUAN,PHARR,140.92364
"LINESTRING (-98.1213 26.1445, -98.0587 26.1619)",331.5,132.850978,-12.341921,-132.401926,14.809739,115.0,SAN JUAN -- DONNA,SAN JUAN,DONNA,132.850978
"LINESTRING (-98.1213 26.1445, -98.0587 26.1619)",331.5,132.850978,-12.341921,-132.401926,14.809739,115.0,SAN JUAN -- DONNA,SAN JUAN,DONNA,132.850978
"LINESTRING (-99.1031 26.6782, -99.113 26.5326)",149.0,-9.694947,8.557088,9.713934,-9.363498,115.0,FALCON HEIGHTS 2 -- ROMA,ROMA,FALCON HEIGHTS 2,9.694947
"LINESTRING (-99.1642 26.5575, -99.1642 26.5575)",120.0,-93.12002,14.356386,93.400001,-1.539926,115.0,FALCON HEIGHTS 1 -- FALCON HEIGHTS 1,FALCON HEIGHTS 1,FALCON HEIGHTS 1,93.12002
"LINESTRING (-99.1642 26.5575, -99.1642 26.5575)",40.0,-28.451312,2.258823,28.500001,-0.469944,115.0,FALCON HEIGHTS 1 -- FALCON HEIGHTS 1,FALCON HEIGHTS 1,FALCON HEIGHTS 1,28.451312
"LINESTRING (-99.1642 26.5575, -99.1642 26.5575)",250.0,-27.441785,3.858208,27.480001,-3.229941,115.0,FALCON HEIGHTS 1 -- FALCON HEIGHTS 1,FALCON HEIGHTS 1,FALCON HEIGHTS 1,27.441785
"LINESTRING (-99.1642 26.5575, -99.113 26.5326)",221.0,119.334766,-6.55022,-118.997912,8.508993,115.0,FALCON HEIGHTS 1 -- ROMA,FALCON HEIGHTS 1,ROMA,119.334766
"LINESTRING (-99.1642 26.5575, -99.1628 26.9309)",149.0,29.678351,-13.923197,-29.387552,12.919946,115.0,FALCON HEIGHTS 1 -- ZAPATA,FALCON HEIGHTS 1,ZAPATA,29.678351
"LINESTRING (-98.4945 26.2428, -98.4762 26.3216)",221.0,79.724729,-5.860163,-79.496931,6.873001,115.0,LA JOYA -- PENITAS,LA JOYA,PENITAS,79.724729
"LINESTRING (-98.4945 26.2428, -98.5672 26.2537)",221.0,-46.412365,1.075082,46.475493,-1.071992,115.0,LA JOYA -- SULLIVAN CITY,SULLIVAN CITY,LA JOYA,46.412365
"LINESTRING (-98.4945 26.2428, -98.5672 26.2537)",221.0,-46.412365,1.075082,46.475493,-1.071992,115.0,LA JOYA -- SULLIVAN CITY,SULLIVAN CITY,LA JOYA,46.412365
"LINESTRING (-97.5857 26.3307, -97.5857 26.3307)",195.0,-74.796802,16.935857,75.000001,-12.776814,115.0,SEBASTIAN 2 -- SEBASTIAN 2,SEBASTIAN 2,SEBASTIAN 2,74.796802
"LINESTRING (-97.5857 26.3307, -97.5857 26.3307)",195.0,-74.796802,16.935857,75.000001,-12.776814,115.0,SEBASTIAN 2 -- SEBASTIAN 2,SEBASTIAN 2,SEBASTIAN 2,74.796802
"LINESTRING (-97.5857 26.3307, -97.489 26.2614)",149.0,-1.83634,-55.101708,2.083454,55.473497,115.0,SEBASTIAN 2 -- RIO HONDO,RIO HONDO,SEBASTIAN 2,1.83634
"LINESTRING (-97.5857 26.3307, -97.6668 26.3489)",221.0,75.714972,10.614996,-75.518031,-9.725606,115.0,SEBASTIAN 2 -- SEBASTIAN 1,SEBASTIAN 2,SEBASTIAN 1,75.714972
"LINESTRING (-97.5857 26.3307, -97.6668 26.3489)",221.0,75.714972,10.614996,-75.518031,-9.725606,115.0,SEBASTIAN 2 -- SEBASTIAN 1,SEBASTIAN 2,SEBASTIAN 1,75.714972
"LINESTRING (-97.8228 27.5697, -97.8228 27.5697)",100.0,-44.116616,-19.033358,44.2,22.499934,115.0,BISHOP -- BISHOP,BISHOP,BISHOP,44.116616
"LINESTRING (-97.8228 27.5697, -98.0757 27.6599)",221.0,67.356591,-36.768402,-66.550003,39.84443,115.0,BISHOP -- ALICE,BISHOP,ALICE,67.356591
"LINESTRING (-97.7738 26.911, -97.5994 27.0011)",221.0,-57.52619,-2.180123,57.786634,2.72805,115.0,ARMSTRONG 2 -- ARMSTRONG 1,ARMSTRONG 1,ARMSTRONG 2,57.52619
"LINESTRING (-97.7738 26.911, -97.5994 27.0011)",221.0,-57.52619,-2.180123,57.786634,2.72805,115.0,ARMSTRONG 2 -- ARMSTRONG 1,ARMSTRONG 1,ARMSTRONG 2,57.52619
"LINESTRING (-97.7738 26.911, -97.4423 26.5693)",221.0,57.47119,2.165123,-56.81496,-1.146233,115.0,ARMSTRONG 2 -- RAYMONDVILLE,ARMSTRONG 2,RAYMONDVILLE,57.47119
"LINESTRING (-97.7738 26.911, -97.4423 26.5693)",221.0,57.47119,2.165123,-56.81496,-1.146233,115.0,ARMSTRONG 2 -- RAYMONDVILLE,ARMSTRONG 2,RAYMONDVILLE,57.47119
"LINESTRING (-97.3925 27.8194, -97.3852 27.7299)",221.0,23.136008,6.386219,-23.112638,-6.819661,115.0,CORPUS CHRISTI 9 -- CORPUS CHRISTI 8,CORPUS CHRISTI 9,CORPUS CHRISTI 8,23.136008
"LINESTRING (-97.3925 27.8194, -97.3852 27.7299)",221.0,23.136008,6.386219,-23.112638,-6.819661,115.0,CORPUS CHRISTI 9 -- CORPUS CHRISTI 8,CORPUS CHRISTI 9,CORPUS CHRISTI 8,23.136008
"LINESTRING (-97.3925 27.8194, -97.4063 27.6833)",149.0,77.164263,-3.326946,-76.560384,5.117279,115.0,CORPUS CHRISTI 9 -- CORPUS CHRISTI 11,CORPUS CHRISTI 9,CORPUS CHRISTI 11,77.164263
"LINESTRING (-97.3925 27.8194, -97.3842 27.8921)",221.0,-70.60814,-7.242746,70.773482,7.9181,115.0,CORPUS CHRISTI 9 -- PORTLAND,PORTLAND,CORPUS CHRISTI 9,70.60814
"LINESTRING (-97.3925 27.8194, -97.3842 27.8921)",221.0,-70.60814,-7.242746,70.773482,7.9181,115.0,CORPUS CHRISTI 9 -- PORTLAND,PORTLAND,CORPUS CHRISTI 9,70.60814
"LINESTRING (-97.2584 27.8893, -97.2584 27.8893)",500.0,320.346334,58.174104,-319.541432,-28.991965,230.0,GREGORY -- GREGORY,GREGORY,GREGORY,320.346334
"LINESTRING (-97.2584 27.8893, -97.2584 27.8893)",185.0,-143.761012,-12.688036,143.999991,22.937794,230.0,GREGORY -- GREGORY,GREGORY,GREGORY,143.761012
"LINESTRING (-97.2584 27.8893, -97.2584 27.8893)",185.0,-143.653304,-14.935557,143.99999,23.620308,230.0,GREGORY -- GREGORY,GREGORY,GREGORY,143.653304
"LINESTRING (-97.2584 27.8893, -97.2584 27.8893)",185.0,-143.629034,-3.700375,143.99999,18.359214,230.0,GREGORY -- GREGORY,GREGORY,GREGORY,143.629034
"LINESTRING (-97.2584 27.8893, -97.2584 27.8893)",259.0,-171.959519,-9.871629,172.329955,24.248533,230.0,GREGORY -- GREGORY,GREGORY,GREGORY,171.959519
"LINESTRING (-97.2584 27.8893, -97.2584 27.8893)",264.0,-166.865275,-2.078423,167.539571,18.947579,230.0,GREGORY -- GREGORY,GREGORY,GREGORY,166.865275
"LINESTRING (-97.2584 27.8893, -97.2584 27.8893)",260.0,-172.136619,-11.534477,172.329973,26.201736,230.0,GREGORY -- GREGORY,GREGORY,GREGORY,172.136619
"LINESTRING (-97.2584 27.8893, -97.4283 27.8139)",750.0,376.105813,17.904395,-374.621587,-7.671846,230.0,GREGORY -- CORPUS CHRISTI 1,GREGORY,CORPUS CHRISTI 1,376.105813
"LINESTRING (-97.2584 27.8893, -97.2967 27.9958)",647.0,245.552617,-21.270003,-244.953508,24.526325,230.0,GREGORY -- TAFT 1,GREGORY,TAFT 1,245.552617
"LINESTRING (-97.2584 27.8893, -97.203 27.8679)",221.0,59.400514,7.962516,-59.31588,-7.800084,115.0,GREGORY -- INGLESIDE,GREGORY,INGLESIDE,59.400514
"LINESTRING (-97.2584 27.8893, -97.203 27.8679)",221.0,59.400514,7.962516,-59.31588,-7.800084,115.0,GREGORY -- INGLESIDE,GREGORY,INGLESIDE,59.400514
"LINESTRING (-97.2584 27.8893, -97.3842 27.8921)",221.0,100.370202,6.533467,-99.875148,-3.815982,115.0,GREGORY -- PORTLAND,GREGORY,PORTLAND,100.370202
"LINESTRING (-97.2584 27.8893, -97.3842 27.8921)",221.0,100.370202,6.533467,-99.875148,-3.815982,115.0,GREGORY -- PORTLAND,GREGORY,PORTLAND,100.370202
"LINESTRING (-97.5281 27.8322, -97.5281 27.8322)",100.0,-46.820128,-6.618629,46.999999,10.382559,115.0,CORPUS CHRISTI 2 -- CORPUS CHRISTI 2,CORPUS CHRISTI 2,CORPUS CHRISTI 2,46.820128
"LINESTRING (-97.5281 27.8322, -97.5188 27.7712)",98.0,-25.09769,6.933166,25.156864,-7.157513,115.0,CORPUS CHRISTI 2 -- CORPUS CHRISTI 17,CORPUS CHRISTI 17,CORPUS CHRISTI 2,25.09769
"LINESTRING (-97.5281 27.8322, -97.679 27.9629)",221.0,73.085086,-13.587022,-72.626858,15.46291,115.0,CORPUS CHRISTI 2 -- ODEM,CORPUS CHRISTI 2,ODEM,73.085086
"LINESTRING (-97.5281 27.8322, -97.679 27.9629)",221.0,73.085086,-13.587022,-72.626858,15.46291,115.0,CORPUS CHRISTI 2 -- ODEM,CORPUS CHRISTI 2,ODEM,73.085086
"LINESTRING (-97.5281 27.8322, -97.4586 27.9386)",221.0,-71.20491,-0.92953,71.482187,1.845156,115.0,CORPUS CHRISTI 2 -- TAFT 2,TAFT 2,CORPUS CHRISTI 2,71.20491
"LINESTRING (-97.5281 27.8322, -97.4586 27.9386)",221.0,-71.20491,-0.92953,71.482187,1.845156,115.0,CORPUS CHRISTI 2 -- TAFT 2,TAFT 2,CORPUS CHRISTI 2,71.20491
"LINESTRING (-97.9892 26.1586, -98.0394 26.3078)",149.0,-24.152891,27.734421,24.303572,-28.064101,115.0,WESLACO -- ELSA,ELSA,WESLACO,24.152891
"LINESTRING (-97.9892 26.1586, -98.0587 26.1619)",221.0,-83.688554,45.450124,83.929674,-44.353331,115.0,WESLACO -- DONNA,DONNA,WESLACO,83.688554
"LINESTRING (-97.9892 26.1586, -98.0587 26.1619)",221.0,-83.688554,45.450124,83.929674,-44.353331,115.0,WESLACO -- DONNA,DONNA,WESLACO,83.688554
"LINESTRING (-97.6675 26.2555, -97.7436 26.2528)",300.0,194.286317,-25.298642,-193.076355,33.117317,115.0,HARLINGEN 1 -- HARLINGEN 2,HARLINGEN 1,HARLINGEN 2,194.286317
"LINESTRING (-97.6675 26.2555, -97.6668 26.3489)",300.0,-169.491929,2.012288,170.730367,6.01608,115.0,HARLINGEN 1 -- SEBASTIAN 1,SEBASTIAN 1,HARLINGEN 1,169.491929
"LINESTRING (-97.6675 26.2555, -97.6668 26.3489)",300.0,-169.491929,2.012288,170.730367,6.01608,115.0,HARLINGEN 1 -- SEBASTIAN 1,SEBASTIAN 1,HARLINGEN 1,169.491929
"LINESTRING (-97.6675 26.2555, -97.6668 26.3489)",300.0,-169.491929,2.012288,170.730367,6.01608,115.0,HARLINGEN 1 -- SEBASTIAN 1,SEBASTIAN 1,HARLINGEN 1,169.491929
"LINESTRING (-98.0394 26.3078, -98.092 26.4515)",147.0,30.175818,-21.013741,-30.064606,20.668401,115.0,ELSA -- EDINBURG 1,ELSA,EDINBURG 1,30.175818
"LINESTRING (-98.0394 26.3078, -97.7949 26.3453)",149.0,-82.46939,41.147842,83.830877,-36.471666,115.0,ELSA -- SANTA ROSA 2,SANTA ROSA 2,ELSA,82.46939
"LINESTRING (-97.5188 27.7712, -97.3991 27.768)",98.0,-29.396864,5.957513,29.450897,-6.314818,115.0,CORPUS CHRISTI 17 -- CORPUS CHRISTI 10,CORPUS CHRISTI 10,CORPUS CHRISTI 17,29.396864
"LINESTRING (-97.3179 25.9439, -97.3179 25.9439)",353.0,192.019956,40.090407,-191.611769,-25.611572,230.0,BROWNSVILLE 2 -- BROWNSVILLE 2,BROWNSVILLE 2,BROWNSVILLE 2,192.019956
"LINESTRING (-97.3179 25.9439, -97.3179 25.9439)",353.0,192.019956,40.090407,-191.611769,-25.611572,230.0,BROWNSVILLE 2 -- BROWNSVILLE 2,BROWNSVILLE 2,BROWNSVILLE 2,192.019956
"LINESTRING (-97.3179 25.9439, -97.6911 26.4753)",443.0,-0.524339,-26.558984,0.533273,18.632112,230.0,BROWNSVILLE 2 -- SAN PERLITA,SAN PERLITA,BROWNSVILLE 2,0.524339
"LINESTRING (-97.3179 25.9439, -97.5214 25.9131)",750.0,-191.757787,-26.810915,192.206383,25.90886,230.0,BROWNSVILLE 2 -- BROWNSVILLE 1,BROWNSVILLE 1,BROWNSVILLE 2,191.757787
"LINESTRING (-97.3179 25.9439, -97.5214 25.9131)",750.0,-191.757787,-26.810915,192.206383,25.90886,230.0,BROWNSVILLE 2 -- BROWNSVILLE 1,BROWNSVILLE 1,BROWNSVILLE 2,191.757787
"LINESTRING (-97.3179 25.9439, -97.3128 26.0516)",221.0,101.773538,-28.526857,-100.867432,31.910916,115.0,BROWNSVILLE 2 -- PORT ISABEL,BROWNSVILLE 2,PORT ISABEL,101.773538
"LINESTRING (-97.3991 27.768, -97.345 27.7036)",221.0,125.718312,-16.240299,-124.771573,19.627055,115.0,CORPUS CHRISTI 10 -- CORPUS CHRISTI 6,CORPUS CHRISTI 10,CORPUS CHRISTI 6,125.718312
"LINESTRING (-97.3991 27.768, -97.4404 27.8107)",221.0,-103.439604,3.952558,103.706993,-2.456974,115.0,CORPUS CHRISTI 10 -- CORPUS CHRISTI 14,CORPUS CHRISTI 14,CORPUS CHRISTI 10,103.439604
"LINESTRING (-97.3991 27.768, -97.4404 27.8107)",221.0,-103.439604,3.952558,103.706993,-2.456974,115.0,CORPUS CHRISTI 10 -- CORPUS CHRISTI 14,CORPUS CHRISTI 14,CORPUS CHRISTI 10,103.439604
"LINESTRING (-98.3992 26.208, -98.3992 26.208)",416.85,258.732606,-77.161383,-258.442851,87.976831,230.0,MISSION 1 -- MISSION 1,MISSION 1,MISSION 1,258.732606
"LINESTRING (-98.3992 26.208, -98.3992 26.208)",416.85,258.732606,-77.161383,-258.442851,87.976831,230.0,MISSION 1 -- MISSION 1,MISSION 1,MISSION 1,258.732606
"LINESTRING (-98.3992 26.208, -98.3992 26.208)",220.0,-0.0,-0.0,-0.0,-0.0,230.0,MISSION 1 -- MISSION 1,MISSION 1,MISSION 1,0.0
"LINESTRING (-98.3992 26.208, -98.3992 26.208)",220.0,-52.857931,21.251022,52.899999,-19.569993,230.0,MISSION 1 -- MISSION 1,MISSION 1,MISSION 1,52.857931
"LINESTRING (-98.3992 26.208, -98.3992 26.208)",220.0,-52.862015,21.488056,52.899999,-19.569993,230.0,MISSION 1 -- MISSION 1,MISSION 1,MISSION 1,52.862015
"LINESTRING (-98.3992 26.208, -99.3506 27.3735)",548.0,-65.667734,2.329734,65.895493,-13.35192,230.0,MISSION 1 -- LAREDO 4,LAREDO 4,MISSION 1,65.667734
"LINESTRING (-98.3992 26.208, -97.6911 26.4753)",750.0,-328.011188,80.325511,338.126459,-23.335654,230.0,MISSION 1 -- SAN PERLITA,SAN PERLITA,MISSION 1,328.011188
"LINESTRING (-98.3992 26.208, -97.5214 25.9131)",820.0,-415.565825,81.281888,425.291262,-5.510036,230.0,MISSION 1 -- BROWNSVILLE 1,BROWNSVILLE 1,MISSION 1,415.565825
"LINESTRING (-98.3992 26.208, -98.5672 26.2537)",221.0,61.8628,21.396391,-61.49406,-20.30256,115.0,MISSION 1 -- SULLIVAN CITY,MISSION 1,SULLIVAN CITY,61.8628
"LINESTRING (-97.3852 27.7299, -97.4365 27.752)",250.0,-35.527766,-9.921508,35.56715,9.859957,115.0,CORPUS CHRISTI 8 -- CORPUS CHRISTI 12,CORPUS CHRISTI 12,CORPUS CHRISTI 8,35.527766
"LINESTRING (-97.3852 27.7299, -97.115 27.7774)",98.0,-2.316957,-0.259171,2.317743,-1.244335,115.0,CORPUS CHRISTI 8 -- PORT ARANSAS,PORT ARANSAS,CORPUS CHRISTI 8,2.316957
"LINESTRING (-98.3701 26.3189, -98.3 26.2964)",375.0,168.49182,-14.341472,-167.665566,19.524555,115.0,MISSION 3 -- MISSION 2,MISSION 3,MISSION 2,168.49182
"LINESTRING (-98.3701 26.3189, -98.3 26.2964)",375.0,168.49182,-14.341472,-167.665566,19.524555,115.0,MISSION 3 -- MISSION 2,MISSION 3,MISSION 2,168.49182
"LINESTRING (-97.3117 27.6064, -97.3117 27.6064)",171.0,87.272572,10.454837,-87.198624,-6.477492,230.0,CORPUS CHRISTI 3 -- CORPUS CHRISTI 3,CORPUS CHRISTI 3,CORPUS CHRISTI 3,87.272572
"LINESTRING (-97.3117 27.6064, -97.3117 27.6064)",171.0,87.272572,10.454837,-87.198624,-6.477492,230.0,CORPUS CHRISTI 3 -- CORPUS CHRISTI 3,CORPUS CHRISTI 3,CORPUS CHRISTI 3,87.272572
"LINESTRING (-97.3117 27.6064, -97.3117 27.6064)",342.0,-215.244412,-3.80713,215.723648,23.820189,230.0,CORPUS CHRISTI 3 -- CORPUS CHRISTI 3,CORPUS CHRISTI 3,CORPUS CHRISTI 3,215.244412
"LINESTRING (-97.3117 27.6064, -97.3117 27.6064)",342.0,-218.103143,-4.148876,218.55455,23.079513,230.0,CORPUS CHRISTI 3 -- CORPUS CHRISTI 3,CORPUS CHRISTI 3,CORPUS CHRISTI 3,218.103143
"LINESTRING (-97.3117 27.6064, -97.3117 27.6064)",338.0,-241.255771,-11.779084,241.450226,24.433602,230.0,CORPUS CHRISTI 3 -- CORPUS CHRISTI 3,CORPUS CHRISTI 3,CORPUS CHRISTI 3,241.255771
"LINESTRING (-97.3117 27.6064, -97.3117 27.6064)",500.0,-105.548265,-8.501906,105.60001,10.587042,230.0,CORPUS CHRISTI 3 -- CORPUS CHRISTI 3,CORPUS CHRISTI 3,CORPUS CHRISTI 3,105.548265
"LINESTRING (-97.3117 27.6064, -97.7892 27.2231)",750.0,208.028003,-17.374905,-206.468306,16.156433,230.0,CORPUS CHRISTI 3 -- SARITA 1,CORPUS CHRISTI 3,SARITA 1,208.028003
"LINESTRING (-97.3117 27.6064, -97.5994 27.0011)",750.0,213.706961,-6.963364,-211.817504,6.660734,230.0,CORPUS CHRISTI 3 -- ARMSTRONG 1,CORPUS CHRISTI 3,ARMSTRONG 1,213.706961
"LINESTRING (-97.3117 27.6064, -97.2967 27.9958)",647.0,-239.006248,11.494229,241.011856,-0.958966,230.0,CORPUS CHRISTI 3 -- TAFT 1,TAFT 1,CORPUS CHRISTI 3,239.006248
"LINESTRING (-97.3117 27.6064, -97.6911 26.4753)",820.0,422.87773,20.171361,-419.811166,2.374836,230.0,CORPUS CHRISTI 3 -- SAN PERLITA,CORPUS CHRISTI 3,SAN PERLITA,422.87773
"LINESTRING (-97.489 26.2614, -97.3128 26.0516)",149.0,-62.185592,45.834625,63.317432,-42.550916,115.0,RIO HONDO -- PORT ISABEL,PORT ISABEL,RIO HONDO,62.185592
"LINESTRING (-97.489 26.2614, -97.2718 26.235)",149.0,40.232138,13.603932,-39.9769,-13.749414,115.0,RIO HONDO -- LOS FRESNOS,RIO HONDO,LOS FRESNOS,40.232138
"LINESTRING (-97.2694 27.6952, -97.345 27.7036)",221.0,18.010876,88.142078,-17.621726,-86.872375,115.0,CORPUS CHRISTI 5 -- CORPUS CHRISTI 6,CORPUS CHRISTI 5,CORPUS CHRISTI 6,18.010876
"LINESTRING (-97.867 26.2697, -97.867 26.2697)",28.0,0.0,0.0,-0.0,-0.0,115.0,SANTA ROSA 1 -- SANTA ROSA 1,SANTA ROSA 1,SANTA ROSA 1,0.0
"LINESTRING (-97.867 26.2697, -97.867 26.2697)",37.0,-23.478264,3.889878,23.5,-2.869983,115.0,SANTA ROSA 1 -- SANTA ROSA 1,SANTA ROSA 1,SANTA ROSA 1,23.478264
"LINESTRING (-97.867 26.2697, -97.867 26.2697)",48.0,0.0,-0.0,0.0,-0.0,115.0,SANTA ROSA 1 -- SANTA ROSA 1,SANTA ROSA 1,SANTA ROSA 1,0.0
"LINESTRING (-97.867 26.2697, -97.867 26.2697)",40.0,-27.898329,5.178117,28.0,-3.419981,115.0,SANTA ROSA 1 -- SANTA ROSA 1,SANTA ROSA 1,SANTA ROSA 1,27.898329
"LINESTRING (-97.867 26.2697, -97.867 26.2697)",40.0,-27.982893,4.082319,28.0,-3.419983,115.0,SANTA ROSA 1 -- SANTA ROSA 1,SANTA ROSA 1,SANTA ROSA 1,27.982893
"LINESTRING (-97.867 26.2697, -97.867 26.2697)",40.0,-27.944384,4.768114,28.0,-3.419982,115.0,SANTA ROSA 1 -- SANTA ROSA 1,SANTA ROSA 1,SANTA ROSA 1,27.944384
"LINESTRING (-97.867 26.2697, -97.867 26.2697)",40.0,0.0,0.0,0.0,0.0,115.0,SANTA ROSA 1 -- SANTA ROSA 1,SANTA ROSA 1,SANTA ROSA 1,0.0
"LINESTRING (-97.867 26.2697, -97.867 26.2697)",40.0,-27.933094,4.94983,28.0,-3.419982,115.0,SANTA ROSA 1 -- SANTA ROSA 1,SANTA ROSA 1,SANTA ROSA 1,27.933094
"LINESTRING (-97.867 26.2697, -97.867 26.2697)",40.0,0.0,0.0,0.0,0.0,115.0,SANTA ROSA 1 -- SANTA ROSA 1,SANTA ROSA 1,SANTA ROSA 1,0.0
"LINESTRING (-97.867 26.2697, -97.6668 26.3489)",166.88,-86.100659,21.041682,87.260553,-17.512627,115.0,SANTA ROSA 1 -- SEBASTIAN 1,SEBASTIAN 1,SANTA ROSA 1,86.100659
"LINESTRING (-97.679 27.9629, -97.808 28.1032)",221.0,59.545112,-1.551255,-59.261054,2.281687,115.0,ODEM -- MATHIS,ODEM,MATHIS,59.545112
"LINESTRING (-97.679 27.9629, -97.808 28.1032)",221.0,59.545112,-1.551255,-59.261054,2.281687,115.0,ODEM -- MATHIS,ODEM,MATHIS,59.545112
"LINESTRING (-97.4388 27.7742, -97.4365 27.752)",250.0,82.207107,23.390468,-82.08715,-23.039957,115.0,CORPUS CHRISTI 13 -- CORPUS CHRISTI 12,CORPUS CHRISTI 13,CORPUS CHRISTI 12,82.207107
"LINESTRING (-97.4388 27.7742, -97.4668 27.7396)",232.05,141.678138,5.866258,-141.294855,-3.694888,115.0,CORPUS CHRISTI 13 -- CORPUS CHRISTI 15,CORPUS CHRISTI 13,CORPUS CHRISTI 15,141.678138
"LINESTRING (-97.4388 27.7742, -97.4668 27.7396)",232.05,141.678138,5.866258,-141.294855,-3.694888,115.0,CORPUS CHRISTI 13 -- CORPUS CHRISTI 15,CORPUS CHRISTI 13,CORPUS CHRISTI 15,141.678138
"LINESTRING (-97.4388 27.7742, -97.4404 27.8107)",221.0,-138.721127,-16.487661,139.03965,18.464551,115.0,CORPUS CHRISTI 13 -- CORPUS CHRISTI 14,CORPUS CHRISTI 14,CORPUS CHRISTI 13,138.721127
"LINESTRING (-97.4388 27.7742, -97.4404 27.8107)",221.0,-138.721127,-16.487661,139.03965,18.464551,115.0,CORPUS CHRISTI 13 -- CORPUS CHRISTI 14,CORPUS CHRISTI 14,CORPUS CHRISTI 13,138.721127
"LINESTRING (-97.4388 27.7742, -97.4404 27.8107)",221.0,-138.721127,-16.487661,139.03965,18.464551,115.0,CORPUS CHRISTI 13 -- CORPUS CHRISTI 14,CORPUS CHRISTI 14,CORPUS CHRISTI 13,138.721127
"LINESTRING (-99.2672 27.557, -99.1261 27.7517)",149.0,-71.660145,-7.822397,72.564499,10.040751,115.0,LAREDO 3 -- LAREDO 2,LAREDO 2,LAREDO 3,71.660145
"LINESTRING (-99.2672 27.557, -99.0053 27.4881)",156.45,-92.0948,-7.301067,93.651662,12.739891,115.0,LAREDO 3 -- OILTON,OILTON,LAREDO 3,92.0948
"LINESTRING (-97.5261 26.0218, -97.4436 25.9889)",300.0,-172.545853,37.471608,173.677997,-30.738491,115.0,OLMITO -- BROWNSVILLE 3,BROWNSVILLE 3,OLMITO,172.545853
"LINESTRING (-97.5261 26.0218, -97.4436 25.9889)",300.0,-172.545853,37.471608,173.677997,-30.738491,115.0,OLMITO -- BROWNSVILLE 3,BROWNSVILLE 3,OLMITO,172.545853
"LINESTRING (-97.5261 26.0218, -97.6293 26.1061)",280.0,160.460853,-40.896608,-158.927796,50.534687,115.0,OLMITO -- SAN BENITO,OLMITO,SAN BENITO,160.460853
"LINESTRING (-97.5261 26.0218, -97.6293 26.1061)",280.0,160.460853,-40.896608,-158.927796,50.534687,115.0,OLMITO -- SAN BENITO,OLMITO,SAN BENITO,160.460853
"LINESTRING (-97.4586 27.9386, -97.4586 27.9386)",143.36,-67.342295,-12.847742,67.500001,16.481527,115.0,TAFT 2 -- TAFT 2,TAFT 2,TAFT 2,67.342295
"LINESTRING (-97.4586 27.9386, -97.4586 27.9386)",143.36,-67.342295,-12.847742,67.500001,16.481527,115.0,TAFT 2 -- TAFT 2,TAFT 2,TAFT 2,67.342295
"LINESTRING (-97.4586 27.9386, -97.3842 27.8921)",98.0,-8.279783,22.005172,8.343332,-22.334236,115.0,TAFT 2 -- PORTLAND,PORTLAND,TAFT 2,8.279783
"LINESTRING (-97.203 27.8679, -97.0922 27.873)",149.0,90.291761,7.570167,-89.704959,-5.620811,115.0,INGLESIDE -- ARANSAS PASS,INGLESIDE,ARANSAS PASS,90.291761
"LINESTRING (-97.4063 27.6833, -97.345 27.7036)",147.0,-34.299616,-36.527279,34.383299,36.645321,115.0,CORPUS CHRISTI 11 -- CORPUS CHRISTI 6,CORPUS CHRISTI 6,CORPUS CHRISTI 11,34.299616
"LINESTRING (-97.2718 26.235, -97.6293 26.1061)",149.0,-17.3731,-2.500586,17.450082,0.493097,115.0,LOS FRESNOS -- SAN BENITO,SAN BENITO,LOS FRESNOS,17.3731
"LINESTRING (-97.7436 26.2528, -97.7949 26.3453)",221.0,88.996355,-62.607317,-88.070771,66.107678,115.0,HARLINGEN 2 -- SANTA ROSA 2,HARLINGEN 2,SANTA ROSA 2,88.996355
"LINESTRING (-97.9014 27.1391, -98.2162 26.8805)",221.0,107.795919,-3.291253,-105.883563,13.737862,115.0,RIVIERA -- FALFURRIAS,RIVIERA,FALFURRIAS,107.795919
"LINESTRING (-97.9014 27.1391, -98.2162 26.8805)",221.0,107.795919,-3.291253,-105.883563,13.737862,115.0,RIVIERA -- FALFURRIAS,RIVIERA,FALFURRIAS,107.795919
"LINESTRING (-97.9014 27.1391, -97.7892 27.2231)",221.0,-110.590919,2.501253,111.278781,1.403489,115.0,RIVIERA -- SARITA 1,SARITA 1,RIVIERA,110.590919
"LINESTRING (-97.9014 27.1391, -97.7892 27.2231)",221.0,-110.590919,2.501253,111.278781,1.403489,115.0,RIVIERA -- SARITA 1,SARITA 1,RIVIERA,110.590919
"LINESTRING (-99.5089 27.5667, -99.5089 27.5667)",387.0,165.514147,31.062659,-165.334534,-26.387745,230.0,LAREDO 1 -- LAREDO 1,LAREDO 1,LAREDO 1,165.514147
"LINESTRING (-99.5089 27.5667, -99.5089 27.5667)",180.0,-39.52399,15.486726,39.539999,-14.629989,230.0,LAREDO 1 -- LAREDO 1,LAREDO 1,LAREDO 1,39.52399
"LINESTRING (-99.5089 27.5667, -99.5089 27.5667)",180.0,-39.514312,15.531579,39.539999,-14.629989,230.0,LAREDO 1 -- LAREDO 1,LAREDO 1,LAREDO 1,39.514312
"LINESTRING (-99.5089 27.5667, -99.3506 27.3735)",548.0,-123.732022,-26.920118,124.081616,24.943164,230.0,LAREDO 1 -- LAREDO 4,LAREDO 4,LAREDO 1,123.732022
"LINESTRING (-99.5089 27.5667, -99.462 27.5454)",221.0,61.035955,23.27287,-60.945806,-22.965776,115.0,LAREDO 1 -- LAREDO 5,LAREDO 1,LAREDO 5,61.035955
"LINESTRING (-99.5089 27.5667, -99.462 27.5454)",221.0,61.035955,23.27287,-60.945806,-22.965776,115.0,LAREDO 1 -- LAREDO 5,LAREDO 1,LAREDO 5,61.035955
"LINESTRING (-98.486 28.7645, -98.429 28.9358)",149.0,60.653459,-17.211309,-60.140864,18.131494,115.0,JOURDANTON -- PLEASANTON,JOURDANTON,PLEASANTON,60.653459
"LINESTRING (-98.1431 28.2575, -97.9629 28.0932)",98.0,-41.78147,4.082099,42.013258,-4.177328,115.0,GEORGE WEST -- SANDIA,SANDIA,GEORGE WEST,41.78147
"LINESTRING (-98.1431 28.2575, -98.5732 28.3103)",98.0,27.90147,-8.012099,-27.720508,6.670527,115.0,GEORGE WEST -- THREE RIVERS,GEORGE WEST,THREE RIVERS,27.90147
"LINESTRING (-99.113 26.5326, -98.6548 26.2748)",221.0,53.713978,-14.895495,-53.040709,16.277494,115.0,ROMA -- GRULLA,ROMA,GRULLA,53.713978
"LINESTRING (-98.2366 26.272, -98.3 26.2964)",221.0,-114.942194,36.645515,115.330566,-34.354555,115.0,MCALLEN 1 -- MISSION 2,MISSION 2,MCALLEN 1,114.942194
"LINESTRING (-98.2366 26.272, -98.3 26.2964)",221.0,-114.942194,36.645515,115.330566,-34.354555,115.0,MCALLEN 1 -- MISSION 2,MISSION 2,MCALLEN 1,114.942194
"LINESTRING (-97.3714 27.6625, -97.115 27.7774)",98.0,-40.310555,6.639571,40.556009,-6.659462,115.0,CORPUS CHRISTI 7 -- PORT ARANSAS,PORT ARANSAS,CORPUS CHRISTI 7,40.310555
"LINESTRING (-98.2162 26.8805, -98.5216 26.5829)",221.0,93.693563,-17.192862,-92.096877,24.573768,115.0,FALFURRIAS -- RIO GRANDE CITY,FALFURRIAS,RIO GRANDE CITY,93.693563
"LINESTRING (-98.2162 26.8805, -98.5216 26.5829)",221.0,93.693563,-17.192862,-92.096877,24.573768,115.0,FALFURRIAS -- RIO GRANDE CITY,FALFURRIAS,RIO GRANDE CITY,93.693563
"LINESTRING (-97.957 28.5409, -97.895 28.7334)",98.0,-29.31477,8.700499,29.581365,-9.227107,115.0,PETTUS -- KENEDY,KENEDY,PETTUS,29.31477
"LINESTRING (-97.4436 25.9889, -97.5214 25.9131)",250.0,-158.245331,8.462327,159.407025,-1.03711,115.0,BROWNSVILLE 3 -- BROWNSVILLE 1,BROWNSVILLE 1,BROWNSVILLE 3,158.245331
"LINESTRING (-97.4436 25.9889, -97.5214 25.9131)",250.0,-158.245331,8.462327,159.407025,-1.03711,115.0,BROWNSVILLE 3 -- BROWNSVILLE 1,BROWNSVILLE 1,BROWNSVILLE 3,158.245331
"LINESTRING (-97.4436 25.9889, -97.5214 25.9131)",250.0,-158.245331,8.462327,159.407025,-1.03711,115.0,BROWNSVILLE 3 -- BROWNSVILLE 1,BROWNSVILLE 1,BROWNSVILLE 3,158.245331
"LINESTRING (-98.0757 27.6599, -98.0602 27.9862)",102.9,-20.739997,17.414246,20.877998,-18.559395,115.0,ALICE -- ORANGE GROVE,ORANGE GROVE,ALICE,20.739997
"LINESTRING (-98.4967 27.6344, -98.629 27.8359)",98.0,16.563043,-13.9738,-16.418578,12.886369,115.0,PREMONT -- FREER,PREMONT,FREER,16.563043
"LINESTRING (-98.4967 27.6344, -98.9053 27.5761)",147.0,-35.073043,8.7238,35.34109,-9.350223,115.0,PREMONT -- BRUNI 1,BRUNI 1,PREMONT,35.073043
"LINESTRING (-98.629 27.8359, -98.3858 27.8496)",98.0,6.938578,12.725456,-6.91174,-13.962339,115.0,FREER -- SAN DIEGO,FREER,SAN DIEGO,6.938578
"LINESTRING (-99.0919 28.9275, -99.0919 28.9275)",246.6,101.155248,9.392876,-101.130965,-7.936748,230.0,PEARSALL -- PEARSALL,PEARSALL,PEARSALL,101.155248
"LINESTRING (-99.0919 28.9275, -99.0919 28.9275)",246.6,101.155248,9.392876,-101.130965,-7.936748,230.0,PEARSALL -- PEARSALL,PEARSALL,PEARSALL,101.155248
"LINESTRING (-99.0919 28.9275, -99.0919 28.9275)",101.0,-0.0,-0.0,-0.0,-0.0,230.0,PEARSALL -- PEARSALL,PEARSALL,PEARSALL,0.0
"LINESTRING (-99.0919 28.9275, -99.0919 28.9275)",103.0,-10.07806,3.874394,10.079999,-3.729987,230.0,PEARSALL -- PEARSALL,PEARSALL,PEARSALL,10.07806
"LINESTRING (-99.0919 28.9275, -99.0919 28.9275)",103.0,-10.076925,3.867179,10.079999,-3.729987,230.0,PEARSALL -- PEARSALL,PEARSALL,PEARSALL,10.076925
"LINESTRING (-99.0919 28.9275, -99.0919 28.9275)",105.0,-10.076907,3.910728,10.079999,-3.729987,230.0,PEARSALL -- PEARSALL,PEARSALL,PEARSALL,10.076907
"LINESTRING (-99.0919 28.9275, -99.0919 28.9275)",140.0,-0.0,0.0,-0.0,0.0,230.0,PEARSALL -- PEARSALL,PEARSALL,PEARSALL,0.0
"LINESTRING (-99.0919 28.9275, -99.0919 28.9275)",135.0,-0.0,0.0,-0.0,0.0,230.0,PEARSALL -- PEARSALL,PEARSALL,PEARSALL,0.0
"LINESTRING (-99.0919 28.9275, -99.1411 29.4274)",443.0,-21.858906,6.654406,21.8981,-17.785205,230.0,PEARSALL -- HONDO,HONDO,PEARSALL,21.858906
"LINESTRING (-99.0919 28.9275, -99.1912 28.7034)",149.0,59.421623,7.353045,-58.813335,-6.480611,115.0,PEARSALL -- DILLEY,PEARSALL,DILLEY,59.421623
"LINESTRING (-99.0919 28.9275, -99.1689 29.1358)",149.0,59.173695,-8.054881,-58.626266,9.010913,115.0,PEARSALL -- DEVINE,PEARSALL,DEVINE,59.173695
"LINESTRING (-97.9629 28.0932, -98.0602 27.9862)",147.0,37.361822,-14.078142,-37.237998,13.929395,115.0,SANDIA -- ORANGE GROVE,SANDIA,ORANGE GROVE,37.361822
"LINESTRING (-97.9629 28.0932, -97.808 28.1032)",149.0,-89.99508,15.24547,90.842108,-12.403373,115.0,SANDIA -- MATHIS,MATHIS,SANDIA,89.99508
"LINESTRING (-97.7892 27.2231, -97.7892 27.2231)",428.0,168.277097,-32.460746,-168.095943,40.569906,230.0,SARITA 1 -- SARITA 1,SARITA 1,SARITA 1,168.277097
"LINESTRING (-97.7892 27.2231, -97.7892 27.2231)",168.0,-140.903406,32.05889,141.000001,-27.069934,230.0,SARITA 1 -- SARITA 1,SARITA 1,SARITA 1,140.903406
"LINESTRING (-97.7892 27.2231, -97.5994 27.0011)",443.0,57.63645,8.007979,-57.515128,-13.360651,230.0,SARITA 1 -- ARMSTRONG 1,SARITA 1,ARMSTRONG 1,57.63645
"LINESTRING (-97.7892 27.2231, -99.0053 27.4881)",523.0,121.458165,-23.762556,-119.368976,13.722637,230.0,SARITA 1 -- OILTON,SARITA 1,OILTON,121.458165
"LINESTRING (-97.7892 27.2231, -97.5499 27.1197)",221.0,-116.140199,28.628472,118.525904,-20.38678,115.0,SARITA 1 -- SARITA 2,SARITA 2,SARITA 1,116.140199
"LINESTRING (-99.1912 28.7034, -99.5085 28.5249)",149.0,44.453335,2.410611,-43.976446,-2.640796,115.0,DILLEY -- CARRIZO SPRINGS,DILLEY,CARRIZO SPRINGS,44.453335
"LINESTRING (-99.3506 27.3735, -99.3506 27.3735)",459.0,291.180648,3.475626,-291.033905,5.549035,230.0,LAREDO 4 -- LAREDO 4,LAREDO 4,LAREDO 4,291.180648
"LINESTRING (-99.3506 27.3735, -99.0053 27.4881)",750.0,-240.578878,-7.533435,241.785918,10.145973,230.0,LAREDO 4 -- OILTON,OILTON,LAREDO 4,240.578878
"LINESTRING (-99.3506 27.3735, -99.0053 27.4881)",750.0,-240.578878,-7.533435,241.785918,10.145973,230.0,LAREDO 4 -- OILTON,OILTON,LAREDO 4,240.578878
"LINESTRING (-98.5732 28.3103, -98.3858 27.8496)",98.0,13.080508,-10.820527,-13.00826,8.322339,115.0,THREE RIVERS -- SAN DIEGO,THREE RIVERS,SAN DIEGO,13.080508
"LINESTRING (-97.1969 28.1207, -96.8991 28.2911)",170.0,-37.802085,5.311752,38.136589,-5.784353,115.0,ROCKPORT -- REFUGIO,REFUGIO,ROCKPORT,37.802085
"LINESTRING (-97.1969 28.1207, -97.2967 27.9958)",221.0,-80.115726,1.908435,80.549345,0.016885,115.0,ROCKPORT -- TAFT 1,TAFT 1,ROCKPORT,80.115726
"LINESTRING (-97.5994 27.0011, -97.5994 27.0011)",81.9,-33.274989,-7.584392,33.289393,8.426675,230.0,ARMSTRONG 1 -- ARMSTRONG 1,ARMSTRONG 1,ARMSTRONG 1,33.274989
"LINESTRING (-97.5994 27.0011, -97.5994 27.0011)",81.9,-33.274989,-7.584392,33.289393,8.426675,230.0,ARMSTRONG 1 -- ARMSTRONG 1,ARMSTRONG 1,ARMSTRONG 1,33.274989
"LINESTRING (-97.5994 27.0011, -97.5994 27.0011)",381.0,-212.154814,47.367323,212.400002,-40.779931,230.0,ARMSTRONG 1 -- ARMSTRONG 1,ARMSTRONG 1,ARMSTRONG 1,212.154814
"LINESTRING (-97.5994 27.0011, -97.4283 27.8139)",750.0,-284.397033,24.68509,288.729517,-4.758219,230.0,ARMSTRONG 1 -- CORPUS CHRISTI 1,CORPUS CHRISTI 1,ARMSTRONG 1,284.397033
"LINESTRING (-98.5672 26.2537, -98.6548 26.2748)",221.0,-50.906926,16.936544,51.010709,-16.847494,115.0,SULLIVAN CITY -- GRULLA,GRULLA,SULLIVAN CITY,50.906926
"LINESTRING (-97.4283 27.8139, -97.4283 27.8139)",620.0,335.636944,58.057215,-335.043326,-33.2143,230.0,CORPUS CHRISTI 1 -- CORPUS CHRISTI 1,CORPUS CHRISTI 1,CORPUS CHRISTI 1,335.636944
"LINESTRING (-97.4283 27.8139, -97.4283 27.8139)",620.0,335.636944,58.057215,-335.043326,-33.2143,230.0,CORPUS CHRISTI 1 -- CORPUS CHRISTI 1,CORPUS CHRISTI 1,CORPUS CHRISTI 1,335.636944
"LINESTRING (-97.4283 27.8139, -97.4283 27.8139)",298.0,-197.594548,-68.739689,197.769966,77.768125,230.0,CORPUS CHRISTI 1 -- CORPUS CHRISTI 1,CORPUS CHRISTI 1,CORPUS CHRISTI 1,197.594548
"LINESTRING (-97.4283 27.8139, -97.4283 27.8139)",296.0,-197.498091,-18.810987,197.769951,38.707117,230.0,CORPUS CHRISTI 1 -- CORPUS CHRISTI 1,CORPUS CHRISTI 1,CORPUS CHRISTI 1,197.498091
"LINESTRING (-97.4283 27.8139, -97.4283 27.8139)",293.0,-190.289179,-16.133689,190.914276,34.379684,230.0,CORPUS CHRISTI 1 -- CORPUS CHRISTI 1,CORPUS CHRISTI 1,CORPUS CHRISTI 1,190.289179
"LINESTRING (-97.4283 27.8139, -97.4283 27.8139)",74.0,-0.0,-0.0,-0.0,-0.0,230.0,CORPUS CHRISTI 1 -- CORPUS CHRISTI 1,CORPUS CHRISTI 1,CORPUS CHRISTI 1,0.0
"LINESTRING (-97.4283 27.8139, -97.4404 27.8107)",250.0,158.476663,14.04465,-158.350734,-13.247426,115.0,CORPUS CHRISTI 1 -- CORPUS CHRISTI 14,CORPUS CHRISTI 1,CORPUS CHRISTI 14,158.476663
"LINESTRING (-97.4283 27.8139, -97.4404 27.8107)",250.0,158.476663,14.04465,-158.350734,-13.247426,115.0,CORPUS CHRISTI 1 -- CORPUS CHRISTI 14,CORPUS CHRISTI 1,CORPUS CHRISTI 14,158.476663
"LINESTRING (-97.4283 27.8139, -97.4404 27.8107)",250.0,158.476663,14.04465,-158.350734,-13.247426,115.0,CORPUS CHRISTI 1 -- CORPUS CHRISTI 14,CORPUS CHRISTI 1,CORPUS CHRISTI 14,158.476663
"LINESTRING (-97.4283 27.8139, -97.4404 27.8107)",250.0,158.476663,14.04465,-158.350734,-13.247426,115.0,CORPUS CHRISTI 1 -- CORPUS CHRISTI 14,CORPUS CHRISTI 1,CORPUS CHRISTI 14,158.476663
"LINESTRING (-97.5499 27.1197, -97.5499 27.1197)",198.0,-75.272063,-1.089131,75.375001,5.456174,115.0,SARITA 2 -- SARITA 2,SARITA 2,SARITA 2,75.272063
"LINESTRING (-97.5499 27.1197, -97.5499 27.1197)",198.0,-75.272063,-1.089131,75.375001,5.456174,115.0,SARITA 2 -- SARITA 2,SARITA 2,SARITA 2,75.272063
"LINESTRING (-97.9215 26.4774, -97.7949 26.3453)",149.0,33.016673,-20.99181,-32.820106,20.764542,115.0,HARGILL -- SANTA ROSA 2,HARGILL,SANTA ROSA 2,33.016673
"LINESTRING (-97.0922 27.873, -97.115 27.7774)",149.0,53.844959,-4.539189,-53.633752,4.853797,115.0,ARANSAS PASS -- PORT ARANSAS,ARANSAS PASS,PORT ARANSAS,53.844959
"LINESTRING (-98.429 28.9358, -98.2404 28.867)",149.0,-38.697951,-29.592175,39.000806,29.746743,115.0,PLEASANTON -- FALLS CITY,FALLS CITY,PLEASANTON,38.697951
"LINESTRING (-98.429 28.9358, -98.4818 29.0705)",149.0,56.528816,-0.529319,-56.199178,1.063625,115.0,PLEASANTON -- LEMING,PLEASANTON,LEMING,56.528816
"LINESTRING (-96.8991 28.2911, -96.8333 28.5707)",149.0,-50.186589,2.364353,50.70885,-1.925482,115.0,REFUGIO -- PORT LAVACA,PORT LAVACA,REFUGIO,50.186589
"LINESTRING (-98.7767 29.2037, -98.7373 29.283)",221.0,-59.655335,64.206988,60.124302,-62.857937,115.0,LYTLE -- ATASCOSA,ATASCOSA,LYTLE,59.655335
"LINESTRING (-98.7767 29.2037, -98.6224 29.2439)",149.0,40.495335,31.390544,-40.233182,-31.268516,115.0,LYTLE -- VON ORMY,LYTLE,VON ORMY,40.495335
"LINESTRING (-99.1261 27.7517, -98.9053 27.5761)",149.0,-75.724499,14.101756,76.861737,-10.814051,115.0,LAREDO 2 -- BRUNI 1,BRUNI 1,LAREDO 2,75.724499
"LINESTRING (-98.9053 27.5761, -98.9053 27.5761)",115.0,-56.101414,10.082137,56.25,-6.921443,115.0,BRUNI 1 -- BRUNI 1,BRUNI 1,BRUNI 1,56.101414
"LINESTRING (-98.9053 27.5761, -98.9053 27.5761)",115.0,-56.101414,10.082137,56.25,-6.921443,115.0,BRUNI 1 -- BRUNI 1,BRUNI 1,BRUNI 1,56.101414
"LINESTRING (-97.5792 28.5683, -97.4286 28.8577)",149.0,-51.581237,25.209091,52.316846,-24.105553,115.0,GOLIAD -- YORKTOWN,YORKTOWN,GOLIAD,51.581237
"LINESTRING (-97.2967 27.9958, -97.2967 27.9958)",169.0,103.525846,15.042637,-103.229345,-6.446885,230.0,TAFT 1 -- TAFT 1,TAFT 1,TAFT 1,103.525846
"LINESTRING (-97.2967 27.9958, -97.1987 28.6767)",443.0,50.485808,4.009326,-50.256411,-17.804658,230.0,TAFT 1 -- VICTORIA 3,TAFT 1,VICTORIA 3,50.485808
"LINESTRING (-97.6911 26.4753, -97.6911 26.4753)",400.0,233.401436,29.579639,-232.857411,-0.048253,230.0,SAN PERLITA -- SAN PERLITA,SAN PERLITA,SAN PERLITA,233.401436
"LINESTRING (-97.6911 26.4753, -97.4423 26.5693)",221.0,-33.475009,4.686324,33.59996,-5.433767,115.0,SAN PERLITA -- RAYMONDVILLE,RAYMONDVILLE,SAN PERLITA,33.475009
"LINESTRING (-97.6911 26.4753, -97.4423 26.5693)",221.0,-33.475009,4.686324,33.59996,-5.433767,115.0,SAN PERLITA -- RAYMONDVILLE,RAYMONDVILLE,SAN PERLITA,33.475009
"LINESTRING (-97.6911 26.4753, -97.6668 26.3489)",262.5,149.903714,-4.662197,-148.607796,12.863616,115.0,SAN PERLITA -- SEBASTIAN 1,SAN PERLITA,SEBASTIAN 1,149.903714
"LINESTRING (-97.6911 26.4753, -97.6668 26.3489)",262.5,149.903714,-4.662197,-148.607796,12.863616,115.0,SAN PERLITA -- SEBASTIAN 1,SAN PERLITA,SEBASTIAN 1,149.903714
"LINESTRING (-99.2143 28.2932, -99.5085 28.5249)",149.0,-28.486527,6.342944,28.710431,-7.529197,115.0,COTULLA -- CARRIZO SPRINGS,CARRIZO SPRINGS,COTULLA,28.486527
"LINESTRING (-97.5214 25.9131, -97.5214 25.9131)",438.0,218.965435,25.895524,-218.813692,-15.796223,230.0,BROWNSVILLE 1 -- BROWNSVILLE 1,BROWNSVILLE 1,BROWNSVILLE 1,218.965435
"LINESTRING (-97.5214 25.9131, -97.5214 25.9131)",438.0,218.965435,25.895524,-218.813692,-15.796223,230.0,BROWNSVILLE 1 -- BROWNSVILLE 1,BROWNSVILLE 1,BROWNSVILLE 1,218.965435
"LINESTRING (-97.5214 25.9131, -97.5214 25.9131)",438.0,218.965435,25.895524,-218.813692,-15.796223,230.0,BROWNSVILLE 1 -- BROWNSVILLE 1,BROWNSVILLE 1,BROWNSVILLE 1,218.965435
"LINESTRING (-99.0053 27.4881, -99.0053 27.4881)",1233.0,485.563375,58.995658,-485.400993,-47.304169,500.0,OILTON -- OILTON,OILTON,OILTON,485.563375
"LINESTRING (-99.0053 27.4881, -98.3825 29.2567)",2020.0,-416.563374,-72.245638,420.528749,-131.411721,500.0,OILTON -- ELMENDORF,ELMENDORF,OILTON,416.563374
"LINESTRING (-99.0053 27.4881, -99.0053 27.4881)",200.0,121.198133,13.289586,-121.106794,-9.184409,230.0,OILTON -- OILTON,OILTON,OILTON,121.198133
"LINESTRING (-96.6748 32.9117, -96.6198 32.9289)",187.0,-38.247569,-15.434888,38.2834,15.065236,161.0,GARLAND 5 -- GARLAND 2,GARLAND 2,GARLAND 5,38.247569
"LINESTRING (-96.6748 32.9117, -96.6516 32.8802)",251.0,-84.312853,19.744183,84.399449,-19.679181,161.0,GARLAND 5 -- GARLAND 4,GARLAND 4,GARLAND 5,84.312853
"LINESTRING (-96.6748 32.9117, -96.7875 32.9303)",187.0,8.920422,-36.509295,-8.863643,35.678788,161.0,GARLAND 5 -- DALLAS 18,GARLAND 5,DALLAS 18,8.920422
"LINESTRING (-96.3296 32.1583, -96.245 32.3667)",251.0,56.34802,-14.652561,-56.117662,13.414523,161.0,KERENS -- KEMP,KERENS,KEMP,56.34802
"LINESTRING (-96.3296 32.1583, -96.3509 32.0432)",251.0,-68.03802,11.342561,68.211243,-11.704361,161.0,KERENS -- CORSICANA 1,CORSICANA 1,KERENS,68.03802
"LINESTRING (-98.0088 32.527, -97.9244 32.3626)",187.0,25.362178,-0.09,-25.315691,-1.818049,161.0,LIPAN -- TOLAR,LIPAN,TOLAR,25.362178
"LINESTRING (-98.0088 32.527, -98.1728 32.6005)",187.0,-34.312178,-2.44,34.386545,0.986905,161.0,LIPAN -- SANTO,SANTO,LIPAN,34.312178
"LINESTRING (-96.7973 32.9697, -96.7882 32.9974)",310.0,-164.198514,35.643775,164.386188,-34.609447,161.0,DALLAS 24 -- DALLAS 19,DALLAS 19,DALLAS 24,164.198514
"LINESTRING (-96.7973 32.9697, -96.7882 32.9974)",310.0,-164.198514,35.643775,164.386188,-34.609447,161.0,DALLAS 24 -- DALLAS 19,DALLAS 19,DALLAS 24,164.198514
"LINESTRING (-96.7973 32.9697, -96.7882 32.9974)",310.0,-164.198514,35.643775,164.386188,-34.609447,161.0,DALLAS 24 -- DALLAS 19,DALLAS 19,DALLAS 24,164.198514
"LINESTRING (-96.7973 32.9697, -96.8018 32.9446)",310.0,155.146681,-64.913931,-154.981706,65.885521,161.0,DALLAS 24 -- DALLAS 26,DALLAS 24,DALLAS 26,155.146681
"LINESTRING (-96.7973 32.9697, -96.8018 32.9446)",310.0,155.146681,-64.913931,-154.981706,65.885521,161.0,DALLAS 24 -- DALLAS 26,DALLAS 24,DALLAS 26,155.146681
"LINESTRING (-96.7973 32.9697, -96.7475 32.8735)",187.0,82.112181,-5.493462,-81.811424,5.602904,161.0,DALLAS 24 -- DALLAS 12,DALLAS 24,DALLAS 12,82.112181
"LINESTRING (-97.1099 33.2316, -97.146 33.221)",251.0,129.857421,5.276934,-129.691306,-4.662528,161.0,DENTON 4 -- DENTON 5,DENTON 4,DENTON 5,129.857421
"LINESTRING (-97.1099 33.2316, -97.1061 33.1975)",409.0,-201.907421,-25.696934,202.233237,27.684302,161.0,DENTON 4 -- DENTON 1,DENTON 1,DENTON 4,201.907421
"LINESTRING (-99.2418 32.7901, -98.8925 32.8043)",251.0,126.388206,-20.7418,-124.9553,25.313698,161.0,ALBANY 2 -- BRECKENRIDGE,ALBANY 2,BRECKENRIDGE,126.388206
"LINESTRING (-99.2418 32.7901, -99.1647 32.556)",187.0,30.188801,-4.647618,-30.096835,2.350511,161.0,ALBANY 2 -- CISCO,ALBANY 2,CISCO,30.188801
"LINESTRING (-99.2418 32.7901, -99.4228 32.7683)",400.0,-164.177007,23.239418,165.12755,-18.170711,161.0,ALBANY 2 -- ALBANY 1,ALBANY 1,ALBANY 2,164.177007
"LINESTRING (-96.7904 32.8649, -96.7475 32.8735)",187.0,-20.378919,88.697464,20.508799,-88.52567,161.0,DALLAS 21 -- DALLAS 12,DALLAS 12,DALLAS 21,20.378919
"LINESTRING (-96.7904 32.8649, -96.8255 32.8483)",187.0,-16.701989,32.208155,16.720949,-32.491689,161.0,DALLAS 21 -- DALLAS 30,DALLAS 30,DALLAS 21,16.701989
"LINESTRING (-96.7904 32.8649, -96.7955 32.8359)",409.0,-25.599092,-138.665619,25.845138,139.424573,161.0,DALLAS 21 -- DALLAS 23,DALLAS 23,DALLAS 21,25.599092
"LINESTRING (-96.6732 33.0316, -96.6155 33.0218)",310.0,-162.915074,23.817131,163.223815,-22.029259,161.0,PLANO 2 -- PLANO 1,PLANO 1,PLANO 2,162.915074
"LINESTRING (-96.6732 33.0316, -96.6155 33.0218)",310.0,-162.915074,23.817131,163.223815,-22.029259,161.0,PLANO 2 -- PLANO 1,PLANO 1,PLANO 2,162.915074
"LINESTRING (-96.6732 33.0316, -96.6631 32.9916)",310.0,95.980074,-42.782131,-95.87535,43.103631,161.0,PLANO 2 -- RICHARDSON 1,PLANO 2,RICHARDSON 1,95.980074
"LINESTRING (-96.6732 33.0316, -96.6631 32.9916)",310.0,95.980074,-42.782131,-95.87535,43.103631,161.0,PLANO 2 -- RICHARDSON 1,PLANO 2,RICHARDSON 1,95.980074
"LINESTRING (-96.609 31.2996, -96.52 31.5031)",251.0,72.673066,5.177904,-72.32001,-5.547361,161.0,THORNTON -- GROESBECK,THORNTON,GROESBECK,72.673066
"LINESTRING (-96.609 31.2996, -96.4866 31.1803)",251.0,-80.313066,-7.347904,80.627666,7.386549,161.0,THORNTON -- FRANKLIN,FRANKLIN,THORNTON,80.313066
"LINESTRING (-97.146 33.221, -97.3116 33.1987)",187.0,48.371306,-18.377472,-48.213735,17.553214,161.0,DENTON 5 -- PONDER,DENTON 5,PONDER,48.371306
"LINESTRING (-98.8051 31.8426, -98.6146 31.8911)",187.0,72.774294,2.861937,-72.419372,-3.367238,161.0,EARLY -- COMANCHE,EARLY,COMANCHE,72.774294
"LINESTRING (-98.8051 31.8426, -98.9274 31.9312)",187.0,-73.378799,36.582562,73.745072,-36.540455,161.0,EARLY -- MAY,MAY,EARLY,73.378799
"LINESTRING (-98.8051 31.8426, -98.7763 31.6867)",187.0,-18.735494,8.680538,18.763135,-10.380736,161.0,EARLY -- ZEPHYR,ZEPHYR,EARLY,18.735494
"LINESTRING (-97.5142 33.2763, -97.67 33.3724)",251.0,-62.41685,21.622193,62.631287,-22.216959,161.0,DECATUR -- ALVORD,ALVORD,DECATUR,62.41685
"LINESTRING (-97.2839 32.928, -97.2839 32.928)",1206.0,577.509934,0.329999,-577.067884,41.429027,500.0,KELLER 2 -- KELLER 2,KELLER 2,KELLER 2,577.509934
"LINESTRING (-97.2839 32.928, -97.2839 32.928)",1206.0,577.509934,0.329999,-577.067884,41.429027,500.0,KELLER 2 -- KELLER 2,KELLER 2,KELLER 2,577.509934
"LINESTRING (-97.2839 32.928, -97.1421 32.7751)",2020.0,330.607833,-116.000915,-330.310974,94.237122,500.0,KELLER 2 -- ARLINGTON 1,KELLER 2,ARLINGTON 1,330.607833
"LINESTRING (-97.2839 32.928, -97.1061 33.1975)",2020.0,260.943695,-36.709062,-260.677885,-0.190733,500.0,KELLER 2 -- DENTON 1,KELLER 2,DENTON 1,260.943695
"LINESTRING (-97.2839 32.928, -97.9208 33.1964)",4352.0,-1861.201094,183.740249,1874.830511,-59.761181,500.0,KELLER 2 -- BRIDGEPORT,BRIDGEPORT,KELLER 2,1861.201094
"LINESTRING (-97.2839 32.928, -97.3065 32.5327)",2020.0,114.629698,-31.69027,-114.563342,-19.090447,500.0,KELLER 2 -- BURLESON,KELLER 2,BURLESON,114.629698
"LINESTRING (-97.2839 32.928, -97.2251 32.924)",409.0,218.314211,-43.953083,-217.75561,47.613709,161.0,KELLER 2 -- KELLER 1,KELLER 2,KELLER 1,218.314211
"LINESTRING (-97.2839 32.928, -97.2251 32.924)",409.0,218.314211,-43.953083,-217.75561,47.613709,161.0,KELLER 2 -- KELLER 1,KELLER 2,KELLER 1,218.314211
"LINESTRING (-97.2839 32.928, -97.2251 32.924)",409.0,218.314211,-43.953083,-217.75561,47.613709,161.0,KELLER 2 -- KELLER 1,KELLER 2,KELLER 1,218.314211
"LINESTRING (-97.2839 32.928, -97.3105 32.9754)",310.0,159.016568,-1.164403,-158.716012,2.840789,161.0,KELLER 2 -- FORT WORTH 10,KELLER 2,FORT WORTH 10,159.016568
"LINESTRING (-97.2839 32.928, -97.3105 32.9754)",310.0,159.016568,-1.164403,-158.716012,2.840789,161.0,KELLER 2 -- FORT WORTH 10,KELLER 2,FORT WORTH 10,159.016568
"LINESTRING (-97.3116 33.1987, -97.3405 33.1)",187.0,-41.560646,-15.894014,41.644794,15.10383,161.0,PONDER -- JUSTIN,JUSTIN,PONDER,41.560646
"LINESTRING (-97.3116 33.1987, -97.1838 33.2277)",187.0,75.924382,-5.5892,-75.653858,5.497443,161.0,PONDER -- DENTON 6,PONDER,DENTON 6,75.924382
"LINESTRING (-98.3377 33.068, -98.3377 33.068)",590.0,119.642172,0.700575,-119.569387,2.559687,500.0,JACKSBORO 1 -- JACKSBORO 1,JACKSBORO 1,JACKSBORO 1,119.642172
"LINESTRING (-98.3377 33.068, -98.3377 33.068)",557.0,-89.976195,19.754277,90.000001,-17.279976,500.0,JACKSBORO 1 -- JACKSBORO 1,JACKSBORO 1,JACKSBORO 1,89.976195
"LINESTRING (-98.3377 33.068, -98.6117 33.1344)",2020.0,559.48278,-7.392506,-558.549573,-12.584413,500.0,JACKSBORO 1 -- GRAHAM,JACKSBORO 1,GRAHAM,559.48278
"LINESTRING (-98.3377 33.068, -98.7119 33.3836)",3146.0,-645.302583,22.793618,646.662303,-54.983144,500.0,JACKSBORO 1 -- OLNEY 1,OLNEY 1,JACKSBORO 1,645.302583
"LINESTRING (-98.3377 33.068, -98.7119 33.3836)",3146.0,-645.302583,22.793618,646.662303,-54.983144,500.0,JACKSBORO 1 -- OLNEY 1,OLNEY 1,JACKSBORO 1,645.302583
"LINESTRING (-98.3377 33.068, -98.3103 32.6581)",2768.0,701.456409,-58.649582,-699.98695,33.347689,500.0,JACKSBORO 1 -- PALO PINTO 1,JACKSBORO 1,PALO PINTO 1,701.456409
"LINESTRING (-98.3377 33.068, -98.3243 32.905)",251.0,119.569387,-2.559687,-118.865574,4.822163,161.0,JACKSBORO 1 -- GRAFORD,JACKSBORO 1,GRAFORD,119.569387
"LINESTRING (-97.5142 32.7206, -97.5142 32.7206)",1375.0,649.428181,14.395073,-649.056349,22.974098,500.0,ALEDO 1 -- ALEDO 1,ALEDO 1,ALEDO 1,649.428181
"LINESTRING (-97.5142 32.7206, -97.5142 32.7206)",1375.0,649.428181,14.395073,-649.056349,22.974098,500.0,ALEDO 1 -- ALEDO 1,ALEDO 1,ALEDO 1,649.428181
"LINESTRING (-97.5142 32.7206, -97.5142 32.7206)",245.0,-0.0,-0.0,-0.0,-0.0,500.0,ALEDO 1 -- ALEDO 1,ALEDO 1,ALEDO 1,0.0
"LINESTRING (-97.5142 32.7206, -97.7006 32.4031)",3146.0,-1054.491424,-82.582802,1057.341827,93.730357,500.0,ALEDO 1 -- GRANBURY 2,GRANBURY 2,ALEDO 1,1054.491424
"LINESTRING (-97.5142 32.7206, -98.3103 32.6581)",3146.0,-1230.303409,59.14439,1237.8264,3.388677,500.0,ALEDO 1 -- PALO PINTO 1,PALO PINTO 1,ALEDO 1,1230.303409
"LINESTRING (-97.5142 32.7206, -97.3065 32.5327)",2768.0,985.938471,-5.351734,-984.139379,8.267983,500.0,ALEDO 1 -- BURLESON,ALEDO 1,BURLESON,985.938471
"LINESTRING (-97.5142 32.7206, -97.5239 32.787)",409.0,220.233441,11.12354,-219.491726,-6.26925,161.0,ALEDO 1 -- FORT WORTH 29,ALEDO 1,FORT WORTH 29,220.233441
"LINESTRING (-97.5142 32.7206, -97.5239 32.787)",409.0,220.233441,11.12354,-219.491726,-6.26925,161.0,ALEDO 1 -- FORT WORTH 29,ALEDO 1,FORT WORTH 29,220.233441
"LINESTRING (-97.5142 32.7206, -97.6315 32.6957)",310.0,113.392065,-38.720444,-113.060268,40.047365,161.0,ALEDO 1 -- ALEDO 2,ALEDO 1,ALEDO 2,113.392065
"LINESTRING (-97.5142 32.7206, -97.6315 32.6957)",310.0,113.392065,-38.720444,-113.060268,40.047365,161.0,ALEDO 1 -- ALEDO 2,ALEDO 1,ALEDO 2,113.392065
"LINESTRING (-97.5142 32.7206, -97.3795 32.6529)",409.0,245.310843,-15.242194,-243.495598,27.509592,161.0,ALEDO 1 -- FORT WORTH 20,ALEDO 1,FORT WORTH 20,245.310843
"LINESTRING (-97.5142 32.7206, -97.3795 32.6529)",409.0,245.310843,-15.242194,-243.495598,27.509592,161.0,ALEDO 1 -- FORT WORTH 20,ALEDO 1,FORT WORTH 20,245.310843
"LINESTRING (-97.7556 31.4173, -97.7069 31.4864)",187.0,58.51797,-4.635232,-58.402495,4.258338,161.0,GATESVILLE 4 -- GATESVILLE 1,GATESVILLE 4,GATESVILLE 1,58.51797
"LINESTRING (-97.7556 31.4173, -97.7287 31.4766)",187.0,20.301644,-11.510409,-20.287465,10.87285,161.0,GATESVILLE 4 -- GATESVILLE 2,GATESVILLE 4,GATESVILLE 2,20.301644
"LINESTRING (-97.7556 31.4173, -97.9682 31.219)",251.0,-129.739613,1.715641,131.108576,2.800857,161.0,GATESVILLE 4 -- COPPERAS COVE,COPPERAS COVE,GATESVILLE 4,129.739613
"LINESTRING (-97.5084 32.2767, -97.3275 32.3926)",310.0,140.886296,-20.102761,-140.003222,24.581226,161.0,CLEBURNE 2 -- CLEBURNE 1,CLEBURNE 2,CLEBURNE 1,140.886296
"LINESTRING (-97.5084 32.2767, -97.3275 32.3926)",310.0,140.886296,-20.102761,-140.003222,24.581226,161.0,CLEBURNE 2 -- CLEBURNE 1,CLEBURNE 2,CLEBURNE 1,140.886296
"LINESTRING (-97.5084 32.2767, -97.6551 32.2662)",325.5,-178.116296,9.552761,179.021106,-4.448586,161.0,CLEBURNE 2 -- NEMO,NEMO,CLEBURNE 2,178.116296
"LINESTRING (-97.5084 32.2767, -97.6551 32.2662)",325.5,-178.116296,9.552761,179.021106,-4.448586,161.0,CLEBURNE 2 -- NEMO,NEMO,CLEBURNE 2,178.116296
"LINESTRING (-97.3351 32.639, -97.2749 32.6201)",310.0,-71.343382,26.775646,71.41653,-26.841149,161.0,FORT WORTH 14 -- FORT WORTH 8,FORT WORTH 8,FORT WORTH 14,71.343382
"LINESTRING (-97.3351 32.639, -97.2749 32.6201)",310.0,-71.343382,26.775646,71.41653,-26.841149,161.0,FORT WORTH 14 -- FORT WORTH 8,FORT WORTH 8,FORT WORTH 14,71.343382
"LINESTRING (-97.3351 32.639, -97.3305 32.6785)",251.0,71.576764,-73.701292,-71.448371,74.007971,161.0,FORT WORTH 14 -- FORT WORTH 13,FORT WORTH 14,FORT WORTH 13,71.576764
"LINESTRING (-97.4166 32.6673, -97.4206 32.5819)",409.0,15.491357,-135.243701,-15.013517,136.90967,161.0,FORT WORTH 23 -- FORT WORTH 24,FORT WORTH 23,FORT WORTH 24,15.491357
"LINESTRING (-97.4166 32.6673, -97.3635 32.7086)",310.0,44.395301,21.393724,-44.361398,-21.844131,161.0,FORT WORTH 23 -- FORT WORTH 19,FORT WORTH 23,FORT WORTH 19,44.395301
"LINESTRING (-97.4166 32.6673, -97.3635 32.7086)",310.0,44.395301,21.393724,-44.361398,-21.844131,161.0,FORT WORTH 23 -- FORT WORTH 19,FORT WORTH 23,FORT WORTH 19,44.395301
"LINESTRING (-97.4166 32.6673, -97.5035 32.6359)",409.0,-178.411959,71.456253,179.085491,-67.265922,161.0,FORT WORTH 23 -- FORT WORTH 28,FORT WORTH 28,FORT WORTH 23,178.411959
"LINESTRING (-97.0487 32.824, -97.0913 32.8141)",310.0,-157.49688,31.866421,157.717248,-30.701476,161.0,FORT WORTH 1 -- EULESS 2,EULESS 2,FORT WORTH 1,157.49688
"LINESTRING (-97.0487 32.824, -97.0913 32.8141)",310.0,-157.49688,31.866421,157.717248,-30.701476,161.0,FORT WORTH 1 -- EULESS 2,EULESS 2,FORT WORTH 1,157.49688
"LINESTRING (-97.0487 32.824, -97.086 32.8603)",310.0,152.719698,-58.671015,-152.327766,60.421568,161.0,FORT WORTH 1 -- EULESS 1,FORT WORTH 1,EULESS 1,152.719698
"LINESTRING (-97.0487 32.824, -96.9549 32.7966)",409.0,152.924062,-7.711826,-152.103538,10.421333,161.0,FORT WORTH 1 -- IRVING 3,FORT WORTH 1,IRVING 3,152.924062
"LINESTRING (-97.2653 31.1959, -97.3901 31.2851)",251.0,76.641632,-6.411407,-76.392168,6.186278,161.0,TROY -- MOODY,TROY,MOODY,76.641632
"LINESTRING (-97.2653 31.1959, -97.3736 31.1379)",251.0,-89.411632,2.791407,89.678234,-2.474065,161.0,TROY -- TEMPLE 3,TEMPLE 3,TROY,89.411632
"LINESTRING (-97.6966 32.8531, -97.5612 32.9002)",251.0,29.484647,19.311383,-29.437076,-20.42167,161.0,SPRINGTOWN -- AZLE,SPRINGTOWN,AZLE,29.484647
"LINESTRING (-97.6966 32.8531, -97.7911 32.755)",310.0,-109.094647,-41.861383,109.487139,43.35882,161.0,SPRINGTOWN -- WEATHERFORD 2,WEATHERFORD 2,SPRINGTOWN,109.094647
"LINESTRING (-96.4832 33.1517, -96.6017 33.1669)",251.0,-85.743493,26.914311,85.991403,-26.598705,161.0,PRINCETON -- MCKINNEY 1,MCKINNEY 1,PRINCETON,85.743493
"LINESTRING (-96.4832 33.1517, -96.356 33.1742)",187.0,43.383493,-38.914311,-43.231147,38.390314,161.0,PRINCETON -- FARMERSVILLE,PRINCETON,FARMERSVILLE,43.383493
"LINESTRING (-96.8027 32.7468, -96.7712 32.8313)",251.0,125.935356,-71.932311,-125.358092,74.16659,161.0,DALLAS 27 -- DALLAS 15,DALLAS 27,DALLAS 15,125.935356
"LINESTRING (-96.8027 32.7468, -96.8386 32.7114)",187.0,68.330924,-14.914322,-68.23358,14.845268,161.0,DALLAS 27 -- DALLAS 32,DALLAS 27,DALLAS 32,68.330924
"LINESTRING (-96.8027 32.7468, -96.7595 32.6654)",310.0,-166.532215,18.099542,167.11728,-14.660745,161.0,DALLAS 27 -- DALLAS 14,DALLAS 14,DALLAS 27,166.532215
"LINESTRING (-96.8027 32.7468, -96.7595 32.6654)",310.0,-166.532215,18.099542,167.11728,-14.660745,161.0,DALLAS 27 -- DALLAS 14,DALLAS 14,DALLAS 27,166.532215
"LINESTRING (-96.8027 32.7468, -96.7812 32.7113)",187.0,91.638152,37.287549,-91.471179,-36.975502,161.0,DALLAS 27 -- DALLAS 17,DALLAS 27,DALLAS 17,91.638152
"LINESTRING (-96.6444 32.6486, -96.6444 32.6486)",1209.0,781.756995,47.69458,-781.264525,-17.818077,500.0,DALLAS 1 -- DALLAS 1,DALLAS 1,DALLAS 1,781.756995
"LINESTRING (-96.6444 32.6486, -96.6444 32.6486)",243.0,0.0,0.0,-0.0,-0.0,500.0,DALLAS 1 -- DALLAS 1,DALLAS 1,DALLAS 1,0.0
"LINESTRING (-96.6444 32.6486, -96.6444 32.6486)",255.0,0.0,0.0,0.0,0.0,500.0,DALLAS 1 -- DALLAS 1,DALLAS 1,DALLAS 1,0.0
"LINESTRING (-96.6444 32.6486, -96.6444 32.6486)",985.0,-308.340107,44.769607,308.470002,-34.239466,500.0,DALLAS 1 -- DALLAS 1,DALLAS 1,DALLAS 1,308.340107
"LINESTRING (-96.6444 32.6486, -96.6444 32.6486)",989.0,-308.357378,45.112002,308.470002,-34.239497,500.0,DALLAS 1 -- DALLAS 1,DALLAS 1,DALLAS 1,308.357378
"LINESTRING (-96.6444 32.6486, -96.6444 32.6486)",994.0,-308.401043,38.997745,308.470002,-34.239572,500.0,DALLAS 1 -- DALLAS 1,DALLAS 1,DALLAS 1,308.401043
"LINESTRING (-96.6444 32.6486, -96.6444 32.6486)",993.0,-308.200827,48.504996,308.470002,-34.238703,500.0,DALLAS 1 -- DALLAS 1,DALLAS 1,DALLAS 1,308.200827
"LINESTRING (-96.6444 32.6486, -96.6444 32.6486)",1001.0,-308.288317,44.119535,308.470002,-34.239349,500.0,DALLAS 1 -- DALLAS 1,DALLAS 1,DALLAS 1,308.288317
"LINESTRING (-96.6444 32.6486, -96.6444 32.6486)",988.0,-308.357295,45.900302,308.470002,-34.239494,500.0,DALLAS 1 -- DALLAS 1,DALLAS 1,DALLAS 1,308.357295
"LINESTRING (-96.6444 32.6486, -97.1884 32.504)",2768.0,-572.881885,-68.816573,574.057806,28.76007,500.0,DALLAS 1 -- MANSFIELD,MANSFIELD,DALLAS 1,572.881885
"LINESTRING (-96.6444 32.6486, -96.5763 32.8576)",2768.0,473.079713,-88.347689,-472.711567,67.111832,500.0,DALLAS 1 -- GARLAND 1,DALLAS 1,GARLAND 1,473.079713
"LINESTRING (-96.6444 32.6486, -96.6785 32.7103)",3146.0,1167.990145,-157.934506,-1167.2474,163.1526,500.0,DALLAS 1 -- DALLAS 3,DALLAS 1,DALLAS 3,1167.990145
"LINESTRING (-96.6444 32.6486, -96.6955 32.6385)",409.0,196.012985,3.472784,-195.620387,-1.121596,161.0,DALLAS 1 -- HUTCHINS,DALLAS 1,HUTCHINS,196.012985
"LINESTRING (-96.6444 32.6486, -96.6955 32.6385)",409.0,196.012985,3.472784,-195.620387,-1.121596,161.0,DALLAS 1 -- HUTCHINS,DALLAS 1,HUTCHINS,196.012985
"LINESTRING (-96.6444 32.6486, -96.6955 32.6385)",409.0,196.012985,3.472784,-195.620387,-1.121596,161.0,DALLAS 1 -- HUTCHINS,DALLAS 1,HUTCHINS,196.012985
"LINESTRING (-96.6444 32.6486, -96.5423 32.6058)",251.0,137.875571,-8.280274,-137.311712,10.509354,161.0,DALLAS 1 -- SEAGOVILLE,DALLAS 1,SEAGOVILLE,137.875571
"LINESTRING (-96.3753 32.9455, -96.5809 32.969)",251.0,-2.47846,-10.443449,2.483691,8.546216,161.0,ROYSE CITY -- SACHSE,SACHSE,ROYSE CITY,2.47846
"LINESTRING (-96.3753 32.9455, -96.1134 32.9247)",251.0,-65.62154,-8.846551,65.922785,8.15568,161.0,ROYSE CITY -- QUINLAN,QUINLAN,ROYSE CITY,65.62154
"LINESTRING (-97.5971 33.0419, -97.7234 33.0987)",409.0,-193.044138,32.795991,194.096197,-26.187073,161.0,BOYD -- PARADISE,PARADISE,BOYD,193.044138
"LINESTRING (-97.5971 33.0419, -97.7234 33.0987)",409.0,-193.044138,32.795991,194.096197,-26.187073,161.0,BOYD -- PARADISE,PARADISE,BOYD,193.044138
"LINESTRING (-97.5971 33.0419, -97.4628 33.0934)",325.5,184.294138,-35.275991,-183.299512,41.384317,161.0,BOYD -- RHOME,BOYD,RHOME,184.294138
"LINESTRING (-97.5971 33.0419, -97.4628 33.0934)",325.5,184.294138,-35.275991,-183.299512,41.384317,161.0,BOYD -- RHOME,BOYD,RHOME,184.294138
"LINESTRING (-98.1967 32.2822, -98.1967 32.2822)",550.0,176.749583,7.887506,-176.665775,-2.172321,500.0,STEPHENVILLE -- STEPHENVILLE,STEPHENVILLE,STEPHENVILLE,176.749583
"LINESTRING (-98.1967 32.2822, -99.0329 31.7483)",2020.0,-322.862236,-101.072612,324.02485,-4.376651,500.0,STEPHENVILLE -- BROWNWOOD,BROWNWOOD,STEPHENVILLE,322.862236
"LINESTRING (-98.1967 32.2822, -97.7855 32.2984)",2295.0,1439.641126,-57.283208,-1430.68611,118.954239,500.0,STEPHENVILLE -- GLEN ROSE 1,STEPHENVILLE,GLEN ROSE 1,1439.641126
"LINESTRING (-98.1967 32.2822, -98.3103 32.6581)",2020.0,636.06169,49.619818,-634.112838,-77.183056,500.0,STEPHENVILLE -- PALO PINTO 1,STEPHENVILLE,PALO PINTO 1,636.06169
"LINESTRING (-98.1967 32.2822, -98.3486 32.0753)",187.0,99.555775,-19.677679,-98.535209,21.453493,161.0,STEPHENVILLE -- DUBLIN 2,STEPHENVILLE,DUBLIN 2,99.555775
"LINESTRING (-97.1884 32.504, -97.1884 32.504)",1354.0,565.66786,73.418051,-565.294728,-37.45384,500.0,MANSFIELD -- MANSFIELD,MANSFIELD,MANSFIELD,565.66786
"LINESTRING (-97.1884 32.504, -96.6325 32.0579)",2768.0,-186.089183,-74.817698,186.258855,-8.824556,500.0,MANSFIELD -- CORSICANA 2,CORSICANA 2,MANSFIELD,186.089183
"LINESTRING (-97.1884 32.504, -97.7855 32.2984)",2295.0,-1214.057925,17.92818,1224.219394,33.326862,500.0,MANSFIELD -- GLEN ROSE 1,GLEN ROSE 1,MANSFIELD,1214.057925
"LINESTRING (-97.1884 32.504, -97.0537 32.4302)",2020.0,260.421443,-45.288604,-260.305546,29.030921,500.0,MANSFIELD -- MIDLOTHIAN 1,MANSFIELD,MIDLOTHIAN 1,260.421443
"LINESTRING (-97.1884 32.504, -97.3065 32.5327)",310.0,95.188682,-3.70904,-94.971294,4.166712,161.0,MANSFIELD -- BURLESON,MANSFIELD,BURLESON,95.188682
"LINESTRING (-97.1884 32.504, -97.3065 32.5327)",310.0,95.188682,-3.70904,-94.971294,4.166712,161.0,MANSFIELD -- BURLESON,MANSFIELD,BURLESON,95.188682
"LINESTRING (-97.1884 32.504, -97.3065 32.5327)",310.0,95.188682,-3.70904,-94.971294,4.166712,161.0,MANSFIELD -- BURLESON,MANSFIELD,BURLESON,95.188682
"LINESTRING (-97.1884 32.504, -97.3065 32.5327)",310.0,95.188682,-3.70904,-94.971294,4.166712,161.0,MANSFIELD -- BURLESON,MANSFIELD,BURLESON,95.188682
"LINESTRING (-96.1264 33.1707, -96.1264 33.1707)",500.0,299.238674,19.283735,-299.003033,0.352984,500.0,GREENVILLE 1 -- GREENVILLE 1,GREENVILLE 1,GREENVILLE 1,299.238674
"LINESTRING (-96.1264 33.1707, -96.1264 33.1707)",409.0,-84.684736,10.438424,84.7,-9.399846,500.0,GREENVILLE 1 -- GREENVILLE 1,GREENVILLE 1,GREENVILLE 1,84.684736
"LINESTRING (-96.1264 33.1707, -96.1264 33.1707)",308.0,128.017104,-4.851614,-127.921047,12.00569,500.0,GREENVILLE 1 -- GREENVILLE 1,GREENVILLE 1,GREENVILLE 1,128.017104
"LINESTRING (-96.1264 33.1707, -96.6078 33.0896)",2295.0,686.653044,22.835951,-684.210111,-47.211402,500.0,GREENVILLE 1 -- ALLEN 1,GREENVILLE 1,ALLEN 1,686.653044
"LINESTRING (-96.1264 33.1707, -96.5763 32.8576)",2295.0,676.619569,45.162704,-673.783359,-74.798915,500.0,GREENVILLE 1 -- GARLAND 1,GREENVILLE 1,GARLAND 1,676.619569
"LINESTRING (-96.1264 33.1707, -94.6197 32.0178)",2768.0,-517.831975,-54.173089,521.205531,-108.557409,500.0,GREENVILLE 1 -- MT. ENTERPRISE,MT. ENTERPRISE,GREENVILLE 1,517.831975
"LINESTRING (-96.1264 33.1707, -95.0417 33.0917)",3146.0,-676.665385,135.864323,702.426774,-190.032123,500.0,GREENVILLE 1 -- MOUNT PLEASANT 1,MOUNT PLEASANT 1,GREENVILLE 1,676.665385
"LINESTRING (-96.1264 33.1707, -96.0843 33.0685)",310.0,117.201516,-9.326492,-116.862961,10.636128,161.0,GREENVILLE 1 -- GREENVILLE 2,GREENVILLE 1,GREENVILLE 2,117.201516
"LINESTRING (-96.1264 33.1707, -96.0843 33.0685)",310.0,117.201516,-9.326492,-116.862961,10.636128,161.0,GREENVILLE 1 -- GREENVILLE 2,GREENVILLE 1,GREENVILLE 2,117.201516
"LINESTRING (-96.1264 33.1707, -95.6082 33.168)",186.0,54.216848,5.195435,-53.879831,-6.876602,115.0,GREENVILLE 1 -- SULPHUR SPRINGS,GREENVILLE 1,SULPHUR SPRINGS,54.216848
"LINESTRING (-96.1264 33.1707, -95.8032 33.0981)",186.0,73.704199,-17.201124,-73.063237,16.75571,115.0,GREENVILLE 1 -- CUMBY,GREENVILLE 1,CUMBY,73.704199
"LINESTRING (-96.74 33.0901, -96.7308 33.0568)",310.0,47.88487,-11.603226,-47.865481,11.34208,161.0,PLANO 4 -- PLANO 3,PLANO 4,PLANO 3,47.88487
"LINESTRING (-96.74 33.0901, -96.7308 33.0568)",310.0,47.88487,-11.603226,-47.865481,11.34208,161.0,PLANO 4 -- PLANO 3,PLANO 4,PLANO 3,47.88487
"LINESTRING (-96.74 33.0901, -96.694 33.1143)",310.0,-124.27487,-10.041774,124.44162,10.78855,161.0,PLANO 4 -- ALLEN 2,ALLEN 2,PLANO 4,124.27487
"LINESTRING (-96.74 33.0901, -96.694 33.1143)",310.0,-124.27487,-10.041774,124.44162,10.78855,161.0,PLANO 4 -- ALLEN 2,ALLEN 2,PLANO 4,124.27487
"LINESTRING (-96.52 31.5031, -96.4681 31.6549)",251.0,51.15001,-0.452639,-51.021908,-0.649833,161.0,GROESBECK -- MEXIA,GROESBECK,MEXIA,51.15001
"LINESTRING (-98.6117 33.1344, -98.6117 33.1344)",913.0,124.269449,3.983586,-124.238169,-2.339352,500.0,GRAHAM -- GRAHAM,GRAHAM,GRAHAM,124.269449
"LINESTRING (-98.6117 33.1344, -98.6117 33.1344)",1036.0,-0.0,-0.0,-0.0,-0.0,500.0,GRAHAM -- GRAHAM,GRAHAM,GRAHAM,0.0
"LINESTRING (-98.6117 33.1344, -98.6117 33.1344)",1023.0,-317.068235,52.753997,317.350001,-35.229964,500.0,GRAHAM -- GRAHAM,GRAHAM,GRAHAM,317.068235
"LINESTRING (-98.6117 33.1344, -98.3651 33.2058)",2020.0,751.348358,-44.15317,-749.657335,33.312799,500.0,GRAHAM -- BRYSON 1,GRAHAM,BRYSON 1,751.348358
"LINESTRING (-98.6117 33.1344, -98.9256 33.2502)",187.0,-20.3492,7.4605,20.408497,-10.474454,161.0,GRAHAM -- OLNEY 2,OLNEY 2,GRAHAM,20.3492
"LINESTRING (-98.6117 33.1344, -98.3651 33.2058)",263.55,104.187369,-16.571148,-103.45478,18.37309,161.0,GRAHAM -- BRYSON 1,GRAHAM,BRYSON 1,104.187369
"LINESTRING (-96.1053 32.2778, -96.1053 32.2778)",151.0,56.367052,-14.105053,-56.253472,16.452079,161.0,MABANK 2 -- MABANK 2,MABANK 2,MABANK 2,56.367052
"LINESTRING (-96.1053 32.2778, -96.245 32.3667)",251.0,38.517222,23.717845,-38.423007,-24.904853,161.0,MABANK 2 -- KEMP,MABANK 2,KEMP,38.517222
"LINESTRING (-96.1053 32.2778, -96.1013 32.1245)",310.0,-94.884274,-9.612792,95.204254,10.259468,161.0,MABANK 2 -- TRINIDAD 1,TRINIDAD 1,MABANK 2,94.884274
"LINESTRING (-96.1053 32.2778, -96.1053 32.2778)",200.0,43.932075,-24.308194,-43.86482,27.277134,115.0,MABANK 2 -- MABANK 2,MABANK 2,MABANK 2,43.932075
"LINESTRING (-96.1053 32.2778, -96.1188 32.1666)",98.0,12.321396,7.85612,-12.30761,-8.480144,115.0,MABANK 2 -- TRINIDAD 2,MABANK 2,TRINIDAD 2,12.321396
"LINESTRING (-96.1053 32.2778, -96.1053 32.2778)",100.0,43.86482,15.581058,-43.74,-12.389996,115.0,MABANK 2 -- MABANK 2,MABANK 2,MABANK 2,43.86482
"LINESTRING (-97.1421 32.7751, -97.1421 32.7751)",1277.0,825.866431,61.04475,-825.08229,-6.69777,500.0,ARLINGTON 1 -- ARLINGTON 1,ARLINGTON 1,ARLINGTON 1,825.866431
"LINESTRING (-97.1421 32.7751, -97.1421 32.7751)",1277.0,825.866431,61.04475,-825.08229,-6.69777,500.0,ARLINGTON 1 -- ARLINGTON 1,ARLINGTON 1,ARLINGTON 1,825.866431
"LINESTRING (-97.1421 32.7751, -97.1421 32.7751)",290.0,-10.59969,-5.377388,10.6,5.399182,500.0,ARLINGTON 1 -- ARLINGTON 1,ARLINGTON 1,ARLINGTON 1,10.59969
"LINESTRING (-97.1421 32.7751, -97.1421 32.7751)",213.0,0.0,0.0,0.0,0.0,500.0,ARLINGTON 1 -- ARLINGTON 1,ARLINGTON 1,ARLINGTON 1,0.0
"LINESTRING (-97.1421 32.7751, -97.1421 32.7751)",1078.0,-438.073872,-103.949164,438.270001,123.134128,500.0,ARLINGTON 1 -- ARLINGTON 1,ARLINGTON 1,ARLINGTON 1,438.073872
"LINESTRING (-97.1421 32.7751, -97.1421 32.7751)",1073.0,-437.976406,-67.292501,438.270001,86.807907,500.0,ARLINGTON 1 -- ARLINGTON 1,ARLINGTON 1,ARLINGTON 1,437.976406
"LINESTRING (-97.1421 32.7751, -97.1421 32.7751)",1079.0,-437.910312,-54.491681,438.270001,75.07961,500.0,ARLINGTON 1 -- ARLINGTON 1,ARLINGTON 1,ARLINGTON 1,437.910312
"LINESTRING (-97.1421 32.7751, -96.6078 33.0896)",2020.0,284.698681,-27.926593,-284.142178,-36.846133,500.0,ARLINGTON 1 -- ALLEN 1,ARLINGTON 1,ALLEN 1,284.698681
"LINESTRING (-97.1421 32.7751, -96.9358 32.7231)",2295.0,797.778536,49.548241,-796.314445,-55.50305,500.0,ARLINGTON 1 -- DALLAS 2,ARLINGTON 1,DALLAS 2,797.778536
"LINESTRING (-97.1421 32.7751, -97.7006 32.4031)",3146.0,-1079.338824,-6.837535,1084.467045,29.987258,500.0,ARLINGTON 1 -- GRANBURY 2,GRANBURY 2,ARLINGTON 1,1079.338824
"LINESTRING (-97.1421 32.7751, -97.1001 32.785)",409.0,231.489724,-4.36468,-231.038539,7.361834,161.0,ARLINGTON 1 -- ARLINGTON 6,ARLINGTON 1,ARLINGTON 6,231.489724
"LINESTRING (-97.1421 32.7751, -97.1001 32.785)",409.0,231.489724,-4.36468,-231.038539,7.361834,161.0,ARLINGTON 1 -- ARLINGTON 6,ARLINGTON 1,ARLINGTON 6,231.489724
"LINESTRING (-97.1421 32.7751, -97.1001 32.785)",409.0,231.489724,-4.36468,-231.038539,7.361834,161.0,ARLINGTON 1 -- ARLINGTON 6,ARLINGTON 1,ARLINGTON 6,231.489724
"LINESTRING (-97.1421 32.7751, -97.1001 32.785)",409.0,231.489724,-4.36468,-231.038539,7.361834,161.0,ARLINGTON 1 -- ARLINGTON 6,ARLINGTON 1,ARLINGTON 6,231.489724
"LINESTRING (-97.1421 32.7751, -97.181 32.7759)",409.0,215.711895,3.004753,-215.365517,-0.737152,161.0,ARLINGTON 1 -- FORT WORTH 2,ARLINGTON 1,FORT WORTH 2,215.711895
"LINESTRING (-97.1421 32.7751, -97.181 32.7759)",409.0,215.711895,3.004753,-215.365517,-0.737152,161.0,ARLINGTON 1 -- FORT WORTH 2,ARLINGTON 1,FORT WORTH 2,215.711895
"LINESTRING (-97.1421 32.7751, -97.181 32.7759)",409.0,215.711895,3.004753,-215.365517,-0.737152,161.0,ARLINGTON 1 -- FORT WORTH 2,ARLINGTON 1,FORT WORTH 2,215.711895
"LINESTRING (-96.8788 32.7812, -96.8396 32.7531)",187.0,48.652621,-18.672288,-48.60262,18.429197,161.0,DALLAS 41 -- DALLAS 33,DALLAS 41,DALLAS 33,48.652621
"LINESTRING (-96.8788 32.7812, -96.878 32.8136)",251.0,-123.302621,-2.477712,123.455467,3.014674,161.0,DALLAS 41 -- DALLAS 40,DALLAS 40,DALLAS 41,123.302621
"LINESTRING (-97.1272 31.5768, -97.0839 31.4757)",251.0,13.29956,-29.223511,-13.267415,28.165287,161.0,WACO 3 -- WACO 1,WACO 3,WACO 1,13.29956
"LINESTRING (-97.1272 31.5768, -96.9571 31.4744)",310.0,-87.40956,8.223511,87.719207,-7.969714,161.0,WACO 3 -- RIESEL 1,RIESEL 1,WACO 3,87.40956
"LINESTRING (-96.7882 32.9974, -96.7421 32.9761)",310.0,-167.764768,21.670844,168.058161,-19.944191,161.0,DALLAS 19 -- RICHARDSON 2,RICHARDSON 2,DALLAS 19,167.764768
"LINESTRING (-96.7882 32.9974, -96.7421 32.9761)",310.0,-167.764768,21.670844,168.058161,-19.944191,161.0,DALLAS 19 -- RICHARDSON 2,RICHARDSON 2,DALLAS 19,167.764768
"LINESTRING (-96.7882 32.9974, -96.7421 32.9761)",310.0,-167.764768,21.670844,168.058161,-19.944191,161.0,DALLAS 19 -- RICHARDSON 2,RICHARDSON 2,DALLAS 19,167.764768
"LINESTRING (-96.7882 32.9974, -96.7421 32.9761)",310.0,-167.764768,21.670844,168.058161,-19.944191,161.0,DALLAS 19 -- RICHARDSON 2,RICHARDSON 2,DALLAS 19,167.764768
"LINESTRING (-96.7882 32.9974, -96.7421 32.9761)",310.0,-167.764768,21.670844,168.058161,-19.944191,161.0,DALLAS 19 -- RICHARDSON 2,RICHARDSON 2,DALLAS 19,167.764768
"LINESTRING (-96.7882 32.9974, -96.8116 33.0342)",310.0,136.662639,-12.512939,-136.479831,13.352048,161.0,DALLAS 19 -- PLANO 7,DALLAS 19,PLANO 7,136.662639
"LINESTRING (-96.7882 32.9974, -96.8116 33.0342)",310.0,136.662639,-12.512939,-136.479831,13.352048,161.0,DALLAS 19 -- PLANO 7,DALLAS 19,PLANO 7,136.662639
"LINESTRING (-99.1514 31.7062, -99.0329 31.7483)",187.0,46.924337,-19.858826,-46.811044,19.116152,161.0,BANGS -- BROWNWOOD,BANGS,BROWNWOOD,46.924337
"LINESTRING (-99.1514 31.7062, -99.2908 32.0069)",251.0,-55.754337,17.358826,56.08404,-19.213012,161.0,BANGS -- CROSS PLAINS,CROSS PLAINS,BANGS,55.754337
"LINESTRING (-96.808 33.2419, -96.8027 33.0754)",310.0,62.145413,22.992205,-61.976145,-23.622583,161.0,PROSPER -- PLANO 6,PROSPER,PLANO 6,62.145413
"LINESTRING (-96.808 33.2419, -96.753 33.3389)",251.0,-68.044503,35.684964,68.239237,-35.754881,161.0,PROSPER -- CELINA,CELINA,PROSPER,68.044503
"LINESTRING (-98.0491 31.5539, -97.5311 31.4095)",187.0,12.69983,-3.016594,-12.668704,-2.151034,161.0,EVANT -- MC GREGOR,EVANT,MC GREGOR,12.69983
"LINESTRING (-98.0491 31.5539, -97.7296 31.1129)",187.0,-16.65983,1.896594,16.724436,-7.322534,161.0,EVANT -- KILLEEN 2,KILLEEN 2,EVANT,16.65983
"LINESTRING (-96.1692 32.7385, -96.1692 32.7385)",260.0,38.786302,-49.309442,-38.73476,51.549461,161.0,TERRELL 1 -- TERRELL 1,TERRELL 1,TERRELL 1,38.786302
"LINESTRING (-96.1692 32.7385, -96.3013 32.7584)",187.0,-38.786302,49.309459,38.972449,-49.805878,161.0,TERRELL 1 -- TERRELL 2,TERRELL 2,TERRELL 1,38.786302
"LINESTRING (-96.1692 32.7385, -95.9947 32.7033)",98.0,20.244757,42.164302,-20.065943,-42.026642,115.0,TERRELL 1 -- WILLS POINT,TERRELL 1,WILLS POINT,20.244757
"LINESTRING (-96.9901 33.2734, -97.0551 33.2088)",187.0,-85.266132,-2.258342,85.527571,2.498423,161.0,AUBREY -- DENTON 2,DENTON 2,AUBREY,85.266132
"LINESTRING (-97.153 31.5138, -97.0839 31.4757)",310.0,-90.491444,22.592945,90.627515,-22.394809,161.0,WACO 4 -- WACO 1,WACO 1,WACO 4,90.491444
"LINESTRING (-97.153 31.5138, -97.0839 31.4757)",310.0,-90.491444,22.592945,90.627515,-22.394809,161.0,WACO 4 -- WACO 1,WACO 1,WACO 4,90.491444
"LINESTRING (-97.153 31.5138, -97.195 31.5397)",409.0,142.792888,-56.005889,-142.484907,57.293878,161.0,WACO 4 -- WACO 5,WACO 4,WACO 5,142.792888
"LINESTRING (-97.2025 31.2686, -97.3901 31.2851)",251.0,-60.419103,3.030992,60.600011,-3.896863,161.0,LORENA -- MOODY,MOODY,LORENA,60.419103
"LINESTRING (-97.2025 31.2686, -97.0129 31.3547)",187.0,22.809103,-13.690992,-22.756448,11.926402,161.0,LORENA -- RIESEL 2,LORENA,RIESEL 2,22.809103
"LINESTRING (-97.761 31.1436, -97.6044 31.076)",251.0,-96.267607,-7.416445,96.692796,8.191007,161.0,FORT HOOD -- NOLANVILLE,NOLANVILLE,FORT HOOD,96.267607
"LINESTRING (-97.761 31.1436, -97.6332 31.1492)",187.0,-5.181514,-7.948499,5.185214,6.763921,161.0,FORT HOOD -- KILLEEN 1,KILLEEN 1,FORT HOOD,5.181514
"LINESTRING (-97.761 31.1436, -97.7296 31.1129)",221.0,11.619121,-10.085056,-11.605214,9.598343,161.0,FORT HOOD -- KILLEEN 2,FORT HOOD,KILLEEN 2,11.619121
"LINESTRING (-97.0865 32.6921, -97.155 32.7193)",251.0,-42.216542,55.855638,42.312961,-56.006348,161.0,ARLINGTON 5 -- ARLINGTON 9,ARLINGTON 9,ARLINGTON 5,42.216542
"LINESTRING (-97.0865 32.6921, -97.0832 32.7543)",409.0,-203.635651,38.379435,204.454743,-34.28504,161.0,ARLINGTON 5 -- ARLINGTON 4,ARLINGTON 4,ARLINGTON 5,203.635651
"LINESTRING (-97.0865 32.6921, -97.0802 32.7228)",409.0,143.632193,-123.195073,-143.291325,124.754503,161.0,ARLINGTON 5 -- ARLINGTON 3,ARLINGTON 5,ARLINGTON 3,143.632193
"LINESTRING (-96.6963 33.172, -96.6963 33.172)",1295.0,645.299343,113.879286,-644.389995,-70.457945,500.0,MCKINNEY 3 -- MCKINNEY 3,MCKINNEY 3,MCKINNEY 3,645.299343
"LINESTRING (-96.6963 33.172, -96.6017 33.1669)",2768.0,-601.491582,8.293064,601.715174,-14.634999,500.0,MCKINNEY 3 -- MCKINNEY 1,MCKINNEY 1,MCKINNEY 3,601.491582
"LINESTRING (-96.6963 33.172, -96.9358 32.7231)",2020.0,-59.344541,-5.060009,59.37081,-58.70722,500.0,MCKINNEY 3 -- DALLAS 2,DALLAS 2,MCKINNEY 3,59.344541
"LINESTRING (-96.6963 33.172, -96.8563 33.1463)",2020.0,178.634861,34.424444,-178.575231,-51.503983,500.0,MCKINNEY 3 -- FRISCO 2,MCKINNEY 3,FRISCO 2,178.634861
"LINESTRING (-96.6963 33.172, -96.694 33.1143)",310.0,140.063332,2.312648,-139.799669,-0.965601,161.0,MCKINNEY 3 -- ALLEN 2,MCKINNEY 3,ALLEN 2,140.063332
"LINESTRING (-96.6963 33.172, -96.694 33.1143)",310.0,140.063332,2.312648,-139.799669,-0.965601,161.0,MCKINNEY 3 -- ALLEN 2,MCKINNEY 3,ALLEN 2,140.063332
"LINESTRING (-96.6963 33.172, -96.694 33.1143)",310.0,140.063332,2.312648,-139.799669,-0.965601,161.0,MCKINNEY 3 -- ALLEN 2,MCKINNEY 3,ALLEN 2,140.063332
"LINESTRING (-96.8731 32.6656, -96.8641 32.5994)",251.0,-28.698742,26.350145,28.730807,-26.930645,161.0,DALLAS 38 -- DESOTO,DESOTO,DALLAS 38,28.698742
"LINESTRING (-96.8731 32.6656, -96.8719 32.7039)",187.0,-22.601258,-40.890145,22.636949,40.638387,161.0,DALLAS 38 -- DALLAS 37,DALLAS 37,DALLAS 38,22.601258
"LINESTRING (-97.155 32.7193, -97.1488 32.6356)",251.0,-14.75716,14.020326,14.76827,-14.928233,161.0,ARLINGTON 9 -- ARLINGTON 8,ARLINGTON 8,ARLINGTON 9,14.75716
"LINESTRING (-97.155 32.7193, -97.1452 32.8307)",187.0,-42.037266,-16.586617,42.133291,15.803422,161.0,ARLINGTON 9 -- BEDFORD 2,BEDFORD 2,ARLINGTON 9,42.037266
"LINESTRING (-97.155 32.7193, -97.2175 32.6396)",187.0,-77.558535,32.49264,77.847232,-32.327495,161.0,ARLINGTON 9 -- ARLINGTON 11,ARLINGTON 11,ARLINGTON 9,77.558535
"LINESTRING (-96.9925 32.1375, -96.8512 32.1777)",187.0,34.796841,0.657144,-34.731625,-1.721095,161.0,MILFORD -- ITALY,MILFORD,ITALY,34.796841
"LINESTRING (-96.9925 32.1375, -97.1334 32.0225)",251.0,-75.045434,9.369972,75.340078,-9.624514,161.0,MILFORD -- HILLSBORO,HILLSBORO,MILFORD,75.045434
"LINESTRING (-96.9925 32.1375, -97.1549 32.1626)",251.0,36.118593,-11.197117,-36.057386,9.997181,161.0,MILFORD -- ITASCA,MILFORD,ITASCA,36.118593
"LINESTRING (-97.3667 31.8694, -97.3667 31.8694)",150.0,-0.0,-0.0,-0.0,-0.0,161.0,CLIFTON 1 -- CLIFTON 1,CLIFTON 1,CLIFTON 1,0.0
"LINESTRING (-97.3667 31.8694, -97.3304 31.9597)",251.0,57.729219,1.274565,-57.632284,-1.849653,161.0,CLIFTON 1 -- WHITNEY,CLIFTON 1,WHITNEY,57.729219
"LINESTRING (-97.3667 31.8694, -97.3253 31.6939)",251.0,-57.729219,-1.274565,57.910498,0.300397,161.0,CLIFTON 1 -- CHINA SPRING,CHINA SPRING,CLIFTON 1,57.729219
"LINESTRING (-96.7712 32.8313, -96.7026 32.842)",187.0,-21.846361,42.541566,21.90353,-42.924058,161.0,DALLAS 15 -- DALLAS 6,DALLAS 6,DALLAS 15,21.846361
"LINESTRING (-96.7712 32.8313, -96.8129 32.8118)",187.0,-60.932372,42.346342,61.025488,-42.369592,161.0,DALLAS 15 -- DALLAS 28,DALLAS 28,DALLAS 15,60.932372
"LINESTRING (-96.7712 32.8313, -96.8255 32.8483)",251.0,99.396825,6.364399,-99.249026,-6.04429,161.0,DALLAS 15 -- DALLAS 30,DALLAS 15,DALLAS 30,99.396825
"LINESTRING (-96.8079 32.0387, -96.9146 32.044)",251.0,-61.517352,2.474447,61.623931,-2.858271,161.0,FROST -- MERTENS,MERTENS,FROST,61.517352
"LINESTRING (-96.8079 32.0387, -96.8512 32.1777)",251.0,56.187352,-3.984447,-56.046002,3.215576,161.0,FROST -- ITALY,FROST,ITALY,56.187352
"LINESTRING (-97.1608 32.2809, -97.0903 32.4263)",251.0,-7.925628,19.787397,7.949117,-21.416555,161.0,GRANDVIEW -- VENUS,VENUS,GRANDVIEW,7.925628
"LINESTRING (-97.1608 32.2809, -97.3275 32.3926)",187.0,-77.005766,3.379741,77.454686,-3.511943,161.0,GRANDVIEW -- CLEBURNE 1,CLEBURNE 1,GRANDVIEW,77.005766
"LINESTRING (-97.1608 32.2809, -97.1964 32.4149)",251.0,67.311395,-28.157138,-67.08994,27.787947,161.0,GRANDVIEW -- ALVARADO,GRANDVIEW,ALVARADO,67.311395
"LINESTRING (-97.3773 32.9866, -97.4338 32.9135)",251.0,56.906014,82.516363,-56.644341,-81.981296,161.0,HASLET -- FORT WORTH 25,HASLET,FORT WORTH 25,56.906014
"LINESTRING (-97.3773 32.9866, -97.346 32.8818)",251.0,111.534328,54.031776,-111.039901,-52.373326,161.0,HASLET -- FORT WORTH 16,HASLET,FORT WORTH 16,111.534328
"LINESTRING (-97.3773 32.9866, -97.4444 33.0008)",310.0,-108.210171,49.371922,108.393925,-48.665212,161.0,HASLET -- NEWARK,NEWARK,HASLET,108.210171
"LINESTRING (-97.3773 32.9866, -97.4444 33.0008)",310.0,-108.210171,49.371922,108.393925,-48.665212,161.0,HASLET -- NEWARK,NEWARK,HASLET,108.210171
"LINESTRING (-96.7528 32.2111, -96.675 32.32)",310.0,56.323699,1.921809,-56.230707,-2.687812,161.0,BARDWELL -- ENNIS,BARDWELL,ENNIS,56.323699
"LINESTRING (-96.7528 32.2111, -96.7237 32.1229)",310.0,-58.983699,-2.671809,59.057097,2.164227,161.0,BARDWELL -- BLOOMING GROVE,BLOOMING GROVE,BARDWELL,58.983699
"LINESTRING (-97.0055 33.1104, -96.9506 33.1765)",187.0,8.369601,51.194963,-8.277972,-51.669049,161.0,LAKE DALLAS -- LITTLE ELM,LAKE DALLAS,LITTLE ELM,8.369601
"LINESTRING (-97.0055 33.1104, -96.9638 33.0685)",187.0,-40.609601,-60.334963,40.728569,60.256535,161.0,LAKE DALLAS -- LEWISVILLE 1,LEWISVILLE 1,LAKE DALLAS,40.609601
"LINESTRING (-96.6155 33.0218, -96.6078 33.0896)",310.0,-155.967497,9.129761,156.352784,-7.123429,161.0,PLANO 1 -- ALLEN 1,ALLEN 1,PLANO 1,155.967497
"LINESTRING (-96.6155 33.0218, -96.6078 33.0896)",310.0,-155.967497,9.129761,156.352784,-7.123429,161.0,PLANO 1 -- ALLEN 1,ALLEN 1,PLANO 1,155.967497
"LINESTRING (-96.6155 33.0218, -96.6078 33.0896)",310.0,-155.967497,9.129761,156.352784,-7.123429,161.0,PLANO 1 -- ALLEN 1,ALLEN 1,PLANO 1,155.967497
"LINESTRING (-96.6155 33.0218, -96.5349 33.0121)",251.0,79.714861,-0.820763,-79.581543,0.839072,161.0,PLANO 1 -- WYLIE,PLANO 1,WYLIE,79.714861
"LINESTRING (-97.0913 32.8141, -97.1001 32.785)",409.0,-199.002248,19.001476,199.279595,-17.340392,161.0,EULESS 2 -- ARLINGTON 6,ARLINGTON 6,EULESS 2,199.002248
"LINESTRING (-97.0913 32.8141, -97.1001 32.785)",409.0,-199.002248,19.001476,199.279595,-17.340392,161.0,EULESS 2 -- ARLINGTON 6,ARLINGTON 6,EULESS 2,199.002248
"LINESTRING (-97.4206 32.5819, -97.3275 32.3926)",310.0,-133.598575,70.310106,134.631758,-64.890509,161.0,FORT WORTH 24 -- CLEBURNE 1,CLEBURNE 1,FORT WORTH 24,133.598575
"LINESTRING (-97.4206 32.5819, -97.1964 32.4149)",187.0,-7.607908,42.522079,7.80994,-44.587947,161.0,FORT WORTH 24 -- ALVARADO,ALVARADO,FORT WORTH 24,7.607908
"LINESTRING (-97.1249 33.0349, -97.1738 33.1147)",409.0,-143.004123,161.578843,144.207152,-155.88083,161.0,FLOWER MOUND 2 -- ARGYLE,ARGYLE,FLOWER MOUND 2,143.004123
"LINESTRING (-97.1249 33.0349, -97.1486 32.9599)",409.0,75.374123,58.584832,-75.170319,-58.31232,161.0,FLOWER MOUND 2 -- SOUTHLAKE,FLOWER MOUND 2,SOUTHLAKE,75.374123
"LINESTRING (-96.7464 32.7706, -96.7568 32.7506)",310.0,124.851205,12.089689,-124.770535,-11.764796,161.0,DALLAS 11 -- DALLAS 13,DALLAS 11,DALLAS 13,124.851205
"LINESTRING (-96.7464 32.7706, -96.7568 32.7506)",310.0,124.851205,12.089689,-124.770535,-11.764796,161.0,DALLAS 11 -- DALLAS 13,DALLAS 11,DALLAS 13,124.851205
"LINESTRING (-96.7464 32.7706, -96.6893 32.7671)",409.0,-204.395638,13.015497,204.863493,-10.156578,161.0,DALLAS 11 -- DALLAS 5,DALLAS 5,DALLAS 11,204.395638
"LINESTRING (-96.7464 32.7706, -96.6893 32.7671)",409.0,-204.395638,13.015497,204.863493,-10.156578,161.0,DALLAS 11 -- DALLAS 5,DALLAS 5,DALLAS 11,204.395638
"LINESTRING (-96.7464 32.7706, -96.6893 32.7671)",409.0,-204.395638,13.015497,204.863493,-10.156578,161.0,DALLAS 11 -- DALLAS 5,DALLAS 5,DALLAS 11,204.395638
"LINESTRING (-96.7464 32.7706, -96.744 32.7922)",310.0,170.517252,-34.792934,-170.364767,35.703707,161.0,DALLAS 11 -- DALLAS 9,DALLAS 11,DALLAS 9,170.517252
"LINESTRING (-96.7464 32.7706, -96.744 32.7922)",310.0,170.517252,-34.792934,-170.364767,35.703707,161.0,DALLAS 11 -- DALLAS 9,DALLAS 11,DALLAS 9,170.517252
"LINESTRING (-98.6146 31.8911, -98.187 31.6868)",187.0,49.789372,-3.042762,-49.376009,0.131963,161.0,COMANCHE -- HAMILTON,COMANCHE,HAMILTON,49.789372
"LINESTRING (-96.7421 32.9761, -96.7421 32.9761)",1345.0,654.922342,60.333469,-653.922331,-16.486807,500.0,RICHARDSON 2 -- RICHARDSON 2,RICHARDSON 2,RICHARDSON 2,654.922342
"LINESTRING (-96.7421 32.9761, -96.7421 32.9761)",1345.0,654.922342,60.333469,-653.922331,-16.486807,500.0,RICHARDSON 2 -- RICHARDSON 2,RICHARDSON 2,RICHARDSON 2,654.922342
"LINESTRING (-96.7421 32.9761, -96.6078 33.0896)",2295.0,-676.152706,-74.524959,677.096101,65.11309,500.0,RICHARDSON 2 -- ALLEN 1,ALLEN 1,RICHARDSON 2,676.152706
"LINESTRING (-96.7421 32.9761, -96.6785 32.7103)",2020.0,-296.673303,23.028712,296.984228,-54.36815,500.0,RICHARDSON 2 -- DALLAS 3,DALLAS 3,RICHARDSON 2,296.673303
"LINESTRING (-96.7421 32.9761, -96.8563 33.1463)",2020.0,-337.018675,-69.170692,337.309408,47.322528,500.0,RICHARDSON 2 -- FRISCO 2,FRISCO 2,RICHARDSON 2,337.018675
"LINESTRING (-96.7421 32.9761, -96.7416 33.0213)",310.0,116.531929,33.127285,-116.377382,-32.534117,161.0,RICHARDSON 2 -- PLANO 5,RICHARDSON 2,PLANO 5,116.531929
"LINESTRING (-96.7421 32.9761, -96.7416 33.0213)",310.0,116.531929,33.127285,-116.377382,-32.534117,161.0,RICHARDSON 2 -- PLANO 5,RICHARDSON 2,PLANO 5,116.531929
"LINESTRING (-97.2749 32.6201, -97.3298 32.7591)",251.0,63.292641,-32.085045,-63.067076,31.652416,161.0,FORT WORTH 8 -- FORT WORTH 12,FORT WORTH 8,FORT WORTH 12,63.292641
"LINESTRING (-97.2749 32.6201, -97.2175 32.6396)",310.0,172.706406,8.660677,-172.342952,-6.495522,161.0,FORT WORTH 8 -- ARLINGTON 11,FORT WORTH 8,ARLINGTON 11,172.706406
"LINESTRING (-97.2749 32.6201, -97.2175 32.6396)",310.0,172.706406,8.660677,-172.342952,-6.495522,161.0,FORT WORTH 8 -- ARLINGTON 11,FORT WORTH 8,ARLINGTON 11,172.706406
"LINESTRING (-97.2749 32.6201, -97.3065 32.5327)",310.0,-157.639628,11.513997,158.170633,-8.523479,161.0,FORT WORTH 8 -- BURLESON,BURLESON,FORT WORTH 8,157.639628
"LINESTRING (-97.2749 32.6201, -97.3065 32.5327)",310.0,-157.639628,11.513997,158.170633,-8.523479,161.0,FORT WORTH 8 -- BURLESON,BURLESON,FORT WORTH 8,157.639628
"LINESTRING (-97.2749 32.6201, -97.3065 32.5327)",310.0,-157.639628,11.513997,158.170633,-8.523479,161.0,FORT WORTH 8 -- BURLESON,BURLESON,FORT WORTH 8,157.639628
"LINESTRING (-97.2749 32.6201, -97.3065 32.5327)",310.0,-157.639628,11.513997,158.170633,-8.523479,161.0,FORT WORTH 8 -- BURLESON,BURLESON,FORT WORTH 8,157.639628
"LINESTRING (-96.9894 32.9192, -96.9894 32.9192)",82.0,-0.0,-0.0,0.0,0.0,161.0,IRVING 1 -- IRVING 1,IRVING 1,IRVING 1,0.0
"LINESTRING (-96.9894 32.9192, -96.9894 32.9192)",75.0,-0.0,0.0,-0.0,0.0,161.0,IRVING 1 -- IRVING 1,IRVING 1,IRVING 1,0.0
"LINESTRING (-96.9894 32.9192, -96.9967 32.8748)",187.0,38.733708,56.214769,-38.645045,-56.340231,161.0,IRVING 1 -- IRVING 5,IRVING 1,IRVING 5,38.733708
"LINESTRING (-96.9894 32.9192, -97.0601 33.0327)",187.0,-92.232514,43.119834,92.794236,-42.025375,161.0,IRVING 1 -- FLOWER MOUND 1,FLOWER MOUND 1,IRVING 1,92.232514
"LINESTRING (-96.9894 32.9192, -96.962 33.0196)",251.0,-51.771194,-129.164603,52.377882,131.527623,161.0,IRVING 1 -- LEWSIVILLE,LEWSIVILLE,IRVING 1,51.771194
"LINESTRING (-96.9646 32.6361, -96.9647 32.5802)",310.0,132.430764,56.225403,-132.170467,-54.897933,161.0,DALLAS 44 -- CEDAR HILL,DALLAS 44,CEDAR HILL,132.430764
"LINESTRING (-96.9646 32.6361, -96.9647 32.5802)",310.0,132.430764,56.225403,-132.170467,-54.897933,161.0,DALLAS 44 -- CEDAR HILL,DALLAS 44,CEDAR HILL,132.430764
"LINESTRING (-96.9646 32.6361, -96.9165 32.6432)",310.0,91.179587,103.482851,-91.003351,-102.621399,161.0,DALLAS 44 -- DUNCANVILLE 2,DALLAS 44,DUNCANVILLE 2,91.179587
"LINESTRING (-96.9646 32.6361, -96.9165 32.6432)",310.0,91.179587,103.482851,-91.003351,-102.621399,161.0,DALLAS 44 -- DUNCANVILLE 2,DALLAS 44,DUNCANVILLE 2,91.179587
"LINESTRING (-96.9646 32.6361, -97.0247 32.665)",310.0,-162.446901,56.930487,162.834869,-54.794879,161.0,DALLAS 44 -- GRAND PRAIRIE 3,GRAND PRAIRIE 3,DALLAS 44,162.446901
"LINESTRING (-96.9646 32.6361, -97.0247 32.665)",310.0,-162.446901,56.930487,162.834869,-54.794879,161.0,DALLAS 44 -- GRAND PRAIRIE 3,GRAND PRAIRIE 3,DALLAS 44,162.446901
"LINESTRING (-96.9646 32.6361, -97.0247 32.665)",310.0,-162.446901,56.930487,162.834869,-54.794879,161.0,DALLAS 44 -- GRAND PRAIRIE 3,GRAND PRAIRIE 3,DALLAS 44,162.446901
"LINESTRING (-96.7522 32.5627, -96.6743 32.6052)",251.0,-22.388593,-29.461327,22.421549,28.753464,161.0,LANCASTER 1 -- WILMER,WILMER,LANCASTER 1,22.388593
"LINESTRING (-96.7522 32.5627, -96.8073 32.5218)",251.0,-31.591407,14.171327,31.614976,-14.71313,161.0,LANCASTER 1 -- RED OAK,RED OAK,LANCASTER 1,31.591407
"LINESTRING (-98.2769 32.7641, -98.3243 32.905)",251.0,-111.009333,8.314259,111.565574,-6.892163,161.0,PALO PINTO 2 -- GRAFORD,GRAFORD,PALO PINTO 2,111.009333
"LINESTRING (-98.2769 32.7641, -98.1268 32.7996)",251.0,107.569333,-9.284259,-107.102305,10.547373,161.0,PALO PINTO 2 -- MINERAL WELLS,PALO PINTO 2,MINERAL WELLS,107.569333
"LINESTRING (-96.8385 32.96, -96.8417 32.9993)",251.0,5.384292,66.28831,-5.330377,-66.411387,161.0,ADDISON -- DALLAS 35,ADDISON,DALLAS 35,5.384292
"LINESTRING (-96.8385 32.96, -96.8018 32.9446)",310.0,-61.126333,-16.963285,61.158403,16.785112,161.0,ADDISON -- DALLAS 26,DALLAS 26,ADDISON,61.126333
"LINESTRING (-96.8385 32.96, -96.8018 32.9446)",310.0,-61.126333,-16.963285,61.158403,16.785112,161.0,ADDISON -- DALLAS 26,DALLAS 26,ADDISON,61.126333
"LINESTRING (-96.8385 32.96, -96.8368 32.9253)",251.0,79.628375,-42.911741,-79.541218,43.033502,161.0,ADDISON -- DALLAS 31,ADDISON,DALLAS 31,79.628375
"LINESTRING (-97.8826 32.0015, -97.9244 32.3626)",187.0,-13.130245,-2.505651,13.155691,-1.631951,161.0,HICO -- TOLAR,TOLAR,HICO,13.130245
"LINESTRING (-97.8826 32.0015, -97.7101 31.9162)",187.0,57.203476,-28.293363,-56.926926,27.484017,161.0,HICO -- MERIDIAN,HICO,MERIDIAN,57.203476
"LINESTRING (-97.8826 32.0015, -97.7952 32.2085)",187.0,-7.003822,8.429899,7.016629,-10.933859,161.0,HICO -- GLEN ROSE 2,GLEN ROSE 2,HICO,7.003822
"LINESTRING (-97.8826 32.0015, -98.3486 32.0753)",150.0,-51.319409,18.329115,51.783354,-17.707665,161.0,HICO -- DUBLIN 2,DUBLIN 2,HICO,51.319409
"LINESTRING (-97.3023 33.2788, -97.1738 33.1147)",251.0,19.473805,-13.70887,-19.442103,11.633708,161.0,KRUM -- ARGYLE,KRUM,ARGYLE,19.473805
"LINESTRING (-97.3023 33.2788, -97.3405 33.1)",187.0,-32.03591,24.143148,32.160442,-25.593058,161.0,KRUM -- JUSTIN,JUSTIN,KRUM,32.03591
"LINESTRING (-97.3023 33.2788, -97.2134 33.3731)",187.0,-9.017895,-16.544278,9.034403,15.232099,161.0,KRUM -- SANGER,SANGER,KRUM,9.017895
"LINESTRING (-96.2551 32.5688, -96.4395 32.4648)",187.0,-54.338834,-1.537911,54.573859,0.55431,161.0,KAUFMAN -- SCURRY,SCURRY,KAUFMAN,54.338834
"LINESTRING (-96.2551 32.5688, -96.0796 32.4367)",310.0,-87.880647,19.437087,88.257406,-19.034489,161.0,KAUFMAN -- MABANK 1,MABANK 1,KAUFMAN,87.880647
"LINESTRING (-96.2551 32.5688, -96.3013 32.7584)",310.0,85.269481,-34.029176,-84.892958,34.659833,161.0,KAUFMAN -- TERRELL 2,KAUFMAN,TERRELL 2,85.269481
"LINESTRING (-96.2221 33.0663, -96.309 33.0662)",251.0,56.929349,-62.458077,-56.776157,62.439279,161.0,CADDO MILLS -- JOSEPHINE,CADDO MILLS,JOSEPHINE,56.929349
"LINESTRING (-96.2221 33.0663, -96.0843 33.0685)",251.0,-74.659349,57.438077,74.966581,-56.968827,161.0,CADDO MILLS -- GREENVILLE 2,GREENVILLE 2,CADDO MILLS,74.659349
"LINESTRING (-96.8116 33.0342, -96.8967 33.0053)",310.0,65.699831,-33.407048,-65.603083,33.256603,161.0,PLANO 7 -- CARROLLTON 2,PLANO 7,CARROLLTON 2,65.699831
"LINESTRING (-96.8116 33.0342, -96.8967 33.0053)",310.0,65.699831,-33.407048,-65.603083,33.256603,161.0,PLANO 7 -- CARROLLTON 2,PLANO 7,CARROLLTON 2,65.699831
"LINESTRING (-97.2626 32.6911, -97.2694 32.724)",251.0,-108.704141,-61.057102,108.924602,61.674037,161.0,FORT WORTH 5 -- FORT WORTH 6,FORT WORTH 6,FORT WORTH 5,108.704141
"LINESTRING (-97.2626 32.6911, -97.1891 32.6892)",187.0,-19.575859,24.707102,19.602541,-25.249987,161.0,FORT WORTH 5 -- ARLINGTON 10,ARLINGTON 10,FORT WORTH 5,19.575859
"LINESTRING (-99.1983 32.3412, -99.5189 32.2664)",187.0,-91.084576,21.827171,92.106079,-20.732453,161.0,BAIRD -- CLYDE,CLYDE,BAIRD,91.084576
"LINESTRING (-99.1983 32.3412, -99.1647 32.556)",187.0,-11.401562,5.205334,11.416835,-7.640511,161.0,BAIRD -- CISCO,CISCO,BAIRD,11.401562
"LINESTRING (-99.1983 32.3412, -98.9851 32.117)",251.0,93.836139,-29.482505,-93.013212,30.956027,161.0,BAIRD -- GORMAN,BAIRD,GORMAN,93.836139
"LINESTRING (-98.0537 33.015, -97.9103 33.0583)",187.0,40.819872,-12.626502,-40.723425,11.649008,161.0,PERRIN -- POOLVILLE,PERRIN,POOLVILLE,40.819872
"LINESTRING (-98.0537 33.015, -98.1882 33.2196)",187.0,-45.219872,11.376502,45.434738,-13.117932,161.0,PERRIN -- JACKSBORO 2,JACKSBORO 2,PERRIN,45.219872
"LINESTRING (-99.0329 31.7483, -99.0329 31.7483)",298.0,29.853977,5.93293,-29.848956,-5.572194,500.0,BROWNWOOD -- BROWNWOOD,BROWNWOOD,BROWNWOOD,29.853977
"LINESTRING (-99.0329 31.7483, -98.4667 31.3833)",2020.0,160.292682,-39.587992,-160.10341,-40.314946,500.0,BROWNWOOD -- GOLDTHWAITE 1,BROWNWOOD,GOLDTHWAITE 1,160.292682
"LINESTRING (-96.7026 32.842, -96.7934 32.9027)",187.0,36.52173,0.875636,-36.466474,-1.727285,161.0,DALLAS 6 -- DALLAS 22,DALLAS 6,DALLAS 22,36.52173
"LINESTRING (-96.7026 32.842, -96.5476 32.8005)",251.0,-123.42526,23.628422,124.092803,-21.238917,161.0,DALLAS 6 -- SUNNYVALE,SUNNYVALE,DALLAS 6,123.42526
"LINESTRING (-96.8142 31.2024, -96.8142 31.2024)",214.0,-23.639733,7.55538,23.654172,-7.159889,161.0,MARLIN -- MARLIN,MARLIN,MARLIN,23.639733
"LINESTRING (-96.8142 31.2024, -96.9535 31.0823)",187.0,23.639733,-7.55538,-23.597291,5.881868,161.0,MARLIN -- ROSEBUD,MARLIN,ROSEBUD,23.639733
"LINESTRING (-96.8142 31.2024, -96.695 31.0919)",149.0,-50.344172,-0.400111,50.627082,0.73177,115.0,MARLIN -- BREMOND,BREMOND,MARLIN,50.344172
"LINESTRING (-97.1001 32.785, -97.0832 32.7543)",409.0,228.837484,-7.003276,-228.432207,9.577852,161.0,ARLINGTON 6 -- ARLINGTON 4,ARLINGTON 6,ARLINGTON 4,228.837484
"LINESTRING (-97.1001 32.785, -97.0832 32.7543)",409.0,228.837484,-7.003276,-228.432207,9.577852,161.0,ARLINGTON 6 -- ARLINGTON 4,ARLINGTON 6,ARLINGTON 4,228.837484
"LINESTRING (-96.7366 32.9126, -96.7934 32.9027)",187.0,-37.535318,-25.827031,37.578376,25.469851,161.0,DALLAS 8 -- DALLAS 22,DALLAS 22,DALLAS 8,37.535318
"LINESTRING (-96.7366 32.9126, -96.746 32.8287)",187.0,-31.106368,10.835667,31.146032,-11.560522,161.0,DALLAS 8 -- DALLAS 10,DALLAS 10,DALLAS 8,31.106368
"LINESTRING (-96.7366 32.9126, -96.6631 32.9916)",310.0,-104.568314,-34.088635,104.851845,35.095349,161.0,DALLAS 8 -- RICHARDSON 1,RICHARDSON 1,DALLAS 8,104.568314
"LINESTRING (-97.8044 31.769, -97.7101 31.9162)",187.0,32.772681,-21.818801,-32.669953,20.377072,161.0,JONESBORO -- MERIDIAN,JONESBORO,MERIDIAN,32.772681
"LINESTRING (-97.8044 31.769, -98.187 31.6868)",187.0,-50.58641,9.960556,50.954664,-12.315203,161.0,JONESBORO -- HAMILTON,HAMILTON,JONESBORO,50.58641
"LINESTRING (-97.8044 31.769, -97.5061 31.6622)",187.0,13.92373,10.758246,-13.88508,-13.665115,161.0,JONESBORO -- VALLEY MILLS,JONESBORO,VALLEY MILLS,13.92373
"LINESTRING (-96.8396 32.7531, -96.8386 32.7114)",251.0,-95.335141,29.057052,95.463763,-28.765522,161.0,DALLAS 33 -- DALLAS 32,DALLAS 32,DALLAS 33,95.335141
"LINESTRING (-96.8396 32.7531, -96.7994 32.7877)",251.0,53.427761,-73.136248,-53.305208,73.314843,161.0,DALLAS 33 -- DALLAS 25,DALLAS 33,DALLAS 25,53.427761
"LINESTRING (-98.5467 31.6274, -98.7763 31.6867)",187.0,24.308851,-10.926644,-24.253135,8.820736,161.0,GOLDTHWAITE 2 -- ZEPHYR,GOLDTHWAITE 2,ZEPHYR,24.308851
"LINESTRING (-98.5467 31.6274, -98.4667 31.3833)",187.0,-39.198851,6.706644,39.36039,-8.90882,161.0,GOLDTHWAITE 2 -- GOLDTHWAITE 1,GOLDTHWAITE 1,GOLDTHWAITE 2,39.198851
"LINESTRING (-96.7416 33.0213, -96.7308 33.0568)",310.0,66.482382,18.399117,-66.441371,-18.533135,161.0,PLANO 5 -- PLANO 3,PLANO 5,PLANO 3,66.482382
"LINESTRING (-96.7416 33.0213, -96.7308 33.0568)",310.0,66.482382,18.399117,-66.441371,-18.533135,161.0,PLANO 5 -- PLANO 3,PLANO 5,PLANO 3,66.482382
"LINESTRING (-97.4999 31.0517, -97.4999 31.0517)",981.0,211.063559,33.501726,-210.918234,-26.34935,500.0,BELTON -- BELTON,BELTON,BELTON,211.063559
"LINESTRING (-97.4999 31.0517, -97.3172 31.0558)",2020.0,497.563914,31.924241,-497.0921,-47.037994,500.0,BELTON -- TEMPLE 1,BELTON,TEMPLE 1,497.563914
"LINESTRING (-97.4999 31.0517, -97.7464 31.0096)",2768.0,180.687223,-76.531571,-180.630781,48.052704,500.0,BELTON -- KILLEEN 3,BELTON,KILLEEN 3,180.687223
"LINESTRING (-97.4999 31.0517, -97.064 30.5659)",2768.0,-889.314696,11.105603,892.795992,-24.664416,500.0,BELTON -- ROCKDALE 1,ROCKDALE 1,BELTON,889.314696
"LINESTRING (-97.4999 31.0517, -97.6044 31.076)",251.0,108.398234,-2.70065,-108.073273,3.538077,161.0,BELTON -- NOLANVILLE,BELTON,NOLANVILLE,108.398234
"LINESTRING (-98.8925 32.8043, -98.6664 32.7594)",251.0,97.9753,-32.953698,-97.357633,34.305162,161.0,BRECKENRIDGE -- STRAWN,BRECKENRIDGE,STRAWN,97.9753
"LINESTRING (-98.664 32.4959, -98.6664 32.7594)",251.0,-92.877191,36.758753,93.647633,-35.355162,161.0,EASTLAND -- STRAWN,STRAWN,EASTLAND,92.877191
"LINESTRING (-98.664 32.4959, -98.4761 32.3386)",187.0,-0.321768,-4.227953,0.322524,1.567145,161.0,EASTLAND -- DUBLIN 1,DUBLIN 1,EASTLAND,0.321768
"LINESTRING (-98.664 32.4959, -98.5523 32.2986)",251.0,65.608962,-40.350777,-65.240042,39.700742,161.0,EASTLAND -- DE LEON,EASTLAND,DE LEON,65.608962
"LINESTRING (-95.7575 33.4622, -95.9457 33.4209)",251.0,62.098624,-0.084878,-61.909647,-0.771983,161.0,COOPER -- WOLFE CITY,COOPER,WOLFE CITY,62.098624
"LINESTRING (-97.0839 31.4757, -97.0839 31.4757)",945.0,273.118042,19.078017,-273.027615,-13.135669,500.0,WACO 1 -- WACO 1,WACO 1,WACO 1,273.118042
"LINESTRING (-97.0839 31.4757, -97.0985 31.621)",2020.0,284.120513,0.476616,-283.974247,-18.188728,500.0,WACO 1 -- WACO 2,WACO 1,WACO 2,284.120513
"LINESTRING (-97.0839 31.4757, -97.9682 31.219)",2020.0,-557.238554,-19.554634,560.300044,-50.303839,500.0,WACO 1 -- COPPERAS COVE,COPPERAS COVE,WACO 1,557.238554
"LINESTRING (-96.8917 32.9232, -96.8982 32.9625)",310.0,8.797473,125.553157,-8.539001,-124.850441,161.0,DALLAS 42 -- CARROLLTON 3,DALLAS 42,CARROLLTON 3,8.797473
"LINESTRING (-96.8917 32.9232, -97.086 32.8603)",409.0,-104.521541,49.938084,105.492331,-47.59525,161.0,DALLAS 42 -- EULESS 1,EULESS 1,DALLAS 42,104.521541
"LINESTRING (-96.8917 32.9232, -96.8643 32.8933)",310.0,9.344068,110.56085,-9.152809,-110.133937,161.0,DALLAS 42 -- DALLAS 36,DALLAS 42,DALLAS 36,9.344068
"LINESTRING (-97.7069 31.4864, -97.7353 31.468)",187.0,49.752495,-6.708338,-49.720704,6.515012,161.0,GATESVILLE 1 -- GATESVILLE 3,GATESVILLE 1,GATESVILLE 3,49.752495
"LINESTRING (-96.3785 33.3217, -96.356 33.1742)",187.0,3.365777,-23.155343,-3.334001,21.661587,161.0,ANNA -- FARMERSVILLE,ANNA,FARMERSVILLE,3.365777
"LINESTRING (-97.3901 31.2851, -97.7353 31.468)",187.0,0.262157,-6.689415,-0.258794,2.91307,161.0,MOODY -- GATESVILLE 3,MOODY,GATESVILLE 3,0.262157
"LINESTRING (-97.181 32.7759, -97.2694 32.724)",409.0,160.502498,-5.355725,-159.789588,8.519043,161.0,FORT WORTH 2 -- FORT WORTH 6,FORT WORTH 2,FORT WORTH 6,160.502498
"LINESTRING (-97.181 32.7759, -97.1806 32.8172)",409.0,199.072026,-8.606409,-198.694379,10.990158,161.0,FORT WORTH 2 -- HURST,FORT WORTH 2,HURST,199.072026
"LINESTRING (-97.181 32.7759, -97.1806 32.8172)",409.0,199.072026,-8.606409,-198.694379,10.990158,161.0,FORT WORTH 2 -- HURST,FORT WORTH 2,HURST,199.072026
"LINESTRING (-97.2159 31.6271, -97.5061 31.6622)",187.0,-18.285371,-3.771114,18.320545,1.05995,161.0,WACO 6 -- VALLEY MILLS,VALLEY MILLS,WACO 6,18.285371
"LINESTRING (-97.2159 31.6271, -97.0985 31.621)",187.0,-55.144629,-17.028886,55.282281,16.525389,161.0,WACO 6 -- WACO 2,WACO 2,WACO 6,55.144629
"LINESTRING (-96.9965 32.7294, -97.0094 32.7767)",310.0,165.346878,-18.17938,-165.036709,19.875303,161.0,GRAND PRAIRIE 1 -- GRAND PRAIRIE 2,GRAND PRAIRIE 1,GRAND PRAIRIE 2,165.346878
"LINESTRING (-96.9965 32.7294, -97.0094 32.7767)",310.0,165.346878,-18.17938,-165.036709,19.875303,161.0,GRAND PRAIRIE 1 -- GRAND PRAIRIE 2,GRAND PRAIRIE 1,GRAND PRAIRIE 2,165.346878
"LINESTRING (-96.9965 32.7294, -96.9358 32.7231)",310.0,-149.517919,0.989587,149.784674,0.346659,161.0,GRAND PRAIRIE 1 -- DALLAS 2,DALLAS 2,GRAND PRAIRIE 1,149.517919
"LINESTRING (-96.9965 32.7294, -96.9358 32.7231)",310.0,-149.517919,0.989587,149.784674,0.346659,161.0,GRAND PRAIRIE 1 -- DALLAS 2,DALLAS 2,GRAND PRAIRIE 1,149.517919
"LINESTRING (-96.9965 32.7294, -96.9358 32.7231)",310.0,-149.517919,0.989587,149.784674,0.346659,161.0,GRAND PRAIRIE 1 -- DALLAS 2,DALLAS 2,GRAND PRAIRIE 1,149.517919
"LINESTRING (-96.5564 32.9381, -96.7078 32.8785)",251.0,115.211674,-9.747007,-114.630272,11.597253,161.0,ROWLETT 2 -- DALLAS 7,ROWLETT 2,DALLAS 7,115.211674
"LINESTRING (-96.5564 32.9381, -96.5809 32.969)",310.0,148.772539,-5.519024,-148.58037,6.556668,161.0,ROWLETT 2 -- SACHSE,ROWLETT 2,SACHSE,148.772539
"LINESTRING (-96.5564 32.9381, -96.5809 32.969)",310.0,148.772539,-5.519024,-148.58037,6.556668,161.0,ROWLETT 2 -- SACHSE,ROWLETT 2,SACHSE,148.772539
"LINESTRING (-96.5564 32.9381, -96.5504 32.8978)",310.0,-172.237852,4.420093,172.519417,-2.746292,161.0,ROWLETT 2 -- ROWLETT 1,ROWLETT 1,ROWLETT 2,172.237852
"LINESTRING (-96.5564 32.9381, -96.5504 32.8978)",310.0,-172.237852,4.420093,172.519417,-2.746292,161.0,ROWLETT 2 -- ROWLETT 1,ROWLETT 1,ROWLETT 2,172.237852
"LINESTRING (-96.5564 32.9381, -96.5504 32.8978)",310.0,-172.237852,4.420093,172.519417,-2.746292,161.0,ROWLETT 2 -- ROWLETT 1,ROWLETT 1,ROWLETT 2,172.237852
"LINESTRING (-96.5564 32.9381, -96.5349 33.0121)",251.0,13.206805,-18.185224,-13.195212,17.403239,161.0,ROWLETT 2 -- WYLIE,ROWLETT 2,WYLIE,13.206805
"LINESTRING (-96.8027 33.0754, -96.8745 33.0502)",187.0,-54.510352,24.34531,54.61007,-24.645294,161.0,PLANO 6 -- CARROLLTON 1,CARROLLTON 1,PLANO 6,54.510352
"LINESTRING (-96.8027 33.0754, -96.8967 33.0053)",251.0,8.366498,-31.352727,-8.333236,30.367421,161.0,PLANO 6 -- CARROLLTON 2,PLANO 6,CARROLLTON 2,8.366498
"LINESTRING (-96.9967 32.8748, -96.9421 32.8853)",187.0,51.655669,14.917735,-51.59766,-15.194322,161.0,IRVING 5 -- IRVING 2,IRVING 5,IRVING 2,51.655669
"LINESTRING (-96.9967 32.8748, -97.1496 32.8918)",187.0,-85.288704,10.958944,85.697523,-10.667894,161.0,IRVING 5 -- COLLEYVILLE,COLLEYVILLE,IRVING 5,85.288704
"LINESTRING (-96.9967 32.8748, -96.9669 32.8259)",187.0,-11.131919,6.833553,11.135999,-7.405435,161.0,IRVING 5 -- IRVING 4,IRVING 4,IRVING 5,11.131919
"LINESTRING (-96.7078 32.8785, -96.7475 32.8735)",251.0,49.911302,-51.491689,-49.857375,51.432766,161.0,DALLAS 7 -- DALLAS 12,DALLAS 7,DALLAS 12,49.911302
"LINESTRING (-96.7078 32.8785, -96.746 32.8287)",187.0,-26.73103,13.984436,26.754381,-14.513608,161.0,DALLAS 7 -- DALLAS 10,DALLAS 10,DALLAS 7,26.73103
"LINESTRING (-98.3824 33.2764, -98.3651 33.2058)",310.0,-136.84759,14.50105,137.158471,-13.098193,161.0,BRYSON 2 -- BRYSON 1,BRYSON 1,BRYSON 2,136.84759
"LINESTRING (-98.3824 33.2764, -97.9032 32.8484)",310.0,132.73759,-15.67105,-130.361698,26.850743,161.0,BRYSON 2 -- WEATHERFORD 3,BRYSON 2,WEATHERFORD 3,132.73759
"LINESTRING (-97.5298 31.989, -97.3958 32.1085)",187.0,42.887924,15.475678,-42.746086,-16.683041,161.0,MORGAN -- RIO VISTA,MORGAN,RIO VISTA,42.887924
"LINESTRING (-97.5298 31.989, -97.7101 31.9162)",187.0,-43.374799,-13.010372,43.515014,11.717801,161.0,MORGAN -- MERIDIAN,MERIDIAN,MORGAN,43.374799
"LINESTRING (-97.5298 31.989, -97.5466 31.8171)",187.0,-4.843125,-3.975307,4.845398,1.978416,161.0,MORGAN -- CLIFTON 2,CLIFTON 2,MORGAN,4.843125
"LINESTRING (-96.5809 32.969, -96.6198 32.9289)",310.0,116.848525,-19.469776,-116.678518,20.09829,161.0,SACHSE -- GARLAND 2,SACHSE,GARLAND 2,116.848525
"LINESTRING (-96.5809 32.969, -96.6198 32.9289)",310.0,116.848525,-19.469776,-116.678518,20.09829,161.0,SACHSE -- GARLAND 2,SACHSE,GARLAND 2,116.848525
"LINESTRING (-97.7234 33.0987, -97.9103 33.0583)",409.0,-202.086197,23.922073,203.620792,-14.146024,161.0,PARADISE -- POOLVILLE,POOLVILLE,PARADISE,202.086197
"LINESTRING (-97.7234 33.0987, -97.9103 33.0583)",409.0,-202.086197,23.922073,203.620792,-14.146024,161.0,PARADISE -- POOLVILLE,POOLVILLE,PARADISE,202.086197
"LINESTRING (-97.3958 32.1085, -97.5756 32.1175)",187.0,-54.978177,3.853738,55.170684,-4.690869,161.0,RIO VISTA -- KOPPERL,KOPPERL,RIO VISTA,54.978177
"LINESTRING (-97.3958 32.1085, -97.3304 31.9597)",251.0,82.144263,8.419302,-81.817154,-8.30708,161.0,RIO VISTA -- WHITNEY,RIO VISTA,WHITNEY,82.144263
"LINESTRING (-98.9274 31.9312, -98.9851 32.117)",251.0,-79.965072,34.780455,80.393212,-34.536027,161.0,MAY -- GORMAN,GORMAN,MAY,79.965072
"LINESTRING (-96.8641 32.5994, -96.9119 32.6607)",187.0,-73.233832,-43.979949,73.463731,44.146951,161.0,DESOTO -- DUNCANVILLE 1,DUNCANVILLE 1,DESOTO,73.233832
"LINESTRING (-96.8641 32.5994, -96.8073 32.5218)",310.0,-51.063488,14.680297,51.124775,-15.242024,161.0,DESOTO -- RED OAK,RED OAK,DESOTO,51.063488
"LINESTRING (-96.8641 32.5994, -96.8073 32.5218)",310.0,-51.063488,14.680297,51.124775,-15.242024,161.0,DESOTO -- RED OAK,RED OAK,DESOTO,51.063488
"LINESTRING (-96.6167 32.7717, -96.6303 32.8173)",409.0,184.297587,-160.995329,-183.66883,165.033951,161.0,MESQUITE 2 -- MESQUITE 3,MESQUITE 2,MESQUITE 3,184.297587
"LINESTRING (-96.6167 32.7717, -96.6303 32.8173)",409.0,184.297587,-160.995329,-183.66883,165.033951,161.0,MESQUITE 2 -- MESQUITE 3,MESQUITE 2,MESQUITE 3,184.297587
"LINESTRING (-96.6167 32.7717, -96.6201 32.7166)",500.0,-268.392587,137.165329,269.522795,-129.589239,161.0,MESQUITE 2 -- BALCH SPRINGS,BALCH SPRINGS,MESQUITE 2,268.392587
"LINESTRING (-96.6167 32.7717, -96.6201 32.7166)",500.0,-268.392587,137.165329,269.522795,-129.589239,161.0,MESQUITE 2 -- BALCH SPRINGS,BALCH SPRINGS,MESQUITE 2,268.392587
"LINESTRING (-96.9535 31.0823, -97.2916 30.7893)",187.0,9.057291,-10.001868,-9.032971,5.554733,161.0,ROSEBUD -- BARTLETT,ROSEBUD,BARTLETT,9.057291
"LINESTRING (-97.0551 33.2088, -97.1061 33.1975)",310.0,-144.877571,-19.308423,145.166039,20.507944,161.0,DENTON 2 -- DENTON 1,DENTON 1,DENTON 2,144.877571
"LINESTRING (-96.6794 32.8249, -96.6198 32.9289)",187.0,-16.29481,106.959818,16.853635,-105.761815,161.0,DALLAS 4 -- GARLAND 2,GARLAND 2,DALLAS 4,16.29481
"LINESTRING (-96.6794 32.8249, -96.7728 32.7925)",310.0,-26.746364,107.199918,27.173803,-106.353231,161.0,DALLAS 4 -- DALLAS 16,DALLAS 16,DALLAS 4,26.746364
"LINESTRING (-96.6794 32.8249, -96.6303 32.8173)",409.0,-129.564234,-95.854022,129.887455,97.261238,161.0,DALLAS 4 -- MESQUITE 3,MESQUITE 3,DALLAS 4,129.564234
"LINESTRING (-96.6794 32.8249, -96.6497 32.9646)",251.0,-27.044592,67.704426,27.273412,-67.984004,161.0,DALLAS 4 -- GARLAND 3,GARLAND 3,DALLAS 4,27.044592
"LINESTRING (-96.9551 31.661, -96.8073 31.8485)",187.0,-2.568029,1.551706,2.569391,-3.989396,161.0,AXTELL -- HUBBARD,HUBBARD,AXTELL,2.568029
"LINESTRING (-96.9551 31.661, -97.0737 31.6966)",187.0,-4.121971,-3.451706,4.12311,2.296659,161.0,AXTELL -- ELM MOTT,ELM MOTT,AXTELL,4.121971
"LINESTRING (-97.6044 31.076, -97.5987 30.9257)",187.0,-3.769523,-16.019084,3.78463,14.347758,161.0,NOLANVILLE -- SALADO,SALADO,NOLANVILLE,3.769523
"LINESTRING (-97.1061 33.1975, -97.1061 33.1975)",1379.0,1106.188723,67.224265,-1105.320276,-14.574656,500.0,DENTON 1 -- DENTON 1,DENTON 1,DENTON 1,1106.188723
"LINESTRING (-97.1061 33.1975, -97.1061 33.1975)",579.0,-126.432307,-47.431956,126.5,51.812694,500.0,DENTON 1 -- DENTON 1,DENTON 1,DENTON 1,126.432307
"LINESTRING (-97.1061 33.1975, -97.1061 33.1975)",215.0,-1.599966,-0.806961,1.6,0.809523,500.0,DENTON 1 -- DENTON 1,DENTON 1,DENTON 1,1.599966
"LINESTRING (-97.1061 33.1975, -97.9103 33.0583)",3146.0,-1106.076474,66.594713,1112.303946,-31.357261,500.0,DENTON 1 -- POOLVILLE,POOLVILLE,DENTON 1,1106.076474
"LINESTRING (-97.1061 33.1975, -96.8563 33.1463)",2768.0,867.07535,-33.007393,-865.878663,28.46329,500.0,DENTON 1 -- FRISCO 2,DENTON 1,FRISCO 2,867.07535
"LINESTRING (-97.1061 33.1975, -97.096 33.1495)",409.0,234.130333,-16.449197,-233.513805,20.571165,161.0,DENTON 1 -- DENTON 3,DENTON 1,DENTON 3,234.130333
"LINESTRING (-97.1061 33.1975, -97.096 33.1495)",409.0,234.130333,-16.449197,-233.513805,20.571165,161.0,DENTON 1 -- DENTON 3,DENTON 1,DENTON 3,234.130333
"LINESTRING (-97.1061 33.1975, -97.096 33.1495)",409.0,234.130333,-16.449197,-233.513805,20.571165,161.0,DENTON 1 -- DENTON 3,DENTON 1,DENTON 3,234.130333
"LINESTRING (-96.8761 32.8685, -96.8417 32.9993)",187.0,-35.064235,18.349189,35.154919,-19.385395,161.0,DALLAS 39 -- DALLAS 35,DALLAS 35,DALLAS 39,35.064235
"LINESTRING (-96.8761 32.8685, -97.0715 32.9258)",187.0,-49.073478,-26.715942,49.300702,25.82531,161.0,DALLAS 39 -- GRAPEVINE,GRAPEVINE,DALLAS 39,49.073478
"LINESTRING (-96.8761 32.8685, -96.8255 32.8483)",251.0,-41.532287,-27.243246,41.568077,26.925979,161.0,DALLAS 39 -- DALLAS 30,DALLAS 30,DALLAS 39,41.532287
"LINESTRING (-98.4761 32.3386, -98.4761 32.3386)",222.0,-44.967028,9.811874,45.000001,-8.639998,161.0,DUBLIN 1 -- DUBLIN 1,DUBLIN 1,DUBLIN 1,44.967028
"LINESTRING (-98.4761 32.3386, -98.4182 32.4554)",187.0,44.644504,-11.379019,-44.538512,10.388697,161.0,DUBLIN 1 -- MINGUS,DUBLIN 1,MINGUS,44.644504
"LINESTRING (-96.9146 32.044, -96.9045 31.9246)",251.0,-62.683931,2.558271,62.82984,-3.04036,161.0,MERTENS -- MALONE,MALONE,MERTENS,62.683931
"LINESTRING (-97.7823 32.6827, -97.6315 32.6957)",251.0,-36.391459,98.852452,36.80575,-98.064876,161.0,WEATHERFORD 1 -- ALEDO 2,ALEDO 2,WEATHERFORD 1,36.391459
"LINESTRING (-97.7823 32.6827, -97.7911 32.755)",251.0,-37.848541,118.066338,38.172413,-117.022694,161.0,WEATHERFORD 1 -- WEATHERFORD 2,WEATHERFORD 2,WEATHERFORD 1,37.848541
"LINESTRING (-96.7308 33.0568, -96.8417 32.9993)",251.0,92.253705,-24.247889,-91.944599,24.850197,161.0,PLANO 3 -- DALLAS 35,PLANO 3,DALLAS 35,92.253705
"LINESTRING (-96.9045 31.9246, -97.0854 31.8817)",251.0,-67.14984,1.82036,67.371708,-2.423386,161.0,MALONE -- ABBOTT,ABBOTT,MALONE,67.14984
"LINESTRING (-97.096 33.1495, -97.1738 33.1147)",409.0,181.108379,-123.351705,-180.025049,128.587122,161.0,DENTON 3 -- ARGYLE,DENTON 3,ARGYLE,181.108379
"LINESTRING (-97.096 33.1495, -97.061 33.0814)",409.0,200.381517,14.009105,-199.691638,-9.628987,161.0,DENTON 3 -- LEWISVILLE 2,DENTON 3,LEWISVILLE 2,200.381517
"LINESTRING (-97.096 33.1495, -97.061 33.0814)",409.0,200.381517,14.009105,-199.691638,-9.628987,161.0,DENTON 3 -- LEWISVILLE 2,DENTON 3,LEWISVILLE 2,200.381517
"LINESTRING (-97.1488 32.6356, -97.0903 32.4263)",310.0,-82.645648,3.02358,82.989256,-3.061997,161.0,ARLINGTON 8 -- VENUS,VENUS,ARLINGTON 8,82.645648
"LINESTRING (-97.1488 32.6356, -97.0903 32.4263)",310.0,-82.645648,3.02358,82.989256,-3.061997,161.0,ARLINGTON 8 -- VENUS,VENUS,ARLINGTON 8,82.645648
"LINESTRING (-97.1488 32.6356, -97.0394 32.5912)",360.0,59.143026,-17.008927,-58.978499,16.571891,161.0,ARLINGTON 8 -- ARLINGTON 2,ARLINGTON 8,ARLINGTON 2,59.143026
"LINESTRING (-96.4362 32.8517, -96.4549 32.7432)",187.0,-11.367566,17.615754,11.389077,-18.692753,161.0,ROCKWALL 1 -- FORNEY,FORNEY,ROCKWALL 1,11.367566
"LINESTRING (-96.4362 32.8517, -96.5476 32.8005)",251.0,-114.783434,10.251345,115.222911,-8.862378,161.0,ROCKWALL 1 -- SUNNYVALE,SUNNYVALE,ROCKWALL 1,114.783434
"LINESTRING (-96.4362 32.8517, -96.559 32.7257)",187.0,42.191001,-51.6571,-41.888427,51.111176,161.0,ROCKWALL 1 -- MESQUITE 1,ROCKWALL 1,MESQUITE 1,42.191001
"LINESTRING (-96.6325 32.0579, -96.6325 32.0579)",946.0,152.241439,31.330022,-152.201275,-28.07256,500.0,CORSICANA 2 -- CORSICANA 2,CORSICANA 2,CORSICANA 2,152.241439
"LINESTRING (-96.6325 32.0579, -96.9571 31.4744)",3146.0,-987.684988,27.937929,992.232564,-21.474274,500.0,CORSICANA 2 -- RIESEL 1,RIESEL 1,CORSICANA 2,987.684988
"LINESTRING (-96.6325 32.0579, -96.675 32.32)",3146.0,753.029017,108.637937,-752.109929,-127.708453,500.0,CORSICANA 2 -- ENNIS,CORSICANA 2,ENNIS,753.029017
"LINESTRING (-96.6325 32.0579, -96.1131 31.8907)",2768.0,-275.91873,-28.519564,276.178558,-29.831818,500.0,CORSICANA 2 -- FAIRFIELD 1,FAIRFIELD 1,CORSICANA 2,275.91873
"LINESTRING (-96.6325 32.0579, -96.0544 31.8206)",2768.0,172.074407,-130.561768,-171.923192,59.588431,500.0,CORSICANA 2 -- FAIRFIELD 2,CORSICANA 2,FAIRFIELD 2,172.074407
"LINESTRING (-96.6325 32.0579, -96.7237 32.1229)",310.0,63.841275,3.03256,-63.747097,-3.494227,161.0,CORSICANA 2 -- BLOOMING GROVE,CORSICANA 2,BLOOMING GROVE,63.841275
"LINESTRING (-97.7287 31.4766, -97.5061 31.6622)",187.0,16.467465,-11.95285,-16.425465,9.205166,161.0,GATESVILLE 2 -- VALLEY MILLS,GATESVILLE 2,VALLEY MILLS,16.467465
"LINESTRING (-96.8982 32.9625, -96.8967 33.0053)",251.0,-130.550999,85.440441,130.868497,-84.148024,161.0,CARROLLTON 3 -- CARROLLTON 2,CARROLLTON 2,CARROLLTON 3,130.550999
"LINESTRING (-97.4356 32.7754, -97.2674 32.8034)",187.0,37.850764,-1.539512,-37.762482,0.317398,161.0,FORT WORTH 26 -- HALTOM CITY,FORT WORTH 26,HALTOM CITY,37.850764
"LINESTRING (-97.4356 32.7754, -97.3817 32.7421)",263.55,-118.080764,-21.190488,118.331776,22.035423,161.0,FORT WORTH 26 -- FORT WORTH 21,FORT WORTH 21,FORT WORTH 26,118.080764
"LINESTRING (-97.4628 33.0934, -97.3405 33.1)",281.12,113.493831,1.810193,-113.095236,-0.640772,161.0,RHOME -- JUSTIN,RHOME,JUSTIN,113.493831
"LINESTRING (-97.4628 33.0934, -97.4444 33.0008)",310.0,113.692597,-45.934414,-113.373925,47.255212,161.0,RHOME -- NEWARK,RHOME,NEWARK,113.692597
"LINESTRING (-97.4628 33.0934, -97.4444 33.0008)",310.0,113.692597,-45.934414,-113.373925,47.255212,161.0,RHOME -- NEWARK,RHOME,NEWARK,113.692597
"LINESTRING (-97.0903 32.4263, -97.0372 32.3024)",310.0,-99.453814,10.230274,99.76059,-9.560696,161.0,VENUS -- MAYPEARL,MAYPEARL,VENUS,99.453814
"LINESTRING (-97.0903 32.4263, -97.0372 32.3024)",310.0,-99.453814,10.230274,99.76059,-9.560696,161.0,VENUS -- MAYPEARL,MAYPEARL,VENUS,99.453814
"LINESTRING (-96.8745 33.0502, -96.8417 32.9993)",251.0,85.026759,-19.191854,-84.889943,19.296585,161.0,CARROLLTON 1 -- DALLAS 35,CARROLLTON 1,DALLAS 35,85.026759
"LINESTRING (-96.8745 33.0502, -96.7902 33.1631)",310.0,-131.387785,18.442321,131.937529,-15.774477,161.0,CARROLLTON 1 -- FRISCO 1,FRISCO 1,CARROLLTON 1,131.387785
"LINESTRING (-96.8745 33.0502, -97.0601 33.0327)",187.0,-73.069044,7.024827,73.43084,-7.225431,161.0,CARROLLTON 1 -- FLOWER MOUND 1,FLOWER MOUND 1,CARROLLTON 1,73.069044
"LINESTRING (-96.7889 32.8021, -96.8129 32.8118)",251.0,97.10669,-16.954505,-97.039705,17.095629,161.0,DALLAS 20 -- DALLAS 28,DALLAS 20,DALLAS 28,97.10669
"LINESTRING (-96.7889 32.8021, -96.7728 32.7925)",409.0,122.506413,-91.056592,-122.341673,91.598003,161.0,DALLAS 20 -- DALLAS 16,DALLAS 20,DALLAS 16,122.506413
"LINESTRING (-96.7889 32.8021, -96.744 32.7922)",310.0,-149.226551,42.835549,149.444767,-41.628707,161.0,DALLAS 20 -- DALLAS 9,DALLAS 9,DALLAS 20,149.226551
"LINESTRING (-96.7889 32.8021, -96.744 32.7922)",310.0,-149.226551,42.835549,149.444767,-41.628707,161.0,DALLAS 20 -- DALLAS 9,DALLAS 9,DALLAS 20,149.226551
"LINESTRING (-98.3336 32.5876, -97.9931 32.7045)",251.0,-31.038233,28.454088,31.210279,-31.01003,161.0,GORDON -- MILLSAP,MILLSAP,GORDON,31.038233
"LINESTRING (-98.3336 32.5876, -98.5523 32.2986)",251.0,-94.13861,-18.66168,95.065188,20.009991,161.0,GORDON -- DE LEON,DE LEON,GORDON,94.13861
"LINESTRING (-98.3336 32.5876, -97.7911 32.755)",310.0,121.796846,-10.752394,-120.185339,17.197814,161.0,GORDON -- WEATHERFORD 2,GORDON,WEATHERFORD 2,121.796846
"LINESTRING (-97.7101 31.9162, -97.5466 31.8171)",187.0,38.501865,8.597504,-38.393636,-10.04757,161.0,MERIDIAN -- CLIFTON 2,MERIDIAN,CLIFTON 2,38.501865
"LINESTRING (-97.9346 30.936, -97.9346 30.936)",890.0,109.354063,32.359726,-109.329341,-30.896638,500.0,KILLEEN 4 -- KILLEEN 4,KILLEEN 4,KILLEEN 4,109.354063
"LINESTRING (-97.9346 30.936, -97.3172 31.0558)",2020.0,-109.354063,-32.359726,109.434754,-39.020241,500.0,KILLEEN 4 -- TEMPLE 1,TEMPLE 1,KILLEEN 4,109.354063
"LINESTRING (-97.9346 30.936, -97.8097 30.8418)",187.0,-25.440659,-7.293362,25.481093,5.814151,161.0,KILLEEN 4 -- GEORGETOWN 3,GEORGETOWN 3,KILLEEN 4,25.440659
"LINESTRING (-96.9119 32.6607, -97.0832 32.7543)",251.0,-42.56398,-9.589193,42.664143,8.246906,161.0,DUNCANVILLE 1 -- ARLINGTON 4,ARLINGTON 4,DUNCANVILLE 1,42.56398
"LINESTRING (-96.9119 32.6607, -96.9366 32.6762)",310.0,-164.939731,-65.002124,165.129155,66.145068,161.0,DUNCANVILLE 1 -- DALLAS 43,DALLAS 43,DUNCANVILLE 1,164.939731
"LINESTRING (-96.9119 32.6607, -96.8409 32.6609)",251.0,75.029979,13.724367,-74.92246,-13.758634,161.0,DUNCANVILLE 1 -- DALLAS 34,DUNCANVILLE 1,DALLAS 34,75.029979
"LINESTRING (-98.3651 33.2058, -98.3651 33.2058)",305.0,98.207859,-0.317546,-98.17896,3.00681,500.0,BRYSON 1 -- BRYSON 1,BRYSON 1,BRYSON 1,98.207859
"LINESTRING (-98.3651 33.2058, -98.3651 33.2058)",594.0,-112.479101,22.895753,112.500001,-21.599947,500.0,BRYSON 1 -- BRYSON 1,BRYSON 1,BRYSON 1,112.479101
"LINESTRING (-98.3651 33.2058, -97.9103 33.0583)",2020.0,763.928577,-55.891007,-760.941353,39.036226,500.0,BRYSON 1 -- POOLVILLE,BRYSON 1,POOLVILLE,763.928577
"LINESTRING (-98.3651 33.2058, -98.1882 33.2196)",187.0,64.475269,-8.281707,-64.214738,7.797932,161.0,BRYSON 1 -- JACKSBORO 2,BRYSON 1,JACKSBORO 2,64.475269
"LINESTRING (-97.3298 32.7591, -97.3305 32.6785)",187.0,-29.944747,1.157517,29.975186,-1.937897,161.0,FORT WORTH 12 -- FORT WORTH 13,FORT WORTH 13,FORT WORTH 12,29.944747
"LINESTRING (-97.3298 32.7591, -97.3546 32.7811)",251.0,68.681823,-39.699933,-68.623654,39.672975,161.0,FORT WORTH 12 -- FORT WORTH 17,FORT WORTH 12,FORT WORTH 17,68.681823
"LINESTRING (-98.1268 32.7996, -97.9931 32.7045)",251.0,40.752305,-29.347373,-40.640279,28.34003,161.0,MINERAL WELLS -- MILLSAP,MINERAL WELLS,MILLSAP,40.752305
"LINESTRING (-96.76 31.6611, -96.8024 31.561)",251.0,-87.43129,0.584887,87.678471,-0.345639,161.0,COOLIDGE -- MART,MART,COOLIDGE,87.43129
"LINESTRING (-96.76 31.6611, -96.8919 31.7512)",251.0,82.62129,-1.944887,-82.322547,1.942885,161.0,COOLIDGE -- MOUNT CALM,COOLIDGE,MOUNT CALM,82.62129
"LINESTRING (-96.4755 32.2291, -96.675 32.32)",187.0,-80.155341,7.990408,80.684529,-7.884623,161.0,RICE -- ENNIS,ENNIS,RICE,80.155341
"LINESTRING (-96.4755 32.2291, -96.245 32.3667)",187.0,71.515341,-10.440408,-70.988765,10.199881,161.0,RICE -- KEMP,RICE,KEMP,71.515341
"LINESTRING (-97.9103 33.0583, -97.9103 33.0583)",1134.0,366.601246,-6.45889,-366.518159,16.643039,500.0,POOLVILLE -- POOLVILLE,POOLVILLE,POOLVILLE,366.601246
"LINESTRING (-97.9103 33.0583, -97.9103 33.0583)",903.0,-248.485743,38.671678,248.670001,-27.599477,500.0,POOLVILLE -- POOLVILLE,POOLVILLE,POOLVILLE,248.485743
"LINESTRING (-97.9103 33.0583, -97.9103 33.0583)",915.0,-248.581122,33.521191,248.670001,-27.599649,500.0,POOLVILLE -- POOLVILLE,POOLVILLE,POOLVILLE,248.581122
"LINESTRING (-97.9103 33.0583, -97.9103 33.0583)",913.0,-248.564294,35.060279,248.670001,-27.599628,500.0,POOLVILLE -- POOLVILLE,POOLVILLE,POOLVILLE,248.564294
"LINESTRING (-97.9103 33.0583, -97.9208 33.1964)",2768.0,686.145092,-92.815277,-685.681076,84.155339,500.0,POOLVILLE -- BRIDGEPORT,POOLVILLE,BRIDGEPORT,686.145092
"LINESTRING (-97.9103 33.0583, -98.3103 32.6581)",2020.0,-658.477772,-15.657945,661.351185,-18.082212,500.0,POOLVILLE -- PALO PINTO 1,PALO PINTO 1,POOLVILLE,658.477772
"LINESTRING (-97.7367 32.0835, -97.7952 32.2085)",187.0,-62.220057,3.433726,62.434915,-3.987554,161.0,WALNUT SPRINGS -- GLEN ROSE 2,GLEN ROSE 2,WALNUT SPRINGS,62.220057
"LINESTRING (-97.7367 32.0835, -97.5756 32.1175)",187.0,58.630057,-4.453726,-58.430684,3.770869,161.0,WALNUT SPRINGS -- KOPPERL,WALNUT SPRINGS,KOPPERL,58.630057
"LINESTRING (-97.1452 32.8307, -97.086 32.8603)",251.0,102.505806,-59.585004,-102.257173,60.384539,161.0,BEDFORD 2 -- EULESS 1,BEDFORD 2,EULESS 1,102.505806
"LINESTRING (-97.1452 32.8307, -97.1806 32.8172)",409.0,-184.279097,32.551583,184.628765,-30.954846,161.0,BEDFORD 2 -- HURST,HURST,BEDFORD 2,184.279097
"LINESTRING (-96.8073 31.8485, -96.6558 31.867)",187.0,68.606095,-0.924377,-68.347753,0.662842,161.0,HUBBARD -- DAWSON,HUBBARD,DAWSON,68.606095
"LINESTRING (-96.8073 31.8485, -96.8919 31.7512)",251.0,-78.085485,2.953774,78.312547,-3.082885,161.0,HUBBARD -- MOUNT CALM,MOUNT CALM,HUBBARD,78.085485
"LINESTRING (-96.678 32.4399, -96.8423 32.2375)",310.0,-88.623105,-0.355284,89.080366,1.060645,161.0,FERRIS -- FORRESTON,FORRESTON,FERRIS,88.623105
"LINESTRING (-96.678 32.4399, -96.8073 32.5218)",310.0,54.733105,-9.244716,-54.633961,8.466251,161.0,FERRIS -- RED OAK,FERRIS,RED OAK,54.733105
"LINESTRING (-96.6516 32.8802, -96.6893 32.7671)",409.0,-176.499449,-6.410819,177.358243,11.317022,161.0,GARLAND 4 -- DALLAS 5,DALLAS 5,GARLAND 4,176.499449
"LINESTRING (-96.8386 32.7114, -96.7568 32.7506)",187.0,-48.167447,-6.978748,48.247521,6.482581,161.0,DALLAS 32 -- DALLAS 13,DALLAS 13,DALLAS 32,48.167447
"LINESTRING (-96.8386 32.7114, -96.8719 32.7039)",310.0,-81.162735,-8.030998,81.207918,8.044055,161.0,DALLAS 32 -- DALLAS 37,DALLAS 37,DALLAS 32,81.162735
"LINESTRING (-96.9332 33.3712, -96.9506 33.1765)",251.0,52.961916,-10.054024,-52.788541,8.877425,161.0,PILOT POINT -- LITTLE ELM,PILOT POINT,LITTLE ELM,52.961916
"LINESTRING (-97.2694 32.724, -97.273 32.7491)",251.0,75.118446,-35.183288,-75.064951,35.211542,161.0,FORT WORTH 6 -- FORT WORTH 7,FORT WORTH 6,FORT WORTH 7,75.118446
"LINESTRING (-97.2694 32.724, -97.3178 32.7287)",187.0,-90.833459,-53.869793,91.026676,54.272217,161.0,FORT WORTH 6 -- FORT WORTH 11,FORT WORTH 11,FORT WORTH 6,90.833459
"LINESTRING (-97.2253 32.84, -97.2521 32.8684)",187.0,88.151776,60.286353,-87.983878,-59.951528,161.0,NORTH RICHLAND HILLS 2 -- FORT WORTH 4,NORTH RICHLAND HILLS 2,FORT WORTH 4,88.151776
"LINESTRING (-97.2253 32.84, -97.2521 32.8684)",187.0,88.151776,60.286353,-87.983878,-59.951528,161.0,NORTH RICHLAND HILLS 2 -- FORT WORTH 4,NORTH RICHLAND HILLS 2,FORT WORTH 4,88.151776
"LINESTRING (-97.2253 32.84, -97.2177 32.7474)",251.0,92.817726,95.508016,-92.146595,-93.575689,161.0,NORTH RICHLAND HILLS 2 -- FORT WORTH 3,NORTH RICHLAND HILLS 2,FORT WORTH 3,92.817726
"LINESTRING (-97.2253 32.84, -97.2084 32.8866)",409.0,-184.725639,133.131525,185.287702,-129.621206,161.0,NORTH RICHLAND HILLS 2 -- NORTH RICHLAND HILLS 1,NORTH RICHLAND HILLS 1,NORTH RICHLAND HILLS 2,184.725639
"LINESTRING (-97.2253 32.84, -97.2084 32.8866)",409.0,-184.725639,133.131525,185.287702,-129.621206,161.0,NORTH RICHLAND HILLS 2 -- NORTH RICHLAND HILLS 1,NORTH RICHLAND HILLS 1,NORTH RICHLAND HILLS 2,184.725639
"LINESTRING (-96.4395 32.4648, -96.5423 32.6058)",187.0,-67.923859,29.855929,68.311712,-30.059354,161.0,SCURRY -- SEAGOVILLE,SEAGOVILLE,SCURRY,67.923859
"LINESTRING (-97.6332 31.1492, -97.7464 31.0096)",187.0,-96.475214,-32.633921,97.205579,33.95166,161.0,KILLEEN 1 -- KILLEEN 3,KILLEEN 3,KILLEEN 1,96.475214
"LINESTRING (-96.0796 32.4367, -96.245 32.3667)",310.0,-60.698703,4.822245,60.834717,-5.569775,161.0,MABANK 1 -- KEMP,KEMP,MABANK 1,60.698703
"LINESTRING (-96.0796 32.4367, -96.245 32.3667)",310.0,-60.698703,4.822245,60.834717,-5.569775,161.0,MABANK 1 -- KEMP,KEMP,MABANK 1,60.698703
"LINESTRING (-96.4681 31.6549, -96.6558 31.867)",251.0,16.231908,-9.210167,-16.205212,6.416471,161.0,MEXIA -- DAWSON,MEXIA,DAWSON,16.231908
"LINESTRING (-96.8967 33.0053, -96.9124 33.0703)",310.0,-146.199095,-56.612602,146.574092,58.697894,161.0,CARROLLTON 2 -- THE COLONY,THE COLONY,CARROLLTON 2,146.199095
"LINESTRING (-96.3933 33.0618, -96.4541 33.0127)",251.0,61.313494,61.948394,-61.15204,-61.81333,161.0,NEVADA -- LAVON,NEVADA,LAVON,61.313494
"LINESTRING (-96.3933 33.0618, -96.309 33.0662)",310.0,-74.373494,-65.648394,74.529045,65.906031,161.0,NEVADA -- JOSEPHINE,JOSEPHINE,NEVADA,74.373494
"LINESTRING (-96.3013 32.7584, -96.559 32.7257)",251.0,-24.959491,-4.933955,25.002023,2.692358,161.0,TERRELL 2 -- MESQUITE 1,MESQUITE 1,TERRELL 2,24.959491
"LINESTRING (-96.7595 32.6654, -96.6955 32.6385)",409.0,-189.742191,3.566608,190.247054,-0.401737,161.0,DALLAS 14 -- HUTCHINS,HUTCHINS,DALLAS 14,189.742191
"LINESTRING (-96.7595 32.6654, -96.6955 32.6385)",409.0,-189.742191,3.566608,190.247054,-0.401737,161.0,DALLAS 14 -- HUTCHINS,HUTCHINS,DALLAS 14,189.742191
"LINESTRING (-96.7595 32.6654, -96.6955 32.6385)",409.0,-189.742191,3.566608,190.247054,-0.401737,161.0,DALLAS 14 -- HUTCHINS,HUTCHINS,DALLAS 14,189.742191
"LINESTRING (-96.7595 32.6654, -96.7781 32.6177)",310.0,153.792012,-4.388335,-153.513753,5.929975,161.0,DALLAS 14 -- LANCASTER 2,DALLAS 14,LANCASTER 2,153.792012
"LINESTRING (-96.7568 32.7506, -96.746 32.8287)",409.0,157.353549,4.597012,-156.750413,-1.93587,161.0,DALLAS 13 -- DALLAS 10,DALLAS 13,DALLAS 10,157.353549
"LINESTRING (-96.8129 32.8118, -96.9549 32.7966)",187.0,-30.355783,6.463963,30.405252,-7.603396,161.0,DALLAS 28 -- IRVING 3,IRVING 3,DALLAS 28,30.355783
"LINESTRING (-98.187 31.6868, -98.3486 32.0753)",187.0,-16.508656,7.953241,16.571855,-12.295828,161.0,HAMILTON -- DUBLIN 2,DUBLIN 2,HAMILTON,16.508656
"LINESTRING (-97.1333 32.6922, -97.0094 32.7767)",187.0,-18.683761,21.044312,18.730204,-22.294389,161.0,ARLINGTON 7 -- GRAND PRAIRIE 2,GRAND PRAIRIE 2,ARLINGTON 7,18.683761
"LINESTRING (-97.1333 32.6922, -97.0802 32.7228)",300.0,23.910014,-55.068354,-23.828675,54.799786,161.0,ARLINGTON 7 -- ARLINGTON 3,ARLINGTON 7,ARLINGTON 3,23.910014
"LINESTRING (-97.1333 32.6922, -97.273 32.7491)",187.0,-55.196253,19.864042,55.386764,-20.443285,161.0,ARLINGTON 7 -- FORT WORTH 7,FORT WORTH 7,ARLINGTON 7,55.196253
"LINESTRING (-97.086 32.8603, -97.1486 32.9599)",187.0,50.322607,-101.200857,-49.7281,102.561058,161.0,EULESS 1 -- SOUTHLAKE,EULESS 1,SOUTHLAKE,50.322607
"LINESTRING (-96.7902 33.1631, -96.6017 33.1669)",310.0,-137.298765,-12.322761,138.00065,15.846601,161.0,FRISCO 1 -- MCKINNEY 1,MCKINNEY 1,FRISCO 1,137.298765
"LINESTRING (-96.7902 33.1631, -96.6017 33.1669)",310.0,-137.298765,-12.322761,138.00065,15.846601,161.0,FRISCO 1 -- MCKINNEY 1,MCKINNEY 1,FRISCO 1,137.298765
"LINESTRING (-97.5987 30.9257, -97.2916 30.7893)",187.0,-7.541456,7.218881,7.557926,-10.452222,161.0,SALADO -- BARTLETT,BARTLETT,SALADO,7.541456
"LINESTRING (-97.5987 30.9257, -97.7464 31.0096)",187.0,-16.613175,-27.33664,16.673794,25.819024,161.0,SALADO -- KILLEEN 3,KILLEEN 3,SALADO,16.613175
"LINESTRING (-98.7119 33.3836, -98.7119 33.3836)",287.0,-92.55419,33.729963,92.598469,-30.065054,500.0,OLNEY 1 -- OLNEY 1,OLNEY 1,OLNEY 1,92.55419
"LINESTRING (-98.7119 33.3836, -98.7119 33.3836)",826.0,-168.708327,34.942157,168.750002,-32.399985,500.0,OLNEY 1 -- OLNEY 1,OLNEY 1,OLNEY 1,168.708327
"LINESTRING (-98.7119 33.3836, -99.4228 32.7683)",2020.0,-648.064645,-34.184017,652.565945,-24.280544,500.0,OLNEY 1 -- ALBANY 1,ALBANY 1,OLNEY 1,648.064645
"LINESTRING (-98.4667 31.3833, -98.4667 31.3833)",477.0,92.923459,-13.512668,-92.884545,16.237354,500.0,GOLDTHWAITE 1 -- GOLDTHWAITE 1,GOLDTHWAITE 1,GOLDTHWAITE 1,92.923459
"LINESTRING (-98.4667 31.3833, -98.4667 31.3833)",584.0,-112.457275,24.52548,112.500001,-21.59985,500.0,GOLDTHWAITE 1 -- GOLDTHWAITE 1,GOLDTHWAITE 1,GOLDTHWAITE 1,112.457275
"LINESTRING (-98.4667 31.3833, -97.9682 31.219)",2020.0,938.396042,-20.011073,-933.537542,17.437561,500.0,GOLDTHWAITE 1 -- COPPERAS COVE,GOLDTHWAITE 1,COPPERAS COVE,938.396042
"LINESTRING (-98.4667 31.3833, -98.3384 30.556)",2020.0,-758.758816,49.313207,764.686654,-90.381848,500.0,GOLDTHWAITE 1 -- MARBLE FALLS 2,MARBLE FALLS 2,GOLDTHWAITE 1,758.758816
"LINESTRING (-98.4667 31.3833, -98.4667 31.3833)",204.0,53.524155,-7.328534,-53.502784,8.372511,161.0,GOLDTHWAITE 1 -- GOLDTHWAITE 1,GOLDTHWAITE 1,GOLDTHWAITE 1,53.524155
"LINESTRING (-98.4667 31.3833, -98.4667 31.3833)",24.0,-0.0,-0.0,0.0,0.0,115.0,GOLDTHWAITE 1 -- GOLDTHWAITE 1,GOLDTHWAITE 1,GOLDTHWAITE 1,0.0
"LINESTRING (-97.387 32.7007, -97.6315 32.6957)",251.0,-147.138511,-0.746436,148.504785,6.410145,161.0,FORT WORTH 22 -- ALEDO 2,ALEDO 2,FORT WORTH 22,147.138511
"LINESTRING (-97.387 32.7007, -97.273 32.7491)",187.0,82.008511,-17.703564,-81.690292,17.846901,161.0,FORT WORTH 22 -- FORT WORTH 7,FORT WORTH 22,FORT WORTH 7,82.008511
"LINESTRING (-97.0715 32.9258, -97.2267 33.0093)",251.0,-121.846759,44.408178,122.93262,-41.32305,161.0,GRAPEVINE -- ROANOKE,ROANOKE,GRAPEVINE,121.846759
"LINESTRING (-97.0715 32.9258, -97.1486 32.9599)",187.0,-66.413942,-109.603488,66.909353,110.864522,161.0,GRAPEVINE -- SOUTHLAKE,SOUTHLAKE,GRAPEVINE,66.413942
"LINESTRING (-97.7952 32.2085, -97.7855 32.2984)",251.0,-90.661544,8.911414,90.884512,-8.653367,161.0,GLEN ROSE 2 -- GLEN ROSE 1,GLEN ROSE 1,GLEN ROSE 2,90.661544
"LINESTRING (-97.1304 32.853, -97.1806 32.8172)",251.0,-127.221,16.195884,127.499992,-15.18547,161.0,BEDFORD 1 -- HURST,HURST,BEDFORD 1,127.221
"LINESTRING (-97.1304 32.853, -97.1496 32.8918)",409.0,118.961091,11.168942,-118.708794,-10.508816,161.0,BEDFORD 1 -- COLLEYVILLE,BEDFORD 1,COLLEYVILLE,118.961091
"LINESTRING (-97.1304 32.853, -97.2084 32.8866)",187.0,-92.760091,-55.984825,93.123184,56.774629,161.0,BEDFORD 1 -- NORTH RICHLAND HILLS 1,NORTH RICHLAND HILLS 1,BEDFORD 1,92.760091
"LINESTRING (-97.5239 32.787, -97.4822 32.8473)",310.0,162.151726,-9.97575,-161.72938,12.381638,161.0,FORT WORTH 29 -- FORT WORTH 27,FORT WORTH 29,FORT WORTH 27,162.151726
"LINESTRING (-97.5239 32.787, -97.4822 32.8473)",310.0,162.151726,-9.97575,-161.72938,12.381638,161.0,FORT WORTH 29 -- FORT WORTH 27,FORT WORTH 29,FORT WORTH 27,162.151726
"LINESTRING (-96.6893 32.7671, -96.6785 32.7103)",500.0,-239.259681,-6.904322,240.02529,12.046718,161.0,DALLAS 5 -- DALLAS 3,DALLAS 3,DALLAS 5,239.259681
"LINESTRING (-96.6893 32.7671, -96.6785 32.7103)",500.0,-239.259681,-6.904322,240.02529,12.046718,161.0,DALLAS 5 -- DALLAS 3,DALLAS 3,DALLAS 5,239.259681
"LINESTRING (-96.6893 32.7671, -96.6785 32.7103)",500.0,-239.259681,-6.904322,240.02529,12.046718,161.0,DALLAS 5 -- DALLAS 3,DALLAS 3,DALLAS 5,239.259681
"LINESTRING (-96.6893 32.7671, -96.6785 32.7103)",500.0,-239.259681,-6.904322,240.02529,12.046718,161.0,DALLAS 5 -- DALLAS 3,DALLAS 3,DALLAS 5,239.259681
"LINESTRING (-97.0094 32.7767, -96.9549 32.7966)",310.0,94.111607,-26.168108,-94.001301,26.378353,161.0,GRAND PRAIRIE 2 -- IRVING 3,GRAND PRAIRIE 2,IRVING 3,94.111607
"LINESTRING (-97.0094 32.7767, -96.9549 32.7966)",310.0,94.111607,-26.168108,-94.001301,26.378353,161.0,GRAND PRAIRIE 2 -- IRVING 3,GRAND PRAIRIE 2,IRVING 3,94.111607
"LINESTRING (-96.7934 32.9027, -96.82 32.7868)",187.0,-28.152789,-8.406843,28.195721,7.271874,161.0,DALLAS 22 -- DALLAS 29,DALLAS 29,DALLAS 22,28.152789
"LINESTRING (-96.7934 32.9027, -96.7875 32.9303)",187.0,-53.759113,-38.225722,53.811195,38.152566,161.0,DALLAS 22 -- DALLAS 18,DALLAS 18,DALLAS 22,53.759113
"LINESTRING (-97.0601 33.0327, -97.061 33.0814)",310.0,-146.452538,6.680403,146.696638,-5.386013,161.0,FLOWER MOUND 1 -- LEWISVILLE 2,LEWISVILLE 2,FLOWER MOUND 1,146.452538
"LINESTRING (-97.0601 33.0327, -97.061 33.0814)",310.0,-146.452538,6.680403,146.696638,-5.386013,161.0,FLOWER MOUND 1 -- LEWISVILLE 2,LEWISVILLE 2,FLOWER MOUND 1,146.452538
"LINESTRING (-97.2267 33.0093, -97.346 32.8818)",187.0,25.255861,-4.379664,-25.211761,2.804793,161.0,ROANOKE -- FORT WORTH 16,ROANOKE,FORT WORTH 16,25.255861
"LINESTRING (-97.2267 33.0093, -97.3105 32.9754)",310.0,-150.971703,7.117589,151.381012,-4.920789,161.0,ROANOKE -- FORT WORTH 10,FORT WORTH 10,ROANOKE,150.971703
"LINESTRING (-97.2267 33.0093, -97.3105 32.9754)",310.0,-150.971703,7.117589,151.381012,-4.920789,161.0,ROANOKE -- FORT WORTH 10,FORT WORTH 10,ROANOKE,150.971703
"LINESTRING (-97.2267 33.0093, -97.1496 32.8918)",187.0,70.814925,7.967536,-70.528729,-8.16329,161.0,ROANOKE -- COLLEYVILLE,ROANOKE,COLLEYVILLE,70.814925
"LINESTRING (-96.8423 32.2375, -96.8512 32.1777)",251.0,-80.754623,4.296407,80.877627,-4.294481,161.0,FORRESTON -- ITALY,ITALY,FORRESTON,80.754623
"LINESTRING (-96.8423 32.2375, -96.9155 32.3608)",251.0,83.968868,-6.981423,-83.663677,7.245004,161.0,FORRESTON -- WAXAHACHIE 2,FORRESTON,WAXAHACHIE 2,83.968868
"LINESTRING (-96.8423 32.2375, -96.7849 32.3722)",310.0,-93.594611,1.254371,93.889118,-0.646338,161.0,FORRESTON -- WAXAHACHIE 1,WAXAHACHIE 1,FORRESTON,93.594611
"LINESTRING (-96.4549 32.7432, -96.5476 32.8005)",310.0,-111.579077,-9.697247,111.957394,10.841189,161.0,FORNEY -- SUNNYVALE,SUNNYVALE,FORNEY,111.579077
"LINESTRING (-96.4541 33.0127, -96.5349 33.0121)",251.0,51.94204,59.20333,-51.813245,-59.212311,161.0,LAVON -- WYLIE,LAVON,WYLIE,51.94204
"LINESTRING (-97.7855 32.2984, -97.7855 32.2984)",375.0,90.916913,-6.634446,-90.884512,8.653367,500.0,GLEN ROSE 1 -- GLEN ROSE 1,GLEN ROSE 1,GLEN ROSE 1,90.916913
"LINESTRING (-97.7855 32.2984, -97.7855 32.2984)",1450.0,-1213.722109,-41.765995,1215.000012,122.529479,500.0,GLEN ROSE 1 -- GLEN ROSE 1,GLEN ROSE 1,GLEN ROSE 1,1213.722109
"LINESTRING (-97.7855 32.2984, -97.7855 32.2984)",1450.0,-1214.23102,-69.551677,1215.000012,127.354263,500.0,GLEN ROSE 1 -- GLEN ROSE 1,GLEN ROSE 1,GLEN ROSE 1,1214.23102
"LINESTRING (-97.7855 32.2984, -97.7317 32.3342)",4352.0,2543.502932,-34.328984,-2541.260444,74.887183,500.0,GLEN ROSE 1 -- GRANBURY 1,GLEN ROSE 1,GRANBURY 1,2543.502932
"LINESTRING (-98.5523 32.2986, -98.4182 32.4554)",251.0,-41.955158,34.774502,42.122856,-36.248103,161.0,DE LEON -- MINGUS,MINGUS,DE LEON,41.955158
"LINESTRING (-97.2251 32.924, -97.2084 32.8866)",409.0,183.108943,-57.430376,-182.776196,59.495928,161.0,KELLER 1 -- NORTH RICHLAND HILLS 1,KELLER 1,NORTH RICHLAND HILLS 1,183.108943
"LINESTRING (-97.2251 32.924, -97.2084 32.8866)",409.0,183.108943,-57.430376,-182.776196,59.495928,161.0,KELLER 1 -- NORTH RICHLAND HILLS 1,KELLER 1,NORTH RICHLAND HILLS 1,183.108943
"LINESTRING (-97.2251 32.924, -97.2084 32.8866)",409.0,183.108943,-57.430376,-182.776196,59.495928,161.0,KELLER 1 -- NORTH RICHLAND HILLS 1,KELLER 1,NORTH RICHLAND HILLS 1,183.108943
"LINESTRING (-96.9647 32.5802, -97.0394 32.5912)",310.0,128.220933,71.225866,-127.801501,-69.491891,161.0,CEDAR HILL -- ARLINGTON 2,CEDAR HILL,ARLINGTON 2,128.220933
"LINESTRING (-97.5311 31.4095, -97.7353 31.468)",187.0,-42.392247,10.171827,42.539498,-11.538083,161.0,MC GREGOR -- GATESVILLE 3,GATESVILLE 3,MC GREGOR,42.392247
"LINESTRING (-97.5311 31.4095, -97.2604 31.5297)",187.0,15.740951,-19.160793,-15.679965,16.553647,161.0,MC GREGOR -- WOODWAY,MC GREGOR,WOODWAY,15.740951
"LINESTRING (-95.789 33.3163, -95.9457 33.4209)",187.0,-1.48971,-4.16192,1.490587,2.262958,161.0,COMMERCE -- WOLFE CITY,WOLFE CITY,COMMERCE,1.48971
"LINESTRING (-96.9907 32.4693, -96.9155 32.3608)",310.0,130.269375,12.186018,-129.767972,-10.004305,161.0,MIDLOTHIAN 2 -- WAXAHACHIE 2,MIDLOTHIAN 2,WAXAHACHIE 2,130.269375
"LINESTRING (-96.9907 32.4693, -97.0537 32.4302)",310.0,-108.614687,-18.413009,108.800202,18.986602,161.0,MIDLOTHIAN 2 -- MIDLOTHIAN 1,MIDLOTHIAN 1,MIDLOTHIAN 2,108.614687
"LINESTRING (-96.9907 32.4693, -97.0537 32.4302)",310.0,-108.614687,-18.413009,108.800202,18.986602,161.0,MIDLOTHIAN 2 -- MIDLOTHIAN 1,MIDLOTHIAN 1,MIDLOTHIAN 2,108.614687
"LINESTRING (-97.2433 31.8162, -97.0985 31.621)",251.0,-106.267455,-7.25248,107.065389,9.28696,161.0,WEST -- WACO 2,WACO 2,WEST,106.267455
"LINESTRING (-97.2433 31.8162, -97.0737 31.6966)",187.0,13.147868,2.795514,-13.13311,-4.846659,161.0,WEST -- ELM MOTT,WEST,ELM MOTT,13.147868
"LINESTRING (-97.2433 31.8162, -97.0854 31.8817)",251.0,70.709587,-1.893034,-70.481708,1.543386,161.0,WEST -- ABBOTT,WEST,ABBOTT,70.709587
"LINESTRING (-97.2916 30.7893, -97.227 30.9402)",187.0,-8.534955,2.067489,8.540362,-3.82665,161.0,BARTLETT -- ROGERS,ROGERS,BARTLETT,8.534955
"LINESTRING (-96.7728 32.7925, -96.7994 32.7877)",187.0,76.337869,9.425228,-76.280842,-9.422441,161.0,DALLAS 16 -- DALLAS 25,DALLAS 16,DALLAS 25,76.337869
"LINESTRING (-96.9847 32.9634, -97.1486 32.9599)",187.0,-28.047644,-4.659943,28.09216,3.230512,161.0,COPPELL -- SOUTHLAKE,SOUTHLAKE,COPPELL,28.047644
"LINESTRING (-96.9847 32.9634, -96.962 33.0196)",251.0,-87.952356,-28.210057,88.100953,28.379809,161.0,COPPELL -- LEWSIVILLE,LEWSIVILLE,COPPELL,87.952356
"LINESTRING (-96.6743 32.6052, -96.7812 32.7113)",251.0,56.92044,4.317878,-56.778821,-5.024498,161.0,WILMER -- DALLAS 17,WILMER,DALLAS 17,56.92044
"LINESTRING (-96.6743 32.6052, -96.6201 32.7166)",187.0,-91.21199,-36.431342,91.706601,37.187196,161.0,WILMER -- BALCH SPRINGS,BALCH SPRINGS,WILMER,91.21199
"LINESTRING (-96.6558 31.867, -96.3509 32.0432)",251.0,79.802966,-8.429313,-79.181243,8.594361,161.0,DAWSON -- CORSICANA 1,DAWSON,CORSICANA 1,79.802966
"LINESTRING (-96.8024 31.561, -96.9571 31.4744)",251.0,-98.218471,-2.644361,98.679206,3.367299,161.0,MART -- RIESEL 1,RIESEL 1,MART,98.218471
"LINESTRING (-96.9506 33.1765, -97.1838 33.2277)",187.0,-43.733488,13.101624,43.913858,-14.487443,161.0,LITTLE ELM -- DENTON 6,DENTON 6,LITTLE ELM,43.733488
"LINESTRING (-97.2524 31.0753, -97.3172 31.0558)",251.0,-73.167615,-8.993004,73.263378,8.876085,161.0,TEMPLE 2 -- TEMPLE 1,TEMPLE 1,TEMPLE 2,73.167615
"LINESTRING (-97.2524 31.0753, -97.227 30.9402)",187.0,22.477615,-5.366996,-22.447913,3.979763,161.0,TEMPLE 2 -- ROGERS,TEMPLE 2,ROGERS,22.477615
"LINESTRING (-97.3172 31.0558, -97.3172 31.0558)",1112.0,331.04872,63.351528,-330.950651,-57.124152,500.0,TEMPLE 1 -- TEMPLE 1,TEMPLE 1,TEMPLE 1,331.04872
"LINESTRING (-97.3172 31.0558, -97.3172 31.0558)",942.0,-80.308205,7.682277,80.320003,-6.571543,500.0,TEMPLE 1 -- TEMPLE 1,TEMPLE 1,TEMPLE 1,80.308205
"LINESTRING (-97.3172 31.0558, -97.3172 31.0558)",940.0,-80.308205,7.682226,80.320003,-6.742849,500.0,TEMPLE 1 -- TEMPLE 1,TEMPLE 1,TEMPLE 1,80.308205
"LINESTRING (-97.3172 31.0558, -97.3172 31.0558)",935.0,0.0,-0.0,0.0,-0.0,500.0,TEMPLE 1 -- TEMPLE 1,TEMPLE 1,TEMPLE 1,0.0
"LINESTRING (-97.3172 31.0558, -96.9571 31.4744)",2020.0,217.225036,7.342204,-216.912344,-72.532033,500.0,TEMPLE 1 -- RIESEL 1,TEMPLE 1,RIESEL 1,217.225036
"LINESTRING (-97.3172 31.0558, -97.3736 31.1379)",310.0,163.057272,21.438068,-162.478234,-18.155935,161.0,TEMPLE 1 -- TEMPLE 3,TEMPLE 1,TEMPLE 3,163.057272
"LINESTRING (-96.1134 32.9247, -96.0843 33.0685)",310.0,-110.572785,-20.80568,110.999341,22.166571,161.0,QUINLAN -- GREENVILLE 2,GREENVILLE 2,QUINLAN,110.572785
"LINESTRING (-96.8018 32.9446, -96.7875 32.9303)",310.0,58.943303,47.21391,-58.918776,-47.240677,161.0,DALLAS 26 -- DALLAS 18,DALLAS 26,DALLAS 18,58.943303
"LINESTRING (-96.8018 32.9446, -96.7875 32.9303)",310.0,58.943303,47.21391,-58.918776,-47.240677,161.0,DALLAS 26 -- DALLAS 18,DALLAS 26,DALLAS 18,58.943303
"LINESTRING (-97.3304 31.9597, -97.1334 32.0225)",251.0,109.109438,1.556733,-108.460078,0.244514,161.0,WHITNEY -- HILLSBORO,WHITNEY,HILLSBORO,109.109438
"LINESTRING (-97.4338 32.9135, -97.4822 32.8473)",409.0,-207.851943,50.045185,208.937396,-44.567394,161.0,FORT WORTH 25 -- FORT WORTH 27,FORT WORTH 27,FORT WORTH 25,207.851943
"LINESTRING (-97.4338 32.9135, -97.3595 32.8165)",187.0,86.4333,0.231721,-86.072138,0.109844,161.0,FORT WORTH 25 -- FORT WORTH 18,FORT WORTH 25,FORT WORTH 18,86.4333
"LINESTRING (-97.4338 32.9135, -97.3546 32.7811)",187.0,33.892984,-9.14561,-33.817316,7.863034,161.0,FORT WORTH 25 -- FORT WORTH 17,FORT WORTH 25,FORT WORTH 17,33.892984
"LINESTRING (-97.4822 32.8473, -97.5612 32.9002)",187.0,52.471363,2.224118,-52.372924,-2.75833,161.0,FORT WORTH 27 -- AZLE,FORT WORTH 27,AZLE,52.471363
"LINESTRING (-97.5399 32.4259, -97.631 32.5621)",310.0,160.1341,-6.892966,-159.207799,12.135712,161.0,JOSHUA -- GRANBURY 3,JOSHUA,GRANBURY 3,160.1341
"LINESTRING (-97.5399 32.4259, -97.631 32.5621)",310.0,160.1341,-6.892966,-159.207799,12.135712,161.0,JOSHUA -- GRANBURY 3,JOSHUA,GRANBURY 3,160.1341
"LINESTRING (-97.5399 32.4259, -97.7006 32.4031)",409.0,-191.6191,-2.027034,192.783009,8.897161,161.0,JOSHUA -- GRANBURY 2,GRANBURY 2,JOSHUA,191.6191
"LINESTRING (-97.5399 32.4259, -97.7006 32.4031)",409.0,-191.6191,-2.027034,192.783009,8.897161,161.0,JOSHUA -- GRANBURY 2,GRANBURY 2,JOSHUA,191.6191
"LINESTRING (-96.6017 33.1669, -96.6017 33.1669)",1233.0,649.136142,74.060549,-648.609048,-47.366989,500.0,MCKINNEY 1 -- MCKINNEY 1,MCKINNEY 1,MCKINNEY 1,649.136142
"LINESTRING (-96.6017 33.1669, -96.6017 33.1669)",223.0,-0.0,-0.0,0.0,0.0,500.0,MCKINNEY 1 -- MCKINNEY 1,MCKINNEY 1,MCKINNEY 1,0.0
"LINESTRING (-96.6017 33.1669, -96.6017 33.1669)",525.0,-114.982053,-18.549355,115.0,19.843901,500.0,MCKINNEY 1 -- MCKINNEY 1,MCKINNEY 1,MCKINNEY 1,114.982053
"LINESTRING (-96.6017 33.1669, -96.6017 33.1669)",524.0,-114.9648,-9.277813,115.0,11.890825,500.0,MCKINNEY 1 -- MCKINNEY 1,MCKINNEY 1,MCKINNEY 1,114.9648
"LINESTRING (-96.6017 33.1669, -96.6017 33.1669)",519.0,-114.97058,-11.132184,115.0,13.306888,500.0,MCKINNEY 1 -- MCKINNEY 1,MCKINNEY 1,MCKINNEY 1,114.97058
"LINESTRING (-96.6017 33.1669, -96.6017 33.1669)",403.0,-82.664924,-4.800198,82.7,6.667669,500.0,MCKINNEY 1 -- MCKINNEY 1,MCKINNEY 1,MCKINNEY 1,82.664924
"LINESTRING (-96.6017 33.1669, -96.6017 33.1669)",1123.0,-431.311076,-9.293014,431.803542,38.23359,500.0,MCKINNEY 1 -- MCKINNEY 1,MCKINNEY 1,MCKINNEY 1,431.311076
"LINESTRING (-96.6017 33.1669, -96.6017 33.1669)",1117.0,-440.957919,-16.38378,441.249873,38.967279,500.0,MCKINNEY 1 -- MCKINNEY 1,MCKINNEY 1,MCKINNEY 1,440.957919
"LINESTRING (-96.6017 33.1669, -96.6078 33.0896)",2020.0,367.899863,45.548004,-367.76606,-54.030839,500.0,MCKINNEY 1 -- ALLEN 1,MCKINNEY 1,ALLEN 1,367.899863
"LINESTRING (-96.6017 33.1669, -97.0537 32.4302)",2768.0,-318.899825,-35.53721,319.521163,-62.83816,500.0,MCKINNEY 1 -- MIDLOTHIAN 1,MIDLOTHIAN 1,MCKINNEY 1,318.899825
"LINESTRING (-96.6017 33.1669, -96.6313 33.2459)",409.0,184.296344,13.282492,-183.645686,-9.51247,161.0,MCKINNEY 1 -- MCKINNEY 2,MCKINNEY 1,MCKINNEY 2,184.296344
"LINESTRING (-96.6078 33.0896, -96.6078 33.0896)",1239.0,659.022248,72.975284,-658.478353,-32.299714,500.0,ALLEN 1 -- ALLEN 1,ALLEN 1,ALLEN 1,659.022248
"LINESTRING (-96.9124 33.0703, -96.9638 33.0685)",310.0,-145.067046,-49.683947,145.295968,50.921351,161.0,THE COLONY -- LEWISVILLE 1,LEWISVILLE 1,THE COLONY,145.067046
"LINESTRING (-96.9124 33.0703, -96.9638 33.0685)",310.0,-145.067046,-49.683947,145.295968,50.921351,161.0,THE COLONY -- LEWISVILLE 1,LEWISVILLE 1,THE COLONY,145.067046
"LINESTRING (-96.5476 32.8005, -96.5763 32.8576)",409.0,-183.311554,7.455053,183.796215,-4.639385,161.0,SUNNYVALE -- GARLAND 1,GARLAND 1,SUNNYVALE,183.311554
"LINESTRING (-96.5476 32.8005, -96.5763 32.8576)",409.0,-183.311554,7.455053,183.796215,-4.639385,161.0,SUNNYVALE -- GARLAND 1,GARLAND 1,SUNNYVALE,183.311554
"LINESTRING (-97.2521 32.8684, -97.1486 32.9599)",187.0,50.391714,-54.053016,-50.113095,53.859206,161.0,FORT WORTH 4 -- SOUTHLAKE,FORT WORTH 4,SOUTHLAKE,50.391714
"LINESTRING (-97.2521 32.8684, -97.2915 32.8597)",409.0,107.545607,92.338083,-107.262566,-91.472674,161.0,FORT WORTH 4 -- FORT WORTH 9,FORT WORTH 4,FORT WORTH 9,107.545607
"LINESTRING (-97.2521 32.8684, -97.3546 32.7811)",251.0,-51.959565,61.787989,52.20097,-61.77601,161.0,FORT WORTH 4 -- FORT WORTH 17,FORT WORTH 17,FORT WORTH 4,51.959565
"LINESTRING (-96.6303 32.8173, -96.559 32.7257)",187.0,61.260205,76.478106,-60.833596,-75.823534,161.0,MESQUITE 3 -- MESQUITE 1,MESQUITE 3,MESQUITE 1,61.260205
"LINESTRING (-97.7317 32.3342, -97.7317 32.3342)",1106.0,363.612717,18.502009,-363.463268,-0.625575,500.0,GRANBURY 1 -- GRANBURY 1,GRANBURY 1,GRANBURY 1,363.612717
"LINESTRING (-97.7317 32.3342, -97.7317 32.3342)",925.0,-78.825974,-22.963019,78.840005,24.069677,500.0,GRANBURY 1 -- GRANBURY 1,GRANBURY 1,GRANBURY 1,78.825974
"LINESTRING (-97.7317 32.3342, -97.7317 32.3342)",917.0,-0.0,-0.0,-0.0,-0.0,500.0,GRANBURY 1 -- GRANBURY 1,GRANBURY 1,GRANBURY 1,0.0
"LINESTRING (-97.7317 32.3342, -97.7317 32.3342)",921.0,-78.824981,-21.197252,78.840005,22.243701,500.0,GRANBURY 1 -- GRANBURY 1,GRANBURY 1,GRANBURY 1,78.824981
"LINESTRING (-97.7317 32.3342, -97.0985 31.621)",2020.0,98.036037,-85.348149,-97.921802,-32.129174,500.0,GRANBURY 1 -- WACO 2,GRANBURY 1,WACO 2,98.036037
"LINESTRING (-97.7317 32.3342, -97.7006 32.4031)",3146.0,1118.631323,18.059614,-1118.088463,-17.160117,500.0,GRANBURY 1 -- GRANBURY 2,GRANBURY 1,GRANBURY 2,1118.631323
"LINESTRING (-97.7317 32.3342, -97.7006 32.4031)",3146.0,1118.631323,18.059614,-1118.088463,-17.160117,500.0,GRANBURY 1 -- GRANBURY 2,GRANBURY 1,GRANBURY 2,1118.631323
"LINESTRING (-97.7317 32.3342, -97.6551 32.2662)",347.2,181.731634,0.312788,-181.036106,3.878586,161.0,GRANBURY 1 -- NEMO,GRANBURY 1,NEMO,181.731634
"LINESTRING (-97.7317 32.3342, -97.6551 32.2662)",347.2,181.731634,0.312788,-181.036106,3.878586,161.0,GRANBURY 1 -- NEMO,GRANBURY 1,NEMO,181.731634
"LINESTRING (-96.9358 32.7231, -96.9358 32.7231)",1334.0,609.166149,58.371309,-608.768279,-16.959754,500.0,DALLAS 2 -- DALLAS 2,DALLAS 2,DALLAS 2,609.166149
"LINESTRING (-96.9358 32.7231, -96.9358 32.7231)",1334.0,609.166149,58.371309,-608.768279,-16.959754,500.0,DALLAS 2 -- DALLAS 2,DALLAS 2,DALLAS 2,609.166149
"LINESTRING (-96.9358 32.7231, -96.9358 32.7231)",952.0,-283.806079,-4.598773,284.070002,19.357064,500.0,DALLAS 2 -- DALLAS 2,DALLAS 2,DALLAS 2,283.806079
"LINESTRING (-96.9358 32.7231, -96.9358 32.7231)",945.0,-283.912881,-7.728434,284.070002,22.512041,500.0,DALLAS 2 -- DALLAS 2,DALLAS 2,DALLAS 2,283.912881
"LINESTRING (-96.9358 32.7231, -96.9358 32.7231)",953.0,-283.969867,-12.140111,284.070002,17.225513,500.0,DALLAS 2 -- DALLAS 2,DALLAS 2,DALLAS 2,283.969867
"LINESTRING (-96.9358 32.7231, -96.6785 32.7103)",2020.0,177.880786,53.756714,-177.781304,-80.675391,500.0,DALLAS 2 -- DALLAS 3,DALLAS 2,DALLAS 3,177.880786
"LINESTRING (-96.9358 32.7231, -97.0247 32.665)",2020.0,192.419379,-31.821745,-192.37267,20.042225,500.0,DALLAS 2 -- GRAND PRAIRIE 3,DALLAS 2,GRAND PRAIRIE 3,192.419379
"LINESTRING (-96.9358 32.7231, -96.9366 32.6762)",310.0,117.161769,-23.012671,-117.007697,23.579114,161.0,DALLAS 2 -- DALLAS 43,DALLAS 2,DALLAS 43,117.161769
"LINESTRING (-96.9358 32.7231, -96.9366 32.6762)",310.0,117.161769,-23.012671,-117.007697,23.579114,161.0,DALLAS 2 -- DALLAS 43,DALLAS 2,DALLAS 43,117.161769
"LINESTRING (-96.9358 32.7231, -96.878 32.8136)",310.0,157.209499,8.367438,-156.622104,-5.073149,161.0,DALLAS 2 -- DALLAS 40,DALLAS 2,DALLAS 40,157.209499
"LINESTRING (-96.9358 32.7231, -96.878 32.8136)",310.0,157.209499,8.367438,-156.622104,-5.073149,161.0,DALLAS 2 -- DALLAS 40,DALLAS 2,DALLAS 40,157.209499
"LINESTRING (-97.0129 31.3547, -97.1953 31.4535)",187.0,9.116448,-15.786402,-9.093216,13.790167,161.0,RIESEL 2 -- HEWITT,RIESEL 2,HEWITT,9.116448
"LINESTRING (-97.0832 32.7543, -97.2177 32.7474)",310.0,144.965528,-11.467571,-144.413796,14.348955,161.0,ARLINGTON 4 -- FORT WORTH 3,ARLINGTON 4,FORT WORTH 3,144.965528
"LINESTRING (-96.753 33.3389, -96.6313 33.2459)",251.0,-75.116299,21.145564,75.375686,-21.16753,161.0,CELINA -- MCKINNEY 2,MCKINNEY 2,CELINA,75.116299
"LINESTRING (-96.753 33.3389, -96.5662 33.2851)",187.0,-19.482938,7.139317,19.513922,-8.786113,161.0,CELINA -- MELISSA,MELISSA,CELINA,19.482938
"LINESTRING (-97.346 32.8818, -97.3595 32.8165)",187.0,51.131663,25.448533,-51.040489,-25.766592,161.0,FORT WORTH 16 -- FORT WORTH 18,FORT WORTH 16,FORT WORTH 18,51.131663
"LINESTRING (-96.8073 32.5218, -96.9155 32.3608)",310.0,-93.675282,3.050463,94.060824,-2.205349,161.0,RED OAK -- WAXAHACHIE 2,WAXAHACHIE 2,RED OAK,93.675282
"LINESTRING (-96.8073 32.5218, -96.9155 32.3608)",310.0,-93.675282,3.050463,94.060824,-2.205349,161.0,RED OAK -- WAXAHACHIE 2,WAXAHACHIE 2,RED OAK,93.675282
"LINESTRING (-99.5189 32.2664, -99.2908 32.0069)",251.0,62.782382,-18.795522,-62.37404,17.433012,161.0,CLYDE -- CROSS PLAINS,CLYDE,CROSS PLAINS,62.782382
"LINESTRING (-96.9421 32.8853, -96.8368 32.9253)",187.0,21.352942,-41.719305,-21.263625,41.068131,161.0,IRVING 2 -- DALLAS 31,IRVING 2,DALLAS 31,21.352942
"LINESTRING (-96.9421 32.8853, -96.878 32.8136)",310.0,-136.465281,9.683627,136.858742,-7.868377,161.0,IRVING 2 -- DALLAS 40,DALLAS 40,IRVING 2,136.465281
"LINESTRING (-96.5504 32.8978, -96.5763 32.8576)",409.0,-197.23275,-4.257042,197.646405,6.883204,161.0,ROWLETT 1 -- GARLAND 1,GARLAND 1,ROWLETT 1,197.23275
"LINESTRING (-96.5504 32.8978, -96.5763 32.8576)",409.0,-197.23275,-4.257042,197.646405,6.883204,161.0,ROWLETT 1 -- GARLAND 1,GARLAND 1,ROWLETT 1,197.23275
"LINESTRING (-96.5504 32.8978, -96.5763 32.8576)",409.0,-197.23275,-4.257042,197.646405,6.883204,161.0,ROWLETT 1 -- GARLAND 1,GARLAND 1,ROWLETT 1,197.23275
"LINESTRING (-97.631 32.5621, -97.5035 32.6359)",310.0,119.077799,-23.505712,-118.632746,25.387961,161.0,GRANBURY 3 -- FORT WORTH 28,GRANBURY 3,FORT WORTH 28,119.077799
"LINESTRING (-97.631 32.5621, -97.5035 32.6359)",310.0,119.077799,-23.505712,-118.632746,25.387961,161.0,GRANBURY 3 -- FORT WORTH 28,GRANBURY 3,FORT WORTH 28,119.077799
"LINESTRING (-96.82 32.7868, -96.8409 32.6609)",251.0,-81.056145,34.4629,81.362115,-34.089591,161.0,DALLAS 29 -- DALLAS 34,DALLAS 34,DALLAS 29,81.056145
"LINESTRING (-96.82 32.7868, -96.7994 32.7877)",187.0,18.920424,-51.354774,-18.898471,51.253633,161.0,DALLAS 29 -- DALLAS 25,DALLAS 29,DALLAS 25,18.920424
"LINESTRING (-96.9638 33.0685, -96.9638 33.0685)",49.0,-8.393711,0.293885,8.400001,-0.139969,161.0,LEWISVILLE 1 -- LEWISVILLE 1,LEWISVILLE 1,LEWISVILLE 1,8.393711
"LINESTRING (-96.9638 33.0685, -96.9638 33.0685)",240.0,-207.156896,21.659825,207.500002,-3.429967,161.0,LEWISVILLE 1 -- LEWISVILLE 1,LEWISVILLE 1,LEWISVILLE 1,207.156896
"LINESTRING (-96.9638 33.0685, -96.962 33.0196)",409.0,156.106263,-172.163313,-155.515965,175.886511,161.0,LEWISVILLE 1 -- LEWSIVILLE,LEWISVILLE 1,LEWSIVILLE,156.106263
"LINESTRING (-96.9638 33.0685, -96.962 33.0196)",409.0,156.106263,-172.163313,-155.515965,175.886511,161.0,LEWISVILLE 1 -- LEWSIVILLE,LEWISVILLE 1,LEWSIVILLE,156.106263
"LINESTRING (-96.9638 33.0685, -96.8563 33.1463)",310.0,-116.670606,37.32592,117.07244,-35.840529,161.0,LEWISVILLE 1 -- FRISCO 2,FRISCO 2,LEWISVILLE 1,116.670606
"LINESTRING (-96.9638 33.0685, -96.8563 33.1463)",310.0,-116.670606,37.32592,117.07244,-35.840529,161.0,LEWISVILLE 1 -- FRISCO 2,FRISCO 2,LEWISVILLE 1,116.670606
"LINESTRING (-96.9638 33.0685, -96.8563 33.1463)",310.0,-116.670606,37.32592,117.07244,-35.840529,161.0,LEWISVILLE 1 -- FRISCO 2,FRISCO 2,LEWISVILLE 1,116.670606
"LINESTRING (-96.9638 33.0685, -96.8563 33.1463)",310.0,-116.670606,37.32592,117.07244,-35.840529,161.0,LEWISVILLE 1 -- FRISCO 2,FRISCO 2,LEWISVILLE 1,116.670606
"LINESTRING (-96.8643 32.8933, -96.8368 32.9253)",187.0,-60.792436,95.889169,61.004843,-95.381633,161.0,DALLAS 36 -- DALLAS 31,DALLAS 31,DALLAS 36,60.792436
"LINESTRING (-96.8643 32.8933, -96.7955 32.8359)",187.0,-24.764754,-12.595233,24.790622,11.813249,161.0,DALLAS 36 -- DALLAS 23,DALLAS 23,DALLAS 36,24.764754
"LINESTRING (-97.3383 32.7078, -97.3305 32.6785)",251.0,20.694069,89.772563,-20.616815,-89.660074,161.0,FORT WORTH 15 -- FORT WORTH 13,FORT WORTH 15,FORT WORTH 13,20.694069
"LINESTRING (-97.3383 32.7078, -97.3795 32.6529)",310.0,-170.437028,50.877671,170.905598,-48.074592,161.0,FORT WORTH 15 -- FORT WORTH 20,FORT WORTH 20,FORT WORTH 15,170.437028
"LINESTRING (-97.3383 32.7078, -97.3795 32.6529)",310.0,-170.437028,50.877671,170.905598,-48.074592,161.0,FORT WORTH 15 -- FORT WORTH 20,FORT WORTH 20,FORT WORTH 15,170.437028
"LINESTRING (-97.3383 32.7078, -97.3178 32.7287)",310.0,114.439994,38.94326,-114.349846,-38.612441,161.0,FORT WORTH 15 -- FORT WORTH 11,FORT WORTH 15,FORT WORTH 11,114.439994
"LINESTRING (-97.3383 32.7078, -97.3178 32.7287)",310.0,114.439994,38.94326,-114.349846,-38.612441,161.0,FORT WORTH 15 -- FORT WORTH 11,FORT WORTH 15,FORT WORTH 11,114.439994
"LINESTRING (-97.1549 32.1626, -97.0372 32.3024)",187.0,26.807386,-12.617181,-26.745005,11.042742,161.0,ITASCA -- MAYPEARL,ITASCA,MAYPEARL,26.807386
"LINESTRING (-96.7781 32.6177, -96.8409 32.6609)",251.0,92.683753,-23.159975,-92.489655,23.468224,161.0,LANCASTER 2 -- DALLAS 34,LANCASTER 2,DALLAS 34,92.683753
"LINESTRING (-96.5763 32.8576, -96.5763 32.8576)",1258.0,633.959745,61.700289,-633.671249,-29.028172,500.0,GARLAND 1 -- GARLAND 1,GARLAND 1,GARLAND 1,633.959745
"LINESTRING (-96.5763 32.8576, -96.5763 32.8576)",1258.0,633.959745,61.700289,-633.671249,-29.028172,500.0,GARLAND 1 -- GARLAND 1,GARLAND 1,GARLAND 1,633.959745
"LINESTRING (-96.5763 32.8576, -97.0247 32.665)",2020.0,-101.084481,-51.090567,101.142919,-3.181568,500.0,GARLAND 1 -- GRAND PRAIRIE 3,GRAND PRAIRIE 3,GARLAND 1,101.084481
"LINESTRING (-96.5763 32.8576, -96.8563 33.1463)",2020.0,-20.340082,-64.622927,20.349764,16.404671,500.0,GARLAND 1 -- FRISCO 2,FRISCO 2,GARLAND 1,20.340082
"LINESTRING (-96.5763 32.8576, -96.4529 32.9439)",251.0,132.530855,-2.694497,-131.80187,5.462513,161.0,GARLAND 1 -- ROCKWALL 2,GARLAND 1,ROCKWALL 2,132.530855
"LINESTRING (-96.9165 32.6432, -96.9366 32.6762)",350.0,-10.481521,63.125719,10.51812,-63.431649,161.0,DUNCANVILLE 2 -- DALLAS 43,DALLAS 43,DUNCANVILLE 2,10.481521
"LINESTRING (-96.9165 32.6432, -96.9366 32.6762)",350.0,-10.481521,63.125719,10.51812,-63.431649,161.0,DUNCANVILLE 2 -- DALLAS 43,DALLAS 43,DUNCANVILLE 2,10.481521
"LINESTRING (-96.9165 32.6432, -96.8719 32.7039)",310.0,146.389744,62.961358,-145.974867,-60.622442,161.0,DUNCANVILLE 2 -- DALLAS 37,DUNCANVILLE 2,DALLAS 37,146.389744
"LINESTRING (-97.0372 32.3024, -97.0537 32.4302)",310.0,-89.213088,3.239325,89.450587,-2.913457,161.0,MAYPEARL -- MIDLOTHIAN 1,MIDLOTHIAN 1,MAYPEARL,89.213088
"LINESTRING (-97.0372 32.3024, -97.0537 32.4302)",310.0,-89.213088,3.239325,89.450587,-2.913457,161.0,MAYPEARL -- MIDLOTHIAN 1,MIDLOTHIAN 1,MAYPEARL,89.213088
"LINESTRING (-96.6497 32.9646, -96.6631 32.9916)",251.0,-102.489136,4.952271,102.583238,-4.760246,161.0,GARLAND 3 -- RICHARDSON 1,RICHARDSON 1,GARLAND 3,102.489136
"LINESTRING (-96.6497 32.9646, -96.4529 32.9439)",251.0,-47.214276,28.341733,47.37187,-29.382513,161.0,GARLAND 3 -- ROCKWALL 2,ROCKWALL 2,GARLAND 3,47.214276
"LINESTRING (-96.694 33.1143, -96.6631 32.9916)",310.0,79.475765,-44.470298,-79.234383,44.742256,161.0,ALLEN 2 -- RICHARDSON 1,ALLEN 2,RICHARDSON 1,79.475765
"LINESTRING (-96.9571 31.4744, -96.9571 31.4744)",1057.0,186.47717,0.934868,-186.398413,4.602415,500.0,RIESEL 1 -- RIESEL 1,RIESEL 1,RIESEL 1,186.47717
"LINESTRING (-96.9571 31.4744, -96.9571 31.4744)",1333.0,-302.265275,108.382134,302.400002,-98.322523,500.0,RIESEL 1 -- RIESEL 1,RIESEL 1,RIESEL 1,302.265275
"LINESTRING (-96.9571 31.4744, -96.695 31.0919)",2768.0,-659.532115,-15.310694,660.934763,-16.471697,500.0,RIESEL 1 -- BREMOND,BREMOND,RIESEL 1,659.532115
"LINESTRING (-97.9208 33.1964, -97.9208 33.1964)",646.0,100.541007,6.636141,-100.52491,-5.066652,500.0,BRIDGEPORT -- BRIDGEPORT,BRIDGEPORT,BRIDGEPORT,100.541007
"LINESTRING (-97.9208 33.1964, -97.9208 33.1964)",282.0,-10.399435,-2.125252,10.4,2.157952,500.0,BRIDGEPORT -- BRIDGEPORT,BRIDGEPORT,BRIDGEPORT,10.399435
"LINESTRING (-97.9208 33.1964, -97.9208 33.1964)",798.0,-213.273815,-8.660203,213.330001,12.464772,500.0,BRIDGEPORT -- BRIDGEPORT,BRIDGEPORT,BRIDGEPORT,213.273815
"LINESTRING (-97.9208 33.1964, -97.9208 33.1964)",787.0,-213.225825,-4.665206,213.330001,12.570555,500.0,BRIDGEPORT -- BRIDGEPORT,BRIDGEPORT,BRIDGEPORT,213.225825
"LINESTRING (-97.9208 33.1964, -97.9208 33.1964)",795.0,-213.177851,-3.193412,213.330001,12.178265,500.0,BRIDGEPORT -- BRIDGEPORT,BRIDGEPORT,BRIDGEPORT,213.177851
"LINESTRING (-97.9208 33.1964, -97.9208 33.1964)",809.0,-213.205832,-3.913472,213.330001,12.637335,500.0,BRIDGEPORT -- BRIDGEPORT,BRIDGEPORT,BRIDGEPORT,213.205832
"LINESTRING (-97.9208 33.1964, -97.9208 33.1964)",798.0,-213.241822,-5.512686,213.330001,11.320462,500.0,BRIDGEPORT -- BRIDGEPORT,BRIDGEPORT,BRIDGEPORT,213.241822
"LINESTRING (-97.9208 33.1964, -97.9208 33.1964)",796.0,-213.165863,-2.96007,213.330001,12.416026,500.0,BRIDGEPORT -- BRIDGEPORT,BRIDGEPORT,BRIDGEPORT,213.165863
"LINESTRING (-97.2674 32.8034, -97.2177 32.7474)",263.55,-119.227518,-44.797398,119.580391,46.086734,161.0,HALTOM CITY -- FORT WORTH 3,FORT WORTH 3,HALTOM CITY,119.227518
"LINESTRING (-96.6201 32.7166, -96.6785 32.7103)",409.0,-233.28073,67.470427,233.948901,-63.168517,161.0,BALCH SPRINGS -- DALLAS 3,DALLAS 3,BALCH SPRINGS,233.28073
"LINESTRING (-96.6201 32.7166, -96.6785 32.7103)",409.0,-233.28073,67.470427,233.948901,-63.168517,161.0,BALCH SPRINGS -- DALLAS 3,DALLAS 3,BALCH SPRINGS,233.28073
"LINESTRING (-96.6201 32.7166, -96.6785 32.7103)",409.0,-233.28073,67.470427,233.948901,-63.168517,161.0,BALCH SPRINGS -- DALLAS 3,DALLAS 3,BALCH SPRINGS,233.28073
"LINESTRING (-97.7296 31.1129, -97.6446 31.0509)",251.0,-62.739222,-18.605809,62.86229,18.230996,161.0,KILLEEN 2 -- HARKER HEIGHTS,HARKER HEIGHTS,KILLEEN 2,62.739222
"LINESTRING (-97.195 31.5397, -97.2604 31.5297)",409.0,74.424907,55.180759,-74.227441,-54.943983,161.0,WACO 5 -- WOODWAY,WACO 5,WOODWAY,74.424907
"LINESTRING (-97.2915 32.8597, -97.273 32.7491)",251.0,-57.467434,44.802674,57.648479,-45.005158,161.0,FORT WORTH 9 -- FORT WORTH 7,FORT WORTH 7,FORT WORTH 9,57.467434
"LINESTRING (-96.675 32.32, -96.675 32.32)",1057.0,312.7241,54.128319,-312.590477,-45.38047,500.0,ENNIS -- ENNIS,ENNIS,ENNIS,312.7241
"LINESTRING (-96.675 32.32, -96.675 32.32)",786.0,-208.917394,28.848687,209.000001,-23.199916,500.0,ENNIS -- ENNIS,ENNIS,ENNIS,208.917394
"LINESTRING (-96.675 32.32, -96.675 32.32)",787.0,-208.909439,29.641653,209.000001,-23.199916,500.0,ENNIS -- ENNIS,ENNIS,ENNIS,208.909439
"LINESTRING (-96.675 32.32, -96.6785 32.7103)",3146.0,857.212662,15.089792,-855.518541,-34.424164,500.0,ENNIS -- DALLAS 3,ENNIS,DALLAS 3,857.212662
"LINESTRING (-96.675 32.32, -96.7849 32.3722)",310.0,104.168327,16.671452,-103.894559,-15.811831,161.0,ENNIS -- WAXAHACHIE 1,ENNIS,WAXAHACHIE 1,104.168327
"LINESTRING (-96.675 32.32, -96.7849 32.3722)",310.0,104.168327,16.671452,-103.894559,-15.811831,161.0,ENNIS -- WAXAHACHIE 1,ENNIS,WAXAHACHIE 1,104.168327
"LINESTRING (-96.6785 32.7103, -96.6785 32.7103)",2019.0,951.781509,3.157553,-951.458933,36.51934,500.0,DALLAS 3 -- DALLAS 3,DALLAS 3,DALLAS 3,951.781509
"LINESTRING (-96.6785 32.7103, -96.6785 32.7103)",2019.0,951.781509,3.157553,-951.458933,36.51934,500.0,DALLAS 3 -- DALLAS 3,DALLAS 3,DALLAS 3,951.781509
"LINESTRING (-97.3817 32.7421, -97.3595 32.8165)",187.0,-30.911047,3.733747,30.942626,-4.423252,161.0,FORT WORTH 21 -- FORT WORTH 18,FORT WORTH 18,FORT WORTH 21,30.911047
"LINESTRING (-97.3817 32.7421, -97.3635 32.7086)",310.0,-165.170729,-47.79917,165.422458,49.287789,161.0,FORT WORTH 21 -- FORT WORTH 19,FORT WORTH 19,FORT WORTH 21,165.170729
"LINESTRING (-97.0985 31.621, -97.0985 31.621)",1064.0,323.082384,60.905865,-322.97978,-54.693655,500.0,WACO 2 -- WACO 2,WACO 2,WACO 2,323.082384
"LINESTRING (-97.0985 31.621, -96.2525 31.4219)",2768.0,58.813665,-10.587963,-58.786338,-90.752859,500.0,WACO 2 -- JEWETT 1,WACO 2,JEWETT 1,58.813665
"LINESTRING (-97.0985 31.621, -97.3253 31.6939)",251.0,73.16211,4.101306,-72.830498,-4.530397,161.0,WACO 2 -- CHINA SPRING,WACO 2,CHINA SPRING,73.16211
"LINESTRING (-97.227 30.9402, -97.227 30.9402)",65.0,7.855,1.000737,-7.852755,-0.940577,161.0,ROGERS -- ROGERS,ROGERS,ROGERS,7.855
"LINESTRING (-97.227 30.9402, -97.3788 30.8843)",187.0,6.052551,-1.153851,-6.050402,-0.406957,161.0,ROGERS -- HOLLAND,ROGERS,HOLLAND,6.052551
"LINESTRING (-97.227 30.9402, -97.227 30.9402)",50.0,7.497677,2.286227,-7.49,-2.12,115.0,ROGERS -- ROGERS,ROGERS,ROGERS,7.497677
"LINESTRING (-97.227 30.9402, -97.3788 30.8843)",98.0,0.355077,-1.345651,-0.355003,0.452665,115.0,ROGERS -- HOLLAND,ROGERS,HOLLAND,0.355077
"LINESTRING (-99.4228 32.7683, -99.4228 32.7683)",1163.0,-710.811627,115.383701,711.214977,-91.765318,500.0,ALBANY 1 -- ALBANY 1,ALBANY 1,ALBANY 1,710.811627
"LINESTRING (-99.4228 32.7683, -99.4228 32.7683)",645.0,-124.187506,25.334103,124.200001,-23.849959,500.0,ALBANY 1 -- ALBANY 1,ALBANY 1,ALBANY 1,124.187506
"LINESTRING (-99.4228 32.7683, -99.4228 32.7683)",320.0,109.753399,-3.44026,-109.693502,8.03551,230.0,ALBANY 1 -- ALBANY 1,ALBANY 1,ALBANY 1,109.753399
"LINESTRING (-99.4228 32.7683, -99.4228 32.7683)",168.0,-55.434048,10.135201,55.498322,-8.336642,161.0,ALBANY 1 -- ALBANY 1,ALBANY 1,ALBANY 1,55.434048
"LINESTRING (-99.4228 32.7683, -99.4228 32.7683)",21.0,-0.0,0.0,-0.0,0.0,115.0,ALBANY 1 -- ALBANY 1,ALBANY 1,ALBANY 1,0.0
"LINESTRING (-97.7006 32.4031, -97.7006 32.4031)",1174.0,451.87911,61.205056,-451.536018,-36.484322,500.0,GRANBURY 2 -- GRANBURY 2,GRANBURY 2,GRANBURY 2,451.87911
"LINESTRING (-97.7006 32.4031, -97.7006 32.4031)",426.0,-89.377345,-36.457289,89.4,38.849059,500.0,GRANBURY 2 -- GRANBURY 2,GRANBURY 2,GRANBURY 2,89.377345
"LINESTRING (-97.7006 32.4031, -97.7006 32.4031)",435.0,-89.377919,-37.806655,89.4,39.441507,500.0,GRANBURY 2 -- GRANBURY 2,GRANBURY 2,GRANBURY 2,89.377919
"LINESTRING (-97.7006 32.4031, -97.7006 32.4031)",440.0,-89.376173,-34.029675,89.4,35.632464,500.0,GRANBURY 2 -- GRANBURY 2,GRANBURY 2,GRANBURY 2,89.376173
"LINESTRING (-97.7006 32.4031, -97.7006 32.4031)",433.0,-89.379619,-42.308818,89.399999,44.742579,500.0,GRANBURY 2 -- GRANBURY 2,GRANBURY 2,GRANBURY 2,89.379619
"LINESTRING (-97.5466 31.8171, -97.2604 31.5297)",187.0,12.268237,2.039154,-12.242493,-6.135129,161.0,CLIFTON 2 -- WOODWAY,CLIFTON 2,WOODWAY,12.268237
"LINESTRING (-96.356 33.1742, -96.309 33.0662)",187.0,19.995148,-67.581901,-19.762888,67.318027,161.0,FARMERSVILLE -- JOSEPHINE,FARMERSVILLE,JOSEPHINE,19.995148
"LINESTRING (-97.1891 32.6892, -97.2175 32.6396)",251.0,-112.162541,-0.970013,112.378672,1.558539,161.0,ARLINGTON 10 -- ARLINGTON 11,ARLINGTON 11,ARLINGTON 10,112.162541
"LINESTRING (-97.7464 31.0096, -97.7464 31.0096)",1041.0,315.982163,-16.270301,-315.853451,29.690706,500.0,KILLEEN 3 -- KILLEEN 3,KILLEEN 3,KILLEEN 3,315.982163
"LINESTRING (-97.7464 31.0096, -97.9682 31.219)",2020.0,-135.351382,-31.782403,135.414755,-5.46072,500.0,KILLEEN 3 -- COPPERAS COVE,COPPERAS COVE,KILLEEN 3,135.351382
"LINESTRING (-97.7464 31.0096, -97.6446 31.0509)",251.0,142.519502,43.175633,-141.89229,-40.620996,161.0,KILLEEN 3 -- HARKER HEIGHTS,KILLEEN 3,HARKER HEIGHTS,142.519502
"LINESTRING (-97.7464 31.0096, -97.8097 30.8418)",187.0,-60.615425,38.144028,60.985409,-38.633634,161.0,KILLEEN 3 -- GEORGETOWN 3,GEORGETOWN 3,KILLEEN 3,60.615425
"LINESTRING (-98.3103 32.6581, -98.3103 32.6581)",315.0,38.27857,-26.243227,-38.255566,27.365527,500.0,PALO PINTO 1 -- PALO PINTO 1,PALO PINTO 1,PALO PINTO 1,38.27857
"LINESTRING (-98.3103 32.6581, -98.3103 32.6581)",561.0,-121.942836,17.775372,122.0,-13.539929,500.0,PALO PINTO 1 -- PALO PINTO 1,PALO PINTO 1,PALO PINTO 1,121.942836
"LINESTRING (-98.3103 32.6581, -98.3103 32.6581)",559.0,-121.954787,17.824547,122.0,-13.53993,500.0,PALO PINTO 1 -- PALO PINTO 1,PALO PINTO 1,PALO PINTO 1,121.954787
"LINESTRING (-98.3103 32.6581, -98.3103 32.6581)",574.0,-121.968116,17.312903,122.0,-13.539931,500.0,PALO PINTO 1 -- PALO PINTO 1,PALO PINTO 1,PALO PINTO 1,121.968116
"LINESTRING (-98.3103 32.6581, -98.3103 32.6581)",551.0,-118.727022,16.647576,118.8,-13.189928,500.0,PALO PINTO 1 -- PALO PINTO 1,PALO PINTO 1,PALO PINTO 1,118.727022
"LINESTRING (-98.3103 32.6581, -98.3103 32.6581)",561.0,-118.763605,15.211732,118.8,-13.189931,500.0,PALO PINTO 1 -- PALO PINTO 1,PALO PINTO 1,PALO PINTO 1,118.763605
"LINESTRING (-98.3103 32.6581, -98.4182 32.4554)",187.0,38.255566,-27.365527,-38.064019,25.545234,161.0,PALO PINTO 1 -- MINGUS,PALO PINTO 1,MINGUS,38.255566
"LINESTRING (-96.962 33.0196, -96.962 33.0196)",94.0,-12.396905,1.510112,12.4,-1.379985,161.0,LEWSIVILLE -- LEWSIVILLE,LEWSIVILLE,LEWSIVILLE,12.396905
"LINESTRING (-96.962 33.0196, -96.962 33.0196)",77.0,0.0,0.0,-0.0,-0.0,161.0,LEWSIVILLE -- LEWSIVILLE,LEWSIVILLE,LEWSIVILLE,0.0
"LINESTRING (-97.7911 32.755, -97.9032 32.8484)",310.0,-88.064214,39.29606,88.341698,-38.760743,161.0,WEATHERFORD 2 -- WEATHERFORD 3,WEATHERFORD 3,WEATHERFORD 2,88.064214
"LINESTRING (-98.1728 32.6005, -98.4182 32.4554)",187.0,-38.886545,-2.256905,39.039679,-0.0958,161.0,SANTO -- MINGUS,MINGUS,SANTO,38.886545
"LINESTRING (-97.3178 32.7287, -97.3635 32.7086)",380.0,85.333016,8.122665,-85.199662,-8.009526,161.0,FORT WORTH 11 -- FORT WORTH 19,FORT WORTH 11,FORT WORTH 19,85.333016
"LINESTRING (-97.0537 32.4302, -97.0537 32.4302)",1266.0,396.784369,54.359562,-396.501577,-32.14629,500.0,MIDLOTHIAN 1 -- MIDLOTHIAN 1,MIDLOTHIAN 1,MIDLOTHIAN 1,396.784369
"LINESTRING (-97.1953 31.4535, -97.2604 31.5297)",187.0,-31.566784,-25.310167,31.629899,24.545465,161.0,HEWITT -- WOODWAY,WOODWAY,HEWITT,31.566784
"LINESTRING (-97.0247 32.665, -97.0247 32.665)",1267.0,755.849996,-47.864747,-755.494606,88.734637,500.0,GRAND PRAIRIE 3 -- GRAND PRAIRIE 3,GRAND PRAIRIE 3,GRAND PRAIRIE 3,755.849996
"LINESTRING (-97.0247 32.665, -97.3065 32.5327)",2020.0,-664.620245,31.00409,666.153218,-47.879738,500.0,GRAND PRAIRIE 3 -- BURLESON,BURLESON,GRAND PRAIRIE 3,664.620245
"LINESTRING (-97.9682 31.219, -97.9682 31.219)",960.0,237.822743,38.326998,-237.708576,-33.000857,500.0,COPPERAS COVE -- COPPERAS COVE,COPPERAS COVE,COPPERAS COVE,237.822743
"LINESTRING (-97.3788 30.8843, -97.3788 30.8843)",80.0,6.050402,0.406957,-6.049316,-0.369449,161.0,HOLLAND -- HOLLAND,HOLLAND,HOLLAND,6.050402
"LINESTRING (-97.3788 30.8843, -97.3788 30.8843)",35.0,14.197261,4.688995,-14.16,-4.01,115.0,HOLLAND -- HOLLAND,HOLLAND,HOLLAND,14.197261
"LINESTRING (-97.3788 30.8843, -97.5025 30.8186)",149.0,10.447907,-13.679416,-10.421852,13.013742,115.0,HOLLAND -- JARRELL,HOLLAND,JARRELL,10.447907
"LINESTRING (-97.3788 30.8843, -97.1489 30.8527)",149.0,-18.24085,8.907204,18.302702,-9.87315,115.0,HOLLAND -- BUCKHOLTS,BUCKHOLTS,HOLLAND,18.24085
"LINESTRING (-96.9669 32.8259, -96.9549 32.7966)",409.0,-171.465999,-38.024565,171.760887,39.337206,161.0,IRVING 4 -- IRVING 3,IRVING 3,IRVING 4,171.465999
"LINESTRING (-96.8563 33.1463, -96.8563 33.1463)",1284.0,686.794722,-40.686506,-686.459758,81.552118,500.0,FRISCO 2 -- FRISCO 2,FRISCO 2,FRISCO 2,686.794722
"LINESTRING (-96.7994 32.7877, -96.7955 32.8359)",409.0,120.25452,-123.146036,-119.815761,125.165237,161.0,DALLAS 25 -- DALLAS 23,DALLAS 25,DALLAS 23,120.25452
"LINESTRING (-97.3065 32.5327, -97.3065 32.5327)",961.0,432.549503,58.702202,-432.027358,-33.35293,500.0,BURLESON -- BURLESON,BURLESON,BURLESON,432.549503
"LINESTRING (-98.2915 29.4878, -98.2775 29.526)",250.0,-20.396228,136.497658,20.803207,-134.437168,115.0,CONVERSE -- UNIVERSAL CITY,UNIVERSAL CITY,CONVERSE,20.396228
"LINESTRING (-98.2915 29.4878, -98.2051 29.4366)",98.0,22.346081,39.760083,-22.091969,-39.696558,115.0,CONVERSE -- SAINT HEDWIG,CONVERSE,SAINT HEDWIG,22.346081
"LINESTRING (-98.2915 29.4878, -98.3874 29.4467)",221.0,-105.759853,81.325254,106.906199,-76.822478,115.0,CONVERSE -- SAN ANTONIO 8,SAN ANTONIO 8,CONVERSE,105.759853
"LINESTRING (-98.6562 29.6523, -98.4867 29.6975)",98.0,29.432974,-4.511793,-29.357582,4.028382,115.0,SAN ANTONIO 46 -- SAN ANTONIO 24,SAN ANTONIO 46,SAN ANTONIO 24,29.432974
"LINESTRING (-98.6562 29.6523, -98.624 29.6247)",221.0,-19.126937,-7.735733,19.134201,7.498054,115.0,SAN ANTONIO 46 -- SAN ANTONIO 44,SAN ANTONIO 44,SAN ANTONIO 46,19.126937
"LINESTRING (-98.6562 29.6523, -98.624 29.6247)",221.0,-19.126937,-7.735733,19.134201,7.498054,115.0,SAN ANTONIO 46 -- SAN ANTONIO 44,SAN ANTONIO 44,SAN ANTONIO 46,19.126937
"LINESTRING (-98.6562 29.6523, -98.7468 29.6099)",149.0,-23.659101,10.78326,23.702966,-11.152953,115.0,SAN ANTONIO 46 -- HELOTES,HELOTES,SAN ANTONIO 46,23.659101
"LINESTRING (-97.2708 30.1456, -97.2708 30.1456)",1117.0,-250.222377,44.435018,250.365801,-34.709755,500.0,BASTROP -- BASTROP,BASTROP,BASTROP,250.222377
"LINESTRING (-97.2708 30.1456, -97.2708 30.1456)",788.0,-212.906706,-13.513545,212.999999,18.337565,500.0,BASTROP -- BASTROP,BASTROP,BASTROP,212.906706
"LINESTRING (-97.2708 30.1456, -97.2708 30.1456)",1069.0,0.0,0.0,-0.0,-0.0,500.0,BASTROP -- BASTROP,BASTROP,BASTROP,0.0
"LINESTRING (-97.2708 30.1456, -97.2708 30.1456)",754.0,-198.265735,-17.065626,198.329999,21.953067,500.0,BASTROP -- BASTROP,BASTROP,BASTROP,198.265735
"LINESTRING (-97.2708 30.1456, -97.2708 30.1456)",758.0,-198.218983,-9.830239,198.329999,17.964651,500.0,BASTROP -- BASTROP,BASTROP,BASTROP,198.218983
"LINESTRING (-97.2708 30.1456, -97.2708 30.1456)",758.0,-198.215639,-9.541627,198.329999,15.202426,500.0,BASTROP -- BASTROP,BASTROP,BASTROP,198.215639
"LINESTRING (-97.2708 30.1456, -97.064 30.5659)",2020.0,942.788348,-61.241717,-937.848569,59.863367,500.0,BASTROP -- ROCKDALE 1,BASTROP,ROCKDALE 1,942.788348
"LINESTRING (-97.2708 30.1456, -97.55 30.1458)",2768.0,115.041092,66.757736,-115.00659,-99.330904,500.0,BASTROP -- CEDAR CREEK 1,BASTROP,CEDAR CREEK 1,115.041092
"LINESTRING (-97.2708 30.1456, -97.2708 30.1456)",200.0,101.491192,-14.56394,-101.369561,19.876679,230.0,BASTROP -- BASTROP,BASTROP,BASTROP,101.491192
"LINESTRING (-97.2708 30.1456, -97.2708 30.1456)",200.0,101.491192,-14.56394,-101.369561,19.876679,230.0,BASTROP -- BASTROP,BASTROP,BASTROP,101.491192
"LINESTRING (-97.2708 30.1456, -96.9875 30.0381)",1400.0,-453.348185,63.837635,456.922484,-34.726116,230.0,BASTROP -- WINCHESTER,WINCHESTER,BASTROP,453.348185
"LINESTRING (-97.2708 30.1456, -97.2189 30.3039)",221.0,109.130985,-35.716214,-108.199571,40.928119,115.0,BASTROP -- PAIGE,BASTROP,PAIGE,109.130985
"LINESTRING (-97.2708 30.1456, -97.2189 30.3039)",221.0,109.130985,-35.716214,-108.199571,40.928119,115.0,BASTROP -- PAIGE,BASTROP,PAIGE,109.130985
"LINESTRING (-97.2708 30.1456, -97.1821 30.0139)",221.0,-45.501424,5.144535,45.639519,-5.371849,115.0,BASTROP -- SMITHVILLE,SMITHVILLE,BASTROP,45.501424
"LINESTRING (-97.2708 30.1456, -97.1821 30.0139)",221.0,-45.501424,5.144535,45.639519,-5.371849,115.0,BASTROP -- SMITHVILLE,SMITHVILLE,BASTROP,45.501424
"LINESTRING (-98.0476 29.6005, -98.1419 29.6244)",221.0,52.837792,-8.763579,-52.730849,8.935923,115.0,MARION 2 -- MARION 1,MARION 2,MARION 1,52.837792
"LINESTRING (-98.0476 29.6005, -97.9732 29.5931)",221.0,-76.857792,1.953579,77.025541,-1.340199,115.0,MARION 2 -- SEGUIN 1,SEGUIN 1,MARION 2,76.857792
"LINESTRING (-97.2189 30.3039, -97.3612 30.3386)",221.0,101.444571,13.447124,-100.880711,-10.391948,115.0,PAIGE -- ELGIN,PAIGE,ELGIN,101.444571
"LINESTRING (-97.2189 30.3039, -97.3612 30.3386)",221.0,101.444571,13.447124,-100.880711,-10.391948,115.0,PAIGE -- ELGIN,PAIGE,ELGIN,101.444571
"LINESTRING (-98.5934 29.3714, -98.7056 29.3413)",221.0,-95.453431,-0.284917,95.871485,2.261603,115.0,SAN ANTONIO 42 -- SAN ANTONIO 49,SAN ANTONIO 49,SAN ANTONIO 42,95.453431
"LINESTRING (-98.5934 29.3714, -98.5311 29.3055)",98.0,28.479023,-10.263655,-28.434629,10.023446,115.0,SAN ANTONIO 42 -- SAN ANTONIO 35,SAN ANTONIO 42,SAN ANTONIO 35,28.479023
"LINESTRING (-98.5934 29.3714, -98.6303 29.4066)",149.0,-2.740512,-23.546581,2.760075,23.331823,115.0,SAN ANTONIO 42 -- SAN ANTONIO 45,SAN ANTONIO 45,SAN ANTONIO 42,2.740512
"LINESTRING (-98.5934 29.3714, -98.4937 29.4646)",98.0,-25.17508,7.205153,25.225311,-7.711069,115.0,SAN ANTONIO 42 -- SAN ANTONIO 27,SAN ANTONIO 27,SAN ANTONIO 42,25.17508
"LINESTRING (-97.3013 29.7007, -97.4707 29.6961)",98.0,23.793192,-30.704206,-23.497465,30.51897,115.0,WAELDER -- LULING,WAELDER,LULING,23.793192
"LINESTRING (-97.3013 29.7007, -97.1585 29.7276)",149.0,-54.246577,14.703057,54.529807,-14.299628,115.0,WAELDER -- FLATONIA,FLATONIA,WAELDER,54.246577
"LINESTRING (-97.3013 29.7007, -97.358 29.844)",98.0,24.943392,14.441166,-24.87395,-14.957185,115.0,WAELDER -- RED ROCK,WAELDER,RED ROCK,24.943392
"LINESTRING (-98.7373 29.283, -98.8422 29.1998)",98.0,-19.101958,23.659511,19.263724,-23.997629,115.0,ATASCOSA -- NATALIA,NATALIA,ATASCOSA,19.101958
"LINESTRING (-98.7373 29.283, -98.7307 29.4009)",149.0,-65.782344,32.178425,66.240261,-31.077721,115.0,ATASCOSA -- SAN ANTONIO 50,SAN ANTONIO 50,ATASCOSA,65.782344
"LINESTRING (-98.5713 29.4606, -98.6303 29.4066)",221.0,70.824071,42.08799,-70.603073,-41.045264,115.0,SAN ANTONIO 40 -- SAN ANTONIO 45,SAN ANTONIO 40,SAN ANTONIO 45,70.824071
"LINESTRING (-98.5713 29.4606, -98.6303 29.4066)",221.0,70.824071,42.08799,-70.603073,-41.045264,115.0,SAN ANTONIO 40 -- SAN ANTONIO 45,SAN ANTONIO 40,SAN ANTONIO 45,70.824071
"LINESTRING (-98.5713 29.4606, -98.5695 29.5017)",221.0,-145.460977,20.42054,145.846445,-18.069018,115.0,SAN ANTONIO 40 -- SAN ANTONIO 37,SAN ANTONIO 37,SAN ANTONIO 40,145.460977
"LINESTRING (-98.5713 29.4606, -98.5695 29.5017)",221.0,-145.460977,20.42054,145.846445,-18.069018,115.0,SAN ANTONIO 40 -- SAN ANTONIO 37,SAN ANTONIO 37,SAN ANTONIO 40,145.460977
"LINESTRING (-98.5713 29.4606, -98.5695 29.5017)",221.0,-145.460977,20.42054,145.846445,-18.069018,115.0,SAN ANTONIO 40 -- SAN ANTONIO 37,SAN ANTONIO 37,SAN ANTONIO 40,145.460977
"LINESTRING (-98.5713 29.4606, -98.5289 29.4684)",400.0,118.304788,-195.427601,-116.894523,201.011149,115.0,SAN ANTONIO 40 -- SAN ANTONIO 34,SAN ANTONIO 40,SAN ANTONIO 34,118.304788
"LINESTRING (-98.2206 29.575, -98.1419 29.6244)",221.0,-126.82781,7.71465,127.426024,-4.457693,115.0,CIBOLO -- MARION 1,MARION 1,CIBOLO,126.82781
"LINESTRING (-98.2206 29.575, -98.1419 29.6244)",221.0,-126.82781,7.71465,127.426024,-4.457693,115.0,CIBOLO -- MARION 1,MARION 1,CIBOLO,126.82781
"LINESTRING (-98.2206 29.575, -98.1419 29.6244)",221.0,-126.82781,7.71465,127.426024,-4.457693,115.0,CIBOLO -- MARION 1,MARION 1,CIBOLO,126.82781
"LINESTRING (-98.2206 29.575, -98.2626 29.5471)",221.0,99.05781,-15.581317,-98.854665,16.657735,115.0,CIBOLO -- SCHERTZ,CIBOLO,SCHERTZ,99.05781
"LINESTRING (-98.2206 29.575, -98.2626 29.5471)",221.0,99.05781,-15.581317,-98.854665,16.657735,115.0,CIBOLO -- SCHERTZ,CIBOLO,SCHERTZ,99.05781
"LINESTRING (-98.2206 29.575, -98.2626 29.5471)",221.0,99.05781,-15.581317,-98.854665,16.657735,115.0,CIBOLO -- SCHERTZ,CIBOLO,SCHERTZ,99.05781
"LINESTRING (-97.6592 30.2424, -97.6836 30.27)",221.0,112.248115,9.238499,-112.047079,-8.092629,115.0,AUSTIN 6 -- AUSTIN 8,AUSTIN 6,AUSTIN 8,112.248115
"LINESTRING (-97.6592 30.2424, -97.6836 30.27)",221.0,112.248115,9.238499,-112.047079,-8.092629,115.0,AUSTIN 6 -- AUSTIN 8,AUSTIN 6,AUSTIN 8,112.248115
"LINESTRING (-97.6592 30.2424, -97.6836 30.27)",221.0,112.248115,9.238499,-112.047079,-8.092629,115.0,AUSTIN 6 -- AUSTIN 8,AUSTIN 6,AUSTIN 8,112.248115
"LINESTRING (-97.6592 30.2424, -97.6129 30.2098)",221.0,-113.068115,-9.471832,113.370558,11.067542,115.0,AUSTIN 6 -- AUSTIN 2,AUSTIN 2,AUSTIN 6,113.068115
"LINESTRING (-97.6592 30.2424, -97.6129 30.2098)",221.0,-113.068115,-9.471832,113.370558,11.067542,115.0,AUSTIN 6 -- AUSTIN 2,AUSTIN 2,AUSTIN 6,113.068115
"LINESTRING (-97.6592 30.2424, -97.6129 30.2098)",221.0,-113.068115,-9.471832,113.370558,11.067542,115.0,AUSTIN 6 -- AUSTIN 2,AUSTIN 2,AUSTIN 6,113.068115
"LINESTRING (-97.7661 30.2933, -97.7844 30.2934)",221.0,-89.985554,-5.45951,90.044127,5.728785,115.0,AUSTIN 25 -- AUSTIN 3,AUSTIN 3,AUSTIN 25,89.985554
"LINESTRING (-97.7661 30.2933, -97.7844 30.2934)",221.0,-89.985554,-5.45951,90.044127,5.728785,115.0,AUSTIN 25 -- AUSTIN 3,AUSTIN 3,AUSTIN 25,89.985554
"LINESTRING (-97.7661 30.2933, -97.7844 30.2934)",221.0,-89.985554,-5.45951,90.044127,5.728785,115.0,AUSTIN 25 -- AUSTIN 3,AUSTIN 3,AUSTIN 25,89.985554
"LINESTRING (-97.7661 30.2933, -97.7426 30.2706)",221.0,74.88811,14.962785,-74.807149,-14.65008,115.0,AUSTIN 25 -- AUSTIN 20,AUSTIN 25,AUSTIN 20,74.88811
"LINESTRING (-97.7661 30.2933, -97.7426 30.2706)",221.0,74.88811,14.962785,-74.807149,-14.65008,115.0,AUSTIN 25 -- AUSTIN 20,AUSTIN 25,AUSTIN 20,74.88811
"LINESTRING (-97.7661 30.2933, -97.7043 30.3318)",98.0,26.082049,9.349923,-26.008534,-9.544744,115.0,AUSTIN 25 -- AUSTIN 11,AUSTIN 25,AUSTIN 11,26.082049
"LINESTRING (-97.7661 30.2933, -97.8848 30.321)",221.0,17.514196,-19.818482,-17.480951,19.347769,115.0,AUSTIN 25 -- AUSTIN 33,AUSTIN 25,AUSTIN 33,17.514196
"LINESTRING (-97.7661 30.2933, -97.8848 30.321)",221.0,17.514196,-19.818482,-17.480951,19.347769,115.0,AUSTIN 25 -- AUSTIN 33,AUSTIN 25,AUSTIN 33,17.514196
"LINESTRING (-98.3778 30.5309, -98.3384 30.556)",149.0,-76.549063,-7.175572,76.729351,7.636296,115.0,HORSESHOE BAY -- MARBLE FALLS 2,MARBLE FALLS 2,HORSESHOE BAY,76.549063
"LINESTRING (-98.3778 30.5309, -98.3596 30.4023)",149.0,60.019063,2.495572,-59.680423,-1.96355,115.0,HORSESHOE BAY -- JOHNSON CITY,HORSESHOE BAY,JOHNSON CITY,60.019063
"LINESTRING (-97.9079 30.5626, -97.9079 30.5626)",948.0,343.678513,56.861275,-343.334311,-38.785436,500.0,LEANDER 1 -- LEANDER 1,LEANDER 1,LEANDER 1,343.678513
"LINESTRING (-97.9079 30.5626, -97.8242 30.5039)",2020.0,277.916559,5.127347,-277.830109,-16.498308,500.0,LEANDER 1 -- CEDAR PARK,LEANDER 1,CEDAR PARK,277.916559
"LINESTRING (-97.9079 30.5626, -98.3384 30.556)",2020.0,-621.595071,-61.988622,623.361542,33.471972,500.0,LEANDER 1 -- MARBLE FALLS 2,MARBLE FALLS 2,LEANDER 1,621.595071
"LINESTRING (-97.9079 30.5626, -97.9079 30.5626)",438.0,265.18746,53.908019,-264.912343,-36.102145,230.0,LEANDER 1 -- LEANDER 1,LEANDER 1,LEANDER 1,265.18746
"LINESTRING (-97.9079 30.5626, -97.8097 30.8418)",443.0,115.79396,-8.203746,-115.28929,5.416855,230.0,LEANDER 1 -- GEORGETOWN 3,LEANDER 1,GEORGETOWN 3,115.79396
"LINESTRING (-97.9079 30.5626, -97.8426 30.3974)",443.0,-37.64711,-6.918837,37.679495,3.310777,230.0,LEANDER 1 -- AUSTIN 1,AUSTIN 1,LEANDER 1,37.64711
"LINESTRING (-97.9079 30.5626, -97.8242 30.5039)",221.0,21.771507,-3.454371,-21.737889,3.024014,115.0,LEANDER 1 -- CEDAR PARK,LEANDER 1,CEDAR PARK,21.771507
"LINESTRING (-97.9079 30.5626, -97.9414 30.6909)",221.0,55.125418,0.953258,-54.944157,-0.534522,115.0,LEANDER 1 -- LIBERTY HILL,LEANDER 1,LIBERTY HILL,55.125418
"LINESTRING (-97.9079 30.5626, -97.9414 30.6909)",221.0,55.125418,0.953258,-54.944157,-0.534522,115.0,LEANDER 1 -- LIBERTY HILL,LEANDER 1,LIBERTY HILL,55.125418
"LINESTRING (-97.6857 30.3043, -97.5235 30.3397)",221.0,-44.080198,35.747437,44.410728,-35.198055,115.0,AUSTIN 10 -- MANOR,MANOR,AUSTIN 10,44.080198
"LINESTRING (-97.6857 30.3043, -97.7326 30.3515)",300.0,-35.115933,146.698092,35.884919,-142.454344,115.0,AUSTIN 10 -- AUSTIN 17,AUSTIN 17,AUSTIN 10,35.115933
"LINESTRING (-97.6857 30.3043, -97.6843 30.1838)",221.0,-5.79387,90.101769,6.330748,-87.601315,115.0,AUSTIN 10 -- AUSTIN 9,AUSTIN 9,AUSTIN 10,5.79387
"LINESTRING (-98.5253 29.59, -98.4867 29.6975)",250.0,39.416194,51.910019,-39.159189,-51.177565,115.0,SAN ANTONIO 31 -- SAN ANTONIO 24,SAN ANTONIO 31,SAN ANTONIO 24,39.416194
"LINESTRING (-98.5253 29.59, -98.4879 29.5373)",221.0,-24.709737,112.17582,25.147144,-110.084387,115.0,SAN ANTONIO 31 -- SAN ANTONIO 25,SAN ANTONIO 25,SAN ANTONIO 31,24.709737
"LINESTRING (-98.5253 29.59, -98.523 29.5164)",221.0,-27.407751,75.388131,27.607668,-74.501149,115.0,SAN ANTONIO 31 -- SAN ANTONIO 30,SAN ANTONIO 30,SAN ANTONIO 31,27.407751
"LINESTRING (-98.5253 29.59, -98.523 29.5164)",221.0,-27.407751,75.388131,27.607668,-74.501149,115.0,SAN ANTONIO 31 -- SAN ANTONIO 30,SAN ANTONIO 30,SAN ANTONIO 31,27.407751
"LINESTRING (-98.5253 29.59, -98.4974 29.6341)",221.0,-24.520955,113.947414,25.432239,-112.070767,115.0,SAN ANTONIO 31 -- SAN ANTONIO 28,SAN ANTONIO 28,SAN ANTONIO 31,24.520955
"LINESTRING (-98.7056 29.3413, -98.5701 29.3425)",221.0,93.454889,-11.189702,-92.990526,13.572391,115.0,SAN ANTONIO 49 -- SAN ANTONIO 38,SAN ANTONIO 49,SAN ANTONIO 38,93.454889
"LINESTRING (-98.7056 29.3413, -98.7307 29.4009)",221.0,-105.723187,1.32905,106.038061,0.252737,115.0,SAN ANTONIO 49 -- SAN ANTONIO 50,SAN ANTONIO 50,SAN ANTONIO 49,105.723187
"LINESTRING (-98.7056 29.3413, -98.7307 29.4009)",221.0,-105.723187,1.32905,106.038061,0.252737,115.0,SAN ANTONIO 49 -- SAN ANTONIO 50,SAN ANTONIO 50,SAN ANTONIO 49,105.723187
"LINESTRING (-97.3612 30.3386, -97.5235 30.3397)",300.0,136.781423,2.373895,-135.654226,4.536024,115.0,ELGIN -- MANOR,ELGIN,MANOR,136.781423
"LINESTRING (-97.856 30.2162, -97.8887 30.1784)",221.0,-15.659923,-16.145165,15.670721,15.917769,115.0,AUSTIN 31 -- AUSTIN 34,AUSTIN 34,AUSTIN 31,15.659923
"LINESTRING (-97.856 30.2162, -97.8887 30.1784)",221.0,-15.659923,-16.145165,15.670721,15.917769,115.0,AUSTIN 31 -- AUSTIN 34,AUSTIN 34,AUSTIN 31,15.659923
"LINESTRING (-97.856 30.2162, -97.7974 30.2068)",221.0,-59.601147,-0.429908,59.684749,0.681719,115.0,AUSTIN 31 -- AUSTIN 27,AUSTIN 27,AUSTIN 31,59.601147
"LINESTRING (-97.856 30.2162, -97.7974 30.2068)",221.0,-59.601147,-0.429908,59.684749,0.681719,115.0,AUSTIN 31 -- AUSTIN 27,AUSTIN 27,AUSTIN 31,59.601147
"LINESTRING (-97.856 30.2162, -97.7681 30.3482)",98.0,47.172141,3.870146,-46.973848,-3.664896,115.0,AUSTIN 31 -- AUSTIN 26,AUSTIN 31,AUSTIN 26,47.172141
"LINESTRING (-97.8872 28.9522, -98.2404 28.867)",149.0,45.812815,-18.093146,-45.274375,18.07361,115.0,RUNGE -- FALLS CITY,RUNGE,FALLS CITY,45.812815
"LINESTRING (-97.8872 28.9522, -97.6326 28.9141)",149.0,-52.792815,16.113146,53.280964,-15.660902,115.0,RUNGE -- NORDHEIM,NORDHEIM,RUNGE,52.792815
"LINESTRING (-97.0763 29.2023, -97.0763 29.2023)",124.0,31.551166,3.846214,-31.523403,-2.659976,230.0,YOAKUM -- YOAKUM,YOAKUM,YOAKUM,31.551166
"LINESTRING (-97.0763 29.2023, -97.2824 29.097)",443.0,58.914467,-3.381717,-58.822642,-0.601295,230.0,YOAKUM -- CUERO 2,YOAKUM,CUERO 2,58.914467
"LINESTRING (-97.0763 29.2023, -96.4255 29.696)",443.0,-15.625488,-8.225327,15.648774,-8.37603,230.0,YOAKUM -- COLUMBUS,COLUMBUS,YOAKUM,15.625488
"LINESTRING (-97.0763 29.2023, -97.1987 28.6767)",443.0,-74.840144,7.76083,75.234169,-16.883553,230.0,YOAKUM -- VICTORIA 3,VICTORIA 3,YOAKUM,74.840144
"LINESTRING (-97.0763 29.2023, -97.2824 29.097)",98.0,2.343403,-5.610024,-2.334532,4.394276,115.0,YOAKUM -- CUERO 2,YOAKUM,CUERO 2,2.343403
"LINESTRING (-97.9582 30.3197, -97.9718 30.45)",149.0,-67.794945,-57.227601,68.55076,59.467695,115.0,AUSTIN 37 -- LEANDER 2,LEANDER 2,AUSTIN 37,67.794945
"LINESTRING (-97.9582 30.3197, -97.9512 30.3784)",98.0,31.394945,46.917601,-31.287485,-46.667626,115.0,AUSTIN 37 -- AUSTIN 36,AUSTIN 37,AUSTIN 36,31.394945
"LINESTRING (-97.5946 30.4385, -97.5946 30.4385)",1058.0,200.654047,98.616107,-200.593105,-94.506821,500.0,PFLUGERVILLE -- PFLUGERVILLE,PFLUGERVILLE,PFLUGERVILLE,200.654047
"LINESTRING (-97.5946 30.4385, -97.064 30.5659)",2768.0,-331.098381,-135.409048,331.506894,78.913444,500.0,PFLUGERVILLE -- ROCKDALE 1,ROCKDALE 1,PFLUGERVILLE,331.098381
"LINESTRING (-97.5946 30.4385, -97.6472 30.5017)",2020.0,130.444333,36.792941,-130.426349,-46.854857,500.0,PFLUGERVILLE -- ROUND ROCK 3,PFLUGERVILLE,ROUND ROCK 3,130.444333
"LINESTRING (-97.5946 30.4385, -97.5946 30.4385)",540.0,287.300427,57.651484,-286.996353,-45.351694,230.0,PFLUGERVILLE -- PFLUGERVILLE,PFLUGERVILLE,PFLUGERVILLE,287.300427
"LINESTRING (-97.5946 30.4385, -97.5946 30.4385)",540.0,287.300427,57.651484,-286.996353,-45.351694,230.0,PFLUGERVILLE -- PFLUGERVILLE,PFLUGERVILLE,PFLUGERVILLE,287.300427
"LINESTRING (-97.5946 30.4385, -97.064 30.5659)",548.0,-114.190857,-0.635267,114.766713,-4.356556,230.0,PFLUGERVILLE -- ROCKDALE 1,ROCKDALE 1,PFLUGERVILLE,114.190857
"LINESTRING (-97.5946 30.4385, -97.8242 30.5039)",443.0,-59.979505,-5.805723,60.077626,1.978037,230.0,PFLUGERVILLE -- CEDAR PARK,CEDAR PARK,PFLUGERVILLE,59.979505
"LINESTRING (-97.5946 30.4385, -97.6129 30.2098)",443.0,-256.505023,1.375499,258.474309,7.67174,230.0,PFLUGERVILLE -- AUSTIN 2,AUSTIN 2,PFLUGERVILLE,256.505023
"LINESTRING (-97.5946 30.4385, -97.6472 30.5017)",548.0,56.667637,-15.730655,-56.64272,14.23818,230.0,PFLUGERVILLE -- ROUND ROCK 3,PFLUGERVILLE,ROUND ROCK 3,56.667637
"LINESTRING (-97.5946 30.4385, -97.6735 30.3825)",221.0,90.949468,0.998041,-90.617209,0.69913,115.0,PFLUGERVILLE -- AUSTIN 7,PFLUGERVILLE,AUSTIN 7,90.949468
"LINESTRING (-97.5946 30.4385, -97.6735 30.3825)",221.0,90.949468,0.998041,-90.617209,0.69913,115.0,PFLUGERVILLE -- AUSTIN 7,PFLUGERVILLE,AUSTIN 7,90.949468
"LINESTRING (-97.5946 30.4385, -97.6447 30.3557)",221.0,78.736794,12.45471,-78.465798,-11.347011,115.0,PFLUGERVILLE -- AUSTIN 5,PFLUGERVILLE,AUSTIN 5,78.736794
"LINESTRING (-97.5946 30.4385, -97.6447 30.3557)",221.0,78.736794,12.45471,-78.465798,-11.347011,115.0,PFLUGERVILLE -- AUSTIN 5,PFLUGERVILLE,AUSTIN 5,78.736794
"LINESTRING (-97.5946 30.4385, -97.7043 30.3318)",98.0,28.250182,5.327885,-28.181466,-5.805256,115.0,PFLUGERVILLE -- AUSTIN 11,PFLUGERVILLE,AUSTIN 11,28.250182
"LINESTRING (-98.4068 29.5859, -98.4068 29.5859)",467.0,265.166743,12.755896,-264.966223,-1.636159,230.0,SAN ANTONIO 12 -- SAN ANTONIO 12,SAN ANTONIO 12,SAN ANTONIO 12,265.166743
"LINESTRING (-98.4068 29.5859, -98.4068 29.5859)",467.0,265.166743,12.755896,-264.966223,-1.636159,230.0,SAN ANTONIO 12 -- SAN ANTONIO 12,SAN ANTONIO 12,SAN ANTONIO 12,265.166743
"LINESTRING (-98.4068 29.5859, -98.4068 29.5859)",467.0,265.166743,12.755896,-264.966223,-1.636159,230.0,SAN ANTONIO 12 -- SAN ANTONIO 12,SAN ANTONIO 12,SAN ANTONIO 12,265.166743
"LINESTRING (-98.4068 29.5859, -98.1419 29.6244)",750.0,-252.196701,8.022814,253.141893,-5.2802,230.0,SAN ANTONIO 12 -- MARION 1,MARION 1,SAN ANTONIO 12,252.196701
"LINESTRING (-98.4068 29.5859, -98.3433 29.4289)",750.0,-299.505951,-2.725416,300.457252,7.529234,230.0,SAN ANTONIO 12 -- SAN ANTONIO 1,SAN ANTONIO 1,SAN ANTONIO 12,299.505951
"LINESTRING (-98.4068 29.5859, -98.3433 29.4289)",750.0,-299.505951,-2.725416,300.457252,7.529234,230.0,SAN ANTONIO 12 -- SAN ANTONIO 1,SAN ANTONIO 1,SAN ANTONIO 12,299.505951
"LINESTRING (-98.4068 29.5859, -98.5259 29.4224)",548.0,80.056553,-5.752318,-79.94416,2.425609,230.0,SAN ANTONIO 12 -- SAN ANTONIO 32,SAN ANTONIO 12,SAN ANTONIO 32,80.056553
"LINESTRING (-98.4068 29.5859, -98.6646 29.5035)",443.0,-24.348177,-35.08735,24.398083,30.083348,230.0,SAN ANTONIO 12 -- SAN ANTONIO 47,SAN ANTONIO 47,SAN ANTONIO 12,24.348177
"LINESTRING (-98.4068 29.5859, -98.4271 29.6272)",221.0,126.65427,-18.915295,-126.330789,20.816395,115.0,SAN ANTONIO 12 -- SAN ANTONIO 14,SAN ANTONIO 12,SAN ANTONIO 14,126.65427
"LINESTRING (-98.4068 29.5859, -98.4271 29.6272)",221.0,126.65427,-18.915295,-126.330789,20.816395,115.0,SAN ANTONIO 12 -- SAN ANTONIO 14,SAN ANTONIO 12,SAN ANTONIO 14,126.65427
"LINESTRING (-98.4068 29.5859, -98.4152 29.5381)",221.0,131.353377,0.313022,-130.987529,1.856427,115.0,SAN ANTONIO 12 -- SAN ANTONIO 13,SAN ANTONIO 12,SAN ANTONIO 13,131.353377
"LINESTRING (-98.4068 29.5859, -98.4152 29.5381)",221.0,131.353377,0.313022,-130.987529,1.856427,115.0,SAN ANTONIO 12 -- SAN ANTONIO 13,SAN ANTONIO 12,SAN ANTONIO 13,131.353377
"LINESTRING (-98.4068 29.5859, -98.4152 29.5381)",221.0,131.353377,0.313022,-130.987529,1.856427,115.0,SAN ANTONIO 12 -- SAN ANTONIO 13,SAN ANTONIO 12,SAN ANTONIO 13,131.353377
"LINESTRING (-97.7844 30.2934, -97.7844 30.2934)",1269.0,572.934994,120.473321,-572.139481,-81.286958,500.0,AUSTIN 3 -- AUSTIN 3,AUSTIN 3,AUSTIN 3,572.934994
"LINESTRING (-97.7844 30.2934, -97.7844 30.2934)",296.0,0.000749,-14.763507,0.0,14.801147,500.0,AUSTIN 3 -- AUSTIN 3,AUSTIN 3,AUSTIN 3,0.000749
"LINESTRING (-97.7844 30.2934, -97.7844 30.2934)",479.0,0.000714,-14.063887,-0.0,14.116627,500.0,AUSTIN 3 -- AUSTIN 3,AUSTIN 3,AUSTIN 3,0.000714
"LINESTRING (-97.7844 30.2934, -98.1419 29.6244)",2020.0,-501.22384,-24.686192,503.496784,-46.75108,500.0,AUSTIN 3 -- MARION 1,MARION 1,AUSTIN 3,501.22384
"LINESTRING (-97.7844 30.2934, -97.6129 30.2098)",2020.0,-216.077097,35.260899,216.177907,-56.798052,500.0,AUSTIN 3 -- AUSTIN 2,AUSTIN 2,AUSTIN 3,216.077097
"LINESTRING (-97.7844 30.2934, -97.8426 30.3974)",2020.0,144.36448,-102.220633,-144.320979,87.246988,500.0,AUSTIN 3 -- AUSTIN 1,AUSTIN 3,AUSTIN 1,144.36448
"LINESTRING (-97.7844 30.2934, -97.7844 30.2934)",285.39,216.867173,34.499002,-216.594889,-19.863757,230.0,AUSTIN 3 -- AUSTIN 3,AUSTIN 3,AUSTIN 3,216.867173
"LINESTRING (-97.7844 30.2934, -97.7844 30.2934)",285.39,216.867173,34.499002,-216.594889,-19.863757,230.0,AUSTIN 3 -- AUSTIN 3,AUSTIN 3,AUSTIN 3,216.867173
"LINESTRING (-97.7844 30.2934, -97.7974 30.2068)",443.0,138.405135,12.288954,-138.185121,-12.615181,230.0,AUSTIN 3 -- AUSTIN 27,AUSTIN 3,AUSTIN 27,138.405135
"LINESTRING (-97.7844 30.2934, -97.7611 30.4027)",149.0,82.277397,-0.34884,-81.713047,1.968812,115.0,AUSTIN 3 -- AUSTIN 23,AUSTIN 3,AUSTIN 23,82.277397
"LINESTRING (-98.6768 29.462, -98.7307 29.4009)",221.0,-51.577679,-17.978533,51.680093,18.162179,115.0,SAN ANTONIO 48 -- SAN ANTONIO 50,SAN ANTONIO 50,SAN ANTONIO 48,51.577679
"LINESTRING (-98.6768 29.462, -98.7307 29.4009)",221.0,-51.577679,-17.978533,51.680093,18.162179,115.0,SAN ANTONIO 48 -- SAN ANTONIO 50,SAN ANTONIO 50,SAN ANTONIO 48,51.577679
"LINESTRING (-98.6768 29.462, -98.6646 29.5035)",221.0,-22.572321,-3.031467,22.582243,2.820468,115.0,SAN ANTONIO 48 -- SAN ANTONIO 47,SAN ANTONIO 47,SAN ANTONIO 48,22.572321
"LINESTRING (-98.6768 29.462, -98.6646 29.5035)",221.0,-22.572321,-3.031467,22.582243,2.820468,115.0,SAN ANTONIO 48 -- SAN ANTONIO 47,SAN ANTONIO 47,SAN ANTONIO 48,22.572321
"LINESTRING (-98.4591 29.4151, -98.4562 29.4889)",149.0,55.832191,-11.050618,-55.656224,11.353593,115.0,SAN ANTONIO 19 -- SAN ANTONIO 17,SAN ANTONIO 19,SAN ANTONIO 17,55.832191
"LINESTRING (-98.4591 29.4151, -98.4805 29.4412)",149.0,18.67697,-26.590571,-18.652152,26.478661,115.0,SAN ANTONIO 19 -- SAN ANTONIO 23,SAN ANTONIO 19,SAN ANTONIO 23,18.67697
"LINESTRING (-98.4591 29.4151, -98.4439 29.3452)",149.0,-68.405441,4.073032,68.651092,-3.446803,115.0,SAN ANTONIO 19 -- SAN ANTONIO 16,SAN ANTONIO 16,SAN ANTONIO 19,68.405441
"LINESTRING (-98.4591 29.4151, -98.505 29.4044)",221.0,-12.20186,14.194078,12.208421,-14.425607,115.0,SAN ANTONIO 19 -- SAN ANTONIO 29,SAN ANTONIO 29,SAN ANTONIO 19,12.20186
"LINESTRING (-98.4591 29.4151, -98.505 29.4044)",221.0,-12.20186,14.194078,12.208421,-14.425607,115.0,SAN ANTONIO 19 -- SAN ANTONIO 29,SAN ANTONIO 29,SAN ANTONIO 19,12.20186
"LINESTRING (-98.6139 29.5889, -98.6139 29.5889)",1198.0,767.979449,22.203479,-767.576604,14.556038,500.0,SAN ANTONIO 2 -- SAN ANTONIO 2,SAN ANTONIO 2,SAN ANTONIO 2,767.979449
"LINESTRING (-98.6139 29.5889, -98.6139 29.5889)",233.0,0.0,-0.0,0.0,-0.0,500.0,SAN ANTONIO 2 -- SAN ANTONIO 2,SAN ANTONIO 2,SAN ANTONIO 2,0.0
"LINESTRING (-98.6139 29.5889, -98.6139 29.5889)",283.0,0.0,0.0,0.0,0.0,500.0,SAN ANTONIO 2 -- SAN ANTONIO 2,SAN ANTONIO 2,SAN ANTONIO 2,0.0
"LINESTRING (-98.6139 29.5889, -98.6139 29.5889)",256.0,-0.0,-0.0,0.0,0.0,500.0,SAN ANTONIO 2 -- SAN ANTONIO 2,SAN ANTONIO 2,SAN ANTONIO 2,0.0
"LINESTRING (-98.6139 29.5889, -98.6139 29.5889)",351.0,-57.390016,7.094109,57.4,-6.369545,500.0,SAN ANTONIO 2 -- SAN ANTONIO 2,SAN ANTONIO 2,SAN ANTONIO 2,57.390016
"LINESTRING (-98.6139 29.5889, -98.6139 29.5889)",342.0,0.0,0.0,-0.0,-0.0,500.0,SAN ANTONIO 2 -- SAN ANTONIO 2,SAN ANTONIO 2,SAN ANTONIO 2,0.0
"LINESTRING (-98.6139 29.5889, -98.6139 29.5889)",352.0,-57.392008,7.203538,57.4,-6.369556,500.0,SAN ANTONIO 2 -- SAN ANTONIO 2,SAN ANTONIO 2,SAN ANTONIO 2,57.392008
"LINESTRING (-98.6139 29.5889, -98.6139 29.5889)",338.0,-57.382536,7.963339,57.4,-6.369479,500.0,SAN ANTONIO 2 -- SAN ANTONIO 2,SAN ANTONIO 2,SAN ANTONIO 2,57.382536
"LINESTRING (-98.6139 29.5889, -98.1419 29.6244)",2020.0,-595.442921,40.085683,597.25062,-73.789663,500.0,SAN ANTONIO 2 -- MARION 1,MARION 1,SAN ANTONIO 2,595.442921
"LINESTRING (-98.6139 29.5889, -98.3384 30.556)",2020.0,-76.122944,-71.91635,76.193405,-61.916907,500.0,SAN ANTONIO 2 -- MARBLE FALLS 2,MARBLE FALLS 2,SAN ANTONIO 2,76.122944
"LINESTRING (-98.6139 29.5889, -98.7307 29.4009)",2020.0,75.750977,-12.633798,-75.735793,-16.029902,500.0,SAN ANTONIO 2 -- SAN ANTONIO 50,SAN ANTONIO 2,SAN ANTONIO 50,75.750977
"LINESTRING (-98.6139 29.5889, -98.6139 29.5889)",320.0,190.892933,7.706345,-190.718302,5.32864,230.0,SAN ANTONIO 2 -- SAN ANTONIO 2,SAN ANTONIO 2,SAN ANTONIO 2,190.892933
"LINESTRING (-98.6139 29.5889, -98.6139 29.5889)",320.0,190.892933,7.706345,-190.718302,5.32864,230.0,SAN ANTONIO 2 -- SAN ANTONIO 2,SAN ANTONIO 2,SAN ANTONIO 2,190.892933
"LINESTRING (-98.6139 29.5889, -98.5695 29.5017)",523.0,166.071888,8.527591,-165.738533,-8.29001,230.0,SAN ANTONIO 2 -- SAN ANTONIO 37,SAN ANTONIO 2,SAN ANTONIO 37,166.071888
"LINESTRING (-98.6139 29.5889, -98.7063 29.8592)",647.0,219.718849,-38.496319,-218.466559,44.186831,230.0,SAN ANTONIO 2 -- BOERNE 2,SAN ANTONIO 2,BOERNE 2,219.718849
"LINESTRING (-98.6139 29.5889, -98.5566 29.5453)",221.0,82.61922,-39.536059,-82.378973,40.7636,115.0,SAN ANTONIO 2 -- SAN ANTONIO 36,SAN ANTONIO 2,SAN ANTONIO 36,82.61922
"LINESTRING (-98.6139 29.5889, -98.5566 29.5453)",221.0,82.61922,-39.536059,-82.378973,40.7636,115.0,SAN ANTONIO 2 -- SAN ANTONIO 36,SAN ANTONIO 2,SAN ANTONIO 36,82.61922
"LINESTRING (-98.6139 29.5889, -98.624 29.6247)",221.0,33.174082,12.977419,-33.153699,-13.113938,115.0,SAN ANTONIO 2 -- SAN ANTONIO 44,SAN ANTONIO 2,SAN ANTONIO 44,33.174082
"LINESTRING (-98.6139 29.5889, -98.624 29.6247)",221.0,33.174082,12.977419,-33.153699,-13.113938,115.0,SAN ANTONIO 2 -- SAN ANTONIO 44,SAN ANTONIO 2,SAN ANTONIO 44,33.174082
"LINESTRING (-98.5564 29.9033, -98.5665 30.1829)",98.0,27.157846,1.18449,-27.046494,-2.265191,115.0,BERGHEIM -- BLANCO,BERGHEIM,BLANCO,27.157846
"LINESTRING (-98.5564 29.9033, -98.7063 29.8592)",98.0,-32.087846,-2.58449,32.163911,2.108362,115.0,BERGHEIM -- BOERNE 2,BOERNE 2,BERGHEIM,32.087846
"LINESTRING (-98.0707 29.6969, -98.0707 29.6969)",1171.0,501.404026,30.663132,-500.9087,-7.081314,500.0,NEW BRAUNFELS 2 -- NEW BRAUNFELS 2,NEW BRAUNFELS 2,NEW BRAUNFELS 2,501.404026
"LINESTRING (-98.0707 29.6969, -98.1419 29.6244)",2020.0,741.115284,-47.043016,-740.457068,41.946309,500.0,NEW BRAUNFELS 2 -- MARION 1,NEW BRAUNFELS 2,MARION 1,741.115284
"LINESTRING (-98.0707 29.6969, -97.9732 29.5931)",3146.0,-1140.72727,-16.055403,1141.948895,22.693242,500.0,NEW BRAUNFELS 2 -- SEGUIN 1,SEGUIN 1,NEW BRAUNFELS 2,1140.72727
"LINESTRING (-98.0707 29.6969, -98.0228 29.7372)",2020.0,-101.792041,32.435287,101.800017,-40.153941,500.0,NEW BRAUNFELS 2 -- NEW BRAUNFELS 1,NEW BRAUNFELS 1,NEW BRAUNFELS 2,101.792041
"LINESTRING (-98.0707 29.6969, -98.0707 29.6969)",328.0,198.68956,26.477897,-198.479238,-18.985618,230.0,NEW BRAUNFELS 2 -- NEW BRAUNFELS 2,NEW BRAUNFELS 2,NEW BRAUNFELS 2,198.68956
"LINESTRING (-98.0707 29.6969, -98.0707 29.6969)",328.0,198.68956,26.477897,-198.479238,-18.985618,230.0,NEW BRAUNFELS 2 -- NEW BRAUNFELS 2,NEW BRAUNFELS 2,NEW BRAUNFELS 2,198.68956
"LINESTRING (-98.0707 29.6969, -98.1419 29.6244)",548.0,17.89867,-7.253678,-17.895595,5.093306,230.0,NEW BRAUNFELS 2 -- MARION 1,NEW BRAUNFELS 2,MARION 1,17.89867
"LINESTRING (-98.0707 29.6969, -98.7348 29.5378)",548.0,85.630911,-38.620803,-85.181459,29.067075,230.0,NEW BRAUNFELS 2 -- SAN ANTONIO 51,NEW BRAUNFELS 2,SAN ANTONIO 51,85.630911
"LINESTRING (-98.0707 29.6969, -98.1905 29.7588)",221.0,94.828788,-1.675246,-94.350612,4.203688,115.0,NEW BRAUNFELS 2 -- NEW BRAUNFELS 3,NEW BRAUNFELS 2,NEW BRAUNFELS 3,94.828788
"LINESTRING (-98.0707 29.6969, -98.1905 29.7588)",221.0,94.828788,-1.675246,-94.350612,4.203688,115.0,NEW BRAUNFELS 2 -- NEW BRAUNFELS 3,NEW BRAUNFELS 2,NEW BRAUNFELS 3,94.828788
"LINESTRING (-98.0707 29.6969, -98.1905 29.7588)",221.0,94.828788,-1.675246,-94.350612,4.203688,115.0,NEW BRAUNFELS 2 -- NEW BRAUNFELS 3,NEW BRAUNFELS 2,NEW BRAUNFELS 3,94.828788
"LINESTRING (-98.0707 29.6969, -98.0228 29.7372)",221.0,-66.167887,-7.613028,66.280538,7.922983,115.0,NEW BRAUNFELS 2 -- NEW BRAUNFELS 1,NEW BRAUNFELS 1,NEW BRAUNFELS 2,66.167887
"LINESTRING (-99.3292 29.2853, -99.1689 29.1358)",149.0,-27.642128,16.96324,27.796266,-17.750913,115.0,D HANIS -- DEVINE,DEVINE,D HANIS,27.642128
"LINESTRING (-98.4867 29.6975, -98.6503 29.7477)",221.0,32.839175,-1.958396,-32.748867,1.511411,115.0,SAN ANTONIO 24 -- BOERNE 1,SAN ANTONIO 24,BOERNE 1,32.839175
"LINESTRING (-98.4867 29.6975, -98.4532 29.7695)",149.0,-38.852404,27.987579,38.981317,-27.902104,115.0,SAN ANTONIO 24 -- BULVERDE,BULVERDE,SAN ANTONIO 24,38.852404
"LINESTRING (-97.6735 30.3825, -97.7326 30.3515)",221.0,8.523775,-40.723436,-8.374381,40.747629,115.0,AUSTIN 7 -- AUSTIN 17,AUSTIN 7,AUSTIN 17,8.523775
"LINESTRING (-97.6735 30.3825, -97.7611 30.4027)",98.0,24.810642,-2.584825,-24.739815,2.314727,115.0,AUSTIN 7 -- AUSTIN 23,AUSTIN 7,AUSTIN 23,24.810642
"LINESTRING (-96.4103 30.2151, -96.4103 30.2151)",1206.0,720.781675,39.502443,-720.238903,-5.805364,500.0,BRENHAM -- BRENHAM,BRENHAM,BRENHAM,720.781675
"LINESTRING (-96.4103 30.2151, -96.7506 29.9172)",2020.0,-325.321633,8.149581,325.879551,-56.956495,500.0,BRENHAM -- LA GRANGE,LA GRANGE,BRENHAM,325.321633
"LINESTRING (-96.4103 30.2151, -95.6694 29.9978)",2020.0,-395.460042,-47.652024,396.776855,-26.604765,500.0,BRENHAM -- CYPRESS 1,CYPRESS 1,BRENHAM,395.460042
"LINESTRING (-96.4103 30.2151, -96.4103 30.2151)",200.0,139.198742,10.245524,-139.022096,-3.28837,230.0,BRENHAM -- BRENHAM,BRENHAM,BRENHAM,139.198742
"LINESTRING (-96.4103 30.2151, -96.6762 30.5416)",647.0,259.8759,-7.330813,-257.408431,22.431132,230.0,BRENHAM -- CALDWELL,BRENHAM,CALDWELL,259.8759
"LINESTRING (-96.4103 30.2151, -96.2726 30.5614)",800.0,321.164261,2.890653,-317.709257,22.6552,230.0,BRENHAM -- COLLEGE STATION 1,BRENHAM,COLLEGE STATION 1,321.164261
"LINESTRING (-96.4103 30.2151, -96.2584 30.1223)",149.0,56.542096,-20.08163,-56.120099,20.905328,115.0,BRENHAM -- CHAPPELL HILL,BRENHAM,CHAPPELL HILL,56.542096
"LINESTRING (-98.0452 30.7733, -97.9414 30.6909)",98.0,-25.291087,11.959027,25.346489,-12.388068,115.0,BERTRAM -- LIBERTY HILL,LIBERTY HILL,BERTRAM,25.291087
"LINESTRING (-98.1419 29.6244, -98.1419 29.6244)",1115.0,546.160229,29.609106,-545.725964,-8.815486,500.0,MARION 1 -- MARION 1,MARION 1,MARION 1,546.160229
"LINESTRING (-98.1419 29.6244, -98.1419 29.6244)",667.0,-181.305239,10.1749,181.369999,-6.753896,500.0,MARION 1 -- MARION 1,MARION 1,MARION 1,181.305239
"LINESTRING (-98.1419 29.6244, -98.1419 29.6244)",677.0,-181.246473,5.322923,181.369999,2.942068,500.0,MARION 1 -- MARION 1,MARION 1,MARION 1,181.246473
"LINESTRING (-98.1419 29.6244, -98.1419 29.6244)",670.0,-181.33314,17.981633,181.369999,-15.248428,500.0,MARION 1 -- MARION 1,MARION 1,MARION 1,181.33314
"LINESTRING (-98.1419 29.6244, -98.1419 29.6244)",679.0,-0.0,0.0,-0.0,0.0,500.0,MARION 1 -- MARION 1,MARION 1,MARION 1,0.0
"LINESTRING (-98.1419 29.6244, -98.1419 29.6244)",664.0,-181.296849,9.002129,181.369999,-4.455575,500.0,MARION 1 -- MARION 1,MARION 1,MARION 1,181.296849
"LINESTRING (-98.1419 29.6244, -98.1419 29.6244)",666.0,-181.268864,6.503743,181.369999,-2.003265,500.0,MARION 1 -- MARION 1,MARION 1,MARION 1,181.268864
"LINESTRING (-98.1419 29.6244, -98.1419 29.6244)",300.0,165.019362,7.892302,-164.773611,2.218578,230.0,MARION 1 -- MARION 1,MARION 1,MARION 1,165.019362
"LINESTRING (-98.1419 29.6244, -98.1419 29.6244)",300.0,165.019362,7.892302,-164.773611,2.218578,230.0,MARION 1 -- MARION 1,MARION 1,MARION 1,165.019362
"LINESTRING (-98.1419 29.6244, -97.9371 29.5428)",443.0,-19.559057,-6.782224,19.56906,2.463132,230.0,MARION 1 -- SEGUIN 2,SEGUIN 2,MARION 1,19.559057
"LINESTRING (-96.7506 29.9172, -96.7506 29.9172)",1058.0,188.111179,-23.303762,-188.042519,28.006952,500.0,LA GRANGE -- LA GRANGE,LA GRANGE,LA GRANGE,188.111179
"LINESTRING (-96.7506 29.9172, -96.7506 29.9172)",1159.0,-169.504624,72.160988,169.551793,-68.729457,500.0,LA GRANGE -- LA GRANGE,LA GRANGE,LA GRANGE,169.504624
"LINESTRING (-96.7506 29.9172, -96.7506 29.9172)",1165.0,-170.429572,70.32994,170.456146,-68.729577,500.0,LA GRANGE -- LA GRANGE,LA GRANGE,LA GRANGE,170.429572
"LINESTRING (-96.7506 29.9172, -96.7506 29.9172)",1152.0,-170.581756,70.923311,170.605472,-68.72959,500.0,LA GRANGE -- LA GRANGE,LA GRANGE,LA GRANGE,170.581756
"LINESTRING (-96.7506 29.9172, -96.9875 30.0381)",2020.0,307.260189,-28.082415,-306.980921,-0.089756,500.0,LA GRANGE -- WINCHESTER,LA GRANGE,WINCHESTER,307.260189
"LINESTRING (-96.7506 29.9172, -97.135 28.8947)",2020.0,-310.734967,-105.071567,312.041829,-23.304975,500.0,LA GRANGE -- NURSERY,NURSERY,LA GRANGE,310.734967
"LINESTRING (-96.7506 29.9172, -96.7506 29.9172)",185.22,133.111394,-12.636288,-133.003334,16.510996,230.0,LA GRANGE -- LA GRANGE,LA GRANGE,LA GRANGE,133.111394
"LINESTRING (-96.7506 29.9172, -96.9875 30.0381)",850.0,122.937343,-13.680496,-122.475603,11.689742,230.0,LA GRANGE -- WINCHESTER,LA GRANGE,WINCHESTER,122.937343
"LINESTRING (-96.7506 29.9172, -96.4255 29.696)",443.0,-68.006218,-1.690168,68.217306,-4.789789,230.0,LA GRANGE -- COLUMBUS,COLUMBUS,LA GRANGE,68.006218
"LINESTRING (-96.7506 29.9172, -96.6992 30.043)",149.0,60.805623,11.431003,-60.438121,-10.809496,115.0,LA GRANGE -- FAYETTEVILLE,LA GRANGE,FAYETTEVILLE,60.805623
"LINESTRING (-96.7506 29.9172, -96.6865 29.8066)",149.0,72.197712,-27.941999,-71.667584,29.515907,115.0,LA GRANGE -- NEW ULM,LA GRANGE,NEW ULM,72.197712
"LINESTRING (-98.2576 30.5553, -98.2576 30.5553)",80.0,-41.280882,2.804592,41.370001,-1.079949,115.0,MARBLE FALLS 1 -- MARBLE FALLS 1,MARBLE FALLS 1,MARBLE FALLS 1,41.280882
"LINESTRING (-98.2576 30.5553, -98.2576 30.5553)",80.0,-65.062903,10.590148,65.300001,-1.079929,115.0,MARBLE FALLS 1 -- MARBLE FALLS 1,MARBLE FALLS 1,MARBLE FALLS 1,65.062903
"LINESTRING (-98.2576 30.5553, -98.2087 30.5812)",156.45,95.701704,-0.568522,-95.375402,1.712976,115.0,MARBLE FALLS 1 -- MARBLE FALLS 3,MARBLE FALLS 1,MARBLE FALLS 3,95.701704
"LINESTRING (-98.2576 30.5553, -98.3384 30.556)",149.0,10.642081,-12.826217,-10.628428,12.408874,115.0,MARBLE FALLS 1 -- MARBLE FALLS 2,MARBLE FALLS 1,MARBLE FALLS 2,10.642081
"LINESTRING (-97.6903 30.557, -97.6903 30.557)",31.0,-1.049895,0.004408,1.050001,0.0,115.0,ROUND ROCK 1 -- ROUND ROCK 1,ROUND ROCK 1,ROUND ROCK 1,1.049895
"LINESTRING (-97.6903 30.557, -97.6903 30.557)",41.0,-22.47467,0.951996,22.500001,0.0,115.0,ROUND ROCK 1 -- ROUND ROCK 1,ROUND ROCK 1,ROUND ROCK 1,22.47467
"LINESTRING (-97.6903 30.557, -97.6903 30.557)",43.0,-0.0,-0.0,0.0,0.0,115.0,ROUND ROCK 1 -- ROUND ROCK 1,ROUND ROCK 1,ROUND ROCK 1,0.0
"LINESTRING (-97.6903 30.557, -97.6903 30.557)",25.0,-7.948372,0.052713,7.950001,0.0,115.0,ROUND ROCK 1 -- ROUND ROCK 1,ROUND ROCK 1,ROUND ROCK 1,7.948372
"LINESTRING (-97.6903 30.557, -97.6903 30.557)",25.0,-10.414654,0.24596,10.420001,-0.0,115.0,ROUND ROCK 1 -- ROUND ROCK 1,ROUND ROCK 1,ROUND ROCK 1,10.414654
"LINESTRING (-97.6903 30.557, -97.6903 30.557)",46.0,-30.502492,0.814384,30.520001,0.0,115.0,ROUND ROCK 1 -- ROUND ROCK 1,ROUND ROCK 1,ROUND ROCK 1,30.502492
"LINESTRING (-97.6903 30.557, -97.7532 30.6479)",221.0,117.455531,-37.511881,-116.737328,41.705072,115.0,ROUND ROCK 1 -- GEORGETOWN 2,ROUND ROCK 1,GEORGETOWN 2,117.455531
"LINESTRING (-97.6903 30.557, -97.7256 30.5344)",221.0,-45.065448,35.442421,45.157683,-35.277405,115.0,ROUND ROCK 1 -- ROUND ROCK 4,ROUND ROCK 4,ROUND ROCK 1,45.065448
"LINESTRING (-98.1428 30.0344, -98.0336 30.1119)",221.0,-48.443009,45.381845,49.195985,-44.262192,115.0,WIMBERLEY -- AUSTIN 39,AUSTIN 39,WIMBERLEY,48.443009
"LINESTRING (-98.1428 30.0344, -98.2282 29.9711)",102.9,10.633009,36.591154,-10.553316,-36.751533,115.0,WIMBERLEY -- CANYON LAKE,WIMBERLEY,CANYON LAKE,10.633009
"LINESTRING (-97.4489 29.477, -97.3112 29.1297)",221.0,-96.276498,45.128201,99.172501,-34.878298,115.0,GONZALES -- CUERO 1,CUERO 1,GONZALES,96.276498
"LINESTRING (-97.4489 29.477, -97.7358 29.4289)",221.0,60.616498,0.066814,-59.971078,1.064041,115.0,GONZALES -- NIXON,GONZALES,NIXON,60.616498
"LINESTRING (-98.4018 29.6905, -98.4271 29.6272)",98.0,-36.969017,-14.967236,37.118717,14.924008,115.0,SAN ANTONIO 11 -- SAN ANTONIO 14,SAN ANTONIO 14,SAN ANTONIO 11,36.969017
"LINESTRING (-98.4018 29.6905, -98.3391 29.6562)",149.0,-3.570983,3.477236,3.572226,-3.902816,115.0,SAN ANTONIO 11 -- SAN ANTONIO 3,SAN ANTONIO 3,SAN ANTONIO 11,3.570983
"LINESTRING (-98.4271 29.6272, -98.4974 29.6341)",221.0,73.781431,-37.908399,-73.596119,38.785383,115.0,SAN ANTONIO 14 -- SAN ANTONIO 28,SAN ANTONIO 14,SAN ANTONIO 28,73.781431
"LINESTRING (-98.4271 29.6272, -98.4974 29.6341)",221.0,73.781431,-37.908399,-73.596119,38.785383,115.0,SAN ANTONIO 14 -- SAN ANTONIO 28,SAN ANTONIO 14,SAN ANTONIO 28,73.781431
"LINESTRING (-97.5461 30.56, -97.3841 30.4655)",98.0,14.990525,-1.438506,-14.936619,0.587973,115.0,HUTTO -- TAYLOR,HUTTO,TAYLOR,14.990525
"LINESTRING (-97.5461 30.56, -97.6456 30.5434)",221.0,-62.994268,32.334822,63.19025,-31.576532,115.0,HUTTO -- ROUND ROCK 2,ROUND ROCK 2,HUTTO,62.994268
"LINESTRING (-97.5461 30.56, -97.6456 30.5434)",221.0,-62.994268,32.334822,63.19025,-31.576532,115.0,HUTTO -- ROUND ROCK 2,ROUND ROCK 2,HUTTO,62.994268
"LINESTRING (-97.5461 30.56, -97.6182 30.6591)",250.0,42.628011,-82.601138,-41.890592,84.859383,115.0,HUTTO -- GEORGETOWN 1,HUTTO,GEORGETOWN 1,42.628011
"LINESTRING (-97.4707 29.6961, -97.5683 29.9401)",149.0,45.823003,21.794811,-45.356949,-21.653015,115.0,LULING -- DALE,LULING,DALE,45.823003
"LINESTRING (-97.4707 29.6961, -97.7852 29.6596)",98.0,-24.773053,22.369267,24.942555,-23.214633,115.0,LULING -- MARTINDALE,MARTINDALE,LULING,24.773053
"LINESTRING (-97.4707 29.6961, -97.7358 29.4289)",98.0,-23.332498,12.651005,23.470264,-14.038564,115.0,LULING -- NIXON,NIXON,LULING,23.332498
"LINESTRING (-98.4746 29.5886, -98.4152 29.5381)",221.0,-66.517818,-16.947956,66.669391,17.497707,115.0,SAN ANTONIO 21 -- SAN ANTONIO 13,SAN ANTONIO 13,SAN ANTONIO 21,66.517818
"LINESTRING (-98.4746 29.5886, -98.4152 29.5381)",221.0,-66.517818,-16.947956,66.669391,17.497707,115.0,SAN ANTONIO 21 -- SAN ANTONIO 13,SAN ANTONIO 13,SAN ANTONIO 21,66.517818
"LINESTRING (-98.4746 29.5886, -98.4937 29.4646)",149.0,27.675636,4.045911,-27.60342,-4.517009,115.0,SAN ANTONIO 21 -- SAN ANTONIO 27,SAN ANTONIO 21,SAN ANTONIO 27,27.675636
"LINESTRING (-97.7069 30.388, -97.6447 30.3557)",221.0,-53.809072,-1.746071,53.893215,1.862014,115.0,AUSTIN 12 -- AUSTIN 5,AUSTIN 5,AUSTIN 12,53.809072
"LINESTRING (-97.7069 30.388, -97.6447 30.3557)",221.0,-53.809072,-1.746071,53.893215,1.862014,115.0,AUSTIN 12 -- AUSTIN 5,AUSTIN 5,AUSTIN 12,53.809072
"LINESTRING (-97.7069 30.388, -97.7178 30.4299)",98.0,17.009358,-35.439003,-16.912091,35.434699,115.0,AUSTIN 12 -- AUSTIN 15,AUSTIN 12,AUSTIN 15,17.009358
"LINESTRING (-97.7069 30.388, -97.7681 30.3482)",149.0,-41.611213,1.471145,41.698904,-1.489958,115.0,AUSTIN 12 -- AUSTIN 26,AUSTIN 26,AUSTIN 12,41.611213
"LINESTRING (-98.4386 29.4606, -98.4805 29.4412)",98.0,22.224709,-10.135214,-22.210812,9.955109,115.0,SAN ANTONIO 15 -- SAN ANTONIO 23,SAN ANTONIO 15,SAN ANTONIO 23,22.224709
"LINESTRING (-98.4386 29.4606, -98.4937 29.4646)",98.0,50.949163,22.114763,-50.864876,-21.934789,115.0,SAN ANTONIO 15 -- SAN ANTONIO 27,SAN ANTONIO 15,SAN ANTONIO 27,50.949163
"LINESTRING (-98.4386 29.4606, -98.3481 29.4741)",149.0,-94.553871,-18.039548,95.096843,19.752175,115.0,SAN ANTONIO 15 -- SAN ANTONIO 4,SAN ANTONIO 4,SAN ANTONIO 15,94.553871
"LINESTRING (-98.2383 29.3536, -98.5311 29.3055)",98.0,24.19794,3.549776,-24.110037,-4.575504,115.0,ADKINS -- SAN ANTONIO 35,ADKINS,SAN ANTONIO 35,24.19794
"LINESTRING (-98.2383 29.3536, -98.107 29.3504)",149.0,-46.776798,23.609019,47.006722,-23.332071,115.0,ADKINS -- LA VERNIA,LA VERNIA,ADKINS,46.776798
"LINESTRING (-98.2383 29.3536, -98.2051 29.4366)",98.0,-15.131142,-37.848795,15.211969,37.746558,115.0,ADKINS -- SAINT HEDWIG,SAINT HEDWIG,ADKINS,15.131142
"LINESTRING (-96.9875 30.0381, -96.9875 30.0381)",1307.0,548.935693,-30.0667,-548.594126,52.399875,500.0,WINCHESTER -- WINCHESTER,WINCHESTER,WINCHESTER,548.935693
"LINESTRING (-96.9875 30.0381, -96.9875 30.0381)",378.0,-60.489986,7.502323,60.499999,-6.719727,500.0,WINCHESTER -- WINCHESTER,WINCHESTER,WINCHESTER,60.489986
"LINESTRING (-96.9875 30.0381, -96.9875 30.0381)",368.0,-60.488025,7.981155,60.499999,-6.719722,500.0,WINCHESTER -- WINCHESTER,WINCHESTER,WINCHESTER,60.488025
"LINESTRING (-96.9875 30.0381, -96.9875 30.0381)",560.0,-120.97676,14.672979,120.999998,-13.429724,500.0,WINCHESTER -- WINCHESTER,WINCHESTER,WINCHESTER,120.97676
"LINESTRING (-96.9875 30.0381, -96.9875 30.0381)",439.0,214.147245,-29.363501,-213.734958,47.576886,230.0,WINCHESTER -- WINCHESTER,WINCHESTER,WINCHESTER,214.147245
"LINESTRING (-96.9875 30.0381, -97.1821 30.0139)",221.0,59.496766,-0.885295,-59.239519,1.516849,115.0,WINCHESTER -- SMITHVILLE,WINCHESTER,SMITHVILLE,59.496766
"LINESTRING (-96.9875 30.0381, -97.1821 30.0139)",221.0,59.496766,-0.885295,-59.239519,1.516849,115.0,WINCHESTER -- SMITHVILLE,WINCHESTER,SMITHVILLE,59.496766
"LINESTRING (-96.9875 30.0381, -96.923 30.1676)",149.0,60.531426,14.892281,-60.144458,-14.117966,115.0,WINCHESTER -- GIDDINGS,WINCHESTER,GIDDINGS,60.531426
"LINESTRING (-97.064 30.5659, -97.064 30.5659)",380.0,-26.105841,33.877466,26.115393,-33.192551,500.0,ROCKDALE 1 -- ROCKDALE 1,ROCKDALE 1,ROCKDALE 1,26.105841
"LINESTRING (-97.064 30.5659, -97.064 30.5659)",1181.0,-356.565582,-57.359074,356.733062,69.406455,500.0,ROCKDALE 1 -- ROCKDALE 1,ROCKDALE 1,ROCKDALE 1,356.565582
"LINESTRING (-97.064 30.5659, -97.064 30.5659)",1208.0,-356.86262,-61.452439,357.019771,73.452065,500.0,ROCKDALE 1 -- ROCKDALE 1,ROCKDALE 1,ROCKDALE 1,356.86262
"LINESTRING (-97.064 30.5659, -96.4866 31.1803)",2020.0,453.079726,-29.178347,-451.088442,-52.299269,500.0,ROCKDALE 1 -- FRANKLIN,ROCKDALE 1,FRANKLIN,453.079726
"LINESTRING (-97.064 30.5659, -97.064 30.5659)",137.0,61.535405,3.788255,-61.451321,-0.329123,230.0,ROCKDALE 1 -- ROCKDALE 1,ROCKDALE 1,ROCKDALE 1,61.535405
"LINESTRING (-97.064 30.5659, -96.6762 30.5416)",523.0,-202.417511,33.760852,204.251341,-27.967163,230.0,ROCKDALE 1 -- CALDWELL,CALDWELL,ROCKDALE 1,202.417511
"LINESTRING (-97.064 30.5659, -96.8306 30.7004)",98.0,47.011321,-3.760877,-46.248886,4.234515,115.0,ROCKDALE 1 -- ROCKDALE 2,ROCKDALE 1,ROCKDALE 2,47.011321
"LINESTRING (-97.7426 30.2706, -97.731 30.2822)",221.0,34.221156,18.416619,-34.210478,-18.453974,115.0,AUSTIN 20 -- AUSTIN 16,AUSTIN 20,AUSTIN 16,34.221156
"LINESTRING (-97.7426 30.2706, -97.731 30.2822)",221.0,34.221156,18.416619,-34.210478,-18.453974,115.0,AUSTIN 20 -- AUSTIN 16,AUSTIN 20,AUSTIN 16,34.221156
"LINESTRING (-97.7426 30.2706, -97.7147 30.29)",149.0,60.651986,-13.34308,-60.561972,13.546976,115.0,AUSTIN 20 -- AUSTIN 14,AUSTIN 20,AUSTIN 14,60.651986
"LINESTRING (-98.6178 29.4715, -98.4805 29.4412)",149.0,-54.818733,-6.448476,55.097842,6.932625,115.0,SAN ANTONIO 43 -- SAN ANTONIO 23,SAN ANTONIO 23,SAN ANTONIO 43,54.818733
"LINESTRING (-98.6178 29.4715, -98.6187 29.3913)",98.0,-15.721267,-13.541524,15.740785,13.185566,115.0,SAN ANTONIO 43 -- LACKLAND A F B,LACKLAND A F B,SAN ANTONIO 43,15.721267
"LINESTRING (-98.3603 29.556, -98.2626 29.5471)",221.0,-61.796802,-19.552734,61.956112,20.066284,115.0,SAN ANTONIO 5 -- SCHERTZ,SCHERTZ,SAN ANTONIO 5,61.796802
"LINESTRING (-98.3603 29.556, -98.2626 29.5471)",221.0,-61.796802,-19.552734,61.956112,20.066284,115.0,SAN ANTONIO 5 -- SCHERTZ,SCHERTZ,SAN ANTONIO 5,61.796802
"LINESTRING (-98.3603 29.556, -98.3391 29.6562)",149.0,-49.161785,7.749506,49.347464,-7.581179,115.0,SAN ANTONIO 5 -- SAN ANTONIO 3,SAN ANTONIO 3,SAN ANTONIO 5,49.161785
"LINESTRING (-98.3603 29.556, -98.4937 29.4646)",98.0,8.534898,7.022035,-8.524153,-7.833004,115.0,SAN ANTONIO 5 -- SAN ANTONIO 27,SAN ANTONIO 5,SAN ANTONIO 27,8.534898
"LINESTRING (-98.3603 29.556, -98.363 29.5186)",149.0,33.090491,-12.816073,-33.055883,12.738262,115.0,SAN ANTONIO 5 -- SAN ANTONIO 6,SAN ANTONIO 5,SAN ANTONIO 6,33.090491
"LINESTRING (-97.3841 30.4655, -97.5235 30.3397)",98.0,-41.913381,-16.697973,42.113498,16.742031,115.0,TAYLOR -- MANOR,MANOR,TAYLOR,41.913381
"LINESTRING (-97.8242 30.5039, -97.8242 30.5039)",1133.0,640.56272,123.732519,-639.793734,-79.094696,500.0,CEDAR PARK -- CEDAR PARK,CEDAR PARK,CEDAR PARK,640.56272
"LINESTRING (-97.8242 30.5039, -97.8426 30.3974)",2768.0,-362.732611,-107.23421,362.842207,94.62985,500.0,CEDAR PARK -- AUSTIN 1,AUSTIN 1,CEDAR PARK,362.732611
"LINESTRING (-97.8242 30.5039, -97.8242 30.5039)",350.0,202.162263,34.077643,-201.954872,-23.374821,230.0,CEDAR PARK -- CEDAR PARK,CEDAR PARK,CEDAR PARK,202.162263
"LINESTRING (-97.8242 30.5039, -97.8242 30.5039)",350.0,202.162263,34.077643,-201.954872,-23.374821,230.0,CEDAR PARK -- CEDAR PARK,CEDAR PARK,CEDAR PARK,202.162263
"LINESTRING (-97.8242 30.5039, -97.7256 30.5344)",548.0,175.391582,8.961374,-175.133252,-8.460697,230.0,CEDAR PARK -- ROUND ROCK 4,CEDAR PARK,ROUND ROCK 4,175.391582
"LINESTRING (-97.8242 30.5039, -97.7483 30.4924)",221.0,115.173817,-5.802186,-114.773523,8.103225,115.0,CEDAR PARK -- AUSTIN 21,CEDAR PARK,AUSTIN 21,115.173817
"LINESTRING (-97.8242 30.5039, -97.7483 30.4924)",221.0,115.173817,-5.802186,-114.773523,8.103225,115.0,CEDAR PARK -- AUSTIN 21,CEDAR PARK,AUSTIN 21,115.173817
"LINESTRING (-98.4879 29.5373, -98.3971 29.4916)",98.0,12.353871,9.049905,-12.341723,-9.562833,115.0,SAN ANTONIO 25 -- SAN ANTONIO 10,SAN ANTONIO 25,SAN ANTONIO 10,12.353871
"LINESTRING (-98.4879 29.5373, -98.5835 29.6605)",98.0,4.388957,-3.206455,-4.383411,2.33282,115.0,SAN ANTONIO 25 -- SAN ANTONIO 41,SAN ANTONIO 25,SAN ANTONIO 41,4.388957
"LINESTRING (-98.4879 29.5373, -98.4152 29.5381)",221.0,-81.344986,35.005468,81.561903,-33.952347,115.0,SAN ANTONIO 25 -- SAN ANTONIO 13,SAN ANTONIO 13,SAN ANTONIO 25,81.344986
"LINESTRING (-98.4879 29.5373, -98.4152 29.5381)",221.0,-81.344986,35.005468,81.561903,-33.952347,115.0,SAN ANTONIO 25 -- SAN ANTONIO 13,SAN ANTONIO 13,SAN ANTONIO 25,81.344986
"LINESTRING (-96.8362 29.38, -96.6525 29.4886)",98.0,12.7125,-12.788486,-12.629608,11.826416,115.0,HALLETTSVILLE -- WEIMAR,HALLETTSVILLE,WEIMAR,12.7125
"LINESTRING (-96.8362 29.38, -96.6897 29.0424)",98.0,-35.4225,6.358486,35.683817,-7.186529,115.0,HALLETTSVILLE -- EDNA,EDNA,HALLETTSVILLE,35.4225
"LINESTRING (-97.6447 30.3557, -97.6178 30.2971)",98.0,4.035166,6.189993,-4.03306,-6.55874,115.0,AUSTIN 5 -- AUSTIN 4,AUSTIN 5,AUSTIN 4,4.035166
"LINESTRING (-98.1905 29.7588, -98.391 29.8948)",149.0,86.244022,-6.004442,-85.04185,9.522372,115.0,NEW BRAUNFELS 3 -- SPRING BRANCH,NEW BRAUNFELS 3,SPRING BRANCH,86.244022
"LINESTRING (-98.1905 29.7588, -98.3391 29.6562)",221.0,70.049693,-5.583353,-69.689689,6.733995,115.0,NEW BRAUNFELS 3 -- SAN ANTONIO 3,NEW BRAUNFELS 3,SAN ANTONIO 3,70.049693
"LINESTRING (-98.1905 29.7588, -98.4532 29.7695)",149.0,69.338121,-17.293267,-68.491317,19.542104,115.0,NEW BRAUNFELS 3 -- BULVERDE,NEW BRAUNFELS 3,BULVERDE,69.338121
"LINESTRING (-98.057 29.2935, -98.107 29.3504)",149.0,81.503458,-12.66373,-81.146722,13.662071,115.0,SUTHERLAND SPRINGS -- LA VERNIA,SUTHERLAND SPRINGS,LA VERNIA,81.503458
"LINESTRING (-98.057 29.2935, -98.0804 29.0734)",149.0,-84.093458,11.93373,85.262443,-8.233131,115.0,SUTHERLAND SPRINGS -- FLORESVILLE,FLORESVILLE,SUTHERLAND SPRINGS,84.093458
"LINESTRING (-97.8887 30.1784, -97.8747 30.1328)",221.0,-49.014238,-3.908964,49.099623,4.002035,115.0,AUSTIN 34 -- MANCHACA,MANCHACA,AUSTIN 34,49.014238
"LINESTRING (-97.8887 30.1784, -98.0336 30.1119)",221.0,-33.588006,-14.858692,33.674002,14.537876,115.0,AUSTIN 34 -- AUSTIN 39,AUSTIN 39,AUSTIN 34,33.588006
"LINESTRING (-97.8887 30.1784, -98.0336 30.1119)",221.0,-33.588006,-14.858692,33.674002,14.537876,115.0,AUSTIN 34 -- AUSTIN 39,AUSTIN 39,AUSTIN 34,33.588006
"LINESTRING (-97.8887 30.1784, -97.8848 30.321)",98.0,34.468808,-12.479189,-34.359022,12.301299,115.0,AUSTIN 34 -- AUSTIN 33,AUSTIN 34,AUSTIN 33,34.468808
"LINESTRING (-96.9076 30.8911, -97.1207 31.0208)",98.0,7.719324,-9.030308,-7.702705,7.733296,115.0,CAMERON -- BURLINGTON,CAMERON,BURLINGTON,7.719324
"LINESTRING (-96.9076 30.8911, -96.8306 30.7004)",98.0,-12.599744,12.738948,12.638886,-13.754515,115.0,CAMERON -- ROCKDALE 2,ROCKDALE 2,CAMERON,12.599744
"LINESTRING (-96.9076 30.8911, -96.689 31.0031)",98.0,-20.359579,-0.357916,20.489642,-0.590399,115.0,CAMERON -- CALVERT,CALVERT,CAMERON,20.359579
"LINESTRING (-98.5311 29.3055, -98.6224 29.2439)",200.0,-0.255334,-20.407942,0.313182,19.958516,115.0,SAN ANTONIO 35 -- VON ORMY,VON ORMY,SAN ANTONIO 35,0.255334
"LINESTRING (-99.3166 29.6783, -99.1411 29.4274)",149.0,-38.736086,0.557248,39.0576,-1.03675,115.0,MEDINA -- HONDO,HONDO,MEDINA,38.736086
"LINESTRING (-99.3166 29.6783, -99.0952 29.7072)",98.0,28.876086,-3.347248,-28.784233,2.731276,115.0,MEDINA -- BANDERA,MEDINA,BANDERA,28.876086
"LINESTRING (-97.8747 30.1328, -97.9662 29.8802)",230.0,-95.324738,-24.220601,95.678167,26.580442,115.0,MANCHACA -- SAN MARCOS,SAN MARCOS,MANCHACA,95.324738
"LINESTRING (-97.8747 30.1328, -97.838 30.0785)",149.0,32.825115,16.418567,-32.761695,-16.518389,115.0,MANCHACA -- BUDA,MANCHACA,BUDA,32.825115
"LINESTRING (-98.391 29.8948, -98.2282 29.9711)",109.76,41.19185,-21.952372,-40.696684,22.231533,115.0,SPRING BRANCH -- CANYON LAKE,SPRING BRANCH,CANYON LAKE,41.19185
"LINESTRING (-97.7402 30.3222, -97.895 30.3779)",98.0,28.620305,-9.851826,-28.542967,9.484481,115.0,AUSTIN 19 -- AUSTIN 35,AUSTIN 19,AUSTIN 35,28.620305
"LINESTRING (-97.7402 30.3222, -97.731 30.2822)",250.0,-93.360305,-8.488174,93.634352,9.437228,115.0,AUSTIN 19 -- AUSTIN 16,AUSTIN 16,AUSTIN 19,93.360305
"LINESTRING (-97.1585 29.7276, -97.0838 29.5649)",149.0,-64.969807,11.339628,65.508725,-10.325199,115.0,FLATONIA -- SHINER,SHINER,FLATONIA,64.969807
"LINESTRING (-97.4139 30.7109, -97.5025 30.8186)",149.0,1.292464,15.577907,-1.268148,-16.323742,115.0,GRANGER -- JARRELL,GRANGER,JARRELL,1.292464
"LINESTRING (-97.4139 30.7109, -97.6182 30.6591)",149.0,-8.912464,-17.737907,8.961298,16.747374,115.0,GRANGER -- GEORGETOWN 1,GEORGETOWN 1,GRANGER,8.912464
"LINESTRING (-96.6992 30.043, -96.4511 30.0243)",149.0,38.728121,4.659496,-38.486686,-5.088655,115.0,FAYETTEVILLE -- INDUSTRY,FAYETTEVILLE,INDUSTRY,38.728121
"LINESTRING (-97.7532 30.6479, -97.6182 30.6591)",221.0,45.557328,-61.875072,-45.060706,63.342151,115.0,GEORGETOWN 2 -- GEORGETOWN 1,GEORGETOWN 2,GEORGETOWN 1,45.557328
"LINESTRING (-97.895 30.3779, -97.8692 30.2681)",102.9,-35.413703,10.244083,35.637572,-10.352462,115.0,AUSTIN 35 -- AUSTIN 32,AUSTIN 32,AUSTIN 35,35.413703
"LINESTRING (-97.895 30.3779, -97.9512 30.3784)",98.0,21.77667,-31.678563,-21.672515,31.657626,115.0,AUSTIN 35 -- AUSTIN 36,AUSTIN 35,AUSTIN 36,21.77667
"LINESTRING (-98.9112 29.6897, -98.6503 29.7477)",98.0,-3.907571,8.34905,3.938867,-9.671411,115.0,PIPE CREEK -- BOERNE 1,BOERNE 1,PIPE CREEK,3.907571
"LINESTRING (-98.9112 29.6897, -98.7063 29.8592)",149.0,-23.772429,-16.18905,23.913263,15.224853,115.0,PIPE CREEK -- BOERNE 2,BOERNE 2,PIPE CREEK,23.772429
"LINESTRING (-97.358 29.844, -97.4951 30.0941)",98.0,15.26395,12.237185,-15.201922,-13.636795,115.0,RED ROCK -- CEDAR CREEK 2,RED ROCK,CEDAR CREEK 2,15.26395
"LINESTRING (-98.3433 29.4289, -98.3433 29.4289)",1326.0,729.582488,45.785975,-728.673679,-4.480618,500.0,SAN ANTONIO 1 -- SAN ANTONIO 1,SAN ANTONIO 1,SAN ANTONIO 1,729.582488
"LINESTRING (-98.3433 29.4289, -98.3433 29.4289)",1326.0,729.582488,45.785975,-728.673679,-4.480618,500.0,SAN ANTONIO 1 -- SAN ANTONIO 1,SAN ANTONIO 1,SAN ANTONIO 1,729.582488
"LINESTRING (-98.3433 29.4289, -98.3433 29.4289)",265.0,-0.0,0.0,-0.0,0.0,500.0,SAN ANTONIO 1 -- SAN ANTONIO 1,SAN ANTONIO 1,SAN ANTONIO 1,0.0
"LINESTRING (-98.3433 29.4289, -98.3433 29.4289)",1093.0,-445.543975,-10.78171,445.999997,40.9805,500.0,SAN ANTONIO 1 -- SAN ANTONIO 1,SAN ANTONIO 1,SAN ANTONIO 1,445.543975
"LINESTRING (-98.3433 29.4289, -98.3433 29.4289)",1090.0,-445.594489,-12.126702,445.999997,41.221875,500.0,SAN ANTONIO 1 -- SAN ANTONIO 1,SAN ANTONIO 1,SAN ANTONIO 1,445.594489
"LINESTRING (-98.3433 29.4289, -98.3433 29.4289)",1332.0,-279.466815,-14.539617,279.599999,24.48178,500.0,SAN ANTONIO 1 -- SAN ANTONIO 1,SAN ANTONIO 1,SAN ANTONIO 1,279.466815
"LINESTRING (-98.3433 29.4289, -98.3433 29.4289)",1248.0,0.0,-0.0,0.0,-0.0,500.0,SAN ANTONIO 1 -- SAN ANTONIO 1,SAN ANTONIO 1,SAN ANTONIO 1,0.0
"LINESTRING (-98.3433 29.4289, -98.3433 29.4289)",1255.0,-216.582255,-72.640688,216.600005,74.744015,500.0,SAN ANTONIO 1 -- SAN ANTONIO 1,SAN ANTONIO 1,SAN ANTONIO 1,216.582255
"LINESTRING (-98.3433 29.4289, -97.9732 29.5931)",2020.0,-375.280788,17.480101,375.911306,-58.81677,500.0,SAN ANTONIO 1 -- SEGUIN 1,SEGUIN 1,SAN ANTONIO 1,375.280788
"LINESTRING (-98.3433 29.4289, -98.5695 29.5017)",4352.0,1415.048964,4.13499,-1412.664738,17.643377,500.0,SAN ANTONIO 1 -- SAN ANTONIO 37,SAN ANTONIO 1,SAN ANTONIO 37,1415.048964
"LINESTRING (-98.3433 29.4289, -98.3825 29.2567)",2400.0,-1111.745618,-3.098324,1114.37325,11.212962,500.0,SAN ANTONIO 1 -- ELMENDORF,ELMENDORF,SAN ANTONIO 1,1111.745618
"LINESTRING (-98.3433 29.4289, -98.3433 29.4289)",443.0,300.5291,-1.479671,-300.297219,18.167357,230.0,SAN ANTONIO 1 -- SAN ANTONIO 1,SAN ANTONIO 1,SAN ANTONIO 1,300.5291
"LINESTRING (-98.3433 29.4289, -98.3433 29.4289)",443.0,300.5291,-1.479671,-300.297219,18.167357,230.0,SAN ANTONIO 1 -- SAN ANTONIO 1,SAN ANTONIO 1,SAN ANTONIO 1,300.5291
"LINESTRING (-98.3433 29.4289, -98.3433 29.4289)",443.0,300.5291,-1.479671,-300.297219,18.167357,230.0,SAN ANTONIO 1 -- SAN ANTONIO 1,SAN ANTONIO 1,SAN ANTONIO 1,300.5291
"LINESTRING (-98.3433 29.4289, -97.9732 29.5931)",443.0,-45.154446,-1.65822,45.247708,-5.79336,230.0,SAN ANTONIO 1 -- SEGUIN 1,SEGUIN 1,SAN ANTONIO 1,45.154446
"LINESTRING (-98.3433 29.4289, -98.4439 29.3452)",221.0,112.930791,21.843961,-112.237232,-17.81717,115.0,SAN ANTONIO 1 -- SAN ANTONIO 16,SAN ANTONIO 1,SAN ANTONIO 16,112.930791
"LINESTRING (-98.3433 29.4289, -98.4439 29.3452)",221.0,112.930791,21.843961,-112.237232,-17.81717,115.0,SAN ANTONIO 1 -- SAN ANTONIO 16,SAN ANTONIO 1,SAN ANTONIO 16,112.930791
"LINESTRING (-98.3433 29.4289, -98.3874 29.4467)",250.0,168.757519,-24.547499,-168.226166,27.963796,115.0,SAN ANTONIO 1 -- SAN ANTONIO 8,SAN ANTONIO 1,SAN ANTONIO 8,168.757519
"LINESTRING (-98.3433 29.4289, -98.3874 29.4467)",250.0,168.757519,-24.547499,-168.226166,27.963796,115.0,SAN ANTONIO 1 -- SAN ANTONIO 8,SAN ANTONIO 1,SAN ANTONIO 8,168.757519
"LINESTRING (-98.3433 29.4289, -98.3874 29.4467)",250.0,168.757519,-24.547499,-168.226166,27.963796,115.0,SAN ANTONIO 1 -- SAN ANTONIO 8,SAN ANTONIO 1,SAN ANTONIO 8,168.757519
"LINESTRING (-98.3433 29.4289, -98.3874 29.4467)",250.0,168.757519,-24.547499,-168.226166,27.963796,115.0,SAN ANTONIO 1 -- SAN ANTONIO 8,SAN ANTONIO 1,SAN ANTONIO 8,168.757519
"LINESTRING (-98.5566 29.5453, -98.5289 29.4684)",221.0,23.743973,-57.3786,-23.611882,57.630413,115.0,SAN ANTONIO 36 -- SAN ANTONIO 34,SAN ANTONIO 36,SAN ANTONIO 34,23.743973
"LINESTRING (-98.5566 29.5453, -98.5289 29.4684)",221.0,23.743973,-57.3786,-23.611882,57.630413,115.0,SAN ANTONIO 36 -- SAN ANTONIO 34,SAN ANTONIO 36,SAN ANTONIO 34,23.743973
"LINESTRING (-96.9336 29.6863, -97.0838 29.5649)",221.0,84.864758,-2.31245,-83.978722,5.095211,115.0,SCHULENBURG -- SHINER,SCHULENBURG,SHINER,84.864758
"LINESTRING (-96.9336 29.6863, -96.6865 29.8066)",149.0,-62.222698,34.200497,63.087586,-31.945899,115.0,SCHULENBURG -- NEW ULM,NEW ULM,SCHULENBURG,62.222698
"LINESTRING (-96.9336 29.6863, -96.6525 29.4886)",150.0,-38.782068,30.104027,39.814242,-29.511251,115.0,SCHULENBURG -- WEIMAR,WEIMAR,SCHULENBURG,38.782068
"LINESTRING (-98.4791 29.2783, -98.4791 29.2783)",155.0,34.992012,19.74289,-34.952604,-18.22816,230.0,SAN ANTONIO 22 -- SAN ANTONIO 22,SAN ANTONIO 22,SAN ANTONIO 22,34.992012
"LINESTRING (-98.4791 29.2783, -98.7348 29.5378)",443.0,-48.260232,-30.970869,48.392089,24.142924,230.0,SAN ANTONIO 22 -- SAN ANTONIO 51,SAN ANTONIO 51,SAN ANTONIO 22,48.260232
"LINESTRING (-98.4791 29.2783, -98.5695 29.5017)",548.0,13.26822,11.227978,-13.260365,-16.60814,230.0,SAN ANTONIO 22 -- SAN ANTONIO 37,SAN ANTONIO 22,SAN ANTONIO 37,13.26822
"LINESTRING (-98.4791 29.2783, -98.3825 29.2567)",221.0,-84.228116,8.208505,84.507718,-6.825266,115.0,SAN ANTONIO 22 -- ELMENDORF,ELMENDORF,SAN ANTONIO 22,84.228116
"LINESTRING (-98.4791 29.2783, -98.3825 29.2567)",221.0,-84.228116,8.208505,84.507718,-6.825266,115.0,SAN ANTONIO 22 -- ELMENDORF,ELMENDORF,SAN ANTONIO 22,84.228116
"LINESTRING (-98.4791 29.2783, -98.3719 29.3549)",221.0,47.719418,-14.389425,-47.585226,14.501904,115.0,SAN ANTONIO 22 -- SAN ANTONIO 7,SAN ANTONIO 22,SAN ANTONIO 7,47.719418
"LINESTRING (-98.4791 29.2783, -98.3719 29.3549)",221.0,47.719418,-14.389425,-47.585226,14.501904,115.0,SAN ANTONIO 22 -- SAN ANTONIO 7,SAN ANTONIO 22,SAN ANTONIO 7,47.719418
"LINESTRING (-98.1348 30.2241, -98.0336 30.1119)",149.0,2.688068,-14.026874,-2.667838,13.167556,115.0,DRIPPING SPRINGS -- AUSTIN 39,DRIPPING SPRINGS,AUSTIN 39,2.688068
"LINESTRING (-98.1348 30.2241, -98.3596 30.4023)",149.0,-45.788068,1.816874,46.200423,-1.85645,115.0,DRIPPING SPRINGS -- JOHNSON CITY,JOHNSON CITY,DRIPPING SPRINGS,45.788068
"LINESTRING (-98.4927 29.2001, -98.4439 29.3452)",98.0,-18.410485,-10.839747,18.449102,10.114656,115.0,SAN ANTONIO 26 -- SAN ANTONIO 16,SAN ANTONIO 16,SAN ANTONIO 26,18.410485
"LINESTRING (-98.2087 30.5812, -98.1127 30.43)",221.0,118.261692,-33.437166,-117.117038,40.076186,115.0,MARBLE FALLS 3 -- SPICEWOOD,MARBLE FALLS 3,SPICEWOOD,118.261692
"LINESTRING (-96.1894 30.2869, -96.2584 30.1223)",98.0,-21.333069,40.182712,21.832902,-40.014077,115.0,WASHINGTON -- CHAPPELL HILL,CHAPPELL HILL,WASHINGTON,21.333069
"LINESTRING (-96.1894 30.2869, -96.0548 30.3693)",98.0,15.693069,37.863009,-15.561074,-38.028097,115.0,WASHINGTON -- NAVASOTA,WASHINGTON,NAVASOTA,15.693069
"LINESTRING (-98.2626 29.5471, -98.2775 29.526)",250.0,81.611772,-115.895772,-81.253207,117.307168,115.0,SCHERTZ -- UNIVERSAL CITY,SCHERTZ,UNIVERSAL CITY,81.611772
"LINESTRING (-97.6836 30.27, -97.731 30.2822)",221.0,46.784812,1.18326,-46.741979,-1.168059,115.0,AUSTIN 8 -- AUSTIN 16,AUSTIN 8,AUSTIN 16,46.784812
"LINESTRING (-97.6836 30.27, -97.731 30.2822)",221.0,46.784812,1.18326,-46.741979,-1.168059,115.0,AUSTIN 8 -- AUSTIN 16,AUSTIN 8,AUSTIN 16,46.784812
"LINESTRING (-97.6836 30.27, -97.6178 30.2971)",149.0,61.242999,12.332847,-61.05694,-11.88126,115.0,AUSTIN 8 -- AUSTIN 4,AUSTIN 8,AUSTIN 4,61.242999
"LINESTRING (-97.6836 30.27, -97.6843 30.1838)",149.0,83.048616,-18.27148,-82.578605,19.798863,115.0,AUSTIN 8 -- AUSTIN 9,AUSTIN 8,AUSTIN 9,83.048616
"LINESTRING (-97.9732 29.5931, -97.9732 29.5931)",1132.0,431.296633,17.180458,-430.916126,9.53434,500.0,SEGUIN 1 -- SEGUIN 1,SEGUIN 1,SEGUIN 1,431.296633
"LINESTRING (-97.9732 29.5931, -97.9732 29.5931)",880.0,-234.946568,-6.803479,235.049995,14.569947,500.0,SEGUIN 1 -- SEGUIN 1,SEGUIN 1,SEGUIN 1,234.946568
"LINESTRING (-97.9732 29.5931, -97.9732 29.5931)",879.0,-234.890307,-4.404356,235.049995,13.051007,500.0,SEGUIN 1 -- SEGUIN 1,SEGUIN 1,SEGUIN 1,234.890307
"LINESTRING (-97.9732 29.5931, -97.9732 29.5931)",880.0,-234.998129,-13.601289,235.049996,17.255505,500.0,SEGUIN 1 -- SEGUIN 1,SEGUIN 1,SEGUIN 1,234.998129
"LINESTRING (-97.9732 29.5931, -97.9732 29.5931)",883.0,-234.955946,-7.483299,235.049995,14.287749,500.0,SEGUIN 1 -- SEGUIN 1,SEGUIN 1,SEGUIN 1,234.955946
"LINESTRING (-97.9732 29.5931, -97.135 28.8947)",3146.0,-1009.365884,51.235492,1016.753861,-41.070976,500.0,SEGUIN 1 -- NURSERY,NURSERY,SEGUIN 1,1009.365884
"LINESTRING (-97.9732 29.5931, -97.9732 29.5931)",184.2,114.079867,8.763889,-113.958093,-3.987896,230.0,SEGUIN 1 -- SEGUIN 1,SEGUIN 1,SEGUIN 1,114.079867
"LINESTRING (-97.9732 29.5931, -97.8073 29.9048)",443.0,171.527084,-18.873451,-170.246866,20.305454,230.0,SEGUIN 1 -- KYLE,SEGUIN 1,KYLE,171.527084
"LINESTRING (-97.9732 29.5931, -97.9371 29.5428)",443.0,100.061467,6.368582,-99.986762,-7.164783,230.0,SEGUIN 1 -- SEGUIN 2,SEGUIN 1,SEGUIN 2,100.061467
"LINESTRING (-97.9732 29.5931, -97.9371 29.5428)",149.0,36.932552,5.328095,-36.873237,-5.486085,115.0,SEGUIN 1 -- SEGUIN 2,SEGUIN 1,SEGUIN 2,36.932552
"LINESTRING (-98.6303 29.4066, -98.8535 29.5011)",149.0,-46.774695,-2.491505,47.122222,2.475307,115.0,SAN ANTONIO 45 -- MICO,MICO,SAN ANTONIO 45,46.774695
"LINESTRING (-98.6303 29.4066, -98.6187 29.3913)",147.0,46.990766,22.08021,-46.920785,-22.015566,115.0,SAN ANTONIO 45 -- LACKLAND A F B,SAN ANTONIO 45,LACKLAND A F B,46.990766
"LINESTRING (-98.8867 29.3573, -98.8867 29.3573)",1108.0,438.078255,16.380646,-437.637601,12.653607,500.0,SAN ANTONIO 52 -- SAN ANTONIO 52,SAN ANTONIO 52,SAN ANTONIO 52,438.078255
"LINESTRING (-98.8867 29.3573, -98.3825 29.2567)",2020.0,-438.078255,-16.380646,439.138723,-32.134122,500.0,SAN ANTONIO 52 -- ELMENDORF,ELMENDORF,SAN ANTONIO 52,438.078255
"LINESTRING (-98.8867 29.3573, -98.8867 29.3573)",297.0,165.986017,37.068333,-165.84564,-28.603824,230.0,SAN ANTONIO 52 -- SAN ANTONIO 52,SAN ANTONIO 52,SAN ANTONIO 52,165.986017
"LINESTRING (-98.8867 29.3573, -98.7307 29.4009)",548.0,66.829346,0.482798,-66.77225,-3.229371,230.0,SAN ANTONIO 52 -- SAN ANTONIO 50,SAN ANTONIO 52,SAN ANTONIO 50,66.829346
"LINESTRING (-98.8867 29.3573, -99.1411 29.4274)",443.0,122.663019,-30.009584,-122.201708,28.047144,230.0,SAN ANTONIO 52 -- HONDO,SAN ANTONIO 52,HONDO,122.663019
"LINESTRING (-98.8867 29.3573, -98.6646 29.5035)",443.0,82.159218,-20.195153,-81.944774,16.256253,230.0,SAN ANTONIO 52 -- SAN ANTONIO 47,SAN ANTONIO 52,SAN ANTONIO 47,82.159218
"LINESTRING (-98.8867 29.3573, -98.7307 29.4009)",221.0,52.08564,-3.626176,-51.914463,3.873312,115.0,SAN ANTONIO 52 -- SAN ANTONIO 50,SAN ANTONIO 52,SAN ANTONIO 50,52.08564
"LINESTRING (-97.2824 29.097, -97.2824 29.097)",137.0,58.822642,0.601295,-58.783787,1.107412,230.0,CUERO 2 -- CUERO 2,CUERO 2,CUERO 2,58.822642
"LINESTRING (-97.2824 29.097, -97.3112 29.1297)",250.0,67.567082,-33.104507,-67.398485,33.522363,115.0,CUERO 2 -- CUERO 1,CUERO 2,CUERO 1,67.567082
"LINESTRING (-97.2824 29.097, -97.135 28.8947)",98.0,-41.928763,17.552819,42.626501,-17.275212,115.0,CUERO 2 -- NURSERY,NURSERY,CUERO 2,41.928763
"LINESTRING (-98.3971 29.4916, -98.4562 29.4889)",221.0,76.68884,14.184923,-76.250625,-13.417214,115.0,SAN ANTONIO 10 -- SAN ANTONIO 17,SAN ANTONIO 10,SAN ANTONIO 17,76.68884
"LINESTRING (-98.3971 29.4916, -98.363 29.5186)",98.0,53.249303,37.458719,-53.154117,-37.168262,115.0,SAN ANTONIO 10 -- SAN ANTONIO 6,SAN ANTONIO 10,SAN ANTONIO 6,53.249303
"LINESTRING (-98.3971 29.4916, -98.3943 29.4182)",221.0,-106.67321,-34.605404,107.078931,36.69304,115.0,SAN ANTONIO 10 -- SAN ANTONIO 9,SAN ANTONIO 9,SAN ANTONIO 10,106.67321
"LINESTRING (-98.3971 29.4916, -98.3943 29.4182)",221.0,-106.67321,-34.605404,107.078931,36.69304,115.0,SAN ANTONIO 10 -- SAN ANTONIO 9,SAN ANTONIO 9,SAN ANTONIO 10,106.67321
"LINESTRING (-97.731 30.2822, -97.74 30.127)",149.0,-53.15873,1.05592,53.49151,-0.687584,115.0,AUSTIN 16 -- AUSTIN 18,AUSTIN 18,AUSTIN 16,53.15873
"LINESTRING (-97.731 30.2822, -97.7681 30.3482)",98.0,24.829293,1.380918,-24.762973,-1.634198,115.0,AUSTIN 16 -- AUSTIN 26,AUSTIN 16,AUSTIN 26,24.829293
"LINESTRING (-98.0336 30.1119, -97.9662 29.8802)",221.0,-159.196152,-10.821117,159.712184,14.114425,115.0,AUSTIN 39 -- SAN MARCOS,SAN MARCOS,AUSTIN 39,159.196152
"LINESTRING (-98.7348 29.5378, -98.7348 29.5378)",259.2,134.837082,33.494103,-134.704765,-26.634599,230.0,SAN ANTONIO 51 -- SAN ANTONIO 51,SAN ANTONIO 51,SAN ANTONIO 51,134.837082
"LINESTRING (-98.7348 29.5378, -98.7348 29.5378)",259.2,134.837082,33.494103,-134.704765,-26.634599,230.0,SAN ANTONIO 51 -- SAN ANTONIO 51,SAN ANTONIO 51,SAN ANTONIO 51,134.837082
"LINESTRING (-98.7348 29.5378, -98.7307 29.4009)",523.0,-149.350884,105.697735,149.921846,-104.736513,230.0,SAN ANTONIO 51 -- SAN ANTONIO 50,SAN ANTONIO 50,SAN ANTONIO 51,149.350884
"LINESTRING (-98.7348 29.5378, -98.5259 29.4224)",443.0,52.723501,74.917981,-52.491129,-78.121245,230.0,SAN ANTONIO 51 -- SAN ANTONIO 32,SAN ANTONIO 51,SAN ANTONIO 32,52.723501
"LINESTRING (-98.7348 29.5378, -98.0228 29.7372)",548.0,-99.466366,21.727561,100.079687,-30.937193,230.0,SAN ANTONIO 51 -- NEW BRAUNFELS 1,NEW BRAUNFELS 1,SAN ANTONIO 51,99.466366
"LINESTRING (-98.7348 29.5378, -99.1411 29.4274)",443.0,-3.210156,16.672749,3.230614,-24.977682,230.0,SAN ANTONIO 51 -- HONDO,HONDO,SAN ANTONIO 51,3.210156
"LINESTRING (-98.7348 29.5378, -98.6646 29.5035)",647.0,-150.080664,143.104137,150.344534,-142.148209,230.0,SAN ANTONIO 51 -- SAN ANTONIO 47,SAN ANTONIO 47,SAN ANTONIO 51,150.080664
"LINESTRING (-98.7348 29.5378, -98.8535 29.5011)",149.0,37.95544,4.236408,-37.840982,-4.421785,115.0,SAN ANTONIO 51 -- MICO,SAN ANTONIO 51,MICO,37.95544
"LINESTRING (-98.7348 29.5378, -98.7468 29.6099)",221.0,97.004091,10.94279,-96.702966,-9.527047,115.0,SAN ANTONIO 51 -- HELOTES,SAN ANTONIO 51,HELOTES,97.004091
"LINESTRING (-98.5835 29.6605, -98.624 29.6247)",98.0,-7.466589,-5.69282,7.468996,5.401769,115.0,SAN ANTONIO 41 -- SAN ANTONIO 44,SAN ANTONIO 44,SAN ANTONIO 41,7.466589
"LINESTRING (-98.5701 29.3425, -98.526 29.388)",149.0,-2.839474,-40.722391,2.911536,40.657436,115.0,SAN ANTONIO 38 -- SAN ANTONIO 33,SAN ANTONIO 33,SAN ANTONIO 38,2.839474
"LINESTRING (-96.923 30.1676, -96.8402 30.3548)",98.0,33.174458,6.477966,-33.046208,-7.014853,115.0,GIDDINGS -- LEXINGTON,GIDDINGS,LEXINGTON,33.174458
"LINESTRING (-97.8692 30.2681, -97.9594 30.2611)",98.0,-13.772366,-2.179256,13.794444,1.787945,115.0,AUSTIN 32 -- AUSTIN 38,AUSTIN 38,AUSTIN 32,13.772366
"LINESTRING (-97.8692 30.2681, -97.824 30.1671)",149.0,-69.094968,13.854981,69.50286,-12.689274,115.0,AUSTIN 32 -- AUSTIN 29,AUSTIN 29,AUSTIN 32,69.094968
"LINESTRING (-97.8692 30.2681, -97.7326 30.3515)",98.0,-1.160237,-15.033263,1.20557,14.317296,115.0,AUSTIN 32 -- AUSTIN 17,AUSTIN 17,AUSTIN 32,1.160237
"LINESTRING (-97.9594 30.2611, -97.8848 30.321)",98.0,-34.634444,-7.687945,34.794908,7.575108,115.0,AUSTIN 38 -- AUSTIN 33,AUSTIN 33,AUSTIN 38,34.634444
"LINESTRING (-97.8401 30.4307, -97.8025 30.4186)",221.0,89.453355,4.487594,-89.327174,-3.912016,115.0,AUSTIN 30 -- AUSTIN 28,AUSTIN 30,AUSTIN 28,89.453355
"LINESTRING (-97.8401 30.4307, -97.8025 30.4186)",221.0,89.453355,4.487594,-89.327174,-3.912016,115.0,AUSTIN 30 -- AUSTIN 28,AUSTIN 30,AUSTIN 28,89.453355
"LINESTRING (-97.8401 30.4307, -97.8426 30.3974)",221.0,-109.138355,-10.062594,109.320766,11.120878,115.0,AUSTIN 30 -- AUSTIN 1,AUSTIN 1,AUSTIN 30,109.138355
"LINESTRING (-97.8401 30.4307, -97.8426 30.3974)",221.0,-109.138355,-10.062594,109.320766,11.120878,115.0,AUSTIN 30 -- AUSTIN 1,AUSTIN 1,AUSTIN 30,109.138355
"LINESTRING (-97.8025 30.4186, -97.7326 30.3515)",149.0,54.289503,-29.111424,-54.033193,29.674447,115.0,AUSTIN 28 -- AUSTIN 17,AUSTIN 28,AUSTIN 17,54.289503
"LINESTRING (-97.8025 30.4186, -97.7681 30.3482)",149.0,43.924845,14.145455,-43.802083,-14.130948,115.0,AUSTIN 28 -- AUSTIN 26,AUSTIN 28,AUSTIN 26,43.924845
"LINESTRING (-96.4255 29.696, -96.4255 29.696)",178.0,72.610666,-1.892091,-72.507792,4.641584,230.0,COLUMBUS -- COLUMBUS,COLUMBUS,COLUMBUS,72.610666
"LINESTRING (-96.4255 29.696, -96.0683 29.2878)",460.0,-156.476745,15.05791,158.094838,-14.997663,230.0,COLUMBUS -- WHARTON 1,WHARTON 1,COLUMBUS,156.476745
"LINESTRING (-96.4255 29.696, -96.6525 29.4886)",98.0,45.137792,-12.391584,-44.794632,12.69484,115.0,COLUMBUS -- WEIMAR,COLUMBUS,WEIMAR,45.137792
"LINESTRING (-96.6762 30.5416, -96.6762 30.5416)",125.0,53.15709,5.536031,-53.128714,-3.916062,230.0,CALDWELL -- CALDWELL,CALDWELL,CALDWELL,53.15709
"LINESTRING (-96.6762 30.5416, -96.8402 30.3548)",98.0,-14.188712,-2.90279,14.216208,1.674853,115.0,CALDWELL -- LEXINGTON,LEXINGTON,CALDWELL,14.188712
"LINESTRING (-96.6762 30.5416, -96.4381 30.4713)",98.0,31.627426,-3.291147,-31.316516,2.799162,115.0,CALDWELL -- SOMERVILLE,CALDWELL,SOMERVILLE,31.627426
"LINESTRING (-97.74 30.127, -97.5683 29.9401)",149.0,-23.929813,-16.602985,24.076952,15.623026,115.0,AUSTIN 18 -- DALE,DALE,AUSTIN 18,23.929813
"LINESTRING (-97.74 30.127, -97.838 30.0785)",149.0,17.593309,4.136047,-17.569249,-4.634677,115.0,AUSTIN 18 -- BUDA,AUSTIN 18,BUDA,17.593309
"LINESTRING (-97.74 30.127, -97.6073 30.151)",221.0,-91.575007,0.564521,92.020968,1.786685,115.0,AUSTIN 18 -- DEL VALLE,DEL VALLE,AUSTIN 18,91.575007
"LINESTRING (-96.4511 30.0243, -96.2529 29.9871)",149.0,35.826686,4.338655,-35.655421,-4.773151,115.0,INDUSTRY -- BELLVILLE,INDUSTRY,BELLVILLE,35.826686
"LINESTRING (-98.5695 29.5017, -98.5695 29.5017)",1372.0,601.119761,45.255082,-600.65486,-1.461427,500.0,SAN ANTONIO 37 -- SAN ANTONIO 37,SAN ANTONIO 37,SAN ANTONIO 37,601.119761
"LINESTRING (-98.5695 29.5017, -98.7307 29.4009)",2020.0,508.258783,-36.60601,-507.706646,19.901732,500.0,SAN ANTONIO 37 -- SAN ANTONIO 50,SAN ANTONIO 37,SAN ANTONIO 50,508.258783
"LINESTRING (-98.5695 29.5017, -98.6646 29.5035)",2020.0,303.286195,-26.292449,-303.191615,16.240096,500.0,SAN ANTONIO 37 -- SAN ANTONIO 47,SAN ANTONIO 37,SAN ANTONIO 47,303.286195
"LINESTRING (-98.5695 29.5017, -98.5695 29.5017)",420.0,292.439876,-5.202047,-292.087125,17.64387,230.0,SAN ANTONIO 37 -- SAN ANTONIO 37,SAN ANTONIO 37,SAN ANTONIO 37,292.439876
"LINESTRING (-98.5695 29.5017, -98.5695 29.5017)",420.0,292.439876,-5.202047,-292.087125,17.64387,230.0,SAN ANTONIO 37 -- SAN ANTONIO 37,SAN ANTONIO 37,SAN ANTONIO 37,292.439876
"LINESTRING (-98.5695 29.5017, -98.5695 29.5017)",420.0,292.439876,-5.202047,-292.087125,17.64387,230.0,SAN ANTONIO 37 -- SAN ANTONIO 37,SAN ANTONIO 37,SAN ANTONIO 37,292.439876
"LINESTRING (-98.5695 29.5017, -98.5259 29.4224)",548.0,-97.66587,41.965718,97.755852,-43.097913,230.0,SAN ANTONIO 37 -- SAN ANTONIO 32,SAN ANTONIO 32,SAN ANTONIO 37,97.66587
"LINESTRING (-98.5695 29.5017, -98.523 29.5164)",221.0,99.49102,-33.327279,-99.28522,34.435551,115.0,SAN ANTONIO 37 -- SAN ANTONIO 30,SAN ANTONIO 37,SAN ANTONIO 30,99.49102
"LINESTRING (-98.5695 29.5017, -98.523 29.5164)",221.0,99.49102,-33.327279,-99.28522,34.435551,115.0,SAN ANTONIO 37 -- SAN ANTONIO 30,SAN ANTONIO 37,SAN ANTONIO 30,99.49102
"LINESTRING (-98.4587 29.4399, -98.4937 29.4646)",98.0,15.11914,-10.64939,-15.111525,10.464506,115.0,SAN ANTONIO 18 -- SAN ANTONIO 27,SAN ANTONIO 18,SAN ANTONIO 27,15.11914
"LINESTRING (-98.4587 29.4399, -98.4644 29.3958)",98.0,4.572202,5.559818,-4.570844,-5.82711,115.0,SAN ANTONIO 18 -- SAN ANTONIO 20,SAN ANTONIO 18,SAN ANTONIO 20,4.572202
"LINESTRING (-98.4587 29.4399, -98.4439 29.3452)",149.0,-65.971342,-8.020427,66.284269,8.826486,115.0,SAN ANTONIO 18 -- SAN ANTONIO 16,SAN ANTONIO 16,SAN ANTONIO 18,65.971342
"LINESTRING (-98.526 29.388, -98.4562 29.4889)",98.0,-14.122872,31.036841,14.316849,-31.256379,115.0,SAN ANTONIO 33 -- SAN ANTONIO 17,SAN ANTONIO 17,SAN ANTONIO 33,14.122872
"LINESTRING (-98.526 29.388, -98.5289 29.4684)",245.0,-27.858664,-82.764277,28.198287,84.177196,115.0,SAN ANTONIO 33 -- SAN ANTONIO 34,SAN ANTONIO 34,SAN ANTONIO 33,27.858664
"LINESTRING (-97.7852 29.6596, -97.9371 29.5428)",115.0,-34.262382,24.674411,34.699809,-24.663079,115.0,MARTINDALE -- SEGUIN 2,SEGUIN 2,MARTINDALE,34.262382
"LINESTRING (-97.7852 29.6596, -97.7358 29.4289)",115.0,-7.310171,-6.169767,7.320815,4.704531,115.0,MARTINDALE -- NIXON,NIXON,MARTINDALE,7.310171
"LINESTRING (-98.4805 29.4412, -98.523 29.5164)",98.0,-22.044879,-45.576395,22.165106,45.791197,115.0,SAN ANTONIO 23 -- SAN ANTONIO 30,SAN ANTONIO 30,SAN ANTONIO 23,22.044879
"LINESTRING (-97.824 30.1671, -97.7974 30.2068)",221.0,-95.72643,-10.930363,95.921351,11.874464,115.0,AUSTIN 29 -- AUSTIN 27,AUSTIN 27,AUSTIN 29,95.72643
"LINESTRING (-97.824 30.1671, -97.7974 30.2068)",221.0,-95.72643,-10.930363,95.921351,11.874464,115.0,AUSTIN 29 -- AUSTIN 27,AUSTIN 27,AUSTIN 29,95.72643
"LINESTRING (-97.9718 30.45, -98.1127 30.43)",149.0,-90.008411,50.704502,90.927038,-47.496186,115.0,LEANDER 2 -- SPICEWOOD,SPICEWOOD,LEANDER 2,90.008411
"LINESTRING (-97.9718 30.45, -97.8848 30.321)",221.0,-7.862349,67.358664,8.236016,-66.021943,115.0,LEANDER 2 -- AUSTIN 33,AUSTIN 33,LEANDER 2,7.862349
"LINESTRING (-97.7178 30.4299, -97.7553 30.4584)",221.0,-35.013958,-33.513807,35.060276,33.561061,115.0,AUSTIN 15 -- AUSTIN 22,AUSTIN 22,AUSTIN 15,35.013958
"LINESTRING (-97.7178 30.4299, -97.7553 30.4584)",221.0,-35.013958,-33.513807,35.060276,33.561061,115.0,AUSTIN 15 -- AUSTIN 22,AUSTIN 22,AUSTIN 15,35.013958
"LINESTRING (-97.7178 30.4299, -97.6456 30.5434)",149.0,-54.019993,-8.347085,54.312364,8.865156,115.0,AUSTIN 15 -- ROUND ROCK 2,ROUND ROCK 2,AUSTIN 15,54.019993
"LINESTRING (-98.8535 29.5011, -99.1411 29.4274)",150.0,-16.80124,-0.183522,16.845158,-1.019019,115.0,MICO -- HONDO,HONDO,MICO,16.80124
"LINESTRING (-98.3384 30.556, -98.3384 30.556)",978.0,212.960255,21.683997,-212.843378,-15.298609,500.0,MARBLE FALLS 2 -- MARBLE FALLS 2,MARBLE FALLS 2,MARBLE FALLS 2,212.960255
"LINESTRING (-98.3384 30.556, -98.3384 30.556)",363.0,-177.721502,14.991463,177.900001,-2.880599,500.0,MARBLE FALLS 2 -- MARBLE FALLS 2,MARBLE FALLS 2,MARBLE FALLS 2,177.721502
"LINESTRING (-98.3384 30.556, -98.3384 30.556)",718.0,-551.161422,23.992874,552.300004,47.349636,500.0,MARBLE FALLS 2 -- MARBLE FALLS 2,MARBLE FALLS 2,MARBLE FALLS 2,551.161422
"LINESTRING (-98.3384 30.556, -98.3384 30.556)",721.0,-552.040256,27.570859,552.300005,-9.128623,500.0,MARBLE FALLS 2 -- MARBLE FALLS 2,MARBLE FALLS 2,MARBLE FALLS 2,552.040256
"LINESTRING (-98.3384 30.556, -98.3384 30.556)",710.0,-551.751995,49.981279,552.300005,-8.332551,500.0,MARBLE FALLS 2 -- MARBLE FALLS 2,MARBLE FALLS 2,MARBLE FALLS 2,551.751995
"LINESTRING (-98.3384 30.556, -97.55 30.1458)",2020.0,155.473322,-19.39369,-155.227559,-84.667081,500.0,MARBLE FALLS 2 -- CEDAR CREEK 1,MARBLE FALLS 2,CEDAR CREEK 1,155.473322
"LINESTRING (-98.3384 30.556, -98.3384 30.556)",381.0,134.904758,10.565773,-134.774729,-5.352099,230.0,MARBLE FALLS 2 -- MARBLE FALLS 2,MARBLE FALLS 2,MARBLE FALLS 2,134.904758
"LINESTRING (-98.3384 30.556, -98.283 30.8007)",443.0,77.93862,4.732836,-77.74611,-8.92582,230.0,MARBLE FALLS 2 -- BURNET,MARBLE FALLS 2,BURNET,77.93862
"LINESTRING (-97.6768 29.8715, -97.838 30.0785)",149.0,20.256269,-2.37951,-20.179055,1.173065,115.0,LOCKHART -- BUDA,LOCKHART,BUDA,20.256269
"LINESTRING (-97.6768 29.8715, -97.8073 29.9048)",149.0,-71.496269,-12.14049,71.960294,13.283647,115.0,LOCKHART -- KYLE,KYLE,LOCKHART,71.496269
"LINESTRING (-97.7326 30.3515, -97.7147 30.29)",98.0,-38.612915,39.604973,38.72495,-39.353903,115.0,AUSTIN 17 -- AUSTIN 14,AUSTIN 14,AUSTIN 17,38.612915
"LINESTRING (-98.2404 28.867, -98.0804 29.0734)",98.0,-2.886431,24.175804,2.970676,-25.211906,115.0,FALLS CITY -- FLORESVILLE,FLORESVILLE,FALLS CITY,2.886431
"LINESTRING (-97.7974 30.2068, -97.7974 30.2068)",457.0,264.978679,45.540768,-264.792765,-34.57824,230.0,AUSTIN 27 -- AUSTIN 27,AUSTIN 27,AUSTIN 27,264.978679
"LINESTRING (-97.7974 30.2068, -97.7974 30.2068)",457.0,264.978679,45.540768,-264.792765,-34.57824,230.0,AUSTIN 27 -- AUSTIN 27,AUSTIN 27,AUSTIN 27,264.978679
"LINESTRING (-97.7974 30.2068, -97.7974 30.2068)",457.0,264.978679,45.540768,-264.792765,-34.57824,230.0,AUSTIN 27 -- AUSTIN 27,AUSTIN 27,AUSTIN 27,264.978679
"LINESTRING (-97.7974 30.2068, -97.9662 29.8802)",548.0,-178.893137,-66.860009,180.088944,70.374639,230.0,AUSTIN 27 -- SAN MARCOS,SAN MARCOS,AUSTIN 27,178.893137
"LINESTRING (-97.7974 30.2068, -97.6129 30.2098)",647.0,-309.8436,-26.903004,311.274797,37.334788,230.0,AUSTIN 27 -- AUSTIN 2,AUSTIN 2,AUSTIN 27,309.8436
"LINESTRING (-97.7974 30.2068, -97.55 30.1458)",647.0,-208.729173,-17.79504,209.634293,21.663019,230.0,AUSTIN 27 -- CEDAR CREEK 1,CEDAR CREEK 1,AUSTIN 27,208.729173
"LINESTRING (-97.7974 30.2068, -97.7256 30.5344)",443.0,40.714994,-12.44907,-40.639405,5.769413,230.0,AUSTIN 27 -- ROUND ROCK 4,AUSTIN 27,ROUND ROCK 4,40.714994
"LINESTRING (-97.7974 30.2068, -97.7651 30.243)",262.5,158.163048,15.676177,-157.638354,-12.304507,115.0,AUSTIN 27 -- AUSTIN 24,AUSTIN 27,AUSTIN 24,158.163048
"LINESTRING (-97.7974 30.2068, -97.7651 30.243)",262.5,158.163048,15.676177,-157.638354,-12.304507,115.0,AUSTIN 27 -- AUSTIN 24,AUSTIN 27,AUSTIN 24,158.163048
"LINESTRING (-97.7611 30.4027, -97.7553 30.4584)",149.0,-10.217138,-37.343539,10.280338,37.242148,115.0,AUSTIN 23 -- AUSTIN 22,AUSTIN 22,AUSTIN 23,10.217138
"LINESTRING (-98.4937 29.4646, -98.5709 29.4211)",149.0,-8.371338,7.381364,8.378957,-7.838791,115.0,SAN ANTONIO 27 -- SAN ANTONIO 39,SAN ANTONIO 39,SAN ANTONIO 27,8.371338
"LINESTRING (-97.7651 30.243, -97.7141 30.2305)",221.0,65.431388,8.928436,-65.339401,-8.577468,115.0,AUSTIN 24 -- AUSTIN 13,AUSTIN 24,AUSTIN 13,65.431388
"LINESTRING (-97.7651 30.243, -97.7141 30.2305)",221.0,65.431388,8.928436,-65.339401,-8.577468,115.0,AUSTIN 24 -- AUSTIN 13,AUSTIN 24,AUSTIN 13,65.431388
"LINESTRING (-97.7651 30.243, -97.6843 30.1838)",102.9,58.063931,-29.04786,-57.502143,29.902452,115.0,AUSTIN 24 -- AUSTIN 9,AUSTIN 24,AUSTIN 9,58.063931
"LINESTRING (-97.9662 29.8802, -97.9662 29.8802)",1208.0,665.657274,-56.676151,-665.2382,106.698353,500.0,SAN MARCOS -- SAN MARCOS,SAN MARCOS,SAN MARCOS,665.657274
"LINESTRING (-97.9662 29.8802, -98.0228 29.7372)",2020.0,-665.657274,56.676151,666.497788,-67.058233,500.0,SAN MARCOS -- NEW BRAUNFELS 1,NEW BRAUNFELS 1,SAN MARCOS,665.657274
"LINESTRING (-97.9662 29.8802, -97.9662 29.8802)",350.0,216.925646,67.287903,-216.661551,-51.693286,230.0,SAN MARCOS -- SAN MARCOS,SAN MARCOS,SAN MARCOS,216.925646
"LINESTRING (-97.9662 29.8802, -97.9662 29.8802)",350.0,216.925646,67.287903,-216.661551,-51.693286,230.0,SAN MARCOS -- SAN MARCOS,SAN MARCOS,SAN MARCOS,216.925646
"LINESTRING (-97.9662 29.8802, -97.8073 29.9048)",548.0,51.297963,73.235525,-51.19632,-75.50096,230.0,SAN MARCOS -- KYLE,SAN MARCOS,KYLE,51.297963
"LINESTRING (-97.9662 29.8802, -97.8073 29.9048)",210.0,-13.57725,8.431705,13.597881,-9.145246,115.0,SAN MARCOS -- KYLE,KYLE,SAN MARCOS,13.57725
"LINESTRING (-97.6073 30.151, -97.55 30.1458)",221.0,-79.325484,-10.333342,79.468544,10.906587,115.0,DEL VALLE -- CEDAR CREEK 1,CEDAR CREEK 1,DEL VALLE,79.325484
"LINESTRING (-97.6073 30.151, -97.55 30.1458)",221.0,-79.325484,-10.333342,79.468544,10.906587,115.0,DEL VALLE -- CEDAR CREEK 1,CEDAR CREEK 1,DEL VALLE,79.325484
"LINESTRING (-98.7307 29.4009, -98.7307 29.4009)",1190.0,583.442439,-3.871831,-583.268109,17.672951,500.0,SAN ANTONIO 50 -- SAN ANTONIO 50,SAN ANTONIO 50,SAN ANTONIO 50,583.442439
"LINESTRING (-98.7307 29.4009, -98.7307 29.4009)",406.0,250.059256,45.146466,-249.646054,-28.827712,230.0,SAN ANTONIO 50 -- SAN ANTONIO 50,SAN ANTONIO 50,SAN ANTONIO 50,250.059256
"LINESTRING (-98.7307 29.4009, -98.7307 29.4009)",406.0,250.059256,45.146466,-249.646054,-28.827712,230.0,SAN ANTONIO 50 -- SAN ANTONIO 50,SAN ANTONIO 50,SAN ANTONIO 50,250.059256
"LINESTRING (-97.1207 31.0208, -97.1489 30.8527)",149.0,23.119379,-9.345815,-23.042702,8.53315,115.0,BURLINGTON -- BUCKHOLTS,BURLINGTON,BUCKHOLTS,23.119379
"LINESTRING (-97.1207 31.0208, -96.689 31.0031)",98.0,-17.296675,1.082519,17.360709,-2.897069,115.0,BURLINGTON -- CALVERT,CALVERT,BURLINGTON,17.296675
"LINESTRING (-97.7141 30.2305, -97.7147 30.29)",98.0,-4.121198,-21.035065,4.137023,20.786926,115.0,AUSTIN 13 -- AUSTIN 14,AUSTIN 14,AUSTIN 13,4.121198
"LINESTRING (-98.3825 29.2567, -98.3825 29.2567)",1194.0,654.786937,97.329272,-653.748871,-50.468019,500.0,ELMENDORF -- ELMENDORF,ELMENDORF,ELMENDORF,654.786937
"LINESTRING (-98.3825 29.2567, -98.3825 29.2567)",380.0,-60.987409,-1.133399,61.0,2.616954,500.0,ELMENDORF -- ELMENDORF,ELMENDORF,ELMENDORF,60.987409
"LINESTRING (-98.3825 29.2567, -98.3825 29.2567)",690.0,-182.932047,-1.888636,183.0,7.364568,500.0,ELMENDORF -- ELMENDORF,ELMENDORF,ELMENDORF,182.932047
"LINESTRING (-98.3825 29.2567, -98.3825 29.2567)",957.0,-297.819901,-1.889196,298.000001,14.173464,500.0,ELMENDORF -- ELMENDORF,ELMENDORF,ELMENDORF,297.819901
"LINESTRING (-98.3825 29.2567, -98.3825 29.2567)",965.0,-297.842388,-2.158891,298.000001,12.538804,500.0,ELMENDORF -- ELMENDORF,ELMENDORF,ELMENDORF,297.842388
"LINESTRING (-98.3825 29.2567, -98.3825 29.2567)",967.0,-297.917389,-4.120016,298.000001,9.459755,500.0,ELMENDORF -- ELMENDORF,ELMENDORF,ELMENDORF,297.917389
"LINESTRING (-98.3825 29.2567, -98.3825 29.2567)",694.0,-183.290197,-3.237345,183.33,5.702299,500.0,ELMENDORF -- ELMENDORF,ELMENDORF,ELMENDORF,183.290197
"LINESTRING (-98.3825 29.2567, -98.3825 29.2567)",689.0,-183.278838,-2.517777,183.33,7.489101,500.0,ELMENDORF -- ELMENDORF,ELMENDORF,ELMENDORF,183.278838
"LINESTRING (-98.3825 29.2567, -98.3825 29.2567)",685.0,-183.199385,-0.985921,183.33,8.172604,500.0,ELMENDORF -- ELMENDORF,ELMENDORF,ELMENDORF,183.199385
"LINESTRING (-98.3825 29.2567, -96.956 28.6751)",2000.0,-941.560105,72.93479,953.081697,-73.601176,500.0,ELMENDORF -- VICTORIA 1,VICTORIA 1,ELMENDORF,941.560105
"LINESTRING (-98.3825 29.2567, -98.3825 29.2567)",300.0,172.667639,31.588295,-172.372718,-18.069734,230.0,ELMENDORF -- ELMENDORF,ELMENDORF,ELMENDORF,172.667639
"LINESTRING (-98.3825 29.2567, -98.3825 29.2567)",300.0,172.667639,31.588295,-172.372718,-18.069734,230.0,ELMENDORF -- ELMENDORF,ELMENDORF,ELMENDORF,172.667639
"LINESTRING (-98.3825 29.2567, -98.5259 29.4224)",647.0,331.386853,-22.677397,-329.314715,38.158626,230.0,ELMENDORF -- SAN ANTONIO 32,ELMENDORF,SAN ANTONIO 32,331.386853
"LINESTRING (-98.3825 29.2567, -98.0804 29.0734)",443.0,-22.97326,9.968825,23.002267,-16.888401,230.0,ELMENDORF -- FLORESVILLE,FLORESVILLE,ELMENDORF,22.97326
"LINESTRING (-97.4286 28.8577, -97.6326 28.9141)",149.0,55.505184,-14.650212,-55.070964,15.150902,115.0,YORKTOWN -- NORDHEIM,YORKTOWN,NORDHEIM,55.505184
"LINESTRING (-97.6129 30.2098, -97.6129 30.2098)",1350.0,928.908303,148.049558,-928.603647,-111.414681,500.0,AUSTIN 2 -- AUSTIN 2,AUSTIN 2,AUSTIN 2,928.908303
"LINESTRING (-97.6129 30.2098, -97.6129 30.2098)",726.0,-193.963825,-24.104561,193.999999,27.876552,500.0,AUSTIN 2 -- AUSTIN 2,AUSTIN 2,AUSTIN 2,193.963825
"LINESTRING (-97.6129 30.2098, -97.6129 30.2098)",731.0,-193.880112,-7.172566,193.999999,14.255618,500.0,AUSTIN 2 -- AUSTIN 2,AUSTIN 2,AUSTIN 2,193.880112
"LINESTRING (-97.6129 30.2098, -97.6129 30.2098)",333.0,-0.0,-0.0,-0.0,-0.0,500.0,AUSTIN 2 -- AUSTIN 2,AUSTIN 2,AUSTIN 2,0.0
"LINESTRING (-97.6129 30.2098, -97.6129 30.2098)",914.0,-256.897402,-14.737153,256.999997,20.653498,500.0,AUSTIN 2 -- AUSTIN 2,AUSTIN 2,AUSTIN 2,256.897402
"LINESTRING (-97.6129 30.2098, -97.55 30.1458)",2768.0,-500.344872,-45.237226,500.496661,36.786657,500.0,AUSTIN 2 -- CEDAR CREEK 1,CEDAR CREEK 1,AUSTIN 2,500.344872
"LINESTRING (-97.6129 30.2098, -97.6129 30.2098)",300.0,179.427271,33.204077,-179.180837,-19.186313,230.0,AUSTIN 2 -- AUSTIN 2,AUSTIN 2,AUSTIN 2,179.427271
"LINESTRING (-97.6129 30.2098, -97.6129 30.2098)",300.0,179.427271,33.204077,-179.180837,-19.186313,230.0,AUSTIN 2 -- AUSTIN 2,AUSTIN 2,AUSTIN 2,179.427271
"LINESTRING (-97.9414 30.6909, -97.8097 30.8418)",98.0,56.141826,5.407113,-55.792979,-4.399926,115.0,LIBERTY HILL -- GEORGETOWN 3,LIBERTY HILL,GEORGETOWN 3,56.141826
"LINESTRING (-97.895 28.7334, -97.895 28.7334)",120.0,64.580813,1.88951,-64.551365,-0.682893,230.0,KENEDY -- KENEDY,KENEDY,KENEDY,64.580813
"LINESTRING (-97.895 28.7334, -98.0804 29.0734)",647.0,178.652268,-22.95735,-177.542262,25.261426,230.0,KENEDY -- FLORESVILLE,KENEDY,FLORESVILLE,178.652268
"LINESTRING (-97.895 28.7334, -97.1987 28.6767)",750.0,-284.51511,23.895612,287.744844,-8.7923,230.0,KENEDY -- VICTORIA 3,VICTORIA 3,KENEDY,284.51511
"LINESTRING (-97.3112 29.1297, -97.3112 29.1297)",29.0,-4.498775,0.111934,4.500001,-0.069996,115.0,CUERO 1 -- CUERO 1,CUERO 1,CUERO 1,4.498775
"LINESTRING (-97.3112 29.1297, -97.3112 29.1297)",35.0,-7.191398,0.366335,7.200001,-0.119996,115.0,CUERO 1 -- CUERO 1,CUERO 1,CUERO 1,7.191398
"LINESTRING (-97.3112 29.1297, -97.3112 29.1297)",30.0,-4.498568,0.100341,4.500001,-0.069996,115.0,CUERO 1 -- CUERO 1,CUERO 1,CUERO 1,4.498568
"LINESTRING (-97.3112 29.1297, -97.3112 29.1297)",32.0,-7.190759,0.383461,7.200001,-0.119996,115.0,CUERO 1 -- CUERO 1,CUERO 1,CUERO 1,7.190759
"LINESTRING (-97.3112 29.1297, -97.3112 29.1297)",47.0,0.0,0.0,0.0,0.0,115.0,CUERO 1 -- CUERO 1,CUERO 1,CUERO 1,0.0
"LINESTRING (-97.3112 29.1297, -97.3112 29.1297)",42.0,0.0,0.0,0.0,0.0,115.0,CUERO 1 -- CUERO 1,CUERO 1,CUERO 1,0.0
"LINESTRING (-97.3112 29.1297, -97.3112 29.1297)",35.0,-0.0,-0.0,0.0,0.0,115.0,CUERO 1 -- CUERO 1,CUERO 1,CUERO 1,0.0
"LINESTRING (-97.3112 29.1297, -97.3112 29.1297)",32.0,-0.0,-0.0,0.0,0.0,115.0,CUERO 1 -- CUERO 1,CUERO 1,CUERO 1,0.0
"LINESTRING (-97.3112 29.1297, -97.3112 29.1297)",39.0,-8.394516,0.393865,8.400001,-0.139996,115.0,CUERO 1 -- CUERO 1,CUERO 1,CUERO 1,8.394516
"LINESTRING (-98.4644 29.3958, -98.3719 29.3549)",221.0,-53.009578,-12.756445,53.130647,12.901506,115.0,SAN ANTONIO 20 -- SAN ANTONIO 7,SAN ANTONIO 7,SAN ANTONIO 20,53.009578
"LINESTRING (-98.4644 29.3958, -98.3719 29.3549)",221.0,-53.009578,-12.756445,53.130647,12.901506,115.0,SAN ANTONIO 20 -- SAN ANTONIO 7,SAN ANTONIO 7,SAN ANTONIO 20,53.009578
"LINESTRING (-97.8073 29.9048, -97.8073 29.9048)",331.0,221.443186,55.195506,-221.238175,-42.578401,230.0,KYLE -- KYLE,KYLE,KYLE,221.443186
"LINESTRING (-97.9371 29.5428, -97.9371 29.5428)",182.78,134.011208,14.165548,-133.846571,-8.390836,230.0,SEGUIN 2 -- SEGUIN 2,SEGUIN 2,SEGUIN 2,134.011208
"LINESTRING (-97.9371 29.5428, -98.0228 29.7372)",548.0,-53.593506,-9.463898,53.64799,5.184383,230.0,SEGUIN 2 -- NEW BRAUNFELS 1,NEW BRAUNFELS 1,SEGUIN 2,53.593506
"LINESTRING (-98.7063 29.8592, -98.7063 29.8592)",311.0,202.753643,-52.986319,-202.634687,61.75929,230.0,BOERNE 2 -- BOERNE 2,BOERNE 2,BOERNE 2,202.753643
"LINESTRING (-98.7063 29.8592, -98.9047 29.9723)",98.0,25.502573,15.604836,-25.251886,-16.249008,115.0,BOERNE 2 -- COMFORT,BOERNE 2,COMFORT,25.502573
"LINESTRING (-98.5259 29.4224, -98.5259 29.4224)",300.0,181.997076,40.317462,-181.823066,-28.751802,230.0,SAN ANTONIO 32 -- SAN ANTONIO 32,SAN ANTONIO 32,SAN ANTONIO 32,181.997076
"LINESTRING (-98.5259 29.4224, -98.5259 29.4224)",300.0,181.997076,40.317462,-181.823066,-28.751802,230.0,SAN ANTONIO 32 -- SAN ANTONIO 32,SAN ANTONIO 32,SAN ANTONIO 32,181.997076
"LINESTRING (-98.5259 29.4224, -98.5709 29.4211)",221.0,69.643941,14.950083,-69.554479,-14.600604,115.0,SAN ANTONIO 32 -- SAN ANTONIO 39,SAN ANTONIO 32,SAN ANTONIO 39,69.643941
"LINESTRING (-98.5259 29.4224, -98.5709 29.4211)",221.0,69.643941,14.950083,-69.554479,-14.600604,115.0,SAN ANTONIO 32 -- SAN ANTONIO 39,SAN ANTONIO 32,SAN ANTONIO 39,69.643941
"LINESTRING (-98.5259 29.4224, -98.505 29.4044)",221.0,28.909125,-9.793281,-28.898421,9.695607,115.0,SAN ANTONIO 32 -- SAN ANTONIO 29,SAN ANTONIO 32,SAN ANTONIO 29,28.909125
"LINESTRING (-98.5259 29.4224, -98.505 29.4044)",221.0,28.909125,-9.793281,-28.898421,9.695607,115.0,SAN ANTONIO 32 -- SAN ANTONIO 29,SAN ANTONIO 32,SAN ANTONIO 29,28.909125
"LINESTRING (-97.7483 30.4924, -97.7553 30.4584)",221.0,80.968523,-17.683225,-80.860444,18.214104,115.0,AUSTIN 21 -- AUSTIN 22,AUSTIN 21,AUSTIN 22,80.968523
"LINESTRING (-97.7483 30.4924, -97.7553 30.4584)",221.0,80.968523,-17.683225,-80.860444,18.214104,115.0,AUSTIN 21 -- AUSTIN 22,AUSTIN 21,AUSTIN 22,80.968523
"LINESTRING (-97.55 30.1458, -97.55 30.1458)",1210.0,388.207954,64.898552,-387.941671,-46.112318,500.0,CEDAR CREEK 1 -- CEDAR CREEK 1,CEDAR CREEK 1,CEDAR CREEK 1,388.207954
"LINESTRING (-97.55 30.1458, -97.55 30.1458)",756.0,-206.166894,26.214019,206.229999,-22.888006,500.0,CEDAR CREEK 1 -- CEDAR CREEK 1,CEDAR CREEK 1,CEDAR CREEK 1,206.166894
"LINESTRING (-97.55 30.1458, -97.55 30.1458)",762.0,-206.181763,25.730629,206.229999,-22.888435,500.0,CEDAR CREEK 1 -- CEDAR CREEK 1,CEDAR CREEK 1,CEDAR CREEK 1,206.181763
"LINESTRING (-97.55 30.1458, -97.55 30.1458)",765.0,-206.121808,30.368128,206.229998,-22.593409,500.0,CEDAR CREEK 1 -- CEDAR CREEK 1,CEDAR CREEK 1,CEDAR CREEK 1,206.121808
"LINESTRING (-97.55 30.1458, -97.55 30.1458)",217.8,178.307378,24.449299,-178.143492,-17.591499,230.0,CEDAR CREEK 1 -- CEDAR CREEK 1,CEDAR CREEK 1,CEDAR CREEK 1,178.307378
"LINESTRING (-97.55 30.1458, -97.4951 30.0941)",98.0,19.206405,-4.221674,-19.168078,3.896795,115.0,CEDAR CREEK 1 -- CEDAR CREEK 2,CEDAR CREEK 1,CEDAR CREEK 2,19.206405
"LINESTRING (-98.0228 29.7372, -98.0228 29.7372)",994.0,220.16369,-7.22524,-220.080827,15.258869,500.0,NEW BRAUNFELS 1 -- NEW BRAUNFELS 1,NEW BRAUNFELS 1,NEW BRAUNFELS 1,220.16369
"LINESTRING (-98.0228 29.7372, -98.0228 29.7372)",225.0,0.0,-0.0,0.0,-0.0,500.0,NEW BRAUNFELS 1 -- NEW BRAUNFELS 1,NEW BRAUNFELS 1,NEW BRAUNFELS 1,0.0
"LINESTRING (-98.0228 29.7372, -98.0228 29.7372)",897.0,-247.096775,28.668233,247.249995,-17.245452,500.0,NEW BRAUNFELS 1 -- NEW BRAUNFELS 1,NEW BRAUNFELS 1,NEW BRAUNFELS 1,247.096775
"LINESTRING (-98.0228 29.7372, -98.0228 29.7372)",887.0,-247.196982,31.324147,247.249995,-27.438319,500.0,NEW BRAUNFELS 1 -- NEW BRAUNFELS 1,NEW BRAUNFELS 1,NEW BRAUNFELS 1,247.196982
"LINESTRING (-98.0228 29.7372, -98.0228 29.7372)",896.0,-247.112165,31.966757,247.249995,-22.339852,500.0,NEW BRAUNFELS 1 -- NEW BRAUNFELS 1,NEW BRAUNFELS 1,NEW BRAUNFELS 1,247.112165
"LINESTRING (-98.0228 29.7372, -98.0228 29.7372)",904.0,-247.055572,22.478277,247.249995,-10.981076,500.0,NEW BRAUNFELS 1 -- NEW BRAUNFELS 1,NEW BRAUNFELS 1,NEW BRAUNFELS 1,247.055572
"LINESTRING (-98.0228 29.7372, -98.0228 29.7372)",181.0,66.353149,10.493941,-66.280538,-7.922983,230.0,NEW BRAUNFELS 1 -- NEW BRAUNFELS 1,NEW BRAUNFELS 1,NEW BRAUNFELS 1,66.353149
"LINESTRING (-99.1411 29.4274, -99.1411 29.4274)",183.6,97.072994,14.715744,-97.002758,-9.594231,230.0,HONDO -- HONDO,HONDO,HONDO,97.072994
"LINESTRING (-98.3481 29.4741, -98.3874 29.4467)",221.0,-93.683422,-22.946088,93.861309,23.891522,115.0,SAN ANTONIO 4 -- SAN ANTONIO 8,SAN ANTONIO 8,SAN ANTONIO 4,93.683422
"LINESTRING (-98.3481 29.4741, -98.3874 29.4467)",221.0,-93.683422,-22.946088,93.861309,23.891522,115.0,SAN ANTONIO 4 -- SAN ANTONIO 8,SAN ANTONIO 8,SAN ANTONIO 4,93.683422
"LINESTRING (-98.3874 29.4467, -98.3943 29.4182)",375.0,166.297924,-47.877875,-165.919738,50.252862,115.0,SAN ANTONIO 8 -- SAN ANTONIO 9,SAN ANTONIO 8,SAN ANTONIO 9,166.297924
"LINESTRING (-98.3874 29.4467, -98.3943 29.4182)",375.0,166.297924,-47.877875,-165.919738,50.252862,115.0,SAN ANTONIO 8 -- SAN ANTONIO 9,SAN ANTONIO 8,SAN ANTONIO 9,166.297924
"LINESTRING (-97.8097 30.8418, -97.8097 30.8418)",251.0,101.047352,-9.550173,-100.917993,16.470431,230.0,GEORGETOWN 3 -- GEORGETOWN 3,GEORGETOWN 3,GEORGETOWN 3,101.047352
"LINESTRING (-97.8097 30.8418, -97.6472 30.5017)",443.0,14.241937,4.133318,-14.229122,-12.048545,230.0,GEORGETOWN 3 -- ROUND ROCK 3,GEORGETOWN 3,ROUND ROCK 3,14.241937
"LINESTRING (-97.8097 30.8418, -97.8097 30.8418)",189.0,14.451491,16.349051,-14.444035,-16.069629,161.0,GEORGETOWN 3 -- GEORGETOWN 3,GEORGETOWN 3,GEORGETOWN 3,14.451491
"LINESTRING (-97.8097 30.8418, -97.8097 30.8418)",198.0,14.444035,16.069629,-14.436125,-15.739497,161.0,GEORGETOWN 3 -- GEORGETOWN 3,GEORGETOWN 3,GEORGETOWN 3,14.444035
"LINESTRING (-97.8097 30.8418, -97.8097 30.8418)",163.0,14.436125,15.739497,-14.427021,-15.500074,161.0,GEORGETOWN 3 -- GEORGETOWN 3,GEORGETOWN 3,GEORGETOWN 3,14.436125
"LINESTRING (-98.3943 29.4182, -98.3719 29.3549)",250.0,69.791614,72.982119,-69.310841,-71.306821,115.0,SAN ANTONIO 9 -- SAN ANTONIO 7,SAN ANTONIO 9,SAN ANTONIO 7,69.791614
"LINESTRING (-98.0804 29.0734, -98.0804 29.0734)",249.0,154.539995,-8.373024,-154.303119,14.725036,230.0,FLORESVILLE -- FLORESVILLE,FLORESVILLE,FLORESVILLE,154.539995
"LINESTRING (-96.4381 30.4713, -96.326 30.6091)",98.0,15.886516,-7.169162,-15.814308,6.381336,115.0,SOMERVILLE -- COLLEGE STATION 2,SOMERVILLE,COLLEGE STATION 2,15.886516
"LINESTRING (-98.9047 29.9723, -99.0952 29.7072)",98.0,-2.698114,8.329008,2.714233,-10.121276,115.0,COMFORT -- BANDERA,BANDERA,COMFORT,2.698114
"LINESTRING (-98.6646 29.5035, -98.6646 29.5035)",1094.0,303.191615,-16.240096,-302.932121,29.332761,500.0,SAN ANTONIO 47 -- SAN ANTONIO 47,SAN ANTONIO 47,SAN ANTONIO 47,303.191615
"LINESTRING (-98.6646 29.5035, -98.6646 29.5035)",271.8,210.134278,66.475847,-209.874485,-52.310937,230.0,SAN ANTONIO 47 -- SAN ANTONIO 47,SAN ANTONIO 47,SAN ANTONIO 47,210.134278
"LINESTRING (-96.2584 30.1223, -96.0656 30.0999)",149.0,27.987198,17.318748,-27.852295,-17.75717,115.0,CHAPPELL HILL -- HEMPSTEAD,CHAPPELL HILL,HEMPSTEAD,27.987198
"LINESTRING (-97.6472 30.5017, -97.6472 30.5017)",1137.0,130.426349,46.854857,-130.384483,-44.04316,500.0,ROUND ROCK 3 -- ROUND ROCK 3,ROUND ROCK 3,ROUND ROCK 3,130.426349
"LINESTRING (-97.6472 30.5017, -97.6472 30.5017)",400.0,224.246607,20.285868,-224.121094,-13.064379,230.0,ROUND ROCK 3 -- ROUND ROCK 3,ROUND ROCK 3,ROUND ROCK 3,224.246607
"LINESTRING (-97.6472 30.5017, -97.6472 30.5017)",400.0,224.246607,20.285868,-224.121094,-13.064379,230.0,ROUND ROCK 3 -- ROUND ROCK 3,ROUND ROCK 3,ROUND ROCK 3,224.246607
"LINESTRING (-97.6472 30.5017, -97.8426 30.3974)",443.0,-228.577309,-6.924545,229.926827,12.231036,230.0,ROUND ROCK 3 -- AUSTIN 1,AUSTIN 1,ROUND ROCK 3,228.577309
"LINESTRING (-97.6472 30.5017, -97.7256 30.5344)",443.0,-18.65958,8.206333,18.663795,-9.803103,230.0,ROUND ROCK 3 -- ROUND ROCK 4,ROUND ROCK 4,ROUND ROCK 3,18.65958
"LINESTRING (-97.6472 30.5017, -97.6456 30.5434)",262.5,144.721094,-9.430621,-144.326432,11.848954,115.0,ROUND ROCK 3 -- ROUND ROCK 2,ROUND ROCK 3,ROUND ROCK 2,144.721094
"LINESTRING (-97.6472 30.5017, -97.6456 30.5434)",262.5,144.721094,-9.430621,-144.326432,11.848954,115.0,ROUND ROCK 3 -- ROUND ROCK 2,ROUND ROCK 3,ROUND ROCK 2,144.721094
"LINESTRING (-97.8426 30.3974, -97.8426 30.3974)",1150.0,446.621379,78.309678,-446.28654,-56.650884,500.0,AUSTIN 1 -- AUSTIN 1,AUSTIN 1,AUSTIN 1,446.621379
"LINESTRING (-97.8426 30.3974, -97.8426 30.3974)",233.1,121.489322,23.34611,-121.250766,-14.500878,230.0,AUSTIN 1 -- AUSTIN 1,AUSTIN 1,AUSTIN 1,121.489322
"LINESTRING (-97.8426 30.3974, -97.8426 30.3974)",233.1,121.489322,23.34611,-121.250766,-14.500878,230.0,AUSTIN 1 -- AUSTIN 1,AUSTIN 1,AUSTIN 1,121.489322
"LINESTRING (-97.8426 30.3974, -98.283 30.8007)",443.0,-64.298426,-5.583149,64.592212,-4.577391,230.0,AUSTIN 1 -- BURNET,BURNET,AUSTIN 1,64.298426
"LINESTRING (-97.7256 30.5344, -97.7256 30.5344)",193.8,98.554431,6.247193,-98.488841,-3.871298,230.0,ROUND ROCK 4 -- ROUND ROCK 4,ROUND ROCK 4,ROUND ROCK 4,98.554431
"LINESTRING (-97.7256 30.5344, -97.7256 30.5344)",193.8,98.554431,6.247193,-98.488841,-3.871298,230.0,ROUND ROCK 4 -- ROUND ROCK 4,ROUND ROCK 4,ROUND ROCK 4,98.554431
"LINESTRING (-98.283 30.8007, -98.283 30.8007)",136.0,13.153898,13.503211,-13.145071,-13.170321,230.0,BURNET -- BURNET,BURNET,BURNET,13.153898
"LINESTRING (-96.8896 28.8391, -97.01 28.7883)",98.0,-8.806818,7.886067,8.816402,-8.569066,115.0,INEZ -- VICTORIA 2,VICTORIA 2,INEZ,8.806818
"LINESTRING (-96.8896 28.8391, -96.7942 28.6956)",98.0,-24.808821,9.002868,24.973434,-9.579787,115.0,INEZ -- BLOOMINGTON,BLOOMINGTON,INEZ,24.808821
"LINESTRING (-96.8896 28.8391, -96.6897 29.0424)",98.0,24.315639,-19.528935,-23.960743,18.758431,115.0,INEZ -- EDNA,INEZ,EDNA,24.315639
"LINESTRING (-95.1765 29.7248, -95.1765 29.7248)",1299.0,527.693747,69.275867,-527.165048,-33.468541,500.0,PASADENA 2 -- PASADENA 2,PASADENA 2,PASADENA 2,527.693747
"LINESTRING (-95.1765 29.7248, -95.1765 29.7248)",630.0,-162.907272,-10.912873,163.0,16.551175,500.0,PASADENA 2 -- PASADENA 2,PASADENA 2,PASADENA 2,162.907272
"LINESTRING (-95.1765 29.7248, -95.1765 29.7248)",626.0,-162.971547,-37.254741,163.0,40.614558,500.0,PASADENA 2 -- PASADENA 2,PASADENA 2,PASADENA 2,162.971547
"LINESTRING (-95.1765 29.7248, -95.1765 29.7248)",639.0,-162.922933,-13.157145,163.0,17.996485,500.0,PASADENA 2 -- PASADENA 2,PASADENA 2,PASADENA 2,162.922933
"LINESTRING (-95.1765 29.7248, -95.1765 29.7248)",629.0,-162.898314,-9.944029,163.0,15.017037,500.0,PASADENA 2 -- PASADENA 2,PASADENA 2,PASADENA 2,162.898314
"LINESTRING (-95.1765 29.7248, -95.1765 29.7248)",625.0,-162.889352,-9.13324,163.0,14.776311,500.0,PASADENA 2 -- PASADENA 2,PASADENA 2,PASADENA 2,162.889352
"LINESTRING (-95.1765 29.7248, -95.1289 29.7232)",3146.0,-1220.12456,-72.074421,1220.504683,75.179406,500.0,PASADENA 2 -- DEER PARK,DEER PARK,PASADENA 2,1220.12456
"LINESTRING (-95.1765 29.7248, -95.6599 29.8275)",3146.0,1039.830948,29.99069,-1036.51754,-22.554102,500.0,PASADENA 2 -- HOUSTON 90,PASADENA 2,HOUSTON 90,1039.830948
"LINESTRING (-95.1765 29.7248, -95.1077 29.8161)",2020.0,467.189284,53.209891,-466.888013,-64.439183,500.0,PASADENA 2 -- CHANNELVIEW 1,PASADENA 2,CHANNELVIEW 1,467.189284
"LINESTRING (-95.1765 29.7248, -95.1765 29.7248)",386.0,241.117855,8.531896,-240.666633,9.075783,230.0,PASADENA 2 -- PASADENA 2,PASADENA 2,PASADENA 2,241.117855
"LINESTRING (-95.1765 29.7248, -95.1765 29.7248)",386.0,241.117855,8.531896,-240.666633,9.075783,230.0,PASADENA 2 -- PASADENA 2,PASADENA 2,PASADENA 2,241.117855
"LINESTRING (-95.1765 29.7248, -95.1765 29.7248)",386.0,241.117855,8.531896,-240.666633,9.075783,230.0,PASADENA 2 -- PASADENA 2,PASADENA 2,PASADENA 2,241.117855
"LINESTRING (-95.1765 29.7248, -95.0458 29.6225)",523.0,-196.188515,7.872853,196.936182,-5.943465,230.0,PASADENA 2 -- PASADENA 3,PASADENA 3,PASADENA 2,196.188515
"LINESTRING (-95.1765 29.7248, -95.1731 29.7639)",250.0,142.498915,-68.08414,-142.070207,70.805852,115.0,PASADENA 2 -- HOUSTON 10,PASADENA 2,HOUSTON 10,142.498915
"LINESTRING (-95.1765 29.7248, -95.1731 29.7639)",250.0,142.498915,-68.08414,-142.070207,70.805852,115.0,PASADENA 2 -- HOUSTON 10,PASADENA 2,HOUSTON 10,142.498915
"LINESTRING (-95.1765 29.7248, -95.1731 29.7639)",250.0,142.498915,-68.08414,-142.070207,70.805852,115.0,PASADENA 2 -- HOUSTON 10,PASADENA 2,HOUSTON 10,142.498915
"LINESTRING (-95.1765 29.7248, -95.1289 29.7232)",221.0,-89.745412,9.625131,89.893344,-8.970669,115.0,PASADENA 2 -- DEER PARK,DEER PARK,PASADENA 2,89.745412
"LINESTRING (-95.1765 29.7248, -95.1289 29.7232)",221.0,-89.745412,9.625131,89.893344,-8.970669,115.0,PASADENA 2 -- DEER PARK,DEER PARK,PASADENA 2,89.745412
"LINESTRING (-95.1765 29.7248, -95.1289 29.7232)",221.0,-89.745412,9.625131,89.893344,-8.970669,115.0,PASADENA 2 -- DEER PARK,DEER PARK,PASADENA 2,89.745412
"LINESTRING (-95.1765 29.7248, -95.1289 29.7232)",221.0,-89.745412,9.625131,89.893344,-8.970669,115.0,PASADENA 2 -- DEER PARK,DEER PARK,PASADENA 2,89.745412
"LINESTRING (-95.1765 29.7248, -95.2766 29.647)",221.0,143.854933,25.214849,-142.764275,-18.551391,115.0,PASADENA 2 -- HOUSTON 19,PASADENA 2,HOUSTON 19,143.854933
"LINESTRING (-95.1765 29.7248, -95.2766 29.647)",221.0,143.854933,25.214849,-142.764275,-18.551391,115.0,PASADENA 2 -- HOUSTON 19,PASADENA 2,HOUSTON 19,143.854933
"LINESTRING (-95.1765 29.7248, -95.2766 29.647)",221.0,143.854933,25.214849,-142.764275,-18.551391,115.0,PASADENA 2 -- HOUSTON 19,PASADENA 2,HOUSTON 19,143.854933
"LINESTRING (-95.9905 30.0868, -96.0122 29.7927)",98.0,-38.180014,8.012323,38.44129,-8.163032,115.0,PRAIRIE VIEW -- PATTISON,PATTISON,PRAIRIE VIEW,38.180014
"LINESTRING (-95.9905 30.0868, -96.0656 30.0999)",149.0,8.08394,-7.985547,-8.077705,7.57717,115.0,PRAIRIE VIEW -- HEMPSTEAD,PRAIRIE VIEW,HEMPSTEAD,8.08394
"LINESTRING (-95.9905 30.0868, -95.9323 30.0796)",149.0,14.446074,-4.456776,-14.437418,4.159269,115.0,PRAIRIE VIEW -- WALLER,PRAIRIE VIEW,WALLER,14.446074
"LINESTRING (-95.3124 30.2858, -95.3771 30.378)",149.0,-6.787928,22.487571,6.831127,-22.984414,115.0,CONROE 1 -- CONROE 3,CONROE 3,CONROE 1,6.787928
"LINESTRING (-95.3124 30.2858, -95.3388 30.2219)",149.0,-29.002072,-32.627571,29.092866,32.574592,115.0,CONROE 1 -- CONROE 2,CONROE 2,CONROE 1,29.002072
"LINESTRING (-95.9523 29.6876, -96.0551 29.6327)",221.0,30.05656,-6.457585,-30.011021,6.091349,115.0,SIMONTON -- WALLIS,SIMONTON,WALLIS,30.05656
"LINESTRING (-95.9523 29.6876, -95.8296 29.7406)",221.0,-30.99656,6.187585,31.051739,-6.555455,115.0,SIMONTON -- KATY 3,KATY 3,SIMONTON,30.99656
"LINESTRING (-95.5728 29.9797, -95.6694 29.9978)",221.0,-89.274462,-37.986604,89.635655,39.941854,115.0,HOUSTON 80 -- CYPRESS 1,CYPRESS 1,HOUSTON 80,89.274462
"LINESTRING (-95.5728 29.9797, -95.6694 29.9978)",221.0,-89.274462,-37.986604,89.635655,39.941854,115.0,HOUSTON 80 -- CYPRESS 1,CYPRESS 1,HOUSTON 80,89.274462
"LINESTRING (-95.5728 29.9797, -95.6032 29.9266)",221.0,40.498924,36.863208,-40.418634,-36.6856,115.0,HOUSTON 80 -- HOUSTON 86,HOUSTON 80,HOUSTON 86,40.498924
"LINESTRING (-95.2539 29.8108, -95.2539 29.8108)",43.0,0.0,-0.0,0.0,-0.0,115.0,HOUSTON 1 -- HOUSTON 1,HOUSTON 1,HOUSTON 1,0.0
"LINESTRING (-95.2539 29.8108, -95.2741 29.7185)",221.0,-62.442691,5.201855,62.609739,-4.681596,115.0,HOUSTON 1 -- HOUSTON 18,HOUSTON 18,HOUSTON 1,62.442691
"LINESTRING (-95.2539 29.8108, -95.2741 29.7185)",221.0,-62.442691,5.201855,62.609739,-4.681596,115.0,HOUSTON 1 -- HOUSTON 18,HOUSTON 18,HOUSTON 1,62.442691
"LINESTRING (-95.2539 29.8108, -95.3676 29.7953)",98.0,12.708666,-6.491499,-12.679989,5.974579,115.0,HOUSTON 1 -- HOUSTON 34,HOUSTON 1,HOUSTON 34,12.708666
"LINESTRING (-95.2539 29.8108, -95.3143 29.7732)",221.0,59.366716,-18.87221,-59.223165,19.293006,115.0,HOUSTON 1 -- HOUSTON 23,HOUSTON 1,HOUSTON 23,59.366716
"LINESTRING (-95.149 29.8329, -95.3 29.8625)",221.0,124.148097,-4.931646,-123.224888,10.339744,115.0,HOUSTON 9 -- HOUSTON 20,HOUSTON 9,HOUSTON 20,124.148097
"LINESTRING (-95.149 29.8329, -95.3 29.8625)",221.0,124.148097,-4.931646,-123.224888,10.339744,115.0,HOUSTON 9 -- HOUSTON 20,HOUSTON 9,HOUSTON 20,124.148097
"LINESTRING (-95.149 29.8329, -95.3 29.8625)",221.0,124.148097,-4.931646,-123.224888,10.339744,115.0,HOUSTON 9 -- HOUSTON 20,HOUSTON 9,HOUSTON 20,124.148097
"LINESTRING (-95.149 29.8329, -95.3 29.8625)",221.0,124.148097,-4.931646,-123.224888,10.339744,115.0,HOUSTON 9 -- HOUSTON 20,HOUSTON 9,HOUSTON 20,124.148097
"LINESTRING (-95.149 29.8329, -95.1077 29.8161)",221.0,-109.52451,0.026326,109.735567,1.152972,115.0,HOUSTON 9 -- CHANNELVIEW 1,CHANNELVIEW 1,HOUSTON 9,109.52451
"LINESTRING (-95.149 29.8329, -95.1077 29.8161)",221.0,-109.52451,0.026326,109.735567,1.152972,115.0,HOUSTON 9 -- CHANNELVIEW 1,CHANNELVIEW 1,HOUSTON 9,109.52451
"LINESTRING (-95.149 29.8329, -95.1077 29.8161)",221.0,-109.52451,0.026326,109.735567,1.152972,115.0,HOUSTON 9 -- CHANNELVIEW 1,CHANNELVIEW 1,HOUSTON 9,109.52451
"LINESTRING (-95.149 29.8329, -95.2194 29.8222)",221.0,-126.789429,-2.296196,127.233609,4.912427,115.0,HOUSTON 9 -- HOUSTON 6,HOUSTON 6,HOUSTON 9,126.789429
"LINESTRING (-95.149 29.8329, -95.2194 29.8222)",221.0,-126.789429,-2.296196,127.233609,4.912427,115.0,HOUSTON 9 -- HOUSTON 6,HOUSTON 6,HOUSTON 9,126.789429
"LINESTRING (-95.523 29.8159, -95.5836 29.8127)",221.0,54.656594,-121.905076,-53.965604,124.414979,115.0,HOUSTON 73 -- HOUSTON 82,HOUSTON 73,HOUSTON 82,54.656594
"LINESTRING (-95.523 29.8159, -95.5345 29.7018)",221.0,21.920623,-88.512297,-21.384031,91.028714,115.0,HOUSTON 73 -- HOUSTON 77,HOUSTON 73,HOUSTON 77,21.920623
"LINESTRING (-95.523 29.8159, -95.6599 29.8275)",221.0,-145.595817,20.881223,146.749222,-13.793532,115.0,HOUSTON 73 -- HOUSTON 90,HOUSTON 90,HOUSTON 73,145.595817
"LINESTRING (-95.523 29.8159, -95.6599 29.8275)",221.0,-145.595817,20.881223,146.749222,-13.793532,115.0,HOUSTON 73 -- HOUSTON 90,HOUSTON 90,HOUSTON 73,145.595817
"LINESTRING (-95.523 29.8159, -95.6599 29.8275)",221.0,-145.595817,20.881223,146.749222,-13.793532,115.0,HOUSTON 73 -- HOUSTON 90,HOUSTON 90,HOUSTON 73,145.595817
"LINESTRING (-95.523 29.8159, -95.5118 29.7712)",149.0,56.719368,46.291616,-56.538327,-45.78611,115.0,HOUSTON 73 -- HOUSTON 70,HOUSTON 73,HOUSTON 70,56.719368
"LINESTRING (-95.523 29.8159, -95.5271 29.8746)",221.0,83.830434,31.501053,-83.619297,-30.552292,115.0,HOUSTON 73 -- HOUSTON 75,HOUSTON 73,HOUSTON 75,83.830434
"LINESTRING (-95.523 29.8159, -95.5271 29.8746)",221.0,83.830434,31.501053,-83.619297,-30.552292,115.0,HOUSTON 73 -- HOUSTON 75,HOUSTON 73,HOUSTON 75,83.830434
"LINESTRING (-97.135 28.8947, -97.135 28.8947)",383.0,49.967688,13.752251,-49.945998,-12.761109,500.0,NURSERY -- NURSERY,NURSERY,NURSERY,49.967688
"LINESTRING (-97.135 28.8947, -97.135 28.8947)",311.0,-22.397014,2.716458,22.399999,-2.486222,500.0,NURSERY -- NURSERY,NURSERY,NURSERY,22.397014
"LINESTRING (-97.135 28.8947, -97.135 28.8947)",328.0,-47.386398,6.344672,47.399999,-5.243553,500.0,NURSERY -- NURSERY,NURSERY,NURSERY,47.386398
"LINESTRING (-97.135 28.8947, -97.135 28.8947)",326.0,-47.389141,5.928987,47.399999,-5.253079,500.0,NURSERY -- NURSERY,NURSERY,NURSERY,47.389141
"LINESTRING (-97.135 28.8947, -97.135 28.8947)",456.0,-94.785277,11.419533,94.799998,-10.516099,500.0,NURSERY -- NURSERY,NURSERY,NURSERY,94.785277
"LINESTRING (-97.135 28.8947, -97.135 28.8947)",223.0,0.0,0.0,-0.0,-0.0,500.0,NURSERY -- NURSERY,NURSERY,NURSERY,0.0
"LINESTRING (-97.135 28.8947, -97.01 28.7883)",2020.0,-814.296821,77.235678,815.551232,-82.804011,500.0,NURSERY -- VICTORIA 2,VICTORIA 2,NURSERY,814.296821
"LINESTRING (-97.135 28.8947, -96.956 28.6751)",2295.0,-352.508728,-53.021628,352.924696,21.354846,500.0,NURSERY -- VICTORIA 1,VICTORIA 1,NURSERY,352.508728
"LINESTRING (-97.135 28.8947, -97.135 28.8947)",244.0,118.098136,9.29231,-118.006501,-4.084788,230.0,NURSERY -- NURSERY,NURSERY,NURSERY,118.098136
"LINESTRING (-97.135 28.8947, -97.01 28.7883)",443.0,-101.425075,-0.373395,101.623972,-1.622686,230.0,NURSERY -- VICTORIA 2,VICTORIA 2,NURSERY,101.425075
"LINESTRING (-97.135 28.8947, -97.1987 28.6767)",443.0,33.272936,3.842195,-33.240205,-8.623347,230.0,NURSERY -- VICTORIA 3,NURSERY,VICTORIA 3,33.272936
"LINESTRING (-94.9872 29.5072, -95.0311 29.4568)",221.0,-35.890327,37.485792,35.964974,-37.458824,115.0,BACLIFF -- DICKINSON,DICKINSON,BACLIFF,35.890327
"LINESTRING (-94.9872 29.5072, -95.0311 29.4568)",221.0,-35.890327,37.485792,35.964974,-37.458824,115.0,BACLIFF -- DICKINSON,DICKINSON,BACLIFF,35.890327
"LINESTRING (-94.9872 29.5072, -95.2256 29.587)",221.0,66.446723,1.030174,-66.018919,0.132812,115.0,BACLIFF -- HOUSTON 13,BACLIFF,HOUSTON 13,66.446723
"LINESTRING (-94.9872 29.5072, -94.9973 29.3992)",221.0,-19.028035,-44.145879,19.13552,44.158901,115.0,BACLIFF -- TEXAS CITY 2,TEXAS CITY 2,BACLIFF,19.028035
"LINESTRING (-94.9872 29.5072, -94.9973 29.3992)",221.0,-19.028035,-44.145879,19.13552,44.158901,115.0,BACLIFF -- TEXAS CITY 2,TEXAS CITY 2,BACLIFF,19.028035
"LINESTRING (-95.3564 30.1004, -95.384 30.0622)",221.0,-127.262796,14.887073,127.59566,-12.909315,115.0,SPRING 1 -- SPRING 2,SPRING 2,SPRING 1,127.262796
"LINESTRING (-95.3564 30.1004, -95.384 30.0622)",221.0,-127.262796,14.887073,127.59566,-12.909315,115.0,SPRING 1 -- SPRING 2,SPRING 2,SPRING 1,127.262796
"LINESTRING (-95.3564 30.1004, -95.2971 30.1067)",149.0,83.719009,-41.201744,-83.385916,42.335259,115.0,SPRING 1 -- PORTER,SPRING 1,PORTER,83.719009
"LINESTRING (-95.3564 30.1004, -95.439 30.0082)",149.0,48.086786,-22.70878,-47.84333,23.040023,115.0,SPRING 1 -- HOUSTON 54,SPRING 1,HOUSTON 54,48.086786
"LINESTRING (-95.3564 30.1004, -95.4957 30.2338)",149.0,13.499797,3.186378,-13.473631,-4.168798,115.0,SPRING 1 -- CONROE 6,SPRING 1,CONROE 6,13.499797
"LINESTRING (-95.5212 29.6524, -95.5462 29.6522)",315.0,-107.632472,162.308851,107.989364,-159.963072,115.0,HOUSTON 72 -- HOUSTON 78,HOUSTON 78,HOUSTON 72,107.632472
"LINESTRING (-95.5212 29.6524, -95.5462 29.6522)",315.0,-107.632472,162.308851,107.989364,-159.963072,115.0,HOUSTON 72 -- HOUSTON 78,HOUSTON 78,HOUSTON 72,107.632472
"LINESTRING (-95.5212 29.6524, -95.586 29.6709)",221.0,37.543562,95.948936,-37.196664,-94.221401,115.0,HOUSTON 72 -- HOUSTON 84,HOUSTON 72,HOUSTON 84,37.543562
"LINESTRING (-95.5212 29.6524, -95.4753 29.6534)",221.0,67.207744,53.276544,-66.803364,-52.526121,115.0,HOUSTON 72 -- HOUSTON 63,HOUSTON 72,HOUSTON 63,67.207744
"LINESTRING (-95.5212 29.6524, -95.4609 29.704)",221.0,33.503638,67.801898,-32.922116,-66.846842,115.0,HOUSTON 72 -- HOUSTON 60,HOUSTON 72,HOUSTON 60,33.503638
"LINESTRING (-96.8333 28.5707, -96.8333 28.5707)",126.6,50.734091,-0.047131,-50.70885,1.925482,230.0,PORT LAVACA -- PORT LAVACA,PORT LAVACA,PORT LAVACA,50.734091
"LINESTRING (-96.8333 28.5707, -96.8333 28.5707)",107.0,-29.06996,1.340274,29.100001,0.0,230.0,PORT LAVACA -- PORT LAVACA,PORT LAVACA,PORT LAVACA,29.06996
"LINESTRING (-96.8333 28.5707, -96.8333 28.5707)",73.0,-7.496655,0.111185,7.500001,-0.0,230.0,PORT LAVACA -- PORT LAVACA,PORT LAVACA,PORT LAVACA,7.496655
"LINESTRING (-96.8333 28.5707, -96.8333 28.5707)",84.0,-7.497287,0.102778,7.500001,0.0,230.0,PORT LAVACA -- PORT LAVACA,PORT LAVACA,PORT LAVACA,7.497287
"LINESTRING (-96.8333 28.5707, -96.8333 28.5707)",63.0,-0.0,-0.0,0.0,0.0,230.0,PORT LAVACA -- PORT LAVACA,PORT LAVACA,PORT LAVACA,0.0
"LINESTRING (-96.8333 28.5707, -97.1987 28.6767)",443.0,111.119522,2.206041,-110.593648,-6.007295,230.0,PORT LAVACA -- VICTORIA 3,PORT LAVACA,VICTORIA 3,111.119522
"LINESTRING (-96.8333 28.5707, -96.56 28.6527)",443.0,-139.226339,3.177853,139.845684,-4.484881,230.0,PORT LAVACA -- POINT COMFORT 1,POINT COMFORT 1,PORT LAVACA,139.226339
"LINESTRING (-96.8333 28.5707, -96.956 28.6751)",443.0,21.436629,-6.890999,-21.427459,3.579229,230.0,PORT LAVACA -- VICTORIA 1,PORT LAVACA,VICTORIA 1,21.436629
"LINESTRING (-95.4385 30.3074, -95.4385 30.3074)",368.0,215.523881,47.47619,-215.370402,-38.783271,230.0,CONROE 5 -- CONROE 5,CONROE 5,CONROE 5,215.523881
"LINESTRING (-95.4385 30.3074, -94.922 30.0544)",523.0,-205.747719,23.897655,208.606771,-14.770249,230.0,CONROE 5 -- DAYTON,DAYTON,CONROE 5,205.747719
"LINESTRING (-95.4385 30.3074, -95.5482 30.195)",443.0,-79.895287,25.166519,80.030158,-27.421175,230.0,CONROE 5 -- SPRING 8,SPRING 8,CONROE 5,79.895287
"LINESTRING (-95.4385 30.3074, -95.5214 30.4356)",548.0,40.758217,-73.116966,-40.66698,70.670662,230.0,CONROE 5 -- WILLIS 1,CONROE 5,WILLIS 1,40.758217
"LINESTRING (-95.4385 30.3074, -95.9178 30.5924)",548.0,29.360908,-23.423398,-29.30668,12.566345,230.0,CONROE 5 -- SHIRO,CONROE 5,SHIRO,29.360908
"LINESTRING (-95.4385 30.3074, -95.505 30.3245)",149.0,31.888426,2.005323,-31.842949,-2.169312,115.0,CONROE 5 -- CONROE 7,CONROE 5,CONROE 7,31.888426
"LINESTRING (-95.4385 30.3074, -95.4957 30.2338)",221.0,45.585988,5.313974,-45.501855,-5.299587,115.0,CONROE 5 -- CONROE 6,CONROE 5,CONROE 6,45.585988
"LINESTRING (-95.4385 30.3074, -95.4957 30.2338)",221.0,45.585988,5.313974,-45.501855,-5.299587,115.0,CONROE 5 -- CONROE 6,CONROE 5,CONROE 6,45.585988
"LINESTRING (-95.7081 29.67, -95.7081 29.67)",1055.0,419.419752,68.160305,-419.170678,-52.670994,500.0,SUGAR LAND 3 -- SUGAR LAND 3,SUGAR LAND 3,SUGAR LAND 3,419.419752
"LINESTRING (-95.7081 29.67, -95.7338 29.8376)",2020.0,420.760983,-20.37204,-420.394482,2.281556,500.0,SUGAR LAND 3 -- KATY 1,SUGAR LAND 3,KATY 1,420.760983
"LINESTRING (-95.7081 29.67, -95.4075 28.9913)",2768.0,-840.180735,-47.788265,843.832389,22.304664,500.0,SUGAR LAND 3 -- FREEPORT 2,FREEPORT 2,SUGAR LAND 3,840.180735
"LINESTRING (-95.7081 29.67, -95.7081 29.67)",630.0,299.277454,12.529614,-298.620082,7.958492,230.0,SUGAR LAND 3 -- SUGAR LAND 3,SUGAR LAND 3,SUGAR LAND 3,299.277454
"LINESTRING (-95.7081 29.67, -95.7081 29.67)",630.0,299.277454,12.529614,-298.620082,7.958492,230.0,SUGAR LAND 3 -- SUGAR LAND 3,SUGAR LAND 3,SUGAR LAND 3,299.277454
"LINESTRING (-95.7081 29.67, -95.636 29.567)",750.0,-113.782634,-10.349509,113.8837,7.784906,230.0,SUGAR LAND 3 -- SUGAR LAND 2,SUGAR LAND 2,SUGAR LAND 3,113.782634
"LINESTRING (-95.7081 29.67, -95.636 29.567)",750.0,-113.782634,-10.349509,113.8837,7.784906,230.0,SUGAR LAND 3 -- SUGAR LAND 2,SUGAR LAND 2,SUGAR LAND 3,113.782634
"LINESTRING (-95.7081 29.67, -95.5581 29.4734)",647.0,-229.826816,3.498608,230.965582,2.293412,230.0,SUGAR LAND 3 -- MISSOURI CITY 2,MISSOURI CITY 2,SUGAR LAND 3,229.826816
"LINESTRING (-95.7081 29.67, -95.7421 29.7457)",750.0,139.003927,22.406088,-138.899888,-23.754484,230.0,SUGAR LAND 3 -- KATY 2,SUGAR LAND 3,KATY 2,139.003927
"LINESTRING (-95.7081 29.67, -95.7421 29.7457)",750.0,139.003927,22.406088,-138.899888,-23.754484,230.0,SUGAR LAND 3 -- KATY 2,SUGAR LAND 3,KATY 2,139.003927
"LINESTRING (-95.7081 29.67, -95.6496 29.6945)",221.0,105.930307,-11.858517,-105.646441,13.468174,115.0,SUGAR LAND 3 -- HOUSTON 88,SUGAR LAND 3,HOUSTON 88,105.930307
"LINESTRING (-95.7081 29.67, -95.6496 29.6945)",221.0,105.930307,-11.858517,-105.646441,13.468174,115.0,SUGAR LAND 3 -- HOUSTON 88,SUGAR LAND 3,HOUSTON 88,105.930307
"LINESTRING (-95.7081 29.67, -95.6496 29.6945)",221.0,105.930307,-11.858517,-105.646441,13.468174,115.0,SUGAR LAND 3 -- HOUSTON 88,SUGAR LAND 3,HOUSTON 88,105.930307
"LINESTRING (-95.7081 29.67, -95.8617 29.5484)",240.0,43.949242,-47.071433,-42.90592,48.478583,115.0,SUGAR LAND 3 -- ROSENBERG,SUGAR LAND 3,ROSENBERG,43.949242
"LINESTRING (-94.922 30.0544, -94.922 30.0544)",337.0,198.843887,20.825638,-198.535304,-9.168847,230.0,DAYTON -- DAYTON,DAYTON,DAYTON,198.843887
"LINESTRING (-94.922 30.0544, -94.922 30.0544)",337.0,198.843887,20.825638,-198.535304,-9.168847,230.0,DAYTON -- DAYTON,DAYTON,DAYTON,198.843887
"LINESTRING (-94.922 30.0544, -94.9019 29.7731)",750.0,-303.147272,-13.440514,304.806818,22.109796,230.0,DAYTON -- BAYTOWN 2,BAYTOWN 2,DAYTON,303.147272
"LINESTRING (-94.922 30.0544, -94.9019 29.7731)",750.0,-303.147272,-13.440514,304.806818,22.109796,230.0,DAYTON -- BAYTOWN 2,BAYTOWN 2,DAYTON,303.147272
"LINESTRING (-94.922 30.0544, -94.7334 30.0757)",149.0,44.018953,-40.331107,-43.594337,41.184044,115.0,DAYTON -- LIBERTY,DAYTON,LIBERTY,44.018953
"LINESTRING (-94.922 30.0544, -95.0989 30.0632)",221.0,129.585828,16.034401,-128.423356,-9.102904,115.0,DAYTON -- HUFFMAN,DAYTON,HUFFMAN,129.585828
"LINESTRING (-94.922 30.0544, -95.0989 30.0632)",221.0,129.585828,16.034401,-128.423356,-9.102904,115.0,DAYTON -- HUFFMAN,DAYTON,HUFFMAN,129.585828
"LINESTRING (-97.01 28.7883, -97.01 28.7883)",1048.0,296.395581,41.785947,-296.334616,-34.86643,500.0,VICTORIA 2 -- VICTORIA 2,VICTORIA 2,VICTORIA 2,296.395581
"LINESTRING (-97.01 28.7883, -97.01 28.7883)",729.0,-188.360691,26.911891,188.449991,-20.904122,500.0,VICTORIA 2 -- VICTORIA 2,VICTORIA 2,VICTORIA 2,188.360691
"LINESTRING (-97.01 28.7883, -97.01 28.7883)",716.0,-188.410121,23.678393,188.449992,-20.918095,500.0,VICTORIA 2 -- VICTORIA 2,VICTORIA 2,VICTORIA 2,188.410121
"LINESTRING (-97.01 28.7883, -96.5417 28.6917)",2295.0,-735.176001,-9.57222,737.936088,-14.12139,500.0,VICTORIA 2 -- POINT COMFORT 2,POINT COMFORT 2,VICTORIA 2,735.176001
"LINESTRING (-97.01 28.7883, -97.01 28.7883)",137.4,90.180876,26.086019,-90.087335,-21.849506,230.0,VICTORIA 2 -- VICTORIA 2,VICTORIA 2,VICTORIA 2,90.180876
"LINESTRING (-97.01 28.7883, -96.956 28.6751)",98.0,-43.369068,-4.901428,43.698582,4.979822,115.0,VICTORIA 2 -- VICTORIA 1,VICTORIA 1,VICTORIA 2,43.369068
"LINESTRING (-95.7338 29.8376, -95.7338 29.8376)",1125.0,509.059144,65.295102,-508.809044,-46.67399,500.0,KATY 1 -- KATY 1,KATY 1,KATY 1,509.059144
"LINESTRING (-95.7338 29.8376, -95.6694 29.9978)",2020.0,-88.664662,-67.576658,88.687505,45.188342,500.0,KATY 1 -- CYPRESS 1,CYPRESS 1,KATY 1,88.664662
"LINESTRING (-95.7338 29.8376, -95.7338 29.8376)",521.92,319.82651,1.813138,-319.220717,21.821722,230.0,KATY 1 -- KATY 1,KATY 1,KATY 1,319.82651
"LINESTRING (-95.7338 29.8376, -95.7338 29.8376)",521.92,319.82651,1.813138,-319.220717,21.821722,230.0,KATY 1 -- KATY 1,KATY 1,KATY 1,319.82651
"LINESTRING (-95.7338 29.8376, -95.6599 29.8275)",548.0,-13.241029,20.182881,13.244659,-21.614305,230.0,KATY 1 -- HOUSTON 90,HOUSTON 90,KATY 1,13.241029
"LINESTRING (-95.7338 29.8376, -95.8296 29.7406)",548.0,-117.602947,22.864833,117.771249,-24.109362,230.0,KATY 1 -- KATY 3,KATY 3,KATY 1,117.602947
"LINESTRING (-95.7338 29.8376, -95.5836 29.8127)",221.0,71.175252,-35.850779,-70.806238,37.535422,115.0,KATY 1 -- HOUSTON 82,KATY 1,HOUSTON 82,71.175252
"LINESTRING (-95.7338 29.8376, -95.8315 29.8532)",221.0,94.705394,-29.337555,-94.333085,31.358931,115.0,KATY 1 -- KATY 4,KATY 1,KATY 4,94.705394
"LINESTRING (-95.7338 29.8376, -95.8315 29.8532)",221.0,94.705394,-29.337555,-94.333085,31.358931,115.0,KATY 1 -- KATY 4,KATY 1,KATY 4,94.705394
"LINESTRING (-95.7338 29.8376, -95.8315 29.8532)",221.0,94.705394,-29.337555,-94.333085,31.358931,115.0,KATY 1 -- KATY 4,KATY 1,KATY 4,94.705394
"LINESTRING (-95.7493 30.1563, -95.6692 30.1605)",221.0,-36.032447,0.786197,36.07355,-1.001415,115.0,MAGNOLIA 2 -- PINEHURST,PINEHURST,MAGNOLIA 2,36.032447
"LINESTRING (-95.7493 30.1563, -95.6692 30.1605)",221.0,-36.032447,0.786197,36.07355,-1.001415,115.0,MAGNOLIA 2 -- PINEHURST,PINEHURST,MAGNOLIA 2,36.032447
"LINESTRING (-95.7493 30.1563, -95.8337 30.0476)",149.0,0.034893,-21.982394,0.010973,21.367676,115.0,MAGNOLIA 2 -- HOCKLEY,MAGNOLIA 2,HOCKLEY,0.034893
"LINESTRING (-95.3414 29.8634, -95.2563 29.7597)",149.0,-68.253692,24.891656,68.752381,-23.506963,115.0,HOUSTON 29 -- HOUSTON 16,HOUSTON 16,HOUSTON 29,68.253692
"LINESTRING (-95.3414 29.8634, -95.4526 29.8815)",102.9,59.135809,21.822162,-58.913063,-21.155478,115.0,HOUSTON 29 -- HOUSTON 58,HOUSTON 29,HOUSTON 58,59.135809
"LINESTRING (-95.3414 29.8634, -95.3796 29.8316)",221.0,19.480048,-128.296108,-18.910228,130.496295,115.0,HOUSTON 29 -- HOUSTON 36,HOUSTON 29,HOUSTON 36,19.480048
"LINESTRING (-95.3414 29.8634, -95.3 29.8625)",221.0,-75.576082,20.846145,75.675212,-20.407167,115.0,HOUSTON 29 -- HOUSTON 20,HOUSTON 20,HOUSTON 29,75.576082
"LINESTRING (-95.3414 29.8634, -95.3 29.8625)",221.0,-75.576082,20.846145,75.675212,-20.407167,115.0,HOUSTON 29 -- HOUSTON 20,HOUSTON 20,HOUSTON 29,75.576082
"LINESTRING (-95.5155 29.6004, -95.6802 29.4827)",221.0,-113.422963,12.204784,114.502691,-6.07216,115.0,MISSOURI CITY 1 -- RICHMOND 1,RICHMOND 1,MISSOURI CITY 1,113.422963
"LINESTRING (-95.5155 29.6004, -95.6802 29.4827)",221.0,-113.422963,12.204784,114.502691,-6.07216,115.0,MISSOURI CITY 1 -- RICHMOND 1,RICHMOND 1,MISSOURI CITY 1,113.422963
"LINESTRING (-95.5155 29.6004, -95.6802 29.4827)",221.0,-113.422963,12.204784,114.502691,-6.07216,115.0,MISSOURI CITY 1 -- RICHMOND 1,RICHMOND 1,MISSOURI CITY 1,113.422963
"LINESTRING (-95.5155 29.6004, -95.5345 29.7018)",221.0,83.50047,-116.054563,-81.958219,122.268526,115.0,MISSOURI CITY 1 -- HOUSTON 77,MISSOURI CITY 1,HOUSTON 77,83.50047
"LINESTRING (-95.5155 29.6004, -95.5848 29.6997)",149.0,42.491765,5.17757,-42.334711,-5.294552,115.0,MISSOURI CITY 1 -- HOUSTON 83,MISSOURI CITY 1,HOUSTON 83,42.491765
"LINESTRING (-95.5155 29.6004, -95.4607 29.5835)",221.0,53.808328,22.02133,-53.731779,-21.88293,115.0,MISSOURI CITY 1 -- HOUSTON 59,MISSOURI CITY 1,HOUSTON 59,53.808328
"LINESTRING (-95.5155 29.6004, -95.4607 29.5835)",221.0,53.808328,22.02133,-53.731779,-21.88293,115.0,MISSOURI CITY 1 -- HOUSTON 59,MISSOURI CITY 1,HOUSTON 59,53.808328
"LINESTRING (-95.6802 29.4827, -95.6311 29.4828)",250.0,-149.822691,-3.934506,150.247235,6.614368,115.0,RICHMOND 1 -- THOMPSONS,THOMPSONS,RICHMOND 1,149.822691
"LINESTRING (-95.6802 29.4827, -95.6311 29.4828)",250.0,-149.822691,-3.934506,150.247235,6.614368,115.0,RICHMOND 1 -- THOMPSONS,THOMPSONS,RICHMOND 1,149.822691
"LINESTRING (-95.6802 29.4827, -95.6311 29.4828)",250.0,-149.822691,-3.934506,150.247235,6.614368,115.0,RICHMOND 1 -- THOMPSONS,THOMPSONS,RICHMOND 1,149.822691
"LINESTRING (-95.1806 29.9066, -95.2563 29.7597)",98.0,-50.534517,-2.044402,50.77328,2.537744,115.0,HOUSTON 11 -- HOUSTON 16,HOUSTON 16,HOUSTON 11,50.534517
"LINESTRING (-95.1806 29.9066, -95.0572 29.9329)",221.0,-61.45312,-25.754999,61.675717,26.421435,115.0,HOUSTON 11 -- CROSBY,CROSBY,HOUSTON 11,61.45312
"LINESTRING (-95.1806 29.9066, -95.1775 29.9945)",98.0,19.137637,1.489401,-19.118772,-1.918369,115.0,HOUSTON 11 -- HUMBLE 1,HOUSTON 11,HUMBLE 1,19.137637
"LINESTRING (-95.3638 29.7249, -95.3676 29.7953)",221.0,95.147152,16.924197,-94.853163,-15.383704,115.0,HOUSTON 33 -- HOUSTON 34,HOUSTON 33,HOUSTON 34,95.147152
"LINESTRING (-95.3638 29.7249, -95.3676 29.7953)",221.0,95.147152,16.924197,-94.853163,-15.383704,115.0,HOUSTON 33 -- HOUSTON 34,HOUSTON 33,HOUSTON 34,95.147152
"LINESTRING (-95.3638 29.7249, -95.3954 29.721)",221.0,-144.690095,8.273432,144.949169,-6.645433,115.0,HOUSTON 33 -- HOUSTON 4,HOUSTON 4,HOUSTON 33,144.690095
"LINESTRING (-95.3638 29.7249, -95.3954 29.721)",221.0,-144.690095,8.273432,144.949169,-6.645433,115.0,HOUSTON 33 -- HOUSTON 4,HOUSTON 4,HOUSTON 33,144.690095
"LINESTRING (-95.3638 29.7249, -95.3954 29.721)",221.0,-144.690095,8.273432,144.949169,-6.645433,115.0,HOUSTON 33 -- HOUSTON 4,HOUSTON 4,HOUSTON 33,144.690095
"LINESTRING (-95.3638 29.7249, -95.3954 29.721)",221.0,-144.690095,8.273432,144.949169,-6.645433,115.0,HOUSTON 33 -- HOUSTON 4,HOUSTON 4,HOUSTON 33,144.690095
"LINESTRING (-95.3638 29.7249, -95.3598 29.7536)",250.0,145.193038,-47.366061,-144.893145,49.228751,115.0,HOUSTON 33 -- HOUSTON 32,HOUSTON 33,HOUSTON 32,145.193038
"LINESTRING (-95.3638 29.7249, -95.3598 29.7536)",250.0,145.193038,-47.366061,-144.893145,49.228751,115.0,HOUSTON 33 -- HOUSTON 32,HOUSTON 33,HOUSTON 32,145.193038
"LINESTRING (-95.5482 30.195, -95.5482 30.195)",377.0,161.449352,31.336053,-161.066602,-19.506471,230.0,SPRING 8 -- SPRING 8,SPRING 8,SPRING 8,161.449352
"LINESTRING (-95.5482 30.195, -95.384 30.0622)",443.0,-77.641394,21.430059,77.807451,-24.482506,230.0,SPRING 8 -- SPRING 2,SPRING 2,SPRING 8,77.641394
"LINESTRING (-95.5482 30.195, -95.5306 29.9417)",750.0,-257.226613,-3.849977,258.314115,7.580771,230.0,SPRING 8 -- HOUSTON 5,HOUSTON 5,SPRING 8,257.226613
"LINESTRING (-95.5482 30.195, -95.6472 30.2169)",443.0,93.388498,-21.494961,-93.284029,20.312601,230.0,SPRING 8 -- MAGNOLIA 1,SPRING 8,MAGNOLIA 1,93.388498
"LINESTRING (-95.5482 30.195, -95.501 30.1782)",221.0,27.478301,-5.276765,-27.462563,5.105358,115.0,SPRING 8 -- SPRING 5,SPRING 8,SPRING 5,27.478301
"LINESTRING (-95.5482 30.195, -95.501 30.1782)",221.0,27.478301,-5.276765,-27.462563,5.105358,115.0,SPRING 8 -- SPRING 5,SPRING 8,SPRING 5,27.478301
"LINESTRING (-96.5417 28.6917, -96.5417 28.6917)",605.0,154.201636,3.483518,-154.161458,-0.26322,500.0,POINT COMFORT 2 -- POINT COMFORT 2,POINT COMFORT 2,POINT COMFORT 2,154.201636
"LINESTRING (-96.5417 28.6917, -96.5417 28.6917)",535.0,-114.866372,-8.893078,114.899997,11.638019,500.0,POINT COMFORT 2 -- POINT COMFORT 2,POINT COMFORT 2,POINT COMFORT 2,114.866372
"LINESTRING (-96.5417 28.6917, -96.5417 28.6917)",531.0,-114.866372,-8.893172,114.899997,11.402737,500.0,POINT COMFORT 2 -- POINT COMFORT 2,POINT COMFORT 2,POINT COMFORT 2,114.866372
"LINESTRING (-96.5417 28.6917, -96.5417 28.6917)",527.0,-114.856398,-6.842167,114.899997,9.544188,500.0,POINT COMFORT 2 -- POINT COMFORT 2,POINT COMFORT 2,POINT COMFORT 2,114.856398
"LINESTRING (-96.5417 28.6917, -96.5417 28.6917)",530.0,-114.880698,-15.689337,114.899997,17.790643,500.0,POINT COMFORT 2 -- POINT COMFORT 2,POINT COMFORT 2,POINT COMFORT 2,114.880698
"LINESTRING (-96.5417 28.6917, -96.5417 28.6917)",520.0,-114.865264,-8.606568,114.899997,10.886576,500.0,POINT COMFORT 2 -- POINT COMFORT 2,POINT COMFORT 2,POINT COMFORT 2,114.865264
"LINESTRING (-96.5417 28.6917, -96.5417 28.6917)",542.0,-114.866372,-8.893194,114.899997,11.345596,500.0,POINT COMFORT 2 -- POINT COMFORT 2,POINT COMFORT 2,POINT COMFORT 2,114.866372
"LINESTRING (-96.5417 28.6917, -96.0481 28.795)",2295.0,-1411.645826,154.937552,1422.60082,-83.637631,500.0,POINT COMFORT 2 -- WADSWORTH,WADSWORTH,POINT COMFORT 2,1411.645826
"LINESTRING (-96.5417 28.6917, -96.56 28.6527)",2020.0,1208.709577,-86.482163,-1207.96582,89.780972,500.0,POINT COMFORT 2 -- POINT COMFORT 1,POINT COMFORT 2,POINT COMFORT 1,1208.709577
"LINESTRING (-96.5417 28.6917, -96.5417 28.6917)",188.0,75.39092,-9.709351,-75.308866,12.614463,230.0,POINT COMFORT 2 -- POINT COMFORT 2,POINT COMFORT 2,POINT COMFORT 2,75.39092
"LINESTRING (-96.5417 28.6917, -96.56 28.6527)",443.0,78.770538,9.972571,-78.737447,-10.691891,230.0,POINT COMFORT 2 -- POINT COMFORT 1,POINT COMFORT 2,POINT COMFORT 1,78.770538
"LINESTRING (-96.5417 28.6917, -96.5216 28.8333)",149.0,75.308866,-12.614463,-74.728307,14.273554,115.0,POINT COMFORT 2 -- LOLITA,POINT COMFORT 2,LOLITA,75.308866
"LINESTRING (-95.3412 29.9112, -95.439 30.0082)",98.0,-12.568577,-39.05885,12.693637,38.979908,115.0,HOUSTON 28 -- HOUSTON 54,HOUSTON 54,HOUSTON 28,12.568577
"LINESTRING (-95.3412 29.9112, -95.2862 30.0173)",98.0,-12.394431,11.252661,12.414107,-11.841253,115.0,HOUSTON 28 -- HUMBLE 2,HUMBLE 2,HOUSTON 28,12.394431
"LINESTRING (-95.3412 29.9112, -95.3822 29.86)",98.0,-57.726992,4.376189,58.033564,-3.980222,115.0,HOUSTON 28 -- HOUSTON 37,HOUSTON 37,HOUSTON 28,57.726992
"LINESTRING (-96.2806 29.2123, -96.2806 29.2123)",218.7,101.704668,13.013434,-101.496699,-6.544706,230.0,EL CAMPO -- EL CAMPO,EL CAMPO,EL CAMPO,101.704668
"LINESTRING (-96.2806 29.2123, -96.0683 29.2878)",548.0,-101.704668,-13.013434,101.893569,10.252803,230.0,EL CAMPO -- WHARTON 1,WHARTON 1,EL CAMPO,101.704668
"LINESTRING (-96.2806 29.2123, -96.1918 29.3491)",149.0,50.336699,-7.955294,-50.039727,8.299681,115.0,EL CAMPO -- WHARTON 2,EL CAMPO,WHARTON 2,50.336699
"LINESTRING (-95.1912 29.6194, -95.2741 29.7185)",221.0,38.955025,-6.867387,-38.868673,6.675455,115.0,HOUSTON 12 -- HOUSTON 18,HOUSTON 12,HOUSTON 18,38.955025
"LINESTRING (-95.1912 29.6194, -95.2797 29.5616)",98.0,9.190955,10.556282,-9.179789,-11.086711,115.0,HOUSTON 12 -- PEARLAND 1,HOUSTON 12,PEARLAND 1,9.190955
"LINESTRING (-95.1912 29.6194, -95.1921 29.5151)",221.0,-64.150118,10.38961,64.349302,-9.717297,115.0,HOUSTON 12 -- FRIENDSWOOD,FRIENDSWOOD,HOUSTON 12,64.150118
"LINESTRING (-95.1912 29.6194, -95.1898 29.6479)",149.0,-85.025863,-42.708505,85.217847,43.390011,115.0,HOUSTON 12 -- PASADENA 5,PASADENA 5,HOUSTON 12,85.025863
"LINESTRING (-96.4918 28.4446, -96.5742 28.4296)",221.0,-22.335403,9.654631,22.397559,-9.948328,115.0,PORT O CONNOR -- SEADRIFT,SEADRIFT,PORT O CONNOR,22.335403
"LINESTRING (-96.4918 28.4446, -96.56 28.6527)",221.0,18.575403,-10.724631,-18.439144,9.783136,115.0,PORT O CONNOR -- POINT COMFORT 1,PORT O CONNOR,POINT COMFORT 1,18.575403
"LINESTRING (-95.0311 29.4568, -95.0873 29.5038)",221.0,-94.174974,20.963824,94.454002,-19.469712,115.0,DICKINSON -- LEAGUE CITY,LEAGUE CITY,DICKINSON,94.174974
"LINESTRING (-95.0311 29.4568, -95.0873 29.5038)",221.0,-94.174974,20.963824,94.454002,-19.469712,115.0,DICKINSON -- LEAGUE CITY,LEAGUE CITY,DICKINSON,94.174974
"LINESTRING (-94.7758 29.3105, -94.7758 29.3105)",185.0,120.892745,3.819645,-120.814631,0.937725,230.0,GALVESTON 1 -- GALVESTON 1,GALVESTON 1,GALVESTON 1,120.892745
"LINESTRING (-94.7758 29.3105, -94.9201 29.3914)",443.0,31.932698,-4.918474,-31.913179,1.72499,230.0,GALVESTON 1 -- TEXAS CITY 1,GALVESTON 1,TEXAS CITY 1,31.932698
"LINESTRING (-94.7758 29.3105, -94.9139 29.6744)",548.0,-152.825443,1.098829,153.635057,-2.005321,230.0,GALVESTON 1 -- BAYTOWN 1,BAYTOWN 1,GALVESTON 1,152.825443
"LINESTRING (-94.7758 29.3105, -94.8333 29.2782)",149.0,51.684631,-20.527725,-51.551788,20.670742,115.0,GALVESTON 1 -- GALVESTON 2,GALVESTON 1,GALVESTON 2,51.684631
"LINESTRING (-95.1731 29.7639, -95.1775 29.9945)",221.0,99.589196,29.584032,-98.508355,-23.740701,115.0,HOUSTON 10 -- HUMBLE 1,HOUSTON 10,HUMBLE 1,99.589196
"LINESTRING (-95.1731 29.7639, -95.1775 29.9945)",221.0,99.589196,29.584032,-98.508355,-23.740701,115.0,HOUSTON 10 -- HUMBLE 1,HOUSTON 10,HUMBLE 1,99.589196
"LINESTRING (-95.1731 29.7639, -95.1898 29.6479)",221.0,33.086114,41.865686,-32.940285,-41.764171,115.0,HOUSTON 10 -- PASADENA 5,HOUSTON 10,PASADENA 5,33.086114
"LINESTRING (-95.1731 29.7639, -95.1898 29.6479)",221.0,33.086114,41.865686,-32.940285,-41.764171,115.0,HOUSTON 10 -- PASADENA 5,HOUSTON 10,PASADENA 5,33.086114
"LINESTRING (-94.9019 29.7731, -94.9019 29.7731)",1233.0,1030.496622,115.820245,-1029.860526,-74.110517,500.0,BAYTOWN 2 -- BAYTOWN 2,BAYTOWN 2,BAYTOWN 2,1030.496622
"LINESTRING (-94.9019 29.7731, -94.9019 29.7731)",855.0,-228.543688,-13.678473,228.65,21.098167,500.0,BAYTOWN 2 -- BAYTOWN 2,BAYTOWN 2,BAYTOWN 2,228.543688
"LINESTRING (-94.9019 29.7731, -94.9019 29.7731)",857.0,-228.486523,-8.876883,228.65,18.362991,500.0,BAYTOWN 2 -- BAYTOWN 2,BAYTOWN 2,BAYTOWN 2,228.486523
"LINESTRING (-94.9019 29.7731, -94.9019 29.7731)",863.0,-228.517312,-10.945132,228.65,20.525268,500.0,BAYTOWN 2 -- BAYTOWN 2,BAYTOWN 2,BAYTOWN 2,228.517312
"LINESTRING (-94.9019 29.7731, -94.9019 29.7731)",847.0,-228.526106,-11.726243,228.65,19.332471,500.0,BAYTOWN 2 -- BAYTOWN 2,BAYTOWN 2,BAYTOWN 2,228.526106
"LINESTRING (-94.9019 29.7731, -94.9139 29.6744)",2020.0,-123.401971,13.133312,123.420455,-26.430215,500.0,BAYTOWN 2 -- BAYTOWN 1,BAYTOWN 1,BAYTOWN 2,123.401971
"LINESTRING (-94.9019 29.7731, -95.1872 29.425)",2020.0,6.978978,-83.726825,-6.963359,25.466617,500.0,BAYTOWN 2 -- ALVIN,BAYTOWN 2,ALVIN,6.978978
"LINESTRING (-94.9019 29.7731, -94.9019 29.7731)",220.0,188.378044,17.197987,-188.042551,-3.284203,230.0,BAYTOWN 2 -- BAYTOWN 2,BAYTOWN 2,BAYTOWN 2,188.378044
"LINESTRING (-94.9019 29.7731, -94.9973 29.7535)",523.0,231.868846,12.692937,-231.294039,-10.482146,230.0,BAYTOWN 2 -- BAYTOWN 3,BAYTOWN 2,BAYTOWN 3,231.868846
"LINESTRING (-94.9019 29.7731, -94.9139 29.6744)",149.0,-21.542192,-16.964498,21.59512,16.56877,115.0,BAYTOWN 2 -- BAYTOWN 1,BAYTOWN 1,BAYTOWN 2,21.542192
"LINESTRING (-94.9019 29.7731, -94.9197 29.8247)",221.0,104.792372,10.12435,-104.531367,-8.709375,115.0,BAYTOWN 2 -- MONT BELVIEU,BAYTOWN 2,MONT BELVIEU,104.792372
"LINESTRING (-94.9019 29.7731, -94.9197 29.8247)",221.0,104.792372,10.12435,-104.531367,-8.709375,115.0,BAYTOWN 2 -- MONT BELVIEU,BAYTOWN 2,MONT BELVIEU,104.792372
"LINESTRING (-95.0873 29.5038, -95.0873 29.5038)",355.0,202.01301,21.659553,-201.824002,-10.950288,230.0,LEAGUE CITY -- LEAGUE CITY,LEAGUE CITY,LEAGUE CITY,202.01301
"LINESTRING (-95.0873 29.5038, -95.0873 29.5038)",355.0,202.01301,21.659553,-201.824002,-10.950288,230.0,LEAGUE CITY -- LEAGUE CITY,LEAGUE CITY,LEAGUE CITY,202.01301
"LINESTRING (-95.0873 29.5038, -95.1289 29.7232)",548.0,-51.115283,-7.218747,51.168318,2.650788,230.0,LEAGUE CITY -- DEER PARK,DEER PARK,LEAGUE CITY,51.115283
"LINESTRING (-95.0873 29.5038, -94.9201 29.3914)",548.0,116.044106,-21.665865,-115.813187,19.715793,230.0,LEAGUE CITY -- TEXAS CITY 1,LEAGUE CITY,TEXAS CITY 1,116.044106
"LINESTRING (-95.0873 29.5038, -95.5581 29.4734)",443.0,1.098386,-4.84442,-1.098319,-4.28468,230.0,LEAGUE CITY -- MISSOURI CITY 2,LEAGUE CITY,MISSOURI CITY 2,1.098386
"LINESTRING (-95.0873 29.5038, -95.0458 29.6225)",647.0,-315.085545,-3.76434,316.200625,11.828949,230.0,LEAGUE CITY -- PASADENA 3,PASADENA 3,LEAGUE CITY,315.085545
"LINESTRING (-95.0873 29.5038, -95.1872 29.425)",443.0,-154.967685,-5.825735,155.326921,5.775888,230.0,LEAGUE CITY -- ALVIN,ALVIN,LEAGUE CITY,154.967685
"LINESTRING (-95.2815 29.2845, -95.3614 29.4815)",221.0,54.225538,-3.195915,-53.948435,3.777707,115.0,LIVERPOOL -- MANVEL,LIVERPOOL,MANVEL,54.225538
"LINESTRING (-95.2815 29.2845, -95.3614 29.4815)",221.0,54.225538,-3.195915,-53.948435,3.777707,115.0,LIVERPOOL -- MANVEL,LIVERPOOL,MANVEL,54.225538
"LINESTRING (-95.2815 29.2845, -95.3143 29.2315)",221.0,-56.275538,2.615915,56.361685,-2.406155,115.0,LIVERPOOL -- DANBURY,DANBURY,LIVERPOOL,56.275538
"LINESTRING (-95.2815 29.2845, -95.3143 29.2315)",221.0,-56.275538,2.615915,56.361685,-2.406155,115.0,LIVERPOOL -- DANBURY,DANBURY,LIVERPOOL,56.275538
"LINESTRING (-95.2563 29.7597, -95.3183 29.7218)",149.0,29.438552,-1.215235,-29.396076,0.958097,115.0,HOUSTON 16 -- HOUSTON 24,HOUSTON 16,HOUSTON 24,29.438552
"LINESTRING (-95.2563 29.7597, -95.0406 29.6948)",221.0,-101.202106,3.522227,102.119729,1.008508,115.0,HOUSTON 16 -- LA PORTE,LA PORTE,HOUSTON 16,101.202106
"LINESTRING (-95.2563 29.7597, -95.0406 29.6948)",221.0,-101.202106,3.522227,102.119729,1.008508,115.0,HOUSTON 16 -- LA PORTE,LA PORTE,HOUSTON 16,101.202106
"LINESTRING (-95.6057 29.6203, -95.636 29.567)",250.0,-147.077552,9.065743,147.650848,-5.78537,115.0,SUGAR LAND 1 -- SUGAR LAND 2,SUGAR LAND 2,SUGAR LAND 1,147.077552
"LINESTRING (-95.6057 29.6203, -95.636 29.567)",250.0,-147.077552,9.065743,147.650848,-5.78537,115.0,SUGAR LAND 1 -- SUGAR LAND 2,SUGAR LAND 2,SUGAR LAND 1,147.077552
"LINESTRING (-95.6057 29.6203, -95.636 29.567)",250.0,-147.077552,9.065743,147.650848,-5.78537,115.0,SUGAR LAND 1 -- SUGAR LAND 2,SUGAR LAND 2,SUGAR LAND 1,147.077552
"LINESTRING (-95.6057 29.6203, -95.636 29.567)",250.0,-147.077552,9.065743,147.650848,-5.78537,115.0,SUGAR LAND 1 -- SUGAR LAND 2,SUGAR LAND 2,SUGAR LAND 1,147.077552
"LINESTRING (-95.6057 29.6203, -95.636 29.567)",250.0,-147.077552,9.065743,147.650848,-5.78537,115.0,SUGAR LAND 1 -- SUGAR LAND 2,SUGAR LAND 2,SUGAR LAND 1,147.077552
"LINESTRING (-95.6057 29.6203, -95.636 29.567)",250.0,-147.077552,9.065743,147.650848,-5.78537,115.0,SUGAR LAND 1 -- SUGAR LAND 2,SUGAR LAND 2,SUGAR LAND 1,147.077552
"LINESTRING (-95.6057 29.6203, -95.636 29.567)",250.0,-147.077552,9.065743,147.650848,-5.78537,115.0,SUGAR LAND 1 -- SUGAR LAND 2,SUGAR LAND 2,SUGAR LAND 1,147.077552
"LINESTRING (-95.6057 29.6203, -95.636 29.567)",250.0,-147.077552,9.065743,147.650848,-5.78537,115.0,SUGAR LAND 1 -- SUGAR LAND 2,SUGAR LAND 2,SUGAR LAND 1,147.077552
"LINESTRING (-95.6057 29.6203, -95.636 29.567)",250.0,-147.077552,9.065743,147.650848,-5.78537,115.0,SUGAR LAND 1 -- SUGAR LAND 2,SUGAR LAND 2,SUGAR LAND 1,147.077552
"LINESTRING (-95.6057 29.6203, -95.5848 29.6997)",250.0,154.613627,14.764469,-153.741714,-9.216657,115.0,SUGAR LAND 1 -- HOUSTON 83,SUGAR LAND 1,HOUSTON 83,154.613627
"LINESTRING (-95.6057 29.6203, -95.5848 29.6997)",250.0,154.613627,14.764469,-153.741714,-9.216657,115.0,SUGAR LAND 1 -- HOUSTON 83,SUGAR LAND 1,HOUSTON 83,154.613627
"LINESTRING (-95.6057 29.6203, -95.5848 29.6997)",250.0,154.613627,14.764469,-153.741714,-9.216657,115.0,SUGAR LAND 1 -- HOUSTON 83,SUGAR LAND 1,HOUSTON 83,154.613627
"LINESTRING (-95.6057 29.6203, -95.568 29.6243)",250.0,157.127418,-29.383018,-156.753279,31.72236,115.0,SUGAR LAND 1 -- STAFFORD,SUGAR LAND 1,STAFFORD,157.127418
"LINESTRING (-95.6057 29.6203, -95.568 29.6243)",250.0,157.127418,-29.383018,-156.753279,31.72236,115.0,SUGAR LAND 1 -- STAFFORD,SUGAR LAND 1,STAFFORD,157.127418
"LINESTRING (-95.6057 29.6203, -95.568 29.6243)",250.0,157.127418,-29.383018,-156.753279,31.72236,115.0,SUGAR LAND 1 -- STAFFORD,SUGAR LAND 1,STAFFORD,157.127418
"LINESTRING (-95.6057 29.6203, -95.568 29.6243)",250.0,157.127418,-29.383018,-156.753279,31.72236,115.0,SUGAR LAND 1 -- STAFFORD,SUGAR LAND 1,STAFFORD,157.127418
"LINESTRING (-95.6057 29.6203, -95.568 29.6243)",250.0,157.127418,-29.383018,-156.753279,31.72236,115.0,SUGAR LAND 1 -- STAFFORD,SUGAR LAND 1,STAFFORD,157.127418
"LINESTRING (-95.7945 29.6461, -96.0551 29.6327)",149.0,-11.059735,-0.378368,11.080915,-0.884751,115.0,RICHMOND 2 -- WALLIS,WALLIS,RICHMOND 2,11.059735
"LINESTRING (-95.7945 29.6461, -95.5462 29.6522)",149.0,-38.200917,-26.013467,38.546685,26.02633,115.0,RICHMOND 2 -- HOUSTON 78,HOUSTON 78,RICHMOND 2,38.200917
"LINESTRING (-95.7945 29.6461, -95.9553 29.5924)",149.0,-51.789348,-2.238165,52.095748,2.661815,115.0,RICHMOND 2 -- FULSHEAR,FULSHEAR,RICHMOND 2,51.789348
"LINESTRING (-95.5836 29.8127, -95.4917 29.7969)",149.0,-2.474938,73.148014,2.787135,-72.403773,115.0,HOUSTON 82 -- HOUSTON 68,HOUSTON 68,HOUSTON 82,2.474938
"LINESTRING (-95.5836 29.8127, -95.6154 29.7502)",221.0,57.17678,116.654073,-56.354814,-113.494483,115.0,HOUSTON 82 -- HOUSTON 87,HOUSTON 82,HOUSTON 87,57.17678
"LINESTRING (-95.6692 30.1605, -95.6472 30.2169)",221.0,-42.97355,-0.953585,43.023565,0.90542,115.0,PINEHURST -- MAGNOLIA 1,MAGNOLIA 1,PINEHURST,42.97355
"LINESTRING (-95.6692 30.1605, -95.6472 30.2169)",221.0,-42.97355,-0.953585,43.023565,0.90542,115.0,PINEHURST -- MAGNOLIA 1,MAGNOLIA 1,PINEHURST,42.97355
"LINESTRING (-95.3501 29.5453, -95.3787 29.6561)",221.0,-31.795654,83.750251,32.285612,-81.503057,115.0,PEARLAND 2 -- HOUSTON 35,HOUSTON 35,PEARLAND 2,31.795654
"LINESTRING (-95.3501 29.5453, -95.2256 29.587)",221.0,-82.095471,85.001579,82.779306,-81.022117,115.0,PEARLAND 2 -- HOUSTON 13,HOUSTON 13,PEARLAND 2,82.095471
"LINESTRING (-95.3501 29.5453, -95.2256 29.587)",221.0,-82.095471,85.001579,82.779306,-81.022117,115.0,PEARLAND 2 -- HOUSTON 13,HOUSTON 13,PEARLAND 2,82.095471
"LINESTRING (-95.3501 29.5453, -95.4861 29.6207)",98.0,-14.693404,56.885623,15.349341,-56.176298,115.0,PEARLAND 2 -- HOUSTON 65,HOUSTON 65,PEARLAND 2,14.693404
"LINESTRING (-95.4161 29.7348, -95.4111 29.7715)",98.0,44.087117,4.645891,-43.982951,-4.604114,115.0,HOUSTON 47 -- HOUSTON 46,HOUSTON 47,HOUSTON 46,44.087117
"LINESTRING (-95.4161 29.7348, -95.3598 29.7536)",149.0,-60.386198,-33.140739,60.570367,33.556203,115.0,HOUSTON 47 -- HOUSTON 32,HOUSTON 32,HOUSTON 47,60.386198
"LINESTRING (-95.4161 29.7348, -95.4464 29.7401)",149.0,-90.516822,13.127006,90.683709,-12.564335,115.0,HOUSTON 47 -- HOUSTON 56,HOUSTON 56,HOUSTON 47,90.516822
"LINESTRING (-95.4161 29.7348, -95.4609 29.704)",149.0,26.152514,-7.331277,-26.125403,7.147722,115.0,HOUSTON 47 -- HOUSTON 60,HOUSTON 47,HOUSTON 60,26.152514
"LINESTRING (-95.4161 29.7348, -95.4049 29.6803)",98.0,41.433389,11.58912,-41.37459,-11.595352,115.0,HOUSTON 47 -- HOUSTON 44,HOUSTON 47,HOUSTON 44,41.433389
"LINESTRING (-95.5603 29.7413, -95.5848 29.6997)",221.0,-67.027364,-10.625389,67.125256,10.931061,115.0,HOUSTON 79 -- HOUSTON 83,HOUSTON 83,HOUSTON 79,67.027364
"LINESTRING (-95.5603 29.7413, -95.5848 29.6997)",221.0,-67.027364,-10.625389,67.125256,10.931061,115.0,HOUSTON 79 -- HOUSTON 83,HOUSTON 83,HOUSTON 79,67.027364
"LINESTRING (-95.5603 29.7413, -95.5808 29.8586)",149.0,55.41089,-9.297509,-55.130991,9.787512,115.0,HOUSTON 79 -- HOUSTON 81,HOUSTON 79,HOUSTON 81,55.41089
"LINESTRING (-95.5603 29.7413, -95.5118 29.7712)",98.0,24.213809,-9.745852,-24.16321,9.573096,115.0,HOUSTON 79 -- HOUSTON 70,HOUSTON 79,HOUSTON 70,24.213809
"LINESTRING (-95.5603 29.7413, -95.4464 29.7401)",98.0,-54.71997,9.36414,55.160285,-8.886033,115.0,HOUSTON 79 -- HOUSTON 56,HOUSTON 56,HOUSTON 79,54.71997
"LINESTRING (-95.4263 29.8264, -95.3796 29.8316)",221.0,-75.600403,-56.118855,75.862776,56.928254,115.0,HOUSTON 49 -- HOUSTON 36,HOUSTON 36,HOUSTON 49,75.600403
"LINESTRING (-95.4263 29.8264, -95.4917 29.7969)",98.0,-1.089597,34.388855,1.196698,-34.514145,115.0,HOUSTON 49 -- HOUSTON 68,HOUSTON 68,HOUSTON 49,1.089597
"LINESTRING (-96.0481 28.795, -96.0481 28.795)",846.0,309.278495,-19.813093,-309.100028,30.569777,500.0,WADSWORTH -- WADSWORTH,WADSWORTH,WADSWORTH,309.278495
"LINESTRING (-96.0481 28.795, -96.0481 28.795)",1600.0,-1349.892099,204.139939,1354.300013,265.932648,500.0,WADSWORTH -- WADSWORTH,WADSWORTH,WADSWORTH,1349.892099
"LINESTRING (-96.0481 28.795, -96.0481 28.795)",1600.0,-1350.908917,-5.977752,1354.300013,175.994971,500.0,WADSWORTH -- WADSWORTH,WADSWORTH,WADSWORTH,1350.908917
"LINESTRING (-96.0481 28.795, -96.0683 29.2878)",2020.0,968.921701,-94.711463,-963.269525,95.468368,500.0,WADSWORTH -- WHARTON 1,WADSWORTH,WHARTON 1,968.921701
"LINESTRING (-96.0481 28.795, -96.0481 28.795)",200.0,56.693383,0.669937,-56.667165,0.728289,230.0,WADSWORTH -- WADSWORTH,WADSWORTH,WADSWORTH,56.693383
"LINESTRING (-96.0481 28.795, -95.8393 28.7885)",523.0,252.406645,-31.239715,-250.941,37.525712,230.0,WADSWORTH -- BAY CITY,WADSWORTH,BAY CITY,252.406645
"LINESTRING (-96.0481 28.795, -96.1899 28.6234)",221.0,56.667165,-0.728289,-55.746156,1.703179,115.0,WADSWORTH -- PALACIOS,WADSWORTH,PALACIOS,56.667165
"LINESTRING (-95.2741 29.7185, -95.3089 29.7436)",221.0,46.712782,-14.133157,-46.670617,14.172501,115.0,HOUSTON 18 -- HOUSTON 22,HOUSTON 18,HOUSTON 22,46.712782
"LINESTRING (-95.2741 29.7185, -95.3089 29.7436)",221.0,46.712782,-14.133157,-46.670617,14.172501,115.0,HOUSTON 18 -- HOUSTON 22,HOUSTON 18,HOUSTON 22,46.712782
"LINESTRING (-95.2741 29.7185, -95.2524 29.6898)",221.0,-94.456937,1.192869,94.595274,-0.451829,115.0,HOUSTON 18 -- HOUSTON 14,HOUSTON 14,HOUSTON 18,94.456937
"LINESTRING (-95.2741 29.7185, -95.2524 29.6898)",221.0,-94.456937,1.192869,94.595274,-0.451829,115.0,HOUSTON 18 -- HOUSTON 14,HOUSTON 14,HOUSTON 18,94.456937
"LINESTRING (-95.2741 29.7185, -95.2524 29.6898)",221.0,-94.456937,1.192869,94.595274,-0.451829,115.0,HOUSTON 18 -- HOUSTON 14,HOUSTON 14,HOUSTON 18,94.456937
"LINESTRING (-95.2741 29.7185, -95.2524 29.6898)",221.0,-94.456937,1.192869,94.595274,-0.451829,115.0,HOUSTON 18 -- HOUSTON 14,HOUSTON 14,HOUSTON 18,94.456937
"LINESTRING (-95.2741 29.7185, -95.3183 29.7218)",221.0,67.945689,4.286286,-67.865146,-3.989779,115.0,HOUSTON 18 -- HOUSTON 24,HOUSTON 18,HOUSTON 24,67.945689
"LINESTRING (-95.2741 29.7185, -95.3183 29.7218)",221.0,67.945689,4.286286,-67.865146,-3.989779,115.0,HOUSTON 18 -- HOUSTON 24,HOUSTON 18,HOUSTON 24,67.945689
"LINESTRING (-95.6496 29.6945, -95.5345 29.7018)",221.0,65.89873,-107.200726,-64.740313,111.719172,115.0,HOUSTON 88 -- HOUSTON 77,HOUSTON 88,HOUSTON 77,65.89873
"LINESTRING (-95.6496 29.6945, -95.5157 29.6879)",149.0,38.530598,6.586222,-38.39981,-6.747821,115.0,HOUSTON 88 -- HOUSTON 71,HOUSTON 88,HOUSTON 71,38.530598
"LINESTRING (-95.5858 30.0949, -95.5289 30.0409)",221.0,-84.008453,-4.427027,84.246903,5.464726,115.0,TOMBALL 1 -- SPRING 7,SPRING 7,TOMBALL 1,84.008453
"LINESTRING (-95.5858 30.0949, -95.5289 30.0409)",221.0,-84.008453,-4.427027,84.246903,5.464726,115.0,TOMBALL 1 -- SPRING 7,SPRING 7,TOMBALL 1,84.008453
"LINESTRING (-95.5858 30.0949, -95.5171 30.1234)",149.0,49.966906,-24.595946,-49.811754,24.812292,115.0,TOMBALL 1 -- SPRING 6,TOMBALL 1,SPRING 6,49.966906
"LINESTRING (-95.3089 29.7436, -95.3913 29.741)",149.0,-25.971035,-11.551009,26.013727,11.288272,115.0,HOUSTON 22 -- HOUSTON 39,HOUSTON 39,HOUSTON 22,25.971035
"LINESTRING (-95.3089 29.7436, -95.2541 29.8524)",250.0,60.672269,-33.403992,-59.861366,34.6965,115.0,HOUSTON 22 -- HOUSTON 15,HOUSTON 22,HOUSTON 15,60.672269
"LINESTRING (-95.1289 29.7232, -95.1289 29.7232)",1312.0,702.445503,95.085819,-701.934711,-44.262051,500.0,DEER PARK -- DEER PARK,DEER PARK,DEER PARK,702.445503
"LINESTRING (-95.1289 29.7232, -95.1289 29.7232)",592.0,-149.968903,-21.272251,150.0,23.239167,500.0,DEER PARK -- DEER PARK,DEER PARK,DEER PARK,149.968903
"LINESTRING (-95.1289 29.7232, -95.1289 29.7232)",335.0,-50.985317,-5.157751,51.0,6.167746,500.0,DEER PARK -- DEER PARK,DEER PARK,DEER PARK,50.985317
"LINESTRING (-95.1289 29.7232, -95.1289 29.7232)",339.0,-50.991372,-8.955335,51.0,9.810664,500.0,DEER PARK -- DEER PARK,DEER PARK,DEER PARK,50.991372
"LINESTRING (-95.1289 29.7232, -95.1289 29.7232)",731.0,-195.940912,-18.911871,196.0,25.132554,500.0,DEER PARK -- DEER PARK,DEER PARK,DEER PARK,195.940912
"LINESTRING (-95.1289 29.7232, -95.1289 29.7232)",743.0,-195.934466,-17.021863,196.0,23.385243,500.0,DEER PARK -- DEER PARK,DEER PARK,DEER PARK,195.934466
"LINESTRING (-95.1289 29.7232, -95.1289 29.7232)",740.0,-195.947345,-21.274903,196.0,25.141758,500.0,DEER PARK -- DEER PARK,DEER PARK,DEER PARK,195.947345
"LINESTRING (-95.1289 29.7232, -95.1289 29.7232)",748.0,-195.898903,-10.985892,196.0,18.388847,500.0,DEER PARK -- DEER PARK,DEER PARK,DEER PARK,195.898903
"LINESTRING (-95.1289 29.7232, -95.1289 29.7232)",752.0,-195.940912,-18.912413,196.0,22.5168,500.0,DEER PARK -- DEER PARK,DEER PARK,DEER PARK,195.940912
"LINESTRING (-95.1289 29.7232, -95.1289 29.7232)",744.0,-195.947345,-21.274955,196.0,24.888408,500.0,DEER PARK -- DEER PARK,DEER PARK,DEER PARK,195.947345
"LINESTRING (-95.1289 29.7232, -95.0598 29.7268)",2768.0,-495.394711,-26.497991,495.498872,20.247656,500.0,DEER PARK -- LAPORTE,LAPORTE,DEER PARK,495.394711
"LINESTRING (-95.1289 29.7232, -95.1289 29.7232)",354.0,226.046352,9.838956,-225.821688,4.896338,230.0,DEER PARK -- DEER PARK,DEER PARK,DEER PARK,226.046352
"LINESTRING (-95.1289 29.7232, -95.1289 29.7232)",354.0,226.046352,9.838956,-225.821688,4.896338,230.0,DEER PARK -- DEER PARK,DEER PARK,DEER PARK,226.046352
"LINESTRING (-95.1289 29.7232, -95.3954 29.721)",548.0,198.183821,2.790638,-197.361927,-0.047273,230.0,DEER PARK -- HOUSTON 4,DEER PARK,HOUSTON 4,198.183821
"LINESTRING (-95.1289 29.7232, -94.9139 29.6744)",548.0,-159.477382,-9.425863,159.920361,9.322164,230.0,DEER PARK -- BAYTOWN 1,BAYTOWN 1,DEER PARK,159.477382
"LINESTRING (-95.1289 29.7232, -95.2103 29.7233)",548.0,159.96725,28.568577,-159.798809,-28.534946,230.0,DEER PARK -- PASADENA 1,DEER PARK,PASADENA 1,159.96725
"LINESTRING (-96.0551 29.6327, -96.1077 29.7951)",149.0,30.268609,-11.820731,-30.134687,11.373214,115.0,WALLIS -- SEALY,WALLIS,SEALY,30.268609
"LINESTRING (-96.0551 29.6327, -96.2187 29.5222)",98.0,-23.498503,3.164134,23.647715,-3.846741,115.0,WALLIS -- EAST BERNARD,EAST BERNARD,WALLIS,23.498503
"LINESTRING (-95.49 29.9177, -95.4412 29.9186)",221.0,74.930592,22.368958,-74.813718,-21.826397,115.0,HOUSTON 67 -- HOUSTON 55,HOUSTON 67,HOUSTON 55,74.930592
"LINESTRING (-95.49 29.9177, -95.4412 29.9186)",221.0,74.930592,22.368958,-74.813718,-21.826397,115.0,HOUSTON 67 -- HOUSTON 55,HOUSTON 67,HOUSTON 55,74.930592
"LINESTRING (-95.49 29.9177, -95.5033 29.9572)",250.0,-158.348342,-15.799731,158.818229,18.744024,115.0,HOUSTON 67 -- HOUSTON 69,HOUSTON 69,HOUSTON 67,158.348342
"LINESTRING (-95.49 29.9177, -95.5033 29.9572)",250.0,-158.348342,-15.799731,158.818229,18.744024,115.0,HOUSTON 67 -- HOUSTON 69,HOUSTON 69,HOUSTON 67,158.348342
"LINESTRING (-95.49 29.9177, -95.436 29.8531)",221.0,41.402751,-18.474227,-41.329007,18.449817,115.0,HOUSTON 67 -- HOUSTON 53,HOUSTON 67,HOUSTON 53,41.402751
"LINESTRING (-95.49 29.9177, -95.436 29.8531)",221.0,41.402751,-18.474227,-41.329007,18.449817,115.0,HOUSTON 67 -- HOUSTON 53,HOUSTON 67,HOUSTON 53,41.402751
"LINESTRING (-95.4707 30.0593, -95.5289 30.0409)",221.0,-71.058516,-9.331839,71.185565,9.85032,115.0,SPRING 4 -- SPRING 7,SPRING 7,SPRING 4,71.058516
"LINESTRING (-95.4707 30.0593, -95.5289 30.0409)",221.0,-71.058516,-9.331839,71.185565,9.85032,115.0,SPRING 4 -- SPRING 7,SPRING 7,SPRING 4,71.058516
"LINESTRING (-95.4707 30.0593, -95.4466 29.9526)",221.0,20.967031,-15.666322,-20.933292,15.190606,115.0,SPRING 4 -- HOUSTON 57,SPRING 4,HOUSTON 57,20.967031
"LINESTRING (-95.2298 29.661, -95.2524 29.6898)",221.0,-72.610546,2.888925,72.69327,-2.537313,115.0,SOUTH HOUSTON -- HOUSTON 14,HOUSTON 14,SOUTH HOUSTON,72.610546
"LINESTRING (-95.2298 29.661, -95.2524 29.6898)",221.0,-72.610546,2.888925,72.69327,-2.537313,115.0,SOUTH HOUSTON -- HOUSTON 14,HOUSTON 14,SOUTH HOUSTON,72.610546
"LINESTRING (-95.2298 29.661, -95.2256 29.587)",98.0,16.231425,-46.317579,-15.978035,46.48509,115.0,SOUTH HOUSTON -- HOUSTON 13,SOUTH HOUSTON,HOUSTON 13,16.231425
"LINESTRING (-95.2298 29.661, -95.2689 29.6204)",166.88,79.289667,26.459728,-79.014485,-25.55485,115.0,SOUTH HOUSTON -- HOUSTON 17,SOUTH HOUSTON,HOUSTON 17,79.289667
"LINESTRING (-95.6382 29.726, -95.6382 29.726)",41.0,0.0,0.0,0.0,0.0,115.0,HOUSTON 3 -- HOUSTON 3,HOUSTON 3,HOUSTON 3,0.0
"LINESTRING (-95.6382 29.726, -95.6382 29.726)",46.0,0.0,-0.0,0.0,-0.0,115.0,HOUSTON 3 -- HOUSTON 3,HOUSTON 3,HOUSTON 3,0.0
"LINESTRING (-95.6382 29.726, -95.5233 29.7363)",98.0,-15.790601,-3.691792,15.805797,3.1641,115.0,HOUSTON 3 -- HOUSTON 74,HOUSTON 74,HOUSTON 3,15.790601
"LINESTRING (-95.6382 29.726, -95.6813 29.7693)",221.0,-113.789306,3.22981,114.127632,-1.235976,115.0,HOUSTON 3 -- HOUSTON 91,HOUSTON 91,HOUSTON 3,113.789306
"LINESTRING (-95.6382 29.726, -95.6813 29.7693)",221.0,-113.789306,3.22981,114.127632,-1.235976,115.0,HOUSTON 3 -- HOUSTON 91,HOUSTON 91,HOUSTON 3,113.789306
"LINESTRING (-95.6382 29.726, -95.6154 29.7502)",221.0,46.834606,-22.588914,-46.795843,22.622386,115.0,HOUSTON 3 -- HOUSTON 87,HOUSTON 3,HOUSTON 87,46.834606
"LINESTRING (-95.6382 29.726, -95.6154 29.7502)",221.0,46.834606,-22.588914,-46.795843,22.622386,115.0,HOUSTON 3 -- HOUSTON 87,HOUSTON 3,HOUSTON 87,46.834606
"LINESTRING (-96.5742 28.4296, -96.1899 28.6234)",221.0,-29.027559,8.068328,29.536156,-9.123179,115.0,SEADRIFT -- PALACIOS,PALACIOS,SEADRIFT,29.027559
"LINESTRING (-95.3676 29.7953, -95.4169 29.7982)",98.0,37.726315,-21.857172,-37.609576,21.894735,115.0,HOUSTON 34 -- HOUSTON 48,HOUSTON 34,HOUSTON 48,37.726315
"LINESTRING (-95.636 29.567, -95.636 29.567)",1358.0,681.431299,104.3917,-680.985349,-50.634465,500.0,SUGAR LAND 2 -- SUGAR LAND 2,SUGAR LAND 2,SUGAR LAND 2,681.431299
"LINESTRING (-95.636 29.567, -95.636 29.567)",1358.0,681.431299,104.3917,-680.985349,-50.634465,500.0,SUGAR LAND 2 -- SUGAR LAND 2,SUGAR LAND 2,SUGAR LAND 2,681.431299
"LINESTRING (-95.636 29.567, -95.2103 29.7233)",2020.0,-27.297815,-25.505866,27.301451,-28.679574,500.0,SUGAR LAND 2 -- PASADENA 1,PASADENA 1,SUGAR LAND 2,27.297815
"LINESTRING (-95.636 29.567, -95.6311 29.4828)",4352.0,-1335.564782,-183.277533,1336.493748,190.079646,500.0,SUGAR LAND 2 -- THOMPSONS,THOMPSONS,SUGAR LAND 2,1335.564782
"LINESTRING (-95.636 29.567, -95.636 29.567)",512.3,388.349089,18.298112,-388.099408,-2.817918,230.0,SUGAR LAND 2 -- SUGAR LAND 2,SUGAR LAND 2,SUGAR LAND 2,388.349089
"LINESTRING (-95.636 29.567, -95.636 29.567)",512.3,388.349089,18.298112,-388.099408,-2.817918,230.0,SUGAR LAND 2 -- SUGAR LAND 2,SUGAR LAND 2,SUGAR LAND 2,388.349089
"LINESTRING (-95.636 29.567, -95.636 29.567)",512.3,388.349089,18.298112,-388.099408,-2.817918,230.0,SUGAR LAND 2 -- SUGAR LAND 2,SUGAR LAND 2,SUGAR LAND 2,388.349089
"LINESTRING (-95.636 29.567, -95.636 29.567)",512.3,388.349089,18.298112,-388.099408,-2.817918,230.0,SUGAR LAND 2 -- SUGAR LAND 2,SUGAR LAND 2,SUGAR LAND 2,388.349089
"LINESTRING (-95.636 29.567, -96.0683 29.2878)",443.0,-164.724476,2.021713,166.357699,-0.802852,230.0,SUGAR LAND 2 -- WHARTON 1,WHARTON 1,SUGAR LAND 2,164.724476
"LINESTRING (-95.636 29.567, -95.2103 29.7233)",443.0,-107.206198,6.351174,107.803724,-10.970375,230.0,SUGAR LAND 2 -- PASADENA 1,PASADENA 1,SUGAR LAND 2,107.206198
"LINESTRING (-95.636 29.567, -95.1872 29.425)",443.0,-147.262385,4.133785,148.420306,-5.086405,230.0,SUGAR LAND 2 -- ALVIN,ALVIN,SUGAR LAND 2,147.262385
"LINESTRING (-95.505 30.3245, -95.5214 30.4356)",221.0,-32.097051,-15.950688,32.161546,15.648369,115.0,CONROE 7 -- WILLIS 1,WILLIS 1,CONROE 7,32.097051
"LINESTRING (-96.5216 28.8333, -96.4898 29.0209)",98.0,53.00699,-21.921818,-52.672332,22.739083,115.0,LOLITA -- GANADO,LOLITA,GANADO,53.00699
"LINESTRING (-96.5216 28.8333, -96.3539 28.8579)",98.0,16.571318,6.188273,-16.507124,-6.957546,115.0,LOLITA -- BLESSING,LOLITA,BLESSING,16.571318
"LINESTRING (-95.0598 29.7268, -95.0598 29.7268)",1373.0,629.338838,86.681724,-628.314022,-37.695504,500.0,LAPORTE -- LAPORTE,LAPORTE,LAPORTE,629.338838
"LINESTRING (-95.0598 29.7268, -95.0598 29.7268)",295.0,-16.298833,-5.83885,16.3,5.97479,500.0,LAPORTE -- LAPORTE,LAPORTE,LAPORTE,16.298833
"LINESTRING (-95.0598 29.7268, -95.0598 29.7268)",776.0,-206.477521,-13.470558,206.55,18.35204,500.0,LAPORTE -- LAPORTE,LAPORTE,LAPORTE,206.477521
"LINESTRING (-95.0598 29.7268, -95.0598 29.7268)",767.0,-206.46315,-11.226939,206.55,17.349902,500.0,LAPORTE -- LAPORTE,LAPORTE,LAPORTE,206.46315
"LINESTRING (-95.0598 29.7268, -95.0598 29.7268)",768.0,-206.459555,-10.77817,206.55,17.507299,500.0,LAPORTE -- LAPORTE,LAPORTE,LAPORTE,206.459555
"LINESTRING (-95.0598 29.7268, -95.0598 29.7268)",781.0,-206.394811,-6.270386,206.55,13.228623,500.0,LAPORTE -- LAPORTE,LAPORTE,LAPORTE,206.394811
"LINESTRING (-95.0598 29.7268, -95.0598 29.7268)",1053.0,-380.576788,-26.939545,380.699999,35.527346,500.0,LAPORTE -- LAPORTE,LAPORTE,LAPORTE,380.576788
"LINESTRING (-95.0598 29.7268, -95.0598 29.7268)",357.0,-58.970503,-2.695084,59.0,4.069619,500.0,LAPORTE -- LAPORTE,LAPORTE,LAPORTE,58.970503
"LINESTRING (-95.0598 29.7268, -95.0598 29.7268)",360.0,-58.987193,-6.263538,59.0,7.436122,500.0,LAPORTE -- LAPORTE,LAPORTE,LAPORTE,58.987193
"LINESTRING (-95.0598 29.7268, -95.0598 29.7268)",368.0,-58.988936,-7.279027,59.0,8.051691,500.0,LAPORTE -- LAPORTE,LAPORTE,LAPORTE,58.988936
"LINESTRING (-95.0598 29.7268, -95.0598 29.7268)",363.0,-58.986611,-5.985461,59.0,7.000975,500.0,LAPORTE -- LAPORTE,LAPORTE,LAPORTE,58.986611
"LINESTRING (-95.0598 29.7268, -95.0458 29.6225)",2020.0,333.766192,-10.181824,-333.624741,-2.380135,500.0,LAPORTE -- PASADENA 3,LAPORTE,PASADENA 3,333.766192
"LINESTRING (-95.0598 29.7268, -95.0598 29.7268)",446.0,193.154543,24.378177,-192.798329,-13.423787,230.0,LAPORTE -- LAPORTE,LAPORTE,LAPORTE,193.154543
"LINESTRING (-95.0598 29.7268, -95.0598 29.7268)",446.0,193.154543,24.378177,-192.798329,-13.423787,230.0,LAPORTE -- LAPORTE,LAPORTE,LAPORTE,193.154543
"LINESTRING (-95.0598 29.7268, -95.5306 29.9417)",548.0,160.497785,-5.605232,-159.422815,5.601476,230.0,LAPORTE -- HOUSTON 5,LAPORTE,HOUSTON 5,160.497785
"LINESTRING (-95.0598 29.7268, -94.9197 29.8247)",443.0,69.321139,1.311373,-69.225659,-4.098762,230.0,LAPORTE -- MONT BELVIEU,LAPORTE,MONT BELVIEU,69.321139
"LINESTRING (-95.0598 29.7268, -95.2194 29.8222)",443.0,12.186013,-6.766991,-12.182325,3.047609,230.0,LAPORTE -- HOUSTON 6,LAPORTE,HOUSTON 6,12.186013
"LINESTRING (-95.0598 29.7268, -94.9973 29.7535)",221.0,-6.486395,18.299572,6.4967,-18.663615,115.0,LAPORTE -- BAYTOWN 3,BAYTOWN 3,LAPORTE,6.486395
"LINESTRING (-95.0598 29.7268, -95.0406 29.6948)",221.0,106.444351,-4.020666,-106.263685,5.015521,115.0,LAPORTE -- LA PORTE,LAPORTE,LA PORTE,106.444351
"LINESTRING (-95.0598 29.7268, -95.0406 29.6948)",221.0,106.444351,-4.020666,-106.263685,5.015521,115.0,LAPORTE -- LA PORTE,LAPORTE,LA PORTE,106.444351
"LINESTRING (-95.0598 29.7268, -95.0406 29.6948)",221.0,106.444351,-4.020666,-106.263685,5.015521,115.0,LAPORTE -- LA PORTE,LAPORTE,LA PORTE,106.444351
"LINESTRING (-95.1898 30.1612, -95.221 30.0468)",98.0,-20.695943,46.223683,20.869044,-45.959337,115.0,NEW CANEY -- KINGWOOD 2,KINGWOOD 2,NEW CANEY,20.695943
"LINESTRING (-95.1898 30.1612, -95.2971 30.1067)",98.0,-6.361233,2.855722,6.364319,-3.476928,115.0,NEW CANEY -- PORTER,PORTER,NEW CANEY,6.361233
"LINESTRING (-95.1898 30.1612, -94.7334 30.0757)",149.0,-57.981823,0.043779,58.980709,1.729332,115.0,NEW CANEY -- LIBERTY,LIBERTY,NEW CANEY,57.981823
"LINESTRING (-95.1898 30.1612, -95.3388 30.2219)",245.0,25.078999,-66.113184,-24.680278,67.472264,115.0,NEW CANEY -- CONROE 2,NEW CANEY,CONROE 2,25.078999
"LINESTRING (-95.2524 29.6898, -95.3242 29.6187)",221.0,56.518063,-2.541916,-56.381908,2.876897,115.0,HOUSTON 14 -- HOUSTON 25,HOUSTON 14,HOUSTON 25,56.518063
"LINESTRING (-95.2524 29.6898, -95.3242 29.6187)",221.0,56.518063,-2.541916,-56.381908,2.876897,115.0,HOUSTON 14 -- HOUSTON 25,HOUSTON 14,HOUSTON 25,56.518063
"LINESTRING (-95.2524 29.6898, -95.2103 29.7233)",221.0,-122.41396,-2.619038,122.748274,4.574895,115.0,HOUSTON 14 -- PASADENA 1,PASADENA 1,HOUSTON 14,122.41396
"LINESTRING (-95.2524 29.6898, -95.2103 29.7233)",221.0,-122.41396,-2.619038,122.748274,4.574895,115.0,HOUSTON 14 -- PASADENA 1,PASADENA 1,HOUSTON 14,122.41396
"LINESTRING (-95.2524 29.6898, -95.2103 29.7233)",221.0,-122.41396,-2.619038,122.748274,4.574895,115.0,HOUSTON 14 -- PASADENA 1,PASADENA 1,HOUSTON 14,122.41396
"LINESTRING (-95.2524 29.6898, -95.2103 29.7233)",221.0,-122.41396,-2.619038,122.748274,4.574895,115.0,HOUSTON 14 -- PASADENA 1,PASADENA 1,HOUSTON 14,122.41396
"LINESTRING (-95.2524 29.6898, -95.2103 29.7233)",221.0,-122.41396,-2.619038,122.748274,4.574895,115.0,HOUSTON 14 -- PASADENA 1,PASADENA 1,HOUSTON 14,122.41396
"LINESTRING (-95.2524 29.6898, -95.2103 29.7233)",221.0,-122.41396,-2.619038,122.748274,4.574895,115.0,HOUSTON 14 -- PASADENA 1,PASADENA 1,HOUSTON 14,122.41396
"LINESTRING (-95.2422 29.9522, -95.2422 29.9522)",25.0,-10.196017,1.315912,10.2,-1.129993,115.0,HOUSTON 2 -- HOUSTON 2,HOUSTON 2,HOUSTON 2,10.196017
"LINESTRING (-95.2422 29.9522, -95.2971 30.1067)",98.0,0.621816,61.76734,-0.2884,-60.758314,115.0,HOUSTON 2 -- PORTER,HOUSTON 2,PORTER,0.621816
"LINESTRING (-95.2422 29.9522, -95.0572 29.9329)",221.0,-81.719936,91.005384,83.398247,-85.156485,115.0,HOUSTON 2 -- CROSBY,CROSBY,HOUSTON 2,81.719936
"LINESTRING (-95.2422 29.9522, -95.2541 29.8524)",221.0,-55.255622,110.376634,56.071549,-106.089763,115.0,HOUSTON 2 -- HOUSTON 15,HOUSTON 15,HOUSTON 2,55.255622
"LINESTRING (-95.2422 29.9522, -95.4466 29.9526)",221.0,2.769746,75.000845,-2.231561,-72.844099,115.0,HOUSTON 2 -- HOUSTON 57,HOUSTON 2,HOUSTON 57,2.769746
"LINESTRING (-95.5462 29.6522, -95.568 29.6243)",221.0,-133.642071,43.630703,133.936767,-41.849625,115.0,HOUSTON 78 -- STAFFORD,STAFFORD,HOUSTON 78,133.642071
"LINESTRING (-95.5462 29.6522, -95.568 29.6243)",221.0,-133.642071,43.630703,133.936767,-41.849625,115.0,HOUSTON 78 -- STAFFORD,STAFFORD,HOUSTON 78,133.642071
"LINESTRING (-95.5462 29.6522, -95.568 29.6243)",221.0,-133.642071,43.630703,133.936767,-41.849625,115.0,HOUSTON 78 -- STAFFORD,STAFFORD,HOUSTON 78,133.642071
"LINESTRING (-95.5462 29.6522, -95.568 29.6243)",221.0,-133.642071,43.630703,133.936767,-41.849625,115.0,HOUSTON 78 -- STAFFORD,STAFFORD,HOUSTON 78,133.642071
"LINESTRING (-95.5462 29.6522, -95.5157 29.6879)",221.0,116.376435,52.988501,-116.055478,-51.090989,115.0,HOUSTON 78 -- HOUSTON 71,HOUSTON 78,HOUSTON 71,116.376435
"LINESTRING (-95.5462 29.6522, -95.5157 29.6879)",221.0,116.376435,52.988501,-116.055478,-51.090989,115.0,HOUSTON 78 -- HOUSTON 71,HOUSTON 78,HOUSTON 71,116.376435
"LINESTRING (-95.3925 29.8904, -95.3949 29.9347)",221.0,46.77306,15.408672,-46.723999,-15.35178,115.0,HOUSTON 40 -- HOUSTON 41,HOUSTON 40,HOUSTON 41,46.77306
"LINESTRING (-95.3925 29.8904, -95.3949 29.9347)",221.0,46.77306,15.408672,-46.723999,-15.35178,115.0,HOUSTON 40 -- HOUSTON 41,HOUSTON 40,HOUSTON 41,46.77306
"LINESTRING (-95.3925 29.8904, -95.439 30.0082)",98.0,31.25485,-28.159319,-31.129162,28.103789,115.0,HOUSTON 40 -- HOUSTON 54,HOUSTON 40,HOUSTON 54,31.25485
"LINESTRING (-95.3925 29.8904, -95.4744 29.83)",149.0,-15.507817,-2.137752,15.524848,1.634099,115.0,HOUSTON 40 -- HOUSTON 62,HOUSTON 62,HOUSTON 40,15.507817
"LINESTRING (-95.3925 29.8904, -95.3 29.8625)",221.0,-84.376577,-8.685136,84.654055,10.020722,115.0,HOUSTON 40 -- HOUSTON 20,HOUSTON 20,HOUSTON 40,84.376577
"LINESTRING (-95.3925 29.8904, -95.3 29.8625)",221.0,-84.376577,-8.685136,84.654055,10.020722,115.0,HOUSTON 40 -- HOUSTON 20,HOUSTON 20,HOUSTON 40,84.376577
"LINESTRING (-96.7942 28.6956, -96.56 28.6527)",98.0,-37.223434,6.109787,37.392058,-6.475224,115.0,BLOOMINGTON -- POINT COMFORT 1,POINT COMFORT 1,BLOOMINGTON,37.223434
"LINESTRING (-95.3639 30.4714, -95.3639 30.4714)",151.8,101.239916,7.660231,-101.147499,-3.892271,230.0,WILLIS 2 -- WILLIS 2,WILLIS 2,WILLIS 2,101.239916
"LINESTRING (-95.3639 30.4714, -95.5214 30.4356)",750.0,-207.929234,58.860524,208.342196,-58.823478,230.0,WILLIS 2 -- WILLIS 1,WILLIS 1,WILLIS 2,207.929234
"LINESTRING (-95.3639 30.4714, -95.5214 30.4356)",750.0,-207.929234,58.860524,208.342196,-58.823478,230.0,WILLIS 2 -- WILLIS 1,WILLIS 1,WILLIS 2,207.929234
"LINESTRING (-95.3639 30.4714, -95.6472 30.2169)",443.0,-83.741583,52.434569,84.194181,-57.025192,230.0,WILLIS 2 -- MAGNOLIA 1,MAGNOLIA 1,WILLIS 2,83.741583
"LINESTRING (-95.3639 30.4714, -94.8262 31.3408)",647.0,398.360135,16.060415,-384.310535,98.541976,230.0,WILLIS 2 -- LUFKIN 3,WILLIS 2,LUFKIN 3,398.360135
"LINESTRING (-95.3639 30.4714, -95.3771 30.378)",221.0,57.097499,-8.587729,-56.961127,8.784414,115.0,WILLIS 2 -- CONROE 3,WILLIS 2,CONROE 3,57.097499
"LINESTRING (-95.4333 29.7338, -95.4609 29.704)",221.0,98.066411,1.578821,-97.901775,-0.781292,115.0,HOUSTON 51 -- HOUSTON 60,HOUSTON 51,HOUSTON 60,98.066411
"LINESTRING (-95.4333 29.7338, -95.4609 29.704)",221.0,98.066411,1.578821,-97.901775,-0.781292,115.0,HOUSTON 51 -- HOUSTON 60,HOUSTON 51,HOUSTON 60,98.066411
"LINESTRING (-95.4333 29.7338, -95.4095 29.7541)",221.0,-99.861411,-2.088821,99.991452,2.724794,115.0,HOUSTON 51 -- HOUSTON 45,HOUSTON 45,HOUSTON 51,99.861411
"LINESTRING (-95.4333 29.7338, -95.4095 29.7541)",221.0,-99.861411,-2.088821,99.991452,2.724794,115.0,HOUSTON 51 -- HOUSTON 45,HOUSTON 45,HOUSTON 51,99.861411
"LINESTRING (-95.4163 30.1882, -95.384 30.0622)",221.0,-79.636971,30.073706,80.053318,-28.019133,115.0,CONROE 4 -- SPRING 2,SPRING 2,CONROE 4,79.636971
"LINESTRING (-95.4163 30.1882, -95.384 30.0622)",221.0,-79.636971,30.073706,80.053318,-28.019133,115.0,CONROE 4 -- SPRING 2,SPRING 2,CONROE 4,79.636971
"LINESTRING (-95.4163 30.1882, -95.3388 30.2219)",221.0,59.459895,-114.212271,-58.762588,117.710062,115.0,CONROE 4 -- CONROE 2,CONROE 4,CONROE 2,59.459895
"LINESTRING (-95.4163 30.1882, -95.4684 30.137)",98.0,41.214047,37.464858,-41.094239,-37.149667,115.0,CONROE 4 -- SPRING 3,CONROE 4,SPRING 3,41.214047
"LINESTRING (-95.4348 29.6857, -95.4464 29.7401)",98.0,-40.197343,-27.718476,40.27347,27.812129,115.0,HOUSTON 52 -- HOUSTON 56,HOUSTON 56,HOUSTON 52,40.197343
"LINESTRING (-95.4348 29.6857, -95.3869 29.6106)",149.0,-38.212657,5.498476,38.308939,-5.58929,115.0,HOUSTON 52 -- HOUSTON 38,HOUSTON 38,HOUSTON 52,38.212657
"LINESTRING (-95.384 30.0622, -95.384 30.0622)",424.0,259.672383,16.99181,-259.457176,-3.565315,230.0,SPRING 2 -- SPRING 2,SPRING 2,SPRING 2,259.672383
"LINESTRING (-95.384 30.0622, -95.384 30.0622)",424.0,259.672383,16.99181,-259.457176,-3.565315,230.0,SPRING 2 -- SPRING 2,SPRING 2,SPRING 2,259.672383
"LINESTRING (-95.384 30.0622, -95.384 30.0622)",424.0,259.672383,16.99181,-259.457176,-3.565315,230.0,SPRING 2 -- SPRING 2,SPRING 2,SPRING 2,259.672383
"LINESTRING (-95.384 30.0622, -95.5289 30.0409)",750.0,-121.410606,-34.881633,121.54196,32.466205,230.0,SPRING 2 -- SPRING 7,SPRING 7,SPRING 2,121.410606
"LINESTRING (-95.384 30.0622, -95.1077 29.8161)",750.0,-367.706997,4.194355,370.728659,16.967829,230.0,SPRING 2 -- CHANNELVIEW 1,CHANNELVIEW 1,SPRING 2,367.706997
"LINESTRING (-95.384 30.0622, -95.1077 29.8161)",750.0,-367.706997,4.194355,370.728659,16.967829,230.0,SPRING 2 -- CHANNELVIEW 1,CHANNELVIEW 1,SPRING 2,367.706997
"LINESTRING (-95.384 30.0622, -95.4002 29.9993)",221.0,99.621786,23.06642,-99.318852,-21.369962,115.0,SPRING 2 -- HOUSTON 42,SPRING 2,HOUSTON 42,99.621786
"LINESTRING (-95.384 30.0622, -95.4002 29.9993)",221.0,99.621786,23.06642,-99.318852,-21.369962,115.0,SPRING 2 -- HOUSTON 42,SPRING 2,HOUSTON 42,99.621786
"LINESTRING (-95.1579 30.0531, -95.221 30.0468)",149.0,78.387788,-16.902347,-78.119489,17.659807,115.0,KINGWOOD 1 -- KINGWOOD 2,KINGWOOD 1,KINGWOOD 2,78.387788
"LINESTRING (-95.1579 30.0531, -95.2862 30.0173)",149.0,62.103415,-0.689881,-61.76161,1.475164,115.0,KINGWOOD 1 -- HUMBLE 2,KINGWOOD 1,HUMBLE 2,62.103415
"LINESTRING (-95.1579 30.0531, -95.0989 30.0632)",221.0,-109.430602,-2.303886,109.718356,3.802904,115.0,KINGWOOD 1 -- HUFFMAN,HUFFMAN,KINGWOOD 1,109.430602
"LINESTRING (-95.1579 30.0531, -95.0989 30.0632)",221.0,-109.430602,-2.303886,109.718356,3.802904,115.0,KINGWOOD 1 -- HUFFMAN,HUFFMAN,KINGWOOD 1,109.430602
"LINESTRING (-95.5306 29.9417, -95.5306 29.9417)",1310.0,892.374266,150.288723,-891.671186,-114.853501,500.0,HOUSTON 5 -- HOUSTON 5,HOUSTON 5,HOUSTON 5,892.374266
"LINESTRING (-95.5306 29.9417, -95.5306 29.9417)",491.0,-110.575031,-31.508735,110.6,33.328088,500.0,HOUSTON 5 -- HOUSTON 5,HOUSTON 5,HOUSTON 5,110.575031
"LINESTRING (-95.5306 29.9417, -95.5306 29.9417)",498.0,-110.563103,-20.39302,110.6,23.094107,500.0,HOUSTON 5 -- HOUSTON 5,HOUSTON 5,HOUSTON 5,110.563103
"LINESTRING (-95.5306 29.9417, -95.5306 29.9417)",498.0,-110.579727,-40.7701,110.6,42.921421,500.0,HOUSTON 5 -- HOUSTON 5,HOUSTON 5,HOUSTON 5,110.579727
"LINESTRING (-95.5306 29.9417, -95.5306 29.9417)",512.0,-110.579727,-40.770275,110.6,42.706943,500.0,HOUSTON 5 -- HOUSTON 5,HOUSTON 5,HOUSTON 5,110.579727
"LINESTRING (-95.5306 29.9417, -95.5306 29.9417)",507.0,-110.553919,-16.127556,110.6,19.246089,500.0,HOUSTON 5 -- HOUSTON 5,HOUSTON 5,HOUSTON 5,110.553919
"LINESTRING (-95.5306 29.9417, -95.5306 29.9417)",500.0,-110.546714,-13.871517,110.6,17.638815,500.0,HOUSTON 5 -- HOUSTON 5,HOUSTON 5,HOUSTON 5,110.546714
"LINESTRING (-95.5306 29.9417, -95.5306 29.9417)",418.0,-87.701841,-27.725683,87.72,29.430447,500.0,HOUSTON 5 -- HOUSTON 5,HOUSTON 5,HOUSTON 5,87.701841
"LINESTRING (-95.5306 29.9417, -95.5306 29.9417)",416.0,-87.706935,-42.63476,87.719999,44.199169,500.0,HOUSTON 5 -- HOUSTON 5,HOUSTON 5,HOUSTON 5,87.706935
"LINESTRING (-95.5306 29.9417, -95.5306 29.9417)",1042.0,-350.698472,-43.349487,350.870001,56.664413,500.0,HOUSTON 5 -- HOUSTON 5,HOUSTON 5,HOUSTON 5,350.698472
"LINESTRING (-95.5306 29.9417, -95.5289 30.0409)",3146.0,1338.188785,78.722283,-1336.953806,-66.403719,500.0,HOUSTON 5 -- SPRING 7,HOUSTON 5,SPRING 7,1338.188785
"LINESTRING (-95.5306 29.9417, -95.6694 29.9978)",2020.0,156.676373,32.804786,-156.633493,-50.067605,500.0,HOUSTON 5 -- CYPRESS 1,HOUSTON 5,CYPRESS 1,156.676373
"LINESTRING (-95.5306 29.9417, -95.6599 29.8275)",3146.0,-1197.733954,15.335341,1199.335864,-3.981303,500.0,HOUSTON 5 -- HOUSTON 90,HOUSTON 90,HOUSTON 5,1197.733954
"LINESTRING (-95.5306 29.9417, -95.5306 29.9417)",418.0,303.440746,31.754671,-303.141155,-15.544376,230.0,HOUSTON 5 -- HOUSTON 5,HOUSTON 5,HOUSTON 5,303.440746
"LINESTRING (-95.5306 29.9417, -95.5306 29.9417)",418.0,303.440746,31.754671,-303.141155,-15.544376,230.0,HOUSTON 5 -- HOUSTON 5,HOUSTON 5,HOUSTON 5,303.440746
"LINESTRING (-95.5306 29.9417, -95.5306 29.9417)",418.0,303.440746,31.754671,-303.141155,-15.544376,230.0,HOUSTON 5 -- HOUSTON 5,HOUSTON 5,HOUSTON 5,303.440746
"LINESTRING (-95.5306 29.9417, -95.3954 29.721)",548.0,-117.54235,6.40724,117.859172,-8.981085,230.0,HOUSTON 5 -- HOUSTON 4,HOUSTON 4,HOUSTON 5,117.54235
"LINESTRING (-95.5306 29.9417, -95.5033 29.9572)",331.65,192.970866,1.915782,-192.502847,1.168781,115.0,HOUSTON 5 -- HOUSTON 69,HOUSTON 5,HOUSTON 69,192.970866
"LINESTRING (-95.5306 29.9417, -95.5033 29.9572)",300.0,192.970866,1.915782,-192.502847,1.168781,115.0,HOUSTON 5 -- HOUSTON 69,HOUSTON 5,HOUSTON 69,192.970866
"LINESTRING (-95.5306 29.9417, -95.5033 29.9572)",300.0,192.970866,1.915782,-192.502847,1.168781,115.0,HOUSTON 5 -- HOUSTON 69,HOUSTON 5,HOUSTON 69,192.970866
"LINESTRING (-95.5306 29.9417, -95.5033 29.9572)",300.0,192.970866,1.915782,-192.502847,1.168781,115.0,HOUSTON 5 -- HOUSTON 69,HOUSTON 5,HOUSTON 69,192.970866
"LINESTRING (-94.9201 29.3914, -94.9201 29.3914)",352.0,221.910594,-28.983635,-221.794101,36.499612,230.0,TEXAS CITY 1 -- TEXAS CITY 1,TEXAS CITY 1,TEXAS CITY 1,221.910594
"LINESTRING (-94.9201 29.3914, -95.4501 29.1749)",443.0,-74.184229,7.542853,74.552078,-16.277399,230.0,TEXAS CITY 1 -- ANGLETON,ANGLETON,TEXAS CITY 1,74.184229
"LINESTRING (-94.9201 29.3914, -94.9801 29.3632)",221.0,65.33705,-31.159806,-65.202685,31.692933,115.0,TEXAS CITY 1 -- LA MARQUE,TEXAS CITY 1,LA MARQUE,65.33705
"LINESTRING (-94.9201 29.3914, -94.9801 29.3632)",221.0,65.33705,-31.159806,-65.202685,31.692933,115.0,TEXAS CITY 1 -- LA MARQUE,TEXAS CITY 1,LA MARQUE,65.33705
"LINESTRING (-95.221 30.0468, -95.1775 29.9945)",102.9,-55.289556,-3.59047,55.405483,3.85977,115.0,KINGWOOD 2 -- HUMBLE 1,HUMBLE 1,KINGWOOD 2,55.289556
"LINESTRING (-95.1306 29.5736, -95.1194 29.6136)",331.5,-133.578487,-25.055076,133.923706,27.137276,115.0,HOUSTON 8 -- HOUSTON 7,HOUSTON 7,HOUSTON 8,133.578487
"LINESTRING (-95.1306 29.5736, -95.1194 29.6136)",331.5,-133.578487,-25.055076,133.923706,27.137276,115.0,HOUSTON 8 -- HOUSTON 7,HOUSTON 7,HOUSTON 8,133.578487
"LINESTRING (-95.1306 29.5736, -95.2797 29.5616)",98.0,25.028401,0.789222,-24.981338,-1.268379,115.0,HOUSTON 8 -- PEARLAND 1,HOUSTON 8,PEARLAND 1,25.028401
"LINESTRING (-95.1306 29.5736, -95.1361 29.5386)",221.0,117.458573,14.000929,-117.235707,-12.80369,115.0,HOUSTON 8 -- WEBSTER,HOUSTON 8,WEBSTER,117.458573
"LINESTRING (-95.5289 30.0409, -95.5289 30.0409)",1292.0,357.548385,76.267948,-357.329497,-61.959585,500.0,SPRING 7 -- SPRING 7,SPRING 7,SPRING 7,357.548385
"LINESTRING (-95.5289 30.0409, -95.5289 30.0409)",1292.0,357.548385,76.267948,-357.329497,-61.959585,500.0,SPRING 7 -- SPRING 7,SPRING 7,SPRING 7,357.548385
"LINESTRING (-95.5289 30.0409, -95.5214 30.4356)",2020.0,621.857036,-86.132176,-619.973232,56.332703,500.0,SPRING 7 -- WILLIS 1,SPRING 7,WILLIS 1,621.857036
"LINESTRING (-95.5289 30.0409, -95.5289 30.0409)",439.0,188.506207,42.202131,-188.163009,-27.526313,230.0,SPRING 7 -- SPRING 7,SPRING 7,SPRING 7,188.506207
"LINESTRING (-95.5289 30.0409, -95.5289 30.0409)",439.0,188.506207,42.202131,-188.163009,-27.526313,230.0,SPRING 7 -- SPRING 7,SPRING 7,SPRING 7,188.506207
"LINESTRING (-95.5289 30.0409, -95.5289 30.0409)",439.0,188.506207,42.202131,-188.163009,-27.526313,230.0,SPRING 7 -- SPRING 7,SPRING 7,SPRING 7,188.506207
"LINESTRING (-95.5289 30.0409, -95.6694 29.9978)",443.0,87.78398,-39.938182,-87.631033,38.195254,230.0,SPRING 7 -- CYPRESS 1,SPRING 7,CYPRESS 1,87.78398
"LINESTRING (-95.5289 30.0409, -95.7421 29.7457)",443.0,-60.185567,4.784754,60.351658,-11.229698,230.0,SPRING 7 -- KATY 2,KATY 2,SPRING 7,60.185567
"LINESTRING (-95.5289 30.0409, -95.4884 30.0071)",221.0,20.997045,-4.005576,-20.986872,3.757442,115.0,SPRING 7 -- HOUSTON 66,SPRING 7,HOUSTON 66,20.997045
"LINESTRING (-95.5289 30.0409, -95.4884 30.0071)",221.0,20.997045,-4.005576,-20.986872,3.757442,115.0,SPRING 7 -- HOUSTON 66,SPRING 7,HOUSTON 66,20.997045
"LINESTRING (-95.3949 29.9347, -95.4002 29.9993)",149.0,-44.802248,5.057458,44.901665,-5.006077,115.0,HOUSTON 41 -- HOUSTON 42,HOUSTON 42,HOUSTON 41,44.802248
"LINESTRING (-95.3949 29.9347, -95.4466 29.9526)",98.0,15.760247,-9.063898,-15.737226,8.844292,115.0,HOUSTON 41 -- HOUSTON 57,HOUSTON 41,HOUSTON 57,15.760247
"LINESTRING (-95.4746 29.5373, -95.3614 29.4815)",149.0,-34.129883,6.008342,34.231897,-6.243895,115.0,FRESNO -- MANVEL,MANVEL,FRESNO,34.129883
"LINESTRING (-95.4746 29.5373, -95.2797 29.5616)",149.0,-26.26137,9.20398,26.361851,-9.90822,115.0,FRESNO -- PEARLAND 1,PEARLAND 1,FRESNO,26.26137
"LINESTRING (-95.4746 29.5373, -95.568 29.6243)",149.0,2.101252,-31.732321,-2.013399,31.307227,115.0,FRESNO -- STAFFORD,FRESNO,STAFFORD,2.101252
"LINESTRING (-95.4169 29.7982, -95.4111 29.7715)",98.0,11.758309,23.445394,-11.731385,-23.536275,115.0,HOUSTON 48 -- HOUSTON 46,HOUSTON 48,HOUSTON 46,11.758309
"LINESTRING (-95.4169 29.7982, -95.4744 29.83)",221.0,56.766068,3.211579,-56.679933,-2.992662,115.0,HOUSTON 48 -- HOUSTON 62,HOUSTON 48,HOUSTON 62,56.766068
"LINESTRING (-95.4169 29.7982, -95.4744 29.83)",221.0,56.766068,3.211579,-56.679933,-2.992662,115.0,HOUSTON 48 -- HOUSTON 62,HOUSTON 48,HOUSTON 62,56.766068
"LINESTRING (-95.4169 29.7982, -95.4917 29.7969)",221.0,65.136289,-35.040207,-64.976916,35.613959,115.0,HOUSTON 48 -- HOUSTON 68,HOUSTON 48,HOUSTON 68,65.136289
"LINESTRING (-95.4169 29.7982, -95.4917 29.7969)",221.0,65.136289,-35.040207,-64.976916,35.613959,115.0,HOUSTON 48 -- HOUSTON 68,HOUSTON 48,HOUSTON 68,65.136289
"LINESTRING (-95.4169 29.7982, -95.4095 29.7541)",250.0,-154.701724,-3.796437,155.183795,6.591034,115.0,HOUSTON 48 -- HOUSTON 45,HOUSTON 45,HOUSTON 48,154.701724
"LINESTRING (-95.4169 29.7982, -95.4095 29.7541)",250.0,-154.701724,-3.796437,155.183795,6.591034,115.0,HOUSTON 48 -- HOUSTON 45,HOUSTON 45,HOUSTON 48,154.701724
"LINESTRING (-95.4526 29.8815, -95.4412 29.9186)",221.0,-77.720094,-5.505647,77.826515,6.003924,115.0,HOUSTON 58 -- HOUSTON 55,HOUSTON 55,HOUSTON 58,77.720094
"LINESTRING (-95.4526 29.8815, -95.5271 29.8746)",98.0,-12.346842,-15.548874,12.383536,15.267229,115.0,HOUSTON 58 -- HOUSTON 75,HOUSTON 75,HOUSTON 58,12.346842
"LINESTRING (-96.0122 29.7927, -95.9553 29.5924)",98.0,-40.51129,7.573032,40.715344,-7.672664,115.0,PATTISON -- FULSHEAR,FULSHEAR,PATTISON,40.51129
"LINESTRING (-95.5345 29.7018, -95.4794 29.6753)",250.0,-47.82746,161.084406,49.8873,-156.383338,115.0,HOUSTON 77 -- HOUSTON 64,HOUSTON 64,HOUSTON 77,47.82746
"LINESTRING (-95.5581 29.4734, -95.5581 29.4734)",210.0,131.342368,27.811025,-131.227147,-22.812944,230.0,MISSOURI CITY 2 -- MISSOURI CITY 2,MISSOURI CITY 2,MISSOURI CITY 2,131.342368
"LINESTRING (-95.5581 29.4734, -95.5581 29.4734)",210.0,131.342368,27.811025,-131.227147,-22.812944,230.0,MISSOURI CITY 2 -- MISSOURI CITY 2,MISSOURI CITY 2,MISSOURI CITY 2,131.342368
"LINESTRING (-95.5581 29.4734, -95.5581 29.4734)",210.0,131.342368,27.811025,-131.227147,-22.812944,230.0,MISSOURI CITY 2 -- MISSOURI CITY 2,MISSOURI CITY 2,MISSOURI CITY 2,131.342368
"LINESTRING (-95.5581 29.4734, -95.6311 29.4828)",750.0,-207.964789,-27.147269,208.143168,27.070546,230.0,MISSOURI CITY 2 -- THOMPSONS,THOMPSONS,MISSOURI CITY 2,207.964789
"LINESTRING (-95.5581 29.4734, -95.6311 29.4828)",750.0,-207.964789,-27.147269,208.143168,27.070546,230.0,MISSOURI CITY 2 -- THOMPSONS,THOMPSONS,MISSOURI CITY 2,207.964789
"LINESTRING (-95.5581 29.4734, -95.6311 29.4828)",750.0,-207.964789,-27.147269,208.143168,27.070546,230.0,MISSOURI CITY 2 -- THOMPSONS,THOMPSONS,MISSOURI CITY 2,207.964789
"LINESTRING (-95.5581 29.4734, -95.47 29.3814)",221.0,112.375721,10.289416,-111.69689,-6.342409,115.0,MISSOURI CITY 2 -- ROSHARON,MISSOURI CITY 2,ROSHARON,112.375721
"LINESTRING (-95.5581 29.4734, -95.47 29.3814)",221.0,112.375721,10.289416,-111.69689,-6.342409,115.0,MISSOURI CITY 2 -- ROSHARON,MISSOURI CITY 2,ROSHARON,112.375721
"LINESTRING (-95.3954 29.721, -95.3954 29.721)",1600.0,789.172621,145.489766,-788.405957,-95.820949,500.0,HOUSTON 4 -- HOUSTON 4,HOUSTON 4,HOUSTON 4,789.172621
"LINESTRING (-95.3954 29.721, -95.3954 29.721)",1600.0,789.172621,145.489766,-788.405957,-95.820949,500.0,HOUSTON 4 -- HOUSTON 4,HOUSTON 4,HOUSTON 4,789.172621
"LINESTRING (-95.3954 29.721, -95.3954 29.721)",264.0,-6.899685,-3.48694,6.9,3.508398,500.0,HOUSTON 4 -- HOUSTON 4,HOUSTON 4,HOUSTON 4,6.899685
"LINESTRING (-95.3954 29.721, -95.3954 29.721)",337.0,-47.989515,-19.427166,48.0,20.645042,500.0,HOUSTON 4 -- HOUSTON 4,HOUSTON 4,HOUSTON 4,47.989515
"LINESTRING (-95.3954 29.721, -95.3954 29.721)",258.0,-0.0,0.0,-0.0,0.0,500.0,HOUSTON 4 -- HOUSTON 4,HOUSTON 4,HOUSTON 4,0.0
"LINESTRING (-95.3954 29.721, -95.3954 29.721)",312.0,-34.993535,-17.203344,35.0,17.676459,500.0,HOUSTON 4 -- HOUSTON 4,HOUSTON 4,HOUSTON 4,34.993535
"LINESTRING (-95.3954 29.721, -95.3954 29.721)",256.0,-7.499724,-3.802215,7.5,3.818527,500.0,HOUSTON 4 -- HOUSTON 4,HOUSTON 4,HOUSTON 4,7.499724
"LINESTRING (-95.3954 29.721, -95.3954 29.721)",861.0,-230.855958,-44.716987,230.950001,51.807819,500.0,HOUSTON 4 -- HOUSTON 4,HOUSTON 4,HOUSTON 4,230.855958
"LINESTRING (-95.3954 29.721, -95.3954 29.721)",863.0,-230.816268,-30.850307,230.950001,38.911166,500.0,HOUSTON 4 -- HOUSTON 4,HOUSTON 4,HOUSTON 4,230.816268
"LINESTRING (-95.3954 29.721, -95.3954 29.721)",866.0,-230.885839,-68.7763,230.950001,73.41569,500.0,HOUSTON 4 -- HOUSTON 4,HOUSTON 4,HOUSTON 4,230.885839
"LINESTRING (-95.3954 29.721, -95.3954 29.721)",867.0,-230.905252,-111.62379,230.950001,115.002328,500.0,HOUSTON 4 -- HOUSTON 4,HOUSTON 4,HOUSTON 4,230.905252
"LINESTRING (-95.3954 29.721, -95.8296 29.7406)",2768.0,-76.860156,27.496105,76.883335,-79.307957,500.0,HOUSTON 4 -- KATY 3,KATY 3,HOUSTON 4,76.860156
"LINESTRING (-95.3954 29.721, -95.6311 29.4828)",2768.0,-480.63931,-18.588588,481.150107,-14.654828,500.0,HOUSTON 4 -- THOMPSONS,THOMPSONS,HOUSTON 4,480.63931
"LINESTRING (-95.3954 29.721, -95.3954 29.721)",600.0,471.631854,50.030497,-471.143635,-14.117117,230.0,HOUSTON 4 -- HOUSTON 4,HOUSTON 4,HOUSTON 4,471.631854
"LINESTRING (-95.3954 29.721, -95.3954 29.721)",600.0,471.631854,50.030497,-471.143635,-14.117117,230.0,HOUSTON 4 -- HOUSTON 4,HOUSTON 4,HOUSTON 4,471.631854
"LINESTRING (-95.3954 29.721, -95.3954 29.721)",600.0,471.678724,49.516887,-471.151464,-13.604611,230.0,HOUSTON 4 -- HOUSTON 4,HOUSTON 4,HOUSTON 4,471.678724
"LINESTRING (-95.3954 29.721, -95.3954 29.721)",600.0,471.678724,49.516887,-471.151464,-13.604611,230.0,HOUSTON 4 -- HOUSTON 4,HOUSTON 4,HOUSTON 4,471.678724
"LINESTRING (-95.3954 29.721, -95.2194 29.8222)",647.0,-230.306486,1.57549,231.190851,2.896653,230.0,HOUSTON 4 -- HOUSTON 6,HOUSTON 6,HOUSTON 4,230.306486
"LINESTRING (-95.3954 29.721, -95.3913 29.741)",300.0,153.52669,7.540649,-153.314849,-6.190627,115.0,HOUSTON 4 -- HOUSTON 39,HOUSTON 4,HOUSTON 39,153.52669
"LINESTRING (-95.3954 29.721, -95.3913 29.741)",250.0,153.52669,7.540649,-153.314849,-6.190627,115.0,HOUSTON 4 -- HOUSTON 39,HOUSTON 4,HOUSTON 39,153.52669
"LINESTRING (-95.3954 29.721, -95.3913 29.741)",300.0,153.52669,7.540649,-153.314849,-6.190627,115.0,HOUSTON 4 -- HOUSTON 39,HOUSTON 4,HOUSTON 39,153.52669
"LINESTRING (-95.3954 29.721, -95.3913 29.741)",300.0,153.52669,7.540649,-153.314849,-6.190627,115.0,HOUSTON 4 -- HOUSTON 39,HOUSTON 4,HOUSTON 39,153.52669
"LINESTRING (-95.3954 29.721, -95.3913 29.741)",300.0,153.52669,7.540649,-153.314849,-6.190627,115.0,HOUSTON 4 -- HOUSTON 39,HOUSTON 4,HOUSTON 39,153.52669
"LINESTRING (-95.3954 29.721, -95.3913 29.741)",300.0,153.52669,7.540649,-153.314849,-6.190627,115.0,HOUSTON 4 -- HOUSTON 39,HOUSTON 4,HOUSTON 39,153.52669
"LINESTRING (-95.3954 29.721, -95.3913 29.741)",300.0,153.52669,7.540649,-153.314849,-6.190627,115.0,HOUSTON 4 -- HOUSTON 39,HOUSTON 4,HOUSTON 39,153.52669
"LINESTRING (-95.3954 29.721, -95.3913 29.741)",300.0,153.52669,7.540649,-153.314849,-6.190627,115.0,HOUSTON 4 -- HOUSTON 39,HOUSTON 4,HOUSTON 39,153.52669
"LINESTRING (-95.6815 30.0617, -95.6694 29.9978)",221.0,-59.078259,100.312851,59.450644,-98.217225,115.0,TOMBALL 2 -- CYPRESS 1,CYPRESS 1,TOMBALL 2,59.078259
"LINESTRING (-95.6815 30.0617, -95.6694 29.9978)",221.0,-59.078259,100.312851,59.450644,-98.217225,115.0,TOMBALL 2 -- CYPRESS 1,CYPRESS 1,TOMBALL 2,59.078259
"LINESTRING (-95.6815 30.0617, -95.5808 29.8586)",221.0,32.036519,51.196707,-31.688408,-50.243005,115.0,TOMBALL 2 -- HOUSTON 81,TOMBALL 2,HOUSTON 81,32.036519
"LINESTRING (-95.6694 29.9978, -95.6694 29.9978)",1344.0,538.749646,57.357563,-538.244524,-21.695921,500.0,CYPRESS 1 -- CYPRESS 1,CYPRESS 1,CYPRESS 1,538.749646
"LINESTRING (-95.6694 29.9978, -95.2103 29.7233)",3146.0,-867.580514,-25.873534,870.171161,12.249867,500.0,CYPRESS 1 -- PASADENA 1,PASADENA 1,CYPRESS 1,867.580514
"LINESTRING (-95.6694 29.9978, -95.6694 29.9978)",320.4,171.808727,-8.502593,-171.654199,18.376914,230.0,CYPRESS 1 -- CYPRESS 1,CYPRESS 1,CYPRESS 1,171.808727
"LINESTRING (-95.6694 29.9978, -95.6694 29.9978)",320.4,171.808727,-8.502593,-171.654199,18.376914,230.0,CYPRESS 1 -- CYPRESS 1,CYPRESS 1,CYPRESS 1,171.808727
"LINESTRING (-95.6694 29.9978, -95.6694 29.9978)",320.4,171.808727,-8.502593,-171.654199,18.376914,230.0,CYPRESS 1 -- CYPRESS 1,CYPRESS 1,CYPRESS 1,171.808727
"LINESTRING (-95.6694 29.9978, -95.6472 30.2169)",548.0,110.449377,9.008446,-110.201449,-11.551189,230.0,CYPRESS 1 -- MAGNOLIA 1,CYPRESS 1,MAGNOLIA 1,110.449377
"LINESTRING (-95.6835 29.1556, -95.6677 29.2599)",98.0,29.569346,-3.691518,-29.516102,3.342913,115.0,WEST COLUMBIA -- DAMON,WEST COLUMBIA,DAMON,29.569346
"LINESTRING (-95.6835 29.1556, -95.4758 29.0505)",150.0,-27.555838,-1.150903,27.677424,0.321752,115.0,WEST COLUMBIA -- LAKE JACKSON,LAKE JACKSON,WEST COLUMBIA,27.555838
"LINESTRING (-95.6835 29.1556, -95.9411 29.1327)",98.0,-2.604191,-6.811569,2.618646,5.530527,115.0,WEST COLUMBIA -- VAN VLECK,VAN VLECK,WEST COLUMBIA,2.604191
"LINESTRING (-95.6835 29.1556, -95.5583 28.9606)",221.0,-19.959317,5.83399,20.100148,-6.785838,115.0,WEST COLUMBIA -- BRAZORIA,BRAZORIA,WEST COLUMBIA,19.959317
"LINESTRING (-94.9139 29.6744, -94.9139 29.6744)",1324.0,558.258912,58.721651,-557.886022,-31.687113,500.0,BAYTOWN 1 -- BAYTOWN 1,BAYTOWN 1,BAYTOWN 1,558.258912
"LINESTRING (-94.9139 29.6744, -94.9139 29.6744)",243.0,0.0,-0.0,0.0,-0.0,500.0,BAYTOWN 1 -- BAYTOWN 1,BAYTOWN 1,BAYTOWN 1,0.0
"LINESTRING (-94.9139 29.6744, -94.9139 29.6744)",1265.0,-229.442135,-3.990241,229.500001,8.09873,500.0,BAYTOWN 1 -- BAYTOWN 1,BAYTOWN 1,BAYTOWN 1,229.442135
"LINESTRING (-94.9139 29.6744, -94.9139 29.6744)",1260.0,-229.468812,-7.408968,229.500001,10.256073,500.0,BAYTOWN 1 -- BAYTOWN 1,BAYTOWN 1,BAYTOWN 1,229.468812
"LINESTRING (-94.9139 29.6744, -94.9139 29.6744)",664.0,-178.373591,-1.104818,178.5,6.989566,500.0,BAYTOWN 1 -- BAYTOWN 1,BAYTOWN 1,BAYTOWN 1,178.373591
"LINESTRING (-94.9139 29.6744, -94.9139 29.6744)",656.0,-178.43271,-2.075928,178.5,6.309815,500.0,BAYTOWN 1 -- BAYTOWN 1,BAYTOWN 1,BAYTOWN 1,178.43271
"LINESTRING (-94.9139 29.6744, -94.9139 29.6744)",669.0,-178.39508,-1.331007,178.5,8.209978,500.0,BAYTOWN 1 -- BAYTOWN 1,BAYTOWN 1,BAYTOWN 1,178.39508
"LINESTRING (-94.9139 29.6744, -95.0458 29.6225)",2020.0,235.560094,29.123336,-235.473506,-45.200114,500.0,BAYTOWN 1 -- PASADENA 3,BAYTOWN 1,PASADENA 3,235.560094
"LINESTRING (-94.9139 29.6744, -95.4075 28.9913)",2020.0,76.872867,-45.503809,-76.814547,-63.578277,500.0,BAYTOWN 1 -- FREEPORT 2,BAYTOWN 1,FREEPORT 2,76.872867
"LINESTRING (-94.9139 29.6744, -94.9139 29.6744)",181.0,78.734839,-1.361752,-78.613706,6.229816,230.0,BAYTOWN 1 -- BAYTOWN 1,BAYTOWN 1,BAYTOWN 1,78.734839
"LINESTRING (-94.9139 29.6744, -94.9973 29.7535)",750.0,165.595764,25.732022,-165.405921,-27.028211,230.0,BAYTOWN 1 -- BAYTOWN 3,BAYTOWN 1,BAYTOWN 3,165.595764
"LINESTRING (-94.9139 29.6744, -94.5201 29.5069)",100.0,57.018587,-22.798586,-56.801375,23.359493,115.0,BAYTOWN 1 -- PORT BOLIVAR,BAYTOWN 1,PORT BOLIVAR,57.018587
"LINESTRING (-95.0323 29.3036, -94.9973 29.3992)",109.76,-24.624573,-53.171737,25.103375,53.735648,115.0,SANTA FE 1 -- TEXAS CITY 2,TEXAS CITY 2,SANTA FE 1,24.624573
"LINESTRING (-95.0323 29.3036, -95.1311 29.3645)",149.0,-27.708554,18.771963,27.79543,-19.061403,115.0,SANTA FE 1 -- SANTA FE 2,SANTA FE 2,SANTA FE 1,27.708554
"LINESTRING (-95.0323 29.3036, -94.9247 29.2532)",98.0,-16.166874,14.989775,16.196542,-15.492314,115.0,SANTA FE 1 -- GALVESTON 3,GALVESTON 3,SANTA FE 1,16.166874
"LINESTRING (-95.3351 29.6669, -95.2797 29.5616)",149.0,-50.061696,13.392962,50.295634,-13.086879,115.0,HOUSTON 27 -- PEARLAND 1,PEARLAND 1,HOUSTON 27,50.061696
"LINESTRING (-95.3351 29.6669, -95.4329 29.6358)",149.0,52.830142,-6.407292,-52.638454,6.713255,115.0,HOUSTON 27 -- HOUSTON 50,HOUSTON 27,HOUSTON 50,52.830142
"LINESTRING (-95.3351 29.6669, -95.2766 29.647)",221.0,-43.329223,-15.377835,43.381456,15.376189,115.0,HOUSTON 27 -- HOUSTON 19,HOUSTON 19,HOUSTON 27,43.329223
"LINESTRING (-95.3351 29.6669, -95.2766 29.647)",221.0,-43.329223,-15.377835,43.381456,15.376189,115.0,HOUSTON 27 -- HOUSTON 19,HOUSTON 19,HOUSTON 27,43.329223
"LINESTRING (-95.501 30.1782, -95.4684 30.137)",221.0,18.753618,-35.792105,-18.716589,35.717837,115.0,SPRING 5 -- SPRING 3,SPRING 5,SPRING 3,18.753618
"LINESTRING (-95.501 30.1782, -95.4957 30.2338)",149.0,-68.708492,-4.138611,68.907341,4.687972,115.0,SPRING 5 -- CONROE 6,CONROE 6,SPRING 5,68.708492
"LINESTRING (-95.4111 29.7715, -95.3569 29.6984)",149.0,-43.999407,13.469392,44.137359,-13.382736,115.0,HOUSTON 46 -- HOUSTON 31,HOUSTON 31,HOUSTON 46,43.999407
"LINESTRING (-95.4111 29.7715, -95.5157 29.6879)",98.0,7.153744,-11.559002,-7.141188,10.908903,115.0,HOUSTON 46 -- HOUSTON 71,HOUSTON 46,HOUSTON 71,7.153744
"LINESTRING (-95.3143 29.7732, -95.3289 29.8002)",98.0,-16.327036,32.2783,16.349487,-32.318377,115.0,HOUSTON 23 -- HOUSTON 26,HOUSTON 26,HOUSTON 23,16.327036
"LINESTRING (-95.3143 29.7732, -95.3796 29.8316)",150.0,-0.839799,-73.211306,1.459706,74.245654,115.0,HOUSTON 23 -- HOUSTON 36,HOUSTON 36,HOUSTON 23,0.839799
"LINESTRING (-95.6864 30.3062, -95.6472 30.2169)",149.0,-62.350521,4.81684,62.632114,-4.271827,115.0,MONTGOMERY -- MAGNOLIA 1,MAGNOLIA 1,MONTGOMERY,62.350521
"LINESTRING (-95.6864 30.3062, -95.85 30.3164)",98.0,14.240521,-18.44684,-14.13192,17.899782,115.0,MONTGOMERY -- PLANTERSVILLE,MONTGOMERY,PLANTERSVILLE,14.240521
"LINESTRING (-96.0854 29.4164, -95.9662 29.4644)",149.0,71.191588,-34.728273,-70.669853,36.279683,115.0,HUNGERFORD -- BEASLEY,HUNGERFORD,BEASLEY,71.191588
"LINESTRING (-96.0854 29.4164, -95.9553 29.5924)",149.0,50.693076,9.877728,-50.283195,-9.396222,115.0,HUNGERFORD -- FULSHEAR,HUNGERFORD,FULSHEAR,50.693076
"LINESTRING (-96.0854 29.4164, -96.1918 29.3491)",221.0,-61.567332,12.245272,61.76783,-11.6447,115.0,HUNGERFORD -- WHARTON 2,WHARTON 2,HUNGERFORD,61.567332
"LINESTRING (-96.0854 29.4164, -96.1918 29.3491)",221.0,-61.567332,12.245272,61.76783,-11.6447,115.0,HUNGERFORD -- WHARTON 2,WHARTON 2,HUNGERFORD,61.567332
"LINESTRING (-95.586 29.6709, -95.5848 29.6997)",221.0,-49.345783,20.89153,49.383154,-20.82708,115.0,HOUSTON 84 -- HOUSTON 83,HOUSTON 83,HOUSTON 84,49.345783
"LINESTRING (-95.586 29.6709, -95.5848 29.6997)",221.0,-49.345783,20.89153,49.383154,-20.82708,115.0,HOUSTON 84 -- HOUSTON 83,HOUSTON 83,HOUSTON 84,49.345783
"LINESTRING (-95.586 29.6709, -95.6813 29.7693)",221.0,-5.38177,12.40834,5.392993,-13.178022,115.0,HOUSTON 84 -- HOUSTON 91,HOUSTON 91,HOUSTON 84,5.38177
"LINESTRING (-95.5848 29.6997, -95.603 29.7761)",250.0,100.963031,4.686561,-100.368563,-2.572026,115.0,HOUSTON 83 -- HOUSTON 85,HOUSTON 83,HOUSTON 85,100.963031
"LINESTRING (-95.3183 29.7218, -95.3042 29.6856)",98.0,9.717276,-8.235662,-9.708455,8.036715,115.0,HOUSTON 24 -- HOUSTON 21,HOUSTON 24,HOUSTON 21,9.717276
"LINESTRING (-95.3183 29.7218, -95.4689 29.7482)",149.0,68.419093,-9.392878,-67.944911,10.639058,115.0,HOUSTON 24 -- HOUSTON 61,HOUSTON 24,HOUSTON 61,68.419093
"LINESTRING (-95.5312 29.9884, -95.5033 29.9572)",221.0,-130.012487,-11.909142,130.315853,13.764924,115.0,HOUSTON 76 -- HOUSTON 69,HOUSTON 69,HOUSTON 76,130.012487
"LINESTRING (-95.5312 29.9884, -95.5033 29.9572)",221.0,-130.012487,-11.909142,130.315853,13.764924,115.0,HOUSTON 76 -- HOUSTON 69,HOUSTON 69,HOUSTON 76,130.012487
"LINESTRING (-95.5312 29.9884, -95.4466 29.9526)",221.0,104.838738,2.979317,-104.17288,-0.569865,115.0,HOUSTON 76 -- HOUSTON 57,HOUSTON 76,HOUSTON 57,104.838738
"LINESTRING (-95.5312 29.9884, -95.6032 29.9266)",221.0,105.566236,6.778966,-105.002318,-4.103012,115.0,HOUSTON 76 -- HOUSTON 86,HOUSTON 76,HOUSTON 86,105.566236
"LINESTRING (-95.4017 29.7068, -95.5233 29.7363)",98.0,28.415178,5.522398,-28.3622,-5.894896,115.0,HOUSTON 43 -- HOUSTON 74,HOUSTON 43,HOUSTON 74,28.415178
"LINESTRING (-95.4017 29.7068, -95.4049 29.6803)",98.0,-22.715717,31.757044,22.774289,-31.766967,115.0,HOUSTON 43 -- HOUSTON 44,HOUSTON 44,HOUSTON 43,22.715717
"LINESTRING (-95.4017 29.7068, -95.4794 29.6753)",98.0,-36.469461,-45.999442,36.615955,46.435674,115.0,HOUSTON 43 -- HOUSTON 64,HOUSTON 64,HOUSTON 43,36.469461
"LINESTRING (-95.5808 29.8586, -95.6512 29.9092)",149.0,19.145751,18.643542,-19.102639,-18.979613,115.0,HOUSTON 81 -- HOUSTON 89,HOUSTON 81,HOUSTON 89,19.145751
"LINESTRING (-95.5808 29.8586, -95.436 29.8531)",98.0,-43.766352,-9.758049,43.912161,9.813384,115.0,HOUSTON 81 -- HOUSTON 53,HOUSTON 53,HOUSTON 81,43.766352
"LINESTRING (-95.3787 29.6561, -95.4753 29.6534)",149.0,41.019432,-21.967818,-40.886636,22.016121,115.0,HOUSTON 35 -- HOUSTON 63,HOUSTON 35,HOUSTON 63,41.019432
"LINESTRING (-95.3787 29.6561, -95.3598 29.7536)",98.0,-17.463796,-2.291839,17.481078,1.768843,115.0,HOUSTON 35 -- HOUSTON 32,HOUSTON 32,HOUSTON 35,17.463796
"LINESTRING (-95.3787 29.6561, -95.3242 29.6187)",149.0,-68.100857,49.036591,68.413886,-48.014432,115.0,HOUSTON 35 -- HOUSTON 25,HOUSTON 25,HOUSTON 35,68.100857
"LINESTRING (-95.3787 29.6561, -95.3042 29.6856)",98.0,-32.990391,43.906122,33.296016,-43.572264,115.0,HOUSTON 35 -- HOUSTON 21,HOUSTON 21,HOUSTON 35,32.990391
"LINESTRING (-95.6599 29.8275, -95.6599 29.8275)",1259.0,719.713681,113.420637,-718.986083,-63.489225,500.0,HOUSTON 90 -- HOUSTON 90,HOUSTON 90,HOUSTON 90,719.713681
"LINESTRING (-95.6599 29.8275, -95.1872 29.425)",2768.0,-882.532005,-86.885232,885.743762,71.945994,500.0,HOUSTON 90 -- ALVIN,ALVIN,HOUSTON 90,882.532005
"LINESTRING (-95.6599 29.8275, -95.6599 29.8275)",467.0,242.107792,22.457273,-241.885888,-13.163135,230.0,HOUSTON 90 -- HOUSTON 90,HOUSTON 90,HOUSTON 90,242.107792
"LINESTRING (-95.6599 29.8275, -95.6599 29.8275)",467.0,242.107792,22.457273,-241.885888,-13.163135,230.0,HOUSTON 90 -- HOUSTON 90,HOUSTON 90,HOUSTON 90,242.107792
"LINESTRING (-95.6599 29.8275, -95.6599 29.8275)",467.0,242.107792,22.457273,-241.885888,-13.163135,230.0,HOUSTON 90 -- HOUSTON 90,HOUSTON 90,HOUSTON 90,242.107792
"LINESTRING (-95.6599 29.8275, -95.7421 29.7457)",443.0,-20.581951,17.73171,20.592869,-20.036241,230.0,HOUSTON 90 -- KATY 2,KATY 2,HOUSTON 90,20.581951
"LINESTRING (-95.9662 29.4644, -95.8617 29.5484)",149.0,63.299853,-38.369683,-62.81408,39.745744,115.0,BEASLEY -- ROSENBERG,BEASLEY,ROSENBERG,63.299853
"LINESTRING (-95.1194 29.6136, -95.0458 29.6225)",221.0,-132.349673,-3.751065,132.856532,6.780453,115.0,HOUSTON 7 -- PASADENA 3,PASADENA 3,HOUSTON 7,132.349673
"LINESTRING (-95.1194 29.6136, -95.0458 29.6225)",221.0,-132.349673,-3.751065,132.856532,6.780453,115.0,HOUSTON 7 -- PASADENA 3,PASADENA 3,HOUSTON 7,132.349673
"LINESTRING (-95.1194 29.6136, -95.0458 29.6225)",221.0,-132.349673,-3.751065,132.856532,6.780453,115.0,HOUSTON 7 -- PASADENA 3,PASADENA 3,HOUSTON 7,132.349673
"LINESTRING (-95.1194 29.6136, -95.0458 29.6225)",221.0,-132.349673,-3.751065,132.856532,6.780453,115.0,HOUSTON 7 -- PASADENA 3,PASADENA 3,HOUSTON 7,132.349673
"LINESTRING (-95.1194 29.6136, -95.1403 29.6456)",221.0,105.35064,-26.840146,-105.155309,27.926215,115.0,HOUSTON 7 -- PASADENA 4,HOUSTON 7,PASADENA 4,105.35064
"LINESTRING (-95.1194 29.6136, -95.1403 29.6456)",221.0,105.35064,-26.840146,-105.155309,27.926215,115.0,HOUSTON 7 -- PASADENA 4,HOUSTON 7,PASADENA 4,105.35064
"LINESTRING (-94.9801 29.3632, -94.9973 29.3992)",221.0,87.48537,-75.545867,-87.261567,76.83366,115.0,LA MARQUE -- TEXAS CITY 2,LA MARQUE,TEXAS CITY 2,87.48537
"LINESTRING (-95.9323 30.0796, -95.8337 30.0476)",98.0,-18.762582,-13.569269,18.832042,13.21253,115.0,WALLER -- HOCKLEY,HOCKLEY,WALLER,18.762582
"LINESTRING (-95.7476 29.9343, -95.8337 30.0476)",149.0,30.472996,70.868849,-29.908619,-69.280973,115.0,CYPRESS 2 -- HOCKLEY,CYPRESS 2,HOCKLEY,30.472996
"LINESTRING (-95.7476 29.9343, -95.8315 29.8532)",221.0,-91.046498,76.432398,91.694469,-72.65834,115.0,CYPRESS 2 -- KATY 4,KATY 4,CYPRESS 2,91.046498
"LINESTRING (-95.7476 29.9343, -95.8315 29.8532)",221.0,-91.046498,76.432398,91.694469,-72.65834,115.0,CYPRESS 2 -- KATY 4,KATY 4,CYPRESS 2,91.046498
"LINESTRING (-95.3534 29.9878, -95.439 30.0082)",221.0,33.356635,121.091119,-32.511145,-118.11372,115.0,HOUSTON 30 -- HOUSTON 54,HOUSTON 30,HOUSTON 54,33.356635
"LINESTRING (-95.3534 29.9878, -95.5033 29.9572)",221.0,-95.801897,103.07756,97.643225,-96.353018,115.0,HOUSTON 30 -- HOUSTON 69,HOUSTON 69,HOUSTON 30,95.801897
"LINESTRING (-95.3534 29.9878, -95.4684 30.137)",149.0,24.175261,62.297756,-23.609655,-61.175876,115.0,HOUSTON 30 -- SPRING 3,HOUSTON 30,SPRING 3,24.175261
"LINESTRING (-95.9553 29.5924, -95.6677 29.2599)",149.0,-57.617897,10.127071,58.697701,-7.988537,115.0,FULSHEAR -- DAMON,DAMON,FULSHEAR,57.617897
"LINESTRING (-94.7334 30.0757, -94.8653 29.8717)",221.0,-63.236373,48.055562,63.602421,-46.537666,115.0,LIBERTY -- BAYTOWN 4,BAYTOWN 4,LIBERTY,63.236373
"LINESTRING (-94.603 29.8685, -94.5201 29.5069)",98.0,-31.628031,-6.132347,32.165774,5.247456,115.0,WINNIE -- PORT BOLIVAR,PORT BOLIVAR,WINNIE,31.628031
"LINESTRING (-94.603 29.8685, -94.8653 29.8717)",98.0,-10.771969,-5.877653,10.818273,4.655675,115.0,WINNIE -- BAYTOWN 4,BAYTOWN 4,WINNIE,10.771969
"LINESTRING (-95.5118 29.7712, -95.4689 29.7482)",98.0,-23.618463,6.653014,23.633695,-6.834356,115.0,HOUSTON 70 -- HOUSTON 61,HOUSTON 61,HOUSTON 70,23.618463
"LINESTRING (-95.4412 29.9186, -95.4002 29.9993)",98.0,3.436294,0.168215,-3.434765,-0.677529,115.0,HOUSTON 55 -- HOUSTON 42,HOUSTON 55,HOUSTON 42,3.436294
"LINESTRING (-95.4412 29.9186, -95.4884 30.0071)",221.0,-5.887687,7.385327,5.891872,-8.032442,115.0,HOUSTON 55 -- HOUSTON 66,HOUSTON 66,HOUSTON 55,5.887687
"LINESTRING (-95.4412 29.9186, -95.4884 30.0071)",221.0,-5.887687,7.385327,5.891872,-8.032442,115.0,HOUSTON 55 -- HOUSTON 66,HOUSTON 66,HOUSTON 55,5.887687
"LINESTRING (-95.0572 29.9329, -95.0509 29.8325)",221.0,-111.89198,18.217534,112.46955,-15.19986,115.0,CROSBY -- CHANNELVIEW 2,CHANNELVIEW 2,CROSBY,111.89198
"LINESTRING (-95.0572 29.9329, -95.0509 29.8325)",221.0,-111.89198,18.217534,112.46955,-15.19986,115.0,CROSBY -- CHANNELVIEW 2,CHANNELVIEW 2,CROSBY,111.89198
"LINESTRING (-95.3614 29.4815, -95.3242 29.6187)",149.0,35.644972,-12.081519,-35.496882,11.880297,115.0,MANVEL -- HOUSTON 25,MANVEL,HOUSTON 25,35.644972
"LINESTRING (-95.6512 29.9092, -95.8337 30.0476)",98.0,24.702758,-25.055904,-24.554396,24.610767,115.0,HOUSTON 89 -- HOCKLEY,HOUSTON 89,HOCKLEY,24.702758
"LINESTRING (-95.6512 29.9092, -95.7421 29.7457)",221.0,-82.889277,-0.869257,83.464002,3.714369,115.0,HOUSTON 89 -- KATY 2,KATY 2,HOUSTON 89,82.889277
"LINESTRING (-95.6512 29.9092, -95.7421 29.7457)",221.0,-82.889277,-0.869257,83.464002,3.714369,115.0,HOUSTON 89 -- KATY 2,KATY 2,HOUSTON 89,82.889277
"LINESTRING (-95.6512 29.9092, -95.6032 29.9266)",98.0,-39.331566,-10.755969,39.440952,10.758613,115.0,HOUSTON 89 -- HOUSTON 86,HOUSTON 86,HOUSTON 89,39.331566
"LINESTRING (-95.6677 29.2599, -95.807 29.3826)",149.0,-38.381599,2.035624,38.571468,-2.39215,115.0,DAMON -- NEEDVILLE,NEEDVILLE,DAMON,38.381599
"LINESTRING (-95.5233 29.7363, -95.4689 29.7482)",149.0,-42.462068,5.007685,42.528894,-5.016663,115.0,HOUSTON 74 -- HOUSTON 61,HOUSTON 61,HOUSTON 74,42.462068
"LINESTRING (-95.5233 29.7363, -95.5157 29.6879)",221.0,-82.750765,-32.378444,82.925976,33.170447,115.0,HOUSTON 74 -- HOUSTON 71,HOUSTON 71,HOUSTON 74,82.750765
"LINESTRING (-95.5233 29.7363, -95.5157 29.6879)",221.0,-82.750765,-32.378444,82.925976,33.170447,115.0,HOUSTON 74 -- HOUSTON 71,HOUSTON 71,HOUSTON 74,82.750765
"LINESTRING (-95.3289 29.8002, -95.3913 29.741)",221.0,-118.092113,-11.046654,118.603227,14.010226,115.0,HOUSTON 26 -- HOUSTON 39,HOUSTON 39,HOUSTON 26,118.092113
"LINESTRING (-95.3289 29.8002, -95.3913 29.741)",221.0,-118.092113,-11.046654,118.603227,14.010226,115.0,HOUSTON 26 -- HOUSTON 39,HOUSTON 39,HOUSTON 26,118.092113
"LINESTRING (-95.3289 29.8002, -95.3822 29.86)",221.0,87.532935,9.881342,-87.266701,-8.558089,115.0,HOUSTON 26 -- HOUSTON 37,HOUSTON 26,HOUSTON 37,87.532935
"LINESTRING (-95.3289 29.8002, -95.3822 29.86)",221.0,87.532935,9.881342,-87.266701,-8.558089,115.0,HOUSTON 26 -- HOUSTON 37,HOUSTON 26,HOUSTON 37,87.532935
"LINESTRING (-95.3289 29.8002, -95.3569 29.6984)",98.0,-27.051132,14.299001,27.19342,-14.552392,115.0,HOUSTON 26 -- HOUSTON 31,HOUSTON 31,HOUSTON 26,27.051132
"LINESTRING (-95.3598 29.7536, -95.3796 29.8316)",221.0,89.557422,-71.511274,-89.093607,73.932069,115.0,HOUSTON 32 -- HOUSTON 36,HOUSTON 32,HOUSTON 36,89.557422
"LINESTRING (-95.3598 29.7536, -95.3796 29.8316)",221.0,89.557422,-71.511274,-89.093607,73.932069,115.0,HOUSTON 32 -- HOUSTON 36,HOUSTON 32,HOUSTON 36,89.557422
"LINESTRING (-95.4501 29.1749, -95.4501 29.1749)",297.0,179.201571,39.151942,-178.940345,-29.750697,230.0,ANGLETON -- ANGLETON,ANGLETON,ANGLETON,179.201571
"LINESTRING (-95.4501 29.1749, -95.4758 29.0505)",647.0,-239.712426,-4.67379,240.371829,8.201951,230.0,ANGLETON -- LAKE JACKSON,LAKE JACKSON,ANGLETON,239.712426
"LINESTRING (-95.4501 29.1749, -95.8997 29.2639)",443.0,-38.657729,-7.567764,38.734667,-0.86172,230.0,ANGLETON -- NEWGULF,NEWGULF,ANGLETON,38.657729
"LINESTRING (-95.4501 29.1749, -95.6311 29.4828)",548.0,24.616506,-10.632989,-24.596134,2.911333,230.0,ANGLETON -- THOMPSONS,ANGLETON,THOMPSONS,24.616506
"LINESTRING (-95.4501 29.1749, -95.4758 29.0505)",149.0,-33.737775,5.416103,33.846943,-5.712696,115.0,ANGLETON -- LAKE JACKSON,LAKE JACKSON,ANGLETON,33.737775
"LINESTRING (-95.4501 29.1749, -95.3143 29.2315)",221.0,60.87406,-0.712703,-60.656685,1.191155,115.0,ANGLETON -- DANBURY,ANGLETON,DANBURY,60.87406
"LINESTRING (-95.4501 29.1749, -95.3143 29.2315)",221.0,60.87406,-0.712703,-60.656685,1.191155,115.0,ANGLETON -- DANBURY,ANGLETON,DANBURY,60.87406
"LINESTRING (-95.3913 29.741, -95.4464 29.7401)",221.0,114.837879,10.895699,-114.553732,-9.270881,115.0,HOUSTON 39 -- HOUSTON 56,HOUSTON 39,HOUSTON 56,114.837879
"LINESTRING (-95.3913 29.741, -95.4464 29.7401)",221.0,114.837879,10.895699,-114.553732,-9.270881,115.0,HOUSTON 39 -- HOUSTON 56,HOUSTON 39,HOUSTON 56,114.837879
"LINESTRING (-95.3913 29.741, -95.4095 29.7541)",250.0,168.658213,-7.071277,-168.396788,8.618052,115.0,HOUSTON 39 -- HOUSTON 45,HOUSTON 39,HOUSTON 45,168.658213
"LINESTRING (-95.3913 29.741, -95.4095 29.7541)",250.0,168.658213,-7.071277,-168.396788,8.618052,115.0,HOUSTON 39 -- HOUSTON 45,HOUSTON 39,HOUSTON 45,168.658213
"LINESTRING (-95.3913 29.741, -95.4095 29.7541)",250.0,168.658213,-7.071277,-168.396788,8.618052,115.0,HOUSTON 39 -- HOUSTON 45,HOUSTON 39,HOUSTON 45,168.658213
"LINESTRING (-95.3913 29.741, -95.4095 29.7541)",250.0,168.658213,-7.071277,-168.396788,8.618052,115.0,HOUSTON 39 -- HOUSTON 45,HOUSTON 39,HOUSTON 45,168.658213
"LINESTRING (-95.4607 29.5835, -95.4329 29.6358)",98.0,20.603559,19.155859,-20.537775,-19.325673,115.0,HOUSTON 59 -- HOUSTON 50,HOUSTON 59,HOUSTON 50,20.603559
"LINESTRING (-95.2797 29.5616, -95.1921 29.5151)",221.0,-84.823179,-0.339905,85.115474,1.750516,115.0,PEARLAND 1 -- FRIENDSWOOD,FRIENDSWOOD,PEARLAND 1,84.823179
"LINESTRING (-95.2797 29.5616, -95.1921 29.5151)",221.0,-84.823179,-0.339905,85.115474,1.750516,115.0,PEARLAND 1 -- FRIENDSWOOD,FRIENDSWOOD,PEARLAND 1,84.823179
"LINESTRING (-95.2256 29.587, -95.1403 29.6456)",221.0,-114.805829,37.023166,115.414795,-33.40467,115.0,HOUSTON 13 -- PASADENA 4,PASADENA 4,HOUSTON 13,114.805829
"LINESTRING (-95.2256 29.587, -95.1403 29.6456)",221.0,-114.805829,37.023166,115.414795,-33.40467,115.0,HOUSTON 13 -- PASADENA 4,PASADENA 4,HOUSTON 13,114.805829
"LINESTRING (-95.0509 29.8325, -95.1077 29.8161)",221.0,-116.526366,-1.63676,116.841278,3.490247,115.0,CHANNELVIEW 2 -- CHANNELVIEW 1,CHANNELVIEW 1,CHANNELVIEW 2,116.526366
"LINESTRING (-95.0509 29.8325, -95.1077 29.8161)",221.0,-116.526366,-1.63676,116.841278,3.490247,115.0,CHANNELVIEW 2 -- CHANNELVIEW 1,CHANNELVIEW 1,CHANNELVIEW 2,116.526366
"LINESTRING (-95.0509 29.8325, -95.1077 29.8161)",221.0,-116.526366,-1.63676,116.841278,3.490247,115.0,CHANNELVIEW 2 -- CHANNELVIEW 1,CHANNELVIEW 1,CHANNELVIEW 2,116.526366
"LINESTRING (-95.8393 28.7885, -95.8393 28.7885)",305.0,160.309324,-43.38506,-160.172457,49.13347,230.0,BAY CITY -- BAY CITY,BAY CITY,BAY CITY,160.309324
"LINESTRING (-95.8393 28.7885, -95.4075 28.9913)",548.0,90.631676,5.85938,-90.3163,-12.768881,230.0,BAY CITY -- FREEPORT 2,BAY CITY,FREEPORT 2,90.631676
"LINESTRING (-95.8393 28.7885, -95.7349 28.9331)",149.0,88.142454,16.281787,-87.192746,-13.156213,115.0,BAY CITY -- SWEENY,BAY CITY,SWEENY,88.142454
"LINESTRING (-95.0458 29.6225, -95.0458 29.6225)",1362.0,663.32474,83.615127,-662.832528,-52.605767,500.0,PASADENA 3 -- PASADENA 3,PASADENA 3,PASADENA 3,663.32474
"LINESTRING (-95.0458 29.6225, -95.0458 29.6225)",1362.0,663.32474,83.615127,-662.832528,-52.605767,500.0,PASADENA 3 -- PASADENA 3,PASADENA 3,PASADENA 3,663.32474
"LINESTRING (-95.0458 29.6225, -95.0458 29.6225)",983.0,-304.495981,-41.771551,304.6,47.940689,500.0,PASADENA 3 -- PASADENA 3,PASADENA 3,PASADENA 3,304.495981
"LINESTRING (-95.0458 29.6225, -95.0458 29.6225)",443.0,-90.591671,-7.872789,90.64,11.009238,500.0,PASADENA 3 -- PASADENA 3,PASADENA 3,PASADENA 3,90.591671
"LINESTRING (-95.0458 29.6225, -95.0458 29.6225)",438.0,-90.624839,-27.139831,90.64,28.200361,500.0,PASADENA 3 -- PASADENA 3,PASADENA 3,PASADENA 3,90.624839
"LINESTRING (-95.0458 29.6225, -95.0458 29.6225)",440.0,-90.612914,-14.287993,90.64,17.161213,500.0,PASADENA 3 -- PASADENA 3,PASADENA 3,PASADENA 3,90.612914
"LINESTRING (-95.0458 29.6225, -95.0458 29.6225)",701.0,-181.225829,-28.577842,181.28,32.007755,500.0,PASADENA 3 -- PASADENA 3,PASADENA 3,PASADENA 3,181.225829
"LINESTRING (-95.0458 29.6225, -95.0458 29.6225)",461.0,297.580283,47.592897,-297.168065,-22.470906,230.0,PASADENA 3 -- PASADENA 3,PASADENA 3,PASADENA 3,297.580283
"LINESTRING (-95.0458 29.6225, -95.0458 29.6225)",461.0,297.580283,47.592897,-297.168065,-22.470906,230.0,PASADENA 3 -- PASADENA 3,PASADENA 3,PASADENA 3,297.580283
"LINESTRING (-95.0458 29.6225, -95.2103 29.7233)",523.0,217.367683,4.140255,-216.3229,-0.583555,230.0,PASADENA 3 -- PASADENA 1,PASADENA 3,PASADENA 1,217.367683
"LINESTRING (-95.9771 29.8485, -95.8315 29.8532)",149.0,-30.123416,-31.714714,30.300318,31.599886,115.0,BROOKSHIRE -- KATY 4,KATY 4,BROOKSHIRE,30.123416
"LINESTRING (-95.9771 29.8485, -96.1077 29.7951)",149.0,1.673416,23.654714,-1.619359,-24.250864,115.0,BROOKSHIRE -- SEALY,BROOKSHIRE,SEALY,1.673416
"LINESTRING (-95.3242 29.6187, -95.3869 29.6106)",98.0,33.966813,17.380341,-33.92069,-17.45639,115.0,HOUSTON 25 -- HOUSTON 38,HOUSTON 25,HOUSTON 38,33.966813
"LINESTRING (-94.9973 29.3992, -94.8333 29.2782)",98.0,-15.502848,28.444831,15.612008,-29.041466,115.0,TEXAS CITY 2 -- GALVESTON 2,GALVESTON 2,TEXAS CITY 2,15.502848
"LINESTRING (-97.1987 28.6767, -97.1987 28.6767)",143.0,24.416721,0.379095,-24.403958,0.266143,230.0,VICTORIA 3 -- VICTORIA 3,VICTORIA 3,VICTORIA 3,24.416721
"LINESTRING (-95.3796 29.8316, -95.436 29.8531)",221.0,31.10496,101.341208,-30.773937,-99.676919,115.0,HOUSTON 36 -- HOUSTON 53,HOUSTON 36,HOUSTON 53,31.10496
"LINESTRING (-96.4898 29.0209, -96.6897 29.0424)",98.0,36.682327,18.432599,-36.283071,-18.531893,115.0,GANADO -- EDNA,GANADO,EDNA,36.682327
"LINESTRING (-94.9197 29.8247, -94.9197 29.8247)",172.0,66.767243,3.729086,-66.716556,-0.635671,230.0,MONT BELVIEU -- MONT BELVIEU,MONT BELVIEU,MONT BELVIEU,66.767243
"LINESTRING (-94.9197 29.8247, -94.9197 29.8247)",87.0,-0.0,0.0,-0.0,0.0,230.0,MONT BELVIEU -- MONT BELVIEU,MONT BELVIEU,MONT BELVIEU,0.0
"LINESTRING (-94.9197 29.8247, -94.9197 29.8247)",91.0,0.0,0.0,-0.0,-0.0,230.0,MONT BELVIEU -- MONT BELVIEU,MONT BELVIEU,MONT BELVIEU,0.0
"LINESTRING (-94.9197 29.8247, -95.1077 29.8161)",443.0,2.458417,0.369676,-2.458191,-3.989948,230.0,MONT BELVIEU -- CHANNELVIEW 1,MONT BELVIEU,CHANNELVIEW 1,2.458417
"LINESTRING (-94.9197 29.8247, -94.8653 29.8717)",221.0,127.259289,-24.025579,-126.450694,27.141991,115.0,MONT BELVIEU -- BAYTOWN 4,MONT BELVIEU,BAYTOWN 4,127.259289
"LINESTRING (-94.9973 29.7535, -94.9973 29.7535)",145.0,116.270801,20.812562,-115.9667,-12.356385,230.0,BAYTOWN 3 -- BAYTOWN 3,BAYTOWN 3,BAYTOWN 3,116.270801
"LINESTRING (-94.9973 29.7535, -94.9973 29.7535)",70.0,-0.0,-0.0,-0.0,-0.0,230.0,BAYTOWN 3 -- BAYTOWN 3,BAYTOWN 3,BAYTOWN 3,0.0
"LINESTRING (-94.9973 29.7535, -94.9973 29.7535)",93.0,-21.214708,0.346018,21.220001,0.0,230.0,BAYTOWN 3 -- BAYTOWN 3,BAYTOWN 3,BAYTOWN 3,21.214708
"LINESTRING (-94.9973 29.7535, -94.9973 29.7535)",93.0,-21.198954,0.795951,21.220001,0.0,230.0,BAYTOWN 3 -- BAYTOWN 3,BAYTOWN 3,BAYTOWN 3,21.198954
"LINESTRING (-94.9973 29.7535, -94.9973 29.7535)",91.0,-21.207329,0.689281,21.220001,0.0,230.0,BAYTOWN 3 -- BAYTOWN 3,BAYTOWN 3,BAYTOWN 3,21.207329
"LINESTRING (-94.9973 29.7535, -94.9973 29.7535)",93.0,-21.201965,0.733829,21.220001,0.0,230.0,BAYTOWN 3 -- BAYTOWN 3,BAYTOWN 3,BAYTOWN 3,21.201965
"LINESTRING (-94.9973 29.7535, -94.9973 29.7535)",124.0,-42.426044,1.094757,42.450001,0.0,230.0,BAYTOWN 3 -- BAYTOWN 3,BAYTOWN 3,BAYTOWN 3,42.426044
"LINESTRING (-94.9973 29.7535, -95.2103 29.7233)",443.0,149.448713,3.561322,-148.918974,-3.947553,230.0,BAYTOWN 3 -- PASADENA 1,BAYTOWN 3,PASADENA 1,149.448713
"LINESTRING (-94.9973 29.7535, -95.1077 29.8161)",523.0,258.229446,9.476636,-257.260727,-5.118254,230.0,BAYTOWN 3 -- CHANNELVIEW 1,BAYTOWN 3,CHANNELVIEW 1,258.229446
"LINESTRING (-95.5171 30.1234, -95.4684 30.137)",98.0,-13.958246,-42.882292,14.010483,42.937705,115.0,SPRING 6 -- SPRING 3,SPRING 3,SPRING 6,13.958246
"LINESTRING (-95.2862 30.0173, -95.4002 29.9993)",149.0,-52.562497,-18.513912,52.800805,18.85353,115.0,HUMBLE 2 -- HOUSTON 42,HOUSTON 42,HUMBLE 2,52.562497
"LINESTRING (-95.1311 29.3645, -95.1872 29.425)",149.0,-43.73543,14.541403,43.857181,-14.481207,115.0,SANTA FE 2 -- ALVIN,ALVIN,SANTA FE 2,43.73543
"LINESTRING (-94.5201 29.5069, -94.8333 29.2782)",98.0,17.385601,4.921287,-17.32022,-6.719276,115.0,PORT BOLIVAR -- GALVESTON 2,PORT BOLIVAR,GALVESTON 2,17.385601
"LINESTRING (-95.603 29.7761, -95.6154 29.7502)",102.9,6.528563,-24.017974,-6.503501,23.91971,115.0,HOUSTON 85 -- HOUSTON 87,HOUSTON 85,HOUSTON 87,6.528563
"LINESTRING (-95.4329 29.6358, -95.3869 29.6106)",149.0,-68.974716,10.282071,69.147357,-9.798533,115.0,HOUSTON 50 -- HOUSTON 38,HOUSTON 38,HOUSTON 50,68.974716
"LINESTRING (-95.4329 29.6358, -95.4049 29.6803)",149.0,48.380945,-24.239652,-48.269699,24.412319,115.0,HOUSTON 50 -- HOUSTON 44,HOUSTON 50,HOUSTON 44,48.380945
"LINESTRING (-95.4744 29.83, -95.4689 29.7482)",98.0,-4.328136,8.793498,4.339966,-9.235379,115.0,HOUSTON 62 -- HOUSTON 61,HOUSTON 61,HOUSTON 62,4.328136
"LINESTRING (-95.4744 29.83, -95.436 29.8531)",149.0,0.933155,-33.122273,-0.90021,33.013902,115.0,HOUSTON 62 -- HOUSTON 53,HOUSTON 62,HOUSTON 53,0.933155
"LINESTRING (-96.3845 29.3974, -96.2187 29.5222)",98.0,38.077196,-0.067045,-37.917715,-0.193259,115.0,EAGLE LAKE -- EAST BERNARD,EAGLE LAKE,EAST BERNARD,38.077196
"LINESTRING (-96.3845 29.3974, -96.1918 29.3491)",149.0,-56.477196,-5.142955,56.896748,5.936659,115.0,EAGLE LAKE -- WHARTON 2,WHARTON 2,EAGLE LAKE,56.477196
"LINESTRING (-95.1361 29.5386, -95.2689 29.6204)",149.0,48.055707,-6.79631,-47.805617,7.017393,115.0,WEBSTER -- HOUSTON 17,WEBSTER,HOUSTON 17,48.055707
"LINESTRING (-95.7349 28.9331, -95.5583 28.9606)",221.0,62.762749,6.236224,-61.900148,-5.054162,115.0,SWEENY -- BRAZORIA,SWEENY,BRAZORIA,62.762749
"LINESTRING (-96.3539 28.8579, -95.9411 29.1327)",98.0,10.017124,5.117546,-9.928646,-7.600527,115.0,BLESSING -- VAN VLECK,BLESSING,VAN VLECK,10.017124
"LINESTRING (-96.0683 29.2878, -96.0683 29.2878)",1160.0,617.08999,71.2974,-616.537114,-30.937417,500.0,WHARTON 1 -- WHARTON 1,WHARTON 1,WHARTON 1,617.08999
"LINESTRING (-96.0683 29.2878, -96.0683 29.2878)",473.0,-96.647381,-41.427339,96.679997,43.448578,500.0,WHARTON 1 -- WHARTON 1,WHARTON 1,WHARTON 1,96.647381
"LINESTRING (-96.0683 29.2878, -96.0683 29.2878)",459.0,-96.659518,-47.197187,96.679997,49.207988,500.0,WHARTON 1 -- WHARTON 1,WHARTON 1,WHARTON 1,96.659518
"LINESTRING (-96.0683 29.2878, -96.0683 29.2878)",454.0,0.0,0.0,-0.0,-0.0,500.0,WHARTON 1 -- WHARTON 1,WHARTON 1,WHARTON 1,0.0
"LINESTRING (-96.0683 29.2878, -96.0683 29.2878)",464.0,-96.627606,-23.026259,96.679997,26.183832,500.0,WHARTON 1 -- WHARTON 1,WHARTON 1,WHARTON 1,96.627606
"LINESTRING (-96.0683 29.2878, -96.0683 29.2878)",729.0,-193.300704,-76.327809,193.369867,80.594045,500.0,WHARTON 1 -- WHARTON 1,WHARTON 1,WHARTON 1,193.300704
"LINESTRING (-96.0683 29.2878, -95.8296 29.7406)",2020.0,829.414745,21.212825,-825.280007,-38.48781,500.0,WHARTON 1 -- KATY 3,WHARTON 1,KATY 3,829.414745
"LINESTRING (-96.0683 29.2878, -96.0683 29.2878)",305.0,182.042632,23.038126,-181.818497,-9.406115,230.0,WHARTON 1 -- WHARTON 1,WHARTON 1,WHARTON 1,182.042632
"LINESTRING (-96.0683 29.2878, -95.8997 29.2639)",443.0,8.148377,13.447004,-8.142837,-16.750241,230.0,WHARTON 1 -- NEWGULF,WHARTON 1,NEWGULF,8.148377
"LINESTRING (-96.0683 29.2878, -96.1918 29.3491)",221.0,87.064248,3.613057,-86.651341,-1.55347,115.0,WHARTON 1 -- WHARTON 2,WHARTON 1,WHARTON 2,87.064248
"LINESTRING (-96.0683 29.2878, -96.1918 29.3491)",221.0,87.064248,3.613057,-86.651341,-1.55347,115.0,WHARTON 1 -- WHARTON 2,WHARTON 1,WHARTON 2,87.064248
"LINESTRING (-95.4758 29.0505, -95.4758 29.0505)",168.0,109.125296,25.925075,-109.020752,-18.796675,230.0,LAKE JACKSON -- LAKE JACKSON,LAKE JACKSON,LAKE JACKSON,109.125296
"LINESTRING (-95.4758 29.0505, -95.342 28.9802)",548.0,-162.574101,-22.585666,162.903306,22.650425,230.0,LAKE JACKSON -- FREEPORT 1,FREEPORT 1,LAKE JACKSON,162.574101
"LINESTRING (-95.4758 29.0505, -95.4075 28.9913)",548.0,-186.923025,-11.54136,187.187282,12.188971,230.0,LAKE JACKSON -- FREEPORT 2,FREEPORT 2,LAKE JACKSON,186.923025
"LINESTRING (-95.4758 29.0505, -95.4075 28.9913)",98.0,-38.723614,-0.242381,38.795053,0.122515,115.0,LAKE JACKSON -- FREEPORT 2,FREEPORT 2,LAKE JACKSON,38.723614
"LINESTRING (-96.2529 29.9871, -96.1077 29.7951)",149.0,6.895421,-3.376849,-6.885954,1.92765,115.0,BELLVILLE -- SEALY,BELLVILLE,SEALY,6.895421
"LINESTRING (-95.3869 29.6106, -95.47 29.3814)",221.0,-68.382803,7.462106,68.90189,-5.782591,115.0,HOUSTON 38 -- ROSHARON,ROSHARON,HOUSTON 38,68.382803
"LINESTRING (-95.3869 29.6106, -95.47 29.3814)",221.0,-68.382803,7.462106,68.90189,-5.782591,115.0,HOUSTON 38 -- ROSHARON,ROSHARON,HOUSTON 38,68.382803
"LINESTRING (-95.1921 29.5151, -95.1872 29.425)",221.0,-94.372563,-8.568434,94.738437,10.294314,115.0,FRIENDSWOOD -- ALVIN,ALVIN,FRIENDSWOOD,94.372563
"LINESTRING (-95.1921 29.5151, -95.1872 29.425)",221.0,-94.372563,-8.568434,94.738437,10.294314,115.0,FRIENDSWOOD -- ALVIN,ALVIN,FRIENDSWOOD,94.372563
"LINESTRING (-95.1921 29.5151, -95.1872 29.425)",221.0,-94.372563,-8.568434,94.738437,10.294314,115.0,FRIENDSWOOD -- ALVIN,ALVIN,FRIENDSWOOD,94.372563
"LINESTRING (-95.1921 29.5151, -95.1872 29.425)",221.0,-94.372563,-8.568434,94.738437,10.294314,115.0,FRIENDSWOOD -- ALVIN,ALVIN,FRIENDSWOOD,94.372563
"LINESTRING (-95.2689 29.6204, -95.3569 29.6984)",149.0,14.660101,-13.242543,-14.628641,12.720947,115.0,HOUSTON 17 -- HOUSTON 31,HOUSTON 17,HOUSTON 31,14.660101
"LINESTRING (-95.342 28.9802, -95.342 28.9802)",1000.0,259.22872,46.290703,-259.095075,-36.517223,500.0,FREEPORT 1 -- FREEPORT 1,FREEPORT 1,FREEPORT 1,259.22872
"LINESTRING (-95.342 28.9802, -95.342 28.9802)",584.0,-124.433283,-1.660941,124.48,4.430238,500.0,FREEPORT 1 -- FREEPORT 1,FREEPORT 1,FREEPORT 1,124.433283
"LINESTRING (-95.342 28.9802, -95.342 28.9802)",577.0,-124.438468,-1.867935,124.48,5.610997,500.0,FREEPORT 1 -- FREEPORT 1,FREEPORT 1,FREEPORT 1,124.438468
"LINESTRING (-95.342 28.9802, -95.342 28.9802)",581.0,-124.441061,-1.992356,124.48,5.75516,500.0,FREEPORT 1 -- FREEPORT 1,FREEPORT 1,FREEPORT 1,124.441061
"LINESTRING (-95.342 28.9802, -95.342 28.9802)",568.0,-124.457917,-3.516321,124.48,5.351838,500.0,FREEPORT 1 -- FREEPORT 1,FREEPORT 1,FREEPORT 1,124.457917
"LINESTRING (-95.342 28.9802, -95.1872 29.425)",2020.0,238.542008,-37.253148,-238.227151,-22.737048,500.0,FREEPORT 1 -- ALVIN,FREEPORT 1,ALVIN,238.542008
"LINESTRING (-95.342 28.9802, -95.342 28.9802)",128.4,96.191769,13.866798,-96.033048,-8.083878,230.0,FREEPORT 1 -- FREEPORT 1,FREEPORT 1,FREEPORT 1,96.191769
"LINESTRING (-95.342 28.9802, -95.2783 29.0212)",149.0,96.033048,8.083878,-95.569526,-6.500598,115.0,FREEPORT 1 -- FREEPORT 3,FREEPORT 1,FREEPORT 3,96.033048
"LINESTRING (-95.8997 29.2639, -95.8997 29.2639)",172.0,71.215263,10.057367,-71.143877,-8.163658,230.0,NEWGULF -- NEWGULF,NEWGULF,NEWGULF,71.215263
"LINESTRING (-95.8997 29.2639, -95.8997 29.2639)",190.0,-101.807093,7.554594,101.899997,-3.260457,230.0,NEWGULF -- NEWGULF,NEWGULF,NEWGULF,101.807093
"LINESTRING (-95.8997 29.2639, -95.807 29.3826)",149.0,71.143877,8.163658,-70.611468,-6.68785,115.0,NEWGULF -- NEEDVILLE,NEWGULF,NEEDVILLE,71.143877
"LINESTRING (-95.4609 29.704, -95.4689 29.7482)",98.0,58.801069,5.711704,-58.577644,-5.422661,115.0,HOUSTON 60 -- HOUSTON 61,HOUSTON 60,HOUSTON 61,58.801069
"LINESTRING (-95.2103 29.7233, -95.2103 29.7233)",1122.0,271.558264,50.936613,-271.401987,-39.873489,500.0,PASADENA 1 -- PASADENA 1,PASADENA 1,PASADENA 1,271.558264
"LINESTRING (-95.2103 29.7233, -95.2103 29.7233)",244.0,0.0,0.0,-0.0,-0.0,500.0,PASADENA 1 -- PASADENA 1,PASADENA 1,PASADENA 1,0.0
"LINESTRING (-95.2103 29.7233, -95.2103 29.7233)",1106.0,-136.020921,-39.401317,136.050001,40.992164,500.0,PASADENA 1 -- PASADENA 1,PASADENA 1,PASADENA 1,136.020921
"LINESTRING (-95.2103 29.7233, -95.2194 29.8222)",2768.0,-1033.009955,4.894411,1033.738232,-3.341255,500.0,PASADENA 1 -- HOUSTON 6,HOUSTON 6,PASADENA 1,1033.009955
"LINESTRING (-95.2103 29.7233, -95.2103 29.7233)",421.2,255.769141,34.300073,-255.233215,-11.906457,230.0,PASADENA 1 -- PASADENA 1,PASADENA 1,PASADENA 1,255.769141
"LINESTRING (-95.2103 29.7233, -95.2103 29.7233)",421.2,255.769141,34.300073,-255.233215,-11.906457,230.0,PASADENA 1 -- PASADENA 1,PASADENA 1,PASADENA 1,255.769141
"LINESTRING (-95.2103 29.7233, -95.2103 29.7233)",421.2,255.769141,34.300073,-255.233215,-11.906457,230.0,PASADENA 1 -- PASADENA 1,PASADENA 1,PASADENA 1,255.769141
"LINESTRING (-95.2103 29.7233, -95.2194 29.8222)",548.0,-78.668475,-18.990301,78.727041,17.296241,230.0,PASADENA 1 -- HOUSTON 6,HOUSTON 6,PASADENA 1,78.668475
"LINESTRING (-95.568 29.6243, -95.4861 29.6207)",221.0,71.171362,-26.515265,-70.989415,27.276434,115.0,STAFFORD -- HOUSTON 65,STAFFORD,HOUSTON 65,71.171362
"LINESTRING (-95.568 29.6243, -95.4861 29.6207)",221.0,71.171362,-26.515265,-70.989415,27.276434,115.0,STAFFORD -- HOUSTON 65,STAFFORD,HOUSTON 65,71.171362
"LINESTRING (-95.3042 29.6856, -95.2766 29.647)",221.0,-66.393781,2.297775,66.484433,-1.960098,115.0,HOUSTON 21 -- HOUSTON 19,HOUSTON 19,HOUSTON 21,66.393781
"LINESTRING (-95.3042 29.6856, -95.2766 29.647)",221.0,-66.393781,2.297775,66.484433,-1.960098,115.0,HOUSTON 21 -- HOUSTON 19,HOUSTON 19,HOUSTON 21,66.393781
"LINESTRING (-95.8296 29.7406, -95.8296 29.7406)",1311.0,748.396673,117.795767,-747.562392,-56.353463,500.0,KATY 3 -- KATY 3,KATY 3,KATY 3,748.396673
"LINESTRING (-95.8296 29.7406, -95.8296 29.7406)",190.0,108.131443,32.147513,-107.92587,-22.902273,230.0,KATY 3 -- KATY 3,KATY 3,KATY 3,108.131443
"LINESTRING (-95.8296 29.7406, -95.8296 29.7406)",190.0,108.131443,32.147513,-107.92587,-22.902273,230.0,KATY 3 -- KATY 3,KATY 3,KATY 3,108.131443
"LINESTRING (-95.8296 29.7406, -95.7421 29.7457)",750.0,206.764129,8.0839,-206.554665,-8.17442,230.0,KATY 3 -- KATY 2,KATY 3,KATY 2,206.764129
"LINESTRING (-95.8296 29.7406, -95.7421 29.7457)",750.0,206.764129,8.0839,-206.554665,-8.17442,230.0,KATY 3 -- KATY 2,KATY 3,KATY 2,206.764129
"LINESTRING (-95.3822 29.86, -95.4466 29.9526)",149.0,15.089839,-7.6336,-15.066907,7.02584,115.0,HOUSTON 37 -- HOUSTON 57,HOUSTON 37,HOUSTON 57,15.089839
"LINESTRING (-95.2766 29.647, -95.3569 29.6984)",221.0,67.595524,4.015997,-67.416069,-3.462909,115.0,HOUSTON 19 -- HOUSTON 31,HOUSTON 19,HOUSTON 31,67.595524
"LINESTRING (-95.2766 29.647, -95.3569 29.6984)",221.0,67.595524,4.015997,-67.416069,-3.462909,115.0,HOUSTON 19 -- HOUSTON 31,HOUSTON 19,HOUSTON 31,67.595524
"LINESTRING (-95.6311 29.4828, -95.6311 29.4828)",1271.0,525.899345,87.693364,-525.5617,-63.91349,500.0,THOMPSONS -- THOMPSONS,THOMPSONS,THOMPSONS,525.899345
"LINESTRING (-95.6311 29.4828, -95.6311 29.4828)",1271.0,525.899345,87.693364,-525.5617,-63.91349,500.0,THOMPSONS -- THOMPSONS,THOMPSONS,THOMPSONS,525.899345
"LINESTRING (-95.6311 29.4828, -95.6311 29.4828)",1019.0,-313.761615,-48.030696,313.830001,52.843345,500.0,THOMPSONS -- THOMPSONS,THOMPSONS,THOMPSONS,313.761615
"LINESTRING (-95.6311 29.4828, -95.6311 29.4828)",1021.0,-313.645811,-17.478698,313.830001,28.747745,500.0,THOMPSONS -- THOMPSONS,THOMPSONS,THOMPSONS,313.645811
"LINESTRING (-95.6311 29.4828, -95.6311 29.4828)",1018.0,-313.570983,-12.410052,313.830001,27.31611,500.0,THOMPSONS -- THOMPSONS,THOMPSONS,THOMPSONS,313.570983
"LINESTRING (-95.6311 29.4828, -95.6311 29.4828)",1025.0,-313.546036,-11.316911,313.830001,25.139281,500.0,THOMPSONS -- THOMPSONS,THOMPSONS,THOMPSONS,313.546036
"LINESTRING (-95.6311 29.4828, -95.6311 29.4828)",1225.0,-205.191475,-20.228218,205.260006,24.567332,500.0,THOMPSONS -- THOMPSONS,THOMPSONS,THOMPSONS,205.191475
"LINESTRING (-95.6311 29.4828, -95.6311 29.4828)",1222.0,-205.236477,-64.027024,205.260006,66.658399,500.0,THOMPSONS -- THOMPSONS,THOMPSONS,THOMPSONS,205.236477
"LINESTRING (-95.6311 29.4828, -95.6311 29.4828)",1218.0,-205.236477,-64.027013,205.260006,66.681918,500.0,THOMPSONS -- THOMPSONS,THOMPSONS,THOMPSONS,205.236477
"LINESTRING (-95.6311 29.4828, -95.6311 29.4828)",1219.0,-204.956194,-32.020472,205.000006,34.24393,500.0,THOMPSONS -- THOMPSONS,THOMPSONS,THOMPSONS,204.956194
"LINESTRING (-95.6311 29.4828, -95.6311 29.4828)",287.0,-16.298323,-5.812814,16.3,5.916132,500.0,THOMPSONS -- THOMPSONS,THOMPSONS,THOMPSONS,16.298323
"LINESTRING (-95.6311 29.4828, -95.6311 29.4828)",835.0,-225.070646,-12.81725,225.200001,21.99711,500.0,THOMPSONS -- THOMPSONS,THOMPSONS,THOMPSONS,225.070646
"LINESTRING (-95.6311 29.4828, -95.6311 29.4828)",846.0,-225.143128,-29.559454,225.200001,33.523005,500.0,THOMPSONS -- THOMPSONS,THOMPSONS,THOMPSONS,225.143128
"LINESTRING (-95.6311 29.4828, -95.6311 29.4828)",845.0,-225.109117,-18.304256,225.200001,24.856508,500.0,THOMPSONS -- THOMPSONS,THOMPSONS,THOMPSONS,225.109117
"LINESTRING (-95.6311 29.4828, -95.6311 29.4828)",471.0,-102.676262,-14.778687,102.7,17.028273,500.0,THOMPSONS -- THOMPSONS,THOMPSONS,THOMPSONS,102.676262
"LINESTRING (-95.6311 29.4828, -95.6311 29.4828)",407.0,225.645014,21.852005,-225.370853,-9.921552,230.0,THOMPSONS -- THOMPSONS,THOMPSONS,THOMPSONS,225.645014
"LINESTRING (-95.6311 29.4828, -95.6311 29.4828)",407.0,225.645014,21.852005,-225.370853,-9.921552,230.0,THOMPSONS -- THOMPSONS,THOMPSONS,THOMPSONS,225.645014
"LINESTRING (-94.9247 29.2532, -95.2783 29.0212)",149.0,-42.786542,7.962314,43.329526,-8.299402,115.0,GALVESTON 3 -- FREEPORT 3,FREEPORT 3,GALVESTON 3,42.786542
"LINESTRING (-95.3 29.8625, -95.2541 29.8524)",250.0,91.271016,-43.526086,-90.960179,44.543291,115.0,HOUSTON 20 -- HOUSTON 15,HOUSTON 20,HOUSTON 15,91.271016
"LINESTRING (-95.1077 29.8161, -95.1077 29.8161)",1249.0,581.933076,84.735077,-581.314989,-44.529951,500.0,CHANNELVIEW 1 -- CHANNELVIEW 1,CHANNELVIEW 1,CHANNELVIEW 1,581.933076
"LINESTRING (-95.1077 29.8161, -95.1077 29.8161)",1249.0,581.933076,84.735077,-581.314989,-44.529951,500.0,CHANNELVIEW 1 -- CHANNELVIEW 1,CHANNELVIEW 1,CHANNELVIEW 1,581.933076
"LINESTRING (-95.1077 29.8161, -95.1077 29.8161)",494.0,-107.218089,-3.553633,107.27,6.730016,500.0,CHANNELVIEW 1 -- CHANNELVIEW 1,CHANNELVIEW 1,CHANNELVIEW 1,107.218089
"LINESTRING (-95.1077 29.8161, -95.1077 29.8161)",480.0,-107.206372,-2.898115,107.27,6.929161,500.0,CHANNELVIEW 1 -- CHANNELVIEW 1,CHANNELVIEW 1,CHANNELVIEW 1,107.206372
"LINESTRING (-95.1077 29.8161, -95.1077 29.8161)",469.0,-107.221994,-3.843396,107.27,7.178335,500.0,CHANNELVIEW 1 -- CHANNELVIEW 1,CHANNELVIEW 1,CHANNELVIEW 1,107.221994
"LINESTRING (-95.1077 29.8161, -95.1077 29.8161)",485.0,-107.221994,-3.843442,107.27,6.941291,500.0,CHANNELVIEW 1 -- CHANNELVIEW 1,CHANNELVIEW 1,CHANNELVIEW 1,107.221994
"LINESTRING (-95.1077 29.8161, -95.1077 29.8161)",491.0,-107.259907,-18.817847,107.27,20.01284,500.0,CHANNELVIEW 1 -- CHANNELVIEW 1,CHANNELVIEW 1,CHANNELVIEW 1,107.259907
"LINESTRING (-95.1077 29.8161, -95.1077 29.8161)",487.0,-107.23078,-4.707518,107.27,7.207795,500.0,CHANNELVIEW 1 -- CHANNELVIEW 1,CHANNELVIEW 1,CHANNELVIEW 1,107.23078
"LINESTRING (-95.1077 29.8161, -95.1077 29.8161)",712.0,-183.530929,-4.186984,183.66,11.954212,500.0,CHANNELVIEW 1 -- CHANNELVIEW 1,CHANNELVIEW 1,CHANNELVIEW 1,183.530929
"LINESTRING (-95.1077 29.8161, -95.1077 29.8161)",713.0,-183.559546,-5.381609,183.66,12.551168,500.0,CHANNELVIEW 1 -- CHANNELVIEW 1,CHANNELVIEW 1,CHANNELVIEW 1,183.559546
"LINESTRING (-95.1077 29.8161, -95.1077 29.8161)",705.0,-183.570995,-6.075411,183.66,11.524861,500.0,CHANNELVIEW 1 -- CHANNELVIEW 1,CHANNELVIEW 1,CHANNELVIEW 1,183.570995
"LINESTRING (-95.1077 29.8161, -95.1077 29.8161)",694.0,-183.556684,-5.232318,183.66,12.074148,500.0,CHANNELVIEW 1 -- CHANNELVIEW 1,CHANNELVIEW 1,CHANNELVIEW 1,183.556684
"LINESTRING (-95.1077 29.8161, -95.1077 29.8161)",700.0,-183.570995,-6.075319,183.66,12.3976,500.0,CHANNELVIEW 1 -- CHANNELVIEW 1,CHANNELVIEW 1,CHANNELVIEW 1,183.570995
"LINESTRING (-95.1077 29.8161, -95.2194 29.8222)",2295.0,864.170145,-40.415378,-863.278966,37.977165,500.0,CHANNELVIEW 1 -- HOUSTON 6,CHANNELVIEW 1,HOUSTON 6,864.170145
"LINESTRING (-95.1077 29.8161, -95.1077 29.8161)",392.0,226.963859,21.410815,-226.576845,-4.643219,230.0,CHANNELVIEW 1 -- CHANNELVIEW 1,CHANNELVIEW 1,CHANNELVIEW 1,226.963859
"LINESTRING (-95.1077 29.8161, -95.1077 29.8161)",392.0,226.963859,21.410815,-226.576845,-4.643219,230.0,CHANNELVIEW 1 -- CHANNELVIEW 1,CHANNELVIEW 1,CHANNELVIEW 1,226.963859
"LINESTRING (-95.1077 29.8161, -95.1077 29.8161)",392.0,226.963859,21.410815,-226.576845,-4.643219,230.0,CHANNELVIEW 1 -- CHANNELVIEW 1,CHANNELVIEW 1,CHANNELVIEW 1,226.963859
"LINESTRING (-95.5271 29.8746, -95.4466 29.9526)",98.0,19.615059,7.517354,-19.588131,-8.006759,115.0,HOUSTON 75 -- HOUSTON 57,HOUSTON 75,HOUSTON 57,19.615059
"LINESTRING (-95.5214 30.4356, -95.5214 30.4356)",1278.0,451.435339,3.11208,-451.102377,16.707935,500.0,WILLIS 1 -- WILLIS 1,WILLIS 1,WILLIS 1,451.435339
"LINESTRING (-95.5214 30.4356, -95.9178 30.5924)",2020.0,682.490542,-60.875763,-680.321819,36.714982,500.0,WILLIS 1 -- SHIRO,WILLIS 1,SHIRO,682.490542
"LINESTRING (-95.5214 30.4356, -95.5214 30.4356)",190.8,75.084964,30.268359,-75.001546,-27.788369,230.0,WILLIS 1 -- WILLIS 1,WILLIS 1,WILLIS 1,75.084964
"LINESTRING (-95.6813 29.7693, -95.7421 29.7457)",221.0,-86.379419,2.809991,86.576133,-1.942183,115.0,HOUSTON 91 -- KATY 2,KATY 2,HOUSTON 91,86.379419
"LINESTRING (-95.6813 29.7693, -95.7421 29.7457)",221.0,-86.379419,2.809991,86.576133,-1.942183,115.0,HOUSTON 91 -- KATY 2,KATY 2,HOUSTON 91,86.379419
"LINESTRING (-95.6813 29.7693, -95.7421 29.7457)",221.0,-86.379419,2.809991,86.576133,-1.942183,115.0,HOUSTON 91 -- KATY 2,KATY 2,HOUSTON 91,86.379419
"LINESTRING (-95.1898 29.6479, -95.1403 29.6456)",221.0,-46.463638,9.644165,46.506962,-9.66947,115.0,PASADENA 5 -- PASADENA 4,PASADENA 4,PASADENA 5,46.463638
"LINESTRING (-95.1898 29.6479, -95.1403 29.6456)",221.0,-46.463638,9.644165,46.506962,-9.66947,115.0,PASADENA 5 -- PASADENA 4,PASADENA 4,PASADENA 5,46.463638
"LINESTRING (-95.4095 29.7541, -95.4794 29.6753)",221.0,53.20333,-34.601931,-53.024852,35.190577,115.0,HOUSTON 45 -- HOUSTON 64,HOUSTON 45,HOUSTON 64,53.20333
"LINESTRING (-95.4095 29.7541, -95.4794 29.6753)",221.0,53.20333,-34.601931,-53.024852,35.190577,115.0,HOUSTON 45 -- HOUSTON 64,HOUSTON 45,HOUSTON 64,53.20333
"LINESTRING (-95.2194 29.8222, -95.2194 29.8222)",1297.0,707.940726,89.32477,-707.463607,-55.232477,500.0,HOUSTON 6 -- HOUSTON 6,HOUSTON 6,HOUSTON 6,707.940726
"LINESTRING (-95.2194 29.8222, -95.2194 29.8222)",423.0,254.744441,28.059338,-254.467218,-9.824854,230.0,HOUSTON 6 -- HOUSTON 6,HOUSTON 6,HOUSTON 6,254.744441
"LINESTRING (-95.2194 29.8222, -95.7421 29.7457)",548.0,154.983599,3.932637,-153.980756,-4.588316,230.0,HOUSTON 6 -- KATY 2,HOUSTON 6,KATY 2,154.983599
"LINESTRING (-95.1403 29.6456, -95.0406 29.6948)",221.0,-91.601448,5.277925,91.975798,-3.385443,115.0,PASADENA 4 -- LA PORTE,LA PORTE,PASADENA 4,91.601448
"LINESTRING (-95.1403 29.6456, -95.0406 29.6948)",221.0,-91.601448,5.277925,91.975798,-3.385443,115.0,PASADENA 4 -- LA PORTE,LA PORTE,PASADENA 4,91.601448
"LINESTRING (-96.56 28.6527, -96.56 28.6527)",1026.0,133.809343,9.467445,-133.778948,-7.277524,500.0,POINT COMFORT 1 -- POINT COMFORT 1,POINT COMFORT 1,POINT COMFORT 1,133.809343
"LINESTRING (-96.56 28.6527, -96.956 28.6751)",2295.0,1230.256485,-73.983275,-1225.90089,93.964885,500.0,POINT COMFORT 1 -- VICTORIA 1,POINT COMFORT 1,VICTORIA 1,1230.256485
"LINESTRING (-96.56 28.6527, -96.56 28.6527)",143.8,72.670711,22.454297,-72.612914,-18.507912,230.0,POINT COMFORT 1 -- POINT COMFORT 1,POINT COMFORT 1,POINT COMFORT 1,72.670711
"LINESTRING (-95.7421 29.7457, -95.7421 29.7457)",372.6,214.332558,37.159657,-214.1088,-20.904063,230.0,KATY 2 -- KATY 2,KATY 2,KATY 2,214.332558
"LINESTRING (-95.7421 29.7457, -95.7421 29.7457)",372.6,214.332558,37.159657,-214.1088,-20.904063,230.0,KATY 2 -- KATY 2,KATY 2,KATY 2,214.332558
"LINESTRING (-95.7421 29.7457, -95.7421 29.7457)",372.6,214.332558,37.159657,-214.1088,-20.904063,230.0,KATY 2 -- KATY 2,KATY 2,KATY 2,214.332558
"LINESTRING (-95.7421 29.7457, -95.6472 30.2169)",548.0,120.947662,-11.766909,-120.302822,7.304879,230.0,KATY 2 -- MAGNOLIA 1,KATY 2,MAGNOLIA 1,120.947662
"LINESTRING (-96.956 28.6751, -96.956 28.6751)",239.0,22.294495,10.399312,-22.292448,-10.175578,500.0,VICTORIA 1 -- VICTORIA 1,VICTORIA 1,VICTORIA 1,22.294495
"LINESTRING (-96.956 28.6751, -96.956 28.6751)",109.0,43.719906,6.596348,-43.698582,-4.979822,230.0,VICTORIA 1 -- VICTORIA 1,VICTORIA 1,VICTORIA 1,43.719906
"LINESTRING (-95.4794 29.6753, -95.4861 29.6207)",221.0,-39.16677,5.91827,39.204745,-6.018285,115.0,HOUSTON 64 -- HOUSTON 65,HOUSTON 65,HOUSTON 64,39.16677
"LINESTRING (-95.4794 29.6753, -95.4861 29.6207)",221.0,-39.16677,5.91827,39.204745,-6.018285,115.0,HOUSTON 64 -- HOUSTON 65,HOUSTON 65,HOUSTON 64,39.16677
"LINESTRING (-95.6472 30.2169, -95.6472 30.2169)",242.1,119.79706,20.47945,-119.659622,-11.609506,230.0,MAGNOLIA 1 -- MAGNOLIA 1,MAGNOLIA 1,MAGNOLIA 1,119.79706
"LINESTRING (-95.6472 30.2169, -95.6472 30.2169)",242.1,119.79706,20.47945,-119.659622,-11.609506,230.0,MAGNOLIA 1 -- MAGNOLIA 1,MAGNOLIA 1,MAGNOLIA 1,119.79706
"LINESTRING (-95.1872 29.425, -95.1872 29.425)",1350.0,868.346751,166.918263,-867.427956,-108.049758,500.0,ALVIN -- ALVIN,ALVIN,ALVIN,868.346751
"LINESTRING (-95.1872 29.425, -95.1872 29.425)",238.56,187.893576,35.786758,-187.563643,-22.108683,230.0,ALVIN -- ALVIN,ALVIN,ALVIN,187.893576
"LINESTRING (-95.1872 29.425, -95.1872 29.425)",238.56,187.893576,35.786758,-187.563643,-22.108683,230.0,ALVIN -- ALVIN,ALVIN,ALVIN,187.893576
"LINESTRING (-95.1872 29.425, -95.1872 29.425)",238.56,187.893576,35.786758,-187.563643,-22.108683,230.0,ALVIN -- ALVIN,ALVIN,ALVIN,187.893576
"LINESTRING (-95.4075 28.9913, -95.4075 28.9913)",927.0,182.802157,22.320617,-182.727347,-18.700992,500.0,FREEPORT 2 -- FREEPORT 2,FREEPORT 2,FREEPORT 2,182.802157
"LINESTRING (-95.4075 28.9913, -95.4075 28.9913)",133.8,85.856365,19.280902,-85.715053,-13.412515,230.0,FREEPORT 2 -- FREEPORT 2,FREEPORT 2,FREEPORT 2,85.856365
"LINESTRING (-95.9053 30.9537, -95.9343 31.1365)",98.0,-13.498649,-19.926936,13.642131,19.166192,115.0,MADISONVILLE -- CENTERVILLE,CENTERVILLE,MADISONVILLE,13.498649
"LINESTRING (-95.9053 30.9537, -95.7155 30.9595)",149.0,65.51273,-3.104976,-65.005717,4.283804,115.0,MADISONVILLE -- MIDWAY,MADISONVILLE,MIDWAY,65.51273
"LINESTRING (-95.9053 30.9537, -96.5269 30.8719)",221.0,-74.954081,16.531912,76.744597,-9.041493,115.0,MADISONVILLE -- HEARNE,HEARNE,MADISONVILLE,74.954081
"LINESTRING (-96.1392 31.1324, -95.9343 31.1365)",149.0,25.779304,-23.202711,-25.632131,22.597353,115.0,NORMANGEE -- CENTERVILLE,NORMANGEE,CENTERVILLE,25.779304
"LINESTRING (-96.1392 31.1324, -96.2293 31.2359)",149.0,-36.599304,20.132711,36.761544,-20.341533,115.0,NORMANGEE -- MARQUEZ,MARQUEZ,NORMANGEE,36.599304
"LINESTRING (-95.0777 32.2675, -94.9365 32.2503)",98.0,42.580193,2.359033,-42.280027,-2.375147,115.0,ARP -- OVERTON,ARP,OVERTON,42.580193
"LINESTRING (-95.0777 32.2675, -95.178 32.3015)",98.0,-54.390193,-5.709033,54.53957,5.96603,115.0,ARP -- TYLER 2,TYLER 2,ARP,54.390193
"LINESTRING (-94.8262 31.3408, -94.8262 31.3408)",459.0,184.52826,-52.130966,-184.437409,56.028187,230.0,LUFKIN 3 -- LUFKIN 3,LUFKIN 3,LUFKIN 3,184.52826
"LINESTRING (-94.8262 31.3408, -94.8262 31.3408)",459.0,184.52826,-52.130966,-184.437409,56.028187,230.0,LUFKIN 3 -- LUFKIN 3,LUFKIN 3,LUFKIN 3,184.52826
"LINESTRING (-94.8262 31.3408, -94.9006 31.8321)",443.0,15.254015,5.719956,-15.231602,-16.65154,230.0,LUFKIN 3 -- CUSHING 1,LUFKIN 3,CUSHING 1,15.254015
"LINESTRING (-94.8262 31.3408, -94.7436 31.3658)",221.0,99.837813,9.648246,-99.516159,-7.971025,115.0,LUFKIN 3 -- LUFKIN 1,LUFKIN 3,LUFKIN 1,99.837813
"LINESTRING (-94.8262 31.3408, -94.7436 31.3658)",221.0,99.837813,9.648246,-99.516159,-7.971025,115.0,LUFKIN 3 -- LUFKIN 1,LUFKIN 3,LUFKIN 1,99.837813
"LINESTRING (-94.8262 31.3408, -95.1267 31.3908)",149.0,67.189191,6.041277,-66.349892,-4.066492,115.0,LUFKIN 3 -- POLLOK,LUFKIN 3,POLLOK,67.189191
"LINESTRING (-95.4134 32.2183, -95.3475 32.1127)",98.0,40.463055,26.740646,-40.310065,-26.557598,115.0,FLINT -- BULLARD,FLINT,BULLARD,40.463055
"LINESTRING (-95.4134 32.2183, -95.321 32.2351)",250.0,-77.863055,47.215485,78.328836,-45.654871,115.0,FLINT -- TYLER 7,TYLER 7,FLINT,77.863055
"LINESTRING (-95.3475 32.1127, -95.4188 32.0359)",98.0,10.240065,18.037598,-10.216154,-18.484264,115.0,BULLARD -- FRANKSTON,BULLARD,FRANKSTON,10.240065
"LINESTRING (-95.5214 32.2714, -95.8076 32.244)",98.0,-24.536798,3.587846,24.623469,-4.5004,115.0,CHANDLER -- ATHENS 1,ATHENS 1,CHANDLER,24.536798
"LINESTRING (-95.5214 32.2714, -95.4433 32.4131)",98.0,-14.683202,-14.697846,14.776988,14.014853,115.0,CHANDLER -- TYLER 9,TYLER 9,CHANDLER,14.683202
"LINESTRING (-95.85 30.3164, -96.0548 30.3693)",98.0,4.32192,-20.679782,-4.277145,19.780252,115.0,PLANTERSVILLE -- NAVASOTA,PLANTERSVILLE,NAVASOTA,4.32192
"LINESTRING (-96.2293 31.2359, -96.4866 31.1803)",98.0,-13.593843,10.128457,13.631964,-11.354147,115.0,MARQUEZ -- FRANKLIN,FRANKLIN,MARQUEZ,13.593843
"LINESTRING (-96.2293 31.2359, -96.1528 31.3295)",98.0,-28.557702,8.683076,28.614593,-9.03479,115.0,MARQUEZ -- JEWETT 2,JEWETT 2,MARQUEZ,28.557702
"LINESTRING (-95.9807 31.932, -96.1131 31.8907)",221.0,-73.570037,-7.852832,73.862558,8.890222,115.0,TENNESSEE COLONY -- FAIRFIELD 1,FAIRFIELD 1,TENNESSEE COLONY,73.570037
"LINESTRING (-95.9807 31.932, -96.1131 31.8907)",221.0,-73.570037,-7.852832,73.862558,8.890222,115.0,TENNESSEE COLONY -- FAIRFIELD 1,FAIRFIELD 1,TENNESSEE COLONY,73.570037
"LINESTRING (-95.9807 31.932, -95.8135 31.946)",221.0,119.890074,7.985663,-118.969344,-2.491725,115.0,TENNESSEE COLONY -- PALESTINE 2,TENNESSEE COLONY,PALESTINE 2,119.890074
"LINESTRING (-96.0114 30.528, -95.9178 30.5924)",149.0,-34.379951,3.573756,34.469681,-3.841381,115.0,ANDERSON -- SHIRO,SHIRO,ANDERSON,34.379951
"LINESTRING (-96.0114 30.528, -96.0548 30.3693)",149.0,26.779951,-5.723756,-26.69178,5.067845,115.0,ANDERSON -- NAVASOTA,ANDERSON,NAVASOTA,26.779951
"LINESTRING (-95.4247 32.8164, -95.4357 32.5379)",98.0,8.742484,11.20966,-8.708422,-12.690969,115.0,MINEOLA -- LINDALE,MINEOLA,LINDALE,8.742484
"LINESTRING (-95.4247 32.8164, -95.644 32.5352)",98.0,-2.112938,6.07064,2.123103,-8.053959,115.0,MINEOLA -- VAN,VAN,MINEOLA,2.112938
"LINESTRING (-95.4247 32.8164, -95.5682 32.9251)",149.0,-66.659546,24.125637,67.24495,-22.614333,115.0,MINEOLA -- YANTIS,YANTIS,MINEOLA,66.659546
"LINESTRING (-95.4999 31.0924, -95.7155 30.9595)",149.0,-53.22732,8.183422,53.715717,-7.483804,115.0,LOVELADY -- MIDWAY,MIDWAY,LOVELADY,53.22732
"LINESTRING (-95.4999 31.0924, -95.2557 31.1889)",98.0,38.07732,-12.473422,-37.869517,12.347893,115.0,LOVELADY -- CROCKETT,LOVELADY,CROCKETT,38.07732
"LINESTRING (-94.51 31.2305, -94.6414 31.3017)",98.0,-33.614297,3.45917,33.827834,-3.726405,115.0,HUNTINGTON -- LUFKIN 2,LUFKIN 2,HUNTINGTON,33.614297
"LINESTRING (-94.51 31.2305, -94.3752 31.1384)",98.0,9.684297,-10.23917,-9.668633,9.390511,115.0,HUNTINGTON -- ZAVALLA,HUNTINGTON,ZAVALLA,9.684297
"LINESTRING (-96.3226 30.6613, -96.5484 30.743)",98.0,24.683388,-2.406259,-24.507327,1.566454,115.0,BRYAN 4 -- BRYAN 5,BRYAN 4,BRYAN 5,24.683388
"LINESTRING (-96.3226 30.6613, -96.3723 30.6474)",221.0,-94.543388,47.39568,94.89975,-46.129824,115.0,BRYAN 4 -- BRYAN 2,BRYAN 2,BRYAN 4,94.543388
"LINESTRING (-95.4188 32.0359, -95.6437 32.1586)",98.0,-8.223846,13.264264,8.257216,-14.411322,115.0,FRANKSTON -- MURCHISON,MURCHISON,FRANKSTON,8.223846
"LINESTRING (-95.3022 32.3219, -95.3022 32.3219)",378.0,210.968661,-39.694173,-210.517244,54.05313,230.0,TYLER 4 -- TYLER 4,TYLER 4,TYLER 4,210.968661
"LINESTRING (-95.3022 32.3219, -95.3022 32.3219)",378.0,210.968661,-39.694173,-210.517244,54.05313,230.0,TYLER 4 -- TYLER 4,TYLER 4,TYLER 4,210.968661
"LINESTRING (-95.3022 32.3219, -95.0417 33.0917)",647.0,-209.931561,16.013911,213.126814,-3.456022,230.0,TYLER 4 -- MOUNT PLEASANT 1,MOUNT PLEASANT 1,TYLER 4,209.931561
"LINESTRING (-95.3022 32.3219, -95.321 32.2351)",548.0,-212.00576,63.374435,212.394662,-61.628632,230.0,TYLER 4 -- TYLER 7,TYLER 7,TYLER 4,212.00576
"LINESTRING (-95.3022 32.3219, -95.3908 32.3042)",149.0,71.626201,21.385593,-71.327025,-20.685429,115.0,TYLER 4 -- TYLER 8,TYLER 4,TYLER 8,71.626201
"LINESTRING (-95.3022 32.3219, -95.178 32.3015)",150.0,48.462307,12.325178,-48.320523,-12.121643,115.0,TYLER 4 -- TYLER 2,TYLER 4,TYLER 2,48.462307
"LINESTRING (-95.3022 32.3219, -95.3153 32.3624)",221.0,98.912991,21.539353,-98.732354,-20.568275,115.0,TYLER 4 -- TYLER 6,TYLER 4,TYLER 6,98.912991
"LINESTRING (-95.3022 32.3219, -95.3153 32.3624)",221.0,98.912991,21.539353,-98.732354,-20.568275,115.0,TYLER 4 -- TYLER 6,TYLER 4,TYLER 6,98.912991
"LINESTRING (-95.662 32.428, -95.6875 32.6466)",149.0,17.336273,-1.772664,-17.287405,0.637165,115.0,BEN WHEELER -- GRAND SALINE,BEN WHEELER,GRAND SALINE,17.336273
"LINESTRING (-95.662 32.428, -95.6437 32.1586)",149.0,-39.14476,13.905479,39.493398,-14.247819,115.0,BEN WHEELER -- MURCHISON,MURCHISON,BEN WHEELER,39.14476
"LINESTRING (-95.662 32.428, -95.8889 32.5181)",98.0,4.60407,-3.782182,-4.600325,2.547299,115.0,BEN WHEELER -- CANTON,BEN WHEELER,CANTON,4.60407
"LINESTRING (-95.662 32.428, -95.3079 32.4696)",98.0,-0.145583,-13.270634,0.21142,11.650721,115.0,BEN WHEELER -- TYLER 5,TYLER 5,BEN WHEELER,0.145583
"LINESTRING (-94.5206 31.8193, -94.3673 31.4653)",98.0,5.843667,-9.940936,-5.785341,7.806149,115.0,GARRISON -- ETOILE,GARRISON,ETOILE,5.843667
"LINESTRING (-94.5206 31.8193, -94.6286 31.7233)",149.0,78.185937,-24.477912,-77.547891,26.40606,115.0,GARRISON -- NACOGDOCHES 2,GARRISON,NACOGDOCHES 2,78.185937
"LINESTRING (-94.5206 31.8193, -94.704 31.9254)",156.45,-94.759604,31.378848,96.11275,-27.047968,115.0,GARRISON -- HENDERSON 1,HENDERSON 1,GARRISON,94.759604
"LINESTRING (-94.3673 31.4653, -94.3752 31.1384)",98.0,-1.104659,9.965146,1.158633,-11.800511,115.0,ETOILE -- ZAVALLA,ZAVALLA,ETOILE,1.104659
"LINESTRING (-94.7436 31.3658, -94.7436 31.3658)",47.0,-32.897844,1.737967,33.000001,0.0,115.0,LUFKIN 1 -- LUFKIN 1,LUFKIN 1,LUFKIN 1,32.897844
"LINESTRING (-94.7436 31.3658, -94.6414 31.3017)",221.0,115.965081,7.102042,-115.334692,-3.815498,115.0,LUFKIN 1 -- LUFKIN 2,LUFKIN 1,LUFKIN 2,115.965081
"LINESTRING (-94.7436 31.3658, -94.6414 31.3017)",221.0,115.965081,7.102042,-115.334692,-3.815498,115.0,LUFKIN 1 -- LUFKIN 2,LUFKIN 1,LUFKIN 2,115.965081
"LINESTRING (-95.4846 31.8632, -95.1927 31.7793)",98.0,-30.725158,23.754108,31.27677,-23.981818,115.0,PALESTINE 1 -- RUSK,RUSK,PALESTINE 1,30.725158
"LINESTRING (-95.4846 31.8632, -95.257 31.9451)",98.0,-22.857234,29.605354,23.267996,-29.85829,115.0,PALESTINE 1 -- JACKSONVILLE 2,JACKSONVILLE 2,PALESTINE 1,22.857234
"LINESTRING (-95.4846 31.8632, -95.4817 31.4174)",98.0,2.822392,-7.271903,-2.812025,4.552728,115.0,PALESTINE 1 -- GRAPELAND,PALESTINE 1,GRAPELAND,2.822392
"LINESTRING (-95.4357 32.5379, -95.3079 32.4696)",98.0,-46.371578,-2.919031,46.760182,3.112982,115.0,LINDALE -- TYLER 5,TYLER 5,LINDALE,46.371578
"LINESTRING (-95.2206 32.2216, -95.178 32.3015)",223.5,76.191202,-33.09948,-75.762791,34.397697,115.0,WHITEHOUSE -- TYLER 2,WHITEHOUSE,TYLER 2,76.191202
"LINESTRING (-95.2206 32.2216, -95.321 32.2351)",221.0,-115.571202,21.93948,116.083622,-19.030623,115.0,WHITEHOUSE -- TYLER 7,TYLER 7,WHITEHOUSE,115.571202
"LINESTRING (-94.9365 32.2503, -94.7283 32.2394)",98.0,18.220027,-4.444853,-18.134857,3.604278,115.0,OVERTON -- HENDERSON 2,OVERTON,HENDERSON 2,18.220027
"LINESTRING (-95.6875 32.6466, -95.7491 32.8807)",149.0,-8.362595,-7.907165,8.384105,6.487708,115.0,GRAND SALINE -- EMORY,EMORY,GRAND SALINE,8.362595
"LINESTRING (-95.9178 30.5924, -95.9178 30.5924)",1036.0,185.003424,24.352898,-184.982448,-21.871727,500.0,SHIRO -- SHIRO,SHIRO,SHIRO,185.003424
"LINESTRING (-95.9178 30.5924, -95.9178 30.5924)",826.0,0.0,0.0,0.0,0.0,500.0,SHIRO -- SHIRO,SHIRO,SHIRO,0.0
"LINESTRING (-95.9178 30.5924, -95.9178 30.5924)",818.0,0.0,0.0,0.0,0.0,500.0,SHIRO -- SHIRO,SHIRO,SHIRO,0.0
"LINESTRING (-95.9178 30.5924, -95.9178 30.5924)",830.0,-0.0,-0.0,0.0,0.0,500.0,SHIRO -- SHIRO,SHIRO,SHIRO,0.0
"LINESTRING (-95.9178 30.5924, -95.9178 30.5924)",820.0,-0.0,-0.0,0.0,0.0,500.0,SHIRO -- SHIRO,SHIRO,SHIRO,0.0
"LINESTRING (-95.9178 30.5924, -96.4608 30.7217)",2020.0,495.318395,-61.06788,-493.856644,14.02122,500.0,SHIRO -- BRYAN 1,SHIRO,BRYAN 1,495.318395
"LINESTRING (-95.9178 30.5924, -95.9178 30.5924)",400.0,214.289128,9.305382,-213.895768,4.303268,230.0,SHIRO -- SHIRO,SHIRO,SHIRO,214.289128
"LINESTRING (-95.9178 30.5924, -96.0964 30.7261)",250.0,101.466088,-22.551887,-99.875855,28.356509,115.0,SHIRO -- IOLA,SHIRO,IOLA,101.466088
"LINESTRING (-95.6082 33.168, -95.4724 33.2612)",149.0,-35.495229,3.664534,35.633773,-3.956012,115.0,SULPHUR SPRINGS -- DIKE,DIKE,SULPHUR SPRINGS,35.495229
"LINESTRING (-95.6082 33.168, -95.8032 33.0981)",98.0,16.22506,-17.517932,-16.169271,16.790758,115.0,SULPHUR SPRINGS -- CUMBY,SULPHUR SPRINGS,CUMBY,16.22506
"LINESTRING (-95.644 32.5352, -95.4433 32.4131)",98.0,-14.733103,4.483959,14.761504,-5.645302,115.0,VAN -- TYLER 9,TYLER 9,VAN,14.733103
"LINESTRING (-95.6437 32.1586, -95.8135 31.946)",149.0,-48.375081,18.096964,48.889344,-17.368275,115.0,MURCHISON -- PALESTINE 2,PALESTINE 2,MURCHISON,48.375081
"LINESTRING (-95.6437 32.1586, -95.906 32.0943)",98.0,-17.465533,5.432177,17.511249,-6.508703,115.0,MURCHISON -- ATHENS 2,ATHENS 2,MURCHISON,17.465533
"LINESTRING (-94.6286 31.7233, -94.7407 31.6317)",98.0,24.777891,17.166304,-24.610211,-17.564869,115.0,NACOGDOCHES 2 -- NACOGDOCHES 3,NACOGDOCHES 2,NACOGDOCHES 3,24.777891
"LINESTRING (-94.7587 31.1869, -94.6414 31.3017)",98.0,-47.838603,-0.345697,48.333799,0.656771,115.0,DIBOLL -- LUFKIN 2,LUFKIN 2,DIBOLL,47.838603
"LINESTRING (-94.7587 31.1869, -95.2557 31.1889)",98.0,20.528603,-7.394303,-20.417817,5.522487,115.0,DIBOLL -- CROCKETT,DIBOLL,CROCKETT,20.528603
"LINESTRING (-96.1131 31.8907, -96.1131 31.8907)",1072.0,401.801695,-3.548625,-401.674779,15.972329,500.0,FAIRFIELD 1 -- FAIRFIELD 1,FAIRFIELD 1,FAIRFIELD 1,401.801695
"LINESTRING (-96.1131 31.8907, -96.1131 31.8907)",606.0,-112.556375,20.721259,112.571247,-19.16997,500.0,FAIRFIELD 1 -- FAIRFIELD 1,FAIRFIELD 1,FAIRFIELD 1,112.556375
"LINESTRING (-96.1131 31.8907, -96.1131 31.8907)",613.0,0.0,0.0,0.0,0.0,500.0,FAIRFIELD 1 -- FAIRFIELD 1,FAIRFIELD 1,FAIRFIELD 1,0.0
"LINESTRING (-96.1131 31.8907, -96.1131 31.8907)",598.0,-109.150276,22.084753,109.209849,-19.169969,500.0,FAIRFIELD 1 -- FAIRFIELD 1,FAIRFIELD 1,FAIRFIELD 1,109.150276
"LINESTRING (-96.1131 31.8907, -96.1131 31.8907)",608.0,-111.975775,20.191026,111.994998,-19.16997,500.0,FAIRFIELD 1 -- FAIRFIELD 1,FAIRFIELD 1,FAIRFIELD 1,111.975775
"LINESTRING (-96.1131 31.8907, -96.1131 31.8907)",618.0,0.0,0.0,0.0,0.0,500.0,FAIRFIELD 1 -- FAIRFIELD 1,FAIRFIELD 1,FAIRFIELD 1,0.0
"LINESTRING (-96.1131 31.8907, -96.1131 31.8907)",608.0,0.0,0.0,0.0,0.0,500.0,FAIRFIELD 1 -- FAIRFIELD 1,FAIRFIELD 1,FAIRFIELD 1,0.0
"LINESTRING (-96.1131 31.8907, -96.2525 31.4219)",2768.0,-344.297828,-29.616596,344.712,-27.372523,500.0,FAIRFIELD 1 -- JEWETT 1,JEWETT 1,FAIRFIELD 1,344.297828
"LINESTRING (-96.1131 31.8907, -96.1131 31.8907)",388.0,224.950365,-3.36964,-224.764859,13.978867,230.0,FAIRFIELD 1 -- FAIRFIELD 1,FAIRFIELD 1,FAIRFIELD 1,224.950365
"LINESTRING (-96.1131 31.8907, -96.1013 32.1245)",647.0,176.724413,-12.602689,-176.054566,13.877376,230.0,FAIRFIELD 1 -- TRINIDAD 1,FAIRFIELD 1,TRINIDAD 1,176.724413
"LINESTRING (-96.1131 31.8907, -96.4337 31.8935)",149.0,50.37356,-33.224133,-49.664318,34.555158,115.0,FAIRFIELD 1 -- WORTHAM,FAIRFIELD 1,WORTHAM,50.37356
"LINESTRING (-96.1131 31.8907, -96.3299 31.7652)",98.0,26.666181,1.464822,-26.576805,-2.263027,115.0,FAIRFIELD 1 -- STREETMAN,FAIRFIELD 1,STREETMAN,26.666181
"LINESTRING (-95.3908 32.3042, -95.4433 32.4131)",98.0,56.137025,16.385429,-55.588492,-15.749551,115.0,TYLER 8 -- TYLER 9,TYLER 8,TYLER 9,56.137025
"LINESTRING (-95.8076 32.244, -96.1188 32.1666)",149.0,-60.968464,8.553479,61.745139,-6.876393,115.0,ATHENS 1 -- TRINIDAD 2,TRINIDAD 2,ATHENS 1,60.968464
"LINESTRING (-95.8076 32.244, -95.8889 32.5181)",98.0,15.384995,-9.993079,-15.333176,8.527905,115.0,ATHENS 1 -- CANTON,ATHENS 1,CANTON,15.384995
"LINESTRING (-96.0092 31.4737, -95.8637 31.5573)",98.0,15.555193,-15.191826,-15.515968,14.538155,115.0,BUFFALO -- OAKWOOD,BUFFALO,OAKWOOD,15.555193
"LINESTRING (-96.0092 31.4737, -96.2298 31.4789)",98.0,-31.715193,10.611826,31.836746,-11.08501,115.0,BUFFALO -- TEAGUE,TEAGUE,BUFFALO,31.715193
"LINESTRING (-95.1927 31.7793, -94.9006 31.8321)",220.0,-83.496148,14.728343,84.181315,-11.373686,115.0,RUSK -- CUSHING 1,CUSHING 1,RUSK,83.496148
"LINESTRING (-95.1927 31.7793, -95.257 31.9451)",98.0,18.429378,-0.316524,-18.347019,-0.518207,115.0,RUSK -- JACKSONVILLE 2,RUSK,JACKSONVILLE 2,18.429378
"LINESTRING (-95.1064 32.4822, -95.2131 32.4184)",98.0,-20.98023,9.817999,21.012468,-10.361731,115.0,WINONA -- TYLER 3,TYLER 3,WINONA,20.98023
"LINESTRING (-95.1064 32.4822, -95.0867 32.3626)",98.0,10.43023,-12.807999,-10.413152,12.149157,115.0,WINONA -- TYLER 1,WINONA,TYLER 1,10.43023
"LINESTRING (-96.0544 31.8206, -96.0544 31.8206)",491.0,13.240252,18.825827,-13.239384,-18.731488,500.0,FAIRFIELD 2 -- FAIRFIELD 2,FAIRFIELD 2,FAIRFIELD 2,13.240252
"LINESTRING (-96.0544 31.8206, -96.0544 31.8206)",1157.0,0.0,-0.0,0.0,-0.0,500.0,FAIRFIELD 2 -- FAIRFIELD 2,FAIRFIELD 2,FAIRFIELD 2,0.0
"LINESTRING (-96.0544 31.8206, -96.0544 31.8206)",1152.0,-0.0,0.0,-0.0,0.0,500.0,FAIRFIELD 2 -- FAIRFIELD 2,FAIRFIELD 2,FAIRFIELD 2,0.0
"LINESTRING (-96.0544 31.8206, -94.9898 31.9398)",2020.0,158.68294,-78.414258,-158.397027,-39.907922,500.0,FAIRFIELD 2 -- JACKSONVILLE 1,FAIRFIELD 2,JACKSONVILLE 1,158.68294
"LINESTRING (-96.0544 31.8206, -96.0544 31.8206)",143.8,55.449745,2.61097,-55.398616,-0.862675,230.0,FAIRFIELD 2 -- FAIRFIELD 2,FAIRFIELD 2,FAIRFIELD 2,55.449745
"LINESTRING (-96.0544 31.8206, -96.2525 31.4219)",548.0,-160.702099,17.849489,161.741066,-17.5194,230.0,FAIRFIELD 2 -- JEWETT 1,JEWETT 1,FAIRFIELD 2,160.702099
"LINESTRING (-96.0544 31.8206, -96.1013 32.1245)",548.0,118.491738,-1.728971,-118.100131,-1.375032,230.0,FAIRFIELD 2 -- TRINIDAD 1,FAIRFIELD 2,TRINIDAD 1,118.491738
"LINESTRING (-96.0544 31.8206, -96.0936 31.7826)",149.0,55.398616,0.862675,-55.285639,-0.674916,115.0,FAIRFIELD 2 -- FAIRFIELD 3,FAIRFIELD 2,FAIRFIELD 3,55.398616
"LINESTRING (-94.8543 31.7962, -94.9006 31.8321)",149.0,23.522076,-9.695432,-23.497246,9.462023,115.0,CUSHING 2 -- CUSHING 1,CUSHING 2,CUSHING 1,23.522076
"LINESTRING (-94.8543 31.7962, -94.704 31.9254)",149.0,-33.712076,6.805432,33.868503,-7.252487,115.0,CUSHING 2 -- HENDERSON 1,HENDERSON 1,CUSHING 2,33.712076
"LINESTRING (-94.7407 31.6317, -95.0621 31.613)",98.0,-29.125369,5.54984,29.262647,-6.366117,115.0,NACOGDOCHES 3 -- ALTO,ALTO,NACOGDOCHES 3,29.125369
"LINESTRING (-94.7407 31.6317, -94.5272 31.5091)",98.0,-15.64442,-7.644971,15.73518,6.564078,115.0,NACOGDOCHES 3 -- NACOGDOCHES 1,NACOGDOCHES 1,NACOGDOCHES 3,15.64442
"LINESTRING (-96.0936 31.7826, -96.3299 31.7652)",149.0,34.055639,-5.335084,-33.881487,4.707164,115.0,FAIRFIELD 3 -- STREETMAN,FAIRFIELD 3,STREETMAN,34.055639
"LINESTRING (-96.1188 32.1666, -96.1013 32.1245)",221.0,-28.143764,6.708269,28.160478,-6.915726,115.0,TRINIDAD 2 -- TRINIDAD 1,TRINIDAD 1,TRINIDAD 2,28.143764
"LINESTRING (-96.1188 32.1666, -96.1013 32.1245)",221.0,-28.143764,6.708269,28.160478,-6.915726,115.0,TRINIDAD 2 -- TRINIDAD 1,TRINIDAD 1,TRINIDAD 2,28.143764
"LINESTRING (-95.4724 33.2612, -94.8578 33.242)",149.0,-27.026069,-2.563252,27.302593,0.569478,115.0,DIKE -- COOKVILLE,COOKVILLE,DIKE,27.026069
"LINESTRING (-95.4724 33.2612, -95.3586 33.1765)",149.0,-11.837704,5.599264,11.854203,-6.31379,115.0,DIKE -- MOUNT VERNON,MOUNT VERNON,DIKE,11.837704
"LINESTRING (-96.2525 31.4219, -96.2525 31.4219)",285.0,-8.5674,-3.087323,8.567652,3.112133,500.0,JEWETT 1 -- JEWETT 1,JEWETT 1,JEWETT 1,8.5674
"LINESTRING (-96.2525 31.4219, -96.2525 31.4219)",1325.0,-0.0,-0.0,0.0,0.0,500.0,JEWETT 1 -- JEWETT 1,JEWETT 1,JEWETT 1,0.0
"LINESTRING (-96.2525 31.4219, -96.2525 31.4219)",1314.0,-277.358263,121.212704,277.470006,-112.839959,500.0,JEWETT 1 -- JEWETT 1,JEWETT 1,JEWETT 1,277.358263
"LINESTRING (-96.2525 31.4219, -96.2525 31.4219)",143.0,36.900812,-6.290686,-36.891796,6.949471,230.0,JEWETT 1 -- JEWETT 1,JEWETT 1,JEWETT 1,36.900812
"LINESTRING (-96.2525 31.4219, -96.4866 31.1803)",548.0,-207.209531,20.697953,208.454619,-15.648781,230.0,JEWETT 1 -- FRANKLIN,FRANKLIN,JEWETT 1,207.209531
"LINESTRING (-96.2525 31.4219, -96.1528 31.3295)",149.0,36.891796,-6.949471,-36.764593,6.72479,115.0,JEWETT 1 -- JEWETT 2,JEWETT 1,JEWETT 2,36.891796
"LINESTRING (-95.7491 32.8807, -95.9947 32.7033)",98.0,6.667252,-8.758345,-6.65089,7.123069,115.0,EMORY -- WILLS POINT,EMORY,WILLS POINT,6.667252
"LINESTRING (-95.7491 32.8807, -95.5682 32.9251)",98.0,-34.101357,-3.129363,34.254696,2.647645,115.0,EMORY -- YANTIS,YANTIS,EMORY,34.101357
"LINESTRING (-94.6197 32.0178, -94.6197 32.0178)",550.0,208.983607,-11.136915,-208.876378,22.552964,500.0,MT. ENTERPRISE -- MT. ENTERPRISE,MT. ENTERPRISE,MT. ENTERPRISE,208.983607
"LINESTRING (-94.6197 32.0178, -94.6197 32.0178)",550.0,208.983607,-11.136915,-208.876378,22.552964,500.0,MT. ENTERPRISE -- MT. ENTERPRISE,MT. ENTERPRISE,MT. ENTERPRISE,208.983607
"LINESTRING (-94.6197 32.0178, -94.6197 32.0178)",806.0,-234.82112,35.252908,234.900001,-26.06329,500.0,MT. ENTERPRISE -- MT. ENTERPRISE,MT. ENTERPRISE,MT. ENTERPRISE,234.82112
"LINESTRING (-94.6197 32.0178, -94.6197 32.0178)",818.0,-234.758354,27.380057,234.900001,-17.787174,500.0,MT. ENTERPRISE -- MT. ENTERPRISE,MT. ENTERPRISE,MT. ENTERPRISE,234.758354
"LINESTRING (-94.6197 32.0178, -94.6197 32.0178)",818.0,-234.801618,33.578586,234.900001,-26.052249,500.0,MT. ENTERPRISE -- MT. ENTERPRISE,MT. ENTERPRISE,MT. ENTERPRISE,234.801618
"LINESTRING (-94.6197 32.0178, -94.6197 32.0178)",814.0,-234.791651,34.619687,234.900001,-25.941883,500.0,MT. ENTERPRISE -- MT. ENTERPRISE,MT. ENTERPRISE,MT. ENTERPRISE,234.791651
"LINESTRING (-94.6197 32.0178, -94.6197 32.0178)",320.0,179.079258,-5.295248,-178.803551,16.5268,230.0,MT. ENTERPRISE -- MT. ENTERPRISE,MT. ENTERPRISE,MT. ENTERPRISE,179.079258
"LINESTRING (-94.6197 32.0178, -94.9006 31.8321)",740.0,238.673499,-39.810679,-236.42272,49.195525,230.0,MT. ENTERPRISE -- CUSHING 1,MT. ENTERPRISE,CUSHING 1,238.673499
"LINESTRING (-94.6197 32.0178, -94.704 31.9254)",221.0,89.401776,-8.2634,-88.990626,10.350228,115.0,MT. ENTERPRISE -- HENDERSON 1,MT. ENTERPRISE,HENDERSON 1,89.401776
"LINESTRING (-94.6197 32.0178, -94.704 31.9254)",221.0,89.401776,-8.2634,-88.990626,10.350228,115.0,MT. ENTERPRISE -- HENDERSON 1,MT. ENTERPRISE,HENDERSON 1,89.401776
"LINESTRING (-96.4866 31.1803, -96.4866 31.1803)",1134.0,324.554294,9.17003,-324.271276,5.199989,500.0,FRANKLIN -- FRANKLIN,FRANKLIN,FRANKLIN,324.554294
"LINESTRING (-96.4866 31.1803, -96.4866 31.1803)",1315.0,-0.0,-0.0,-0.0,-0.0,500.0,FRANKLIN -- FRANKLIN,FRANKLIN,FRANKLIN,0.0
"LINESTRING (-96.4866 31.1803, -96.4866 31.1803)",1307.0,-269.25836,45.147796,269.310002,-41.332758,500.0,FRANKLIN -- FRANKLIN,FRANKLIN,FRANKLIN,269.25836
"LINESTRING (-96.4866 31.1803, -96.695 31.0919)",2768.0,395.792509,-2.018557,-395.575261,-20.532696,500.0,FRANKLIN -- BREMOND,FRANKLIN,BREMOND,395.792509
"LINESTRING (-96.4866 31.1803, -96.4866 31.1803)",184.8,115.816657,10.448792,-115.539645,-3.048111,230.0,FRANKLIN -- FRANKLIN,FRANKLIN,FRANKLIN,115.816657
"LINESTRING (-96.4866 31.1803, -96.4866 31.1803)",231.0,34.911979,-4.338438,-34.901974,4.610094,161.0,FRANKLIN -- FRANKLIN,FRANKLIN,FRANKLIN,34.911979
"LINESTRING (-96.4866 31.1803, -96.4866 31.1803)",205.0,34.901974,-4.610094,-34.881964,5.334147,161.0,FRANKLIN -- FRANKLIN,FRANKLIN,FRANKLIN,34.901974
"LINESTRING (-95.2131 32.4184, -95.3153 32.3624)",221.0,-21.241234,2.140865,21.261217,-2.709035,115.0,TYLER 3 -- TYLER 6,TYLER 6,TYLER 3,21.241234
"LINESTRING (-95.2131 32.4184, -95.3153 32.3624)",221.0,-21.241234,2.140865,21.261217,-2.709035,115.0,TYLER 3 -- TYLER 6,TYLER 6,TYLER 3,21.241234
"LINESTRING (-95.5833 31.6067, -95.8637 31.5573)",98.0,-8.36202,15.244537,8.405968,-16.548155,115.0,ELKHART -- OAKWOOD,OAKWOOD,ELKHART,8.36202
"LINESTRING (-95.5833 31.6067, -95.4817 31.4174)",98.0,-6.84798,-19.554537,6.894421,18.54243,115.0,ELKHART -- GRAPELAND,GRAPELAND,ELKHART,6.84798
"LINESTRING (-96.4337 31.8935, -95.906 32.0943)",98.0,37.794318,3.836273,-36.830914,-4.398486,115.0,WORTHAM -- ATHENS 2,WORTHAM,ATHENS 2,37.794318
"LINESTRING (-94.8578 33.242, -95.1615 33.3349)",150.0,21.718614,7.197514,-21.636086,-8.225755,115.0,COOKVILLE -- MOUNT PLEASANT 2,COOKVILLE,MOUNT PLEASANT 2,21.718614
"LINESTRING (-94.8578 33.242, -95.0417 33.0917)",149.0,-53.931207,-9.156992,54.390457,9.752808,115.0,COOKVILLE -- MOUNT PLEASANT 1,MOUNT PLEASANT 1,COOKVILLE,53.931207
"LINESTRING (-96.2726 30.5614, -96.2726 30.5614)",317.0,171.934932,33.522947,-171.823577,-25.328866,230.0,COLLEGE STATION 1 -- COLLEGE STATION 1,COLLEGE STATION 1,COLLEGE STATION 1,171.934932
"LINESTRING (-96.2726 30.5614, -96.326 30.6091)",548.0,188.826168,22.673754,-188.605067,-21.970969,230.0,COLLEGE STATION 1 -- COLLEGE STATION 2,COLLEGE STATION 1,COLLEGE STATION 2,188.826168
"LINESTRING (-96.2726 30.5614, -96.4608 30.7217)",548.0,-43.051843,-78.851901,43.214243,75.2751,230.0,COLLEGE STATION 1 -- BRYAN 1,BRYAN 1,COLLEGE STATION 1,43.051843
"LINESTRING (-96.2726 30.5614, -96.326 30.6091)",250.0,25.013577,-16.271134,-24.928702,16.099204,115.0,COLLEGE STATION 1 -- COLLEGE STATION 2,COLLEGE STATION 1,COLLEGE STATION 2,25.013577
"LINESTRING (-95.8545 32.715, -95.9129 32.9893)",98.0,-47.244808,0.289875,48.122543,0.12331,115.0,EDGEWOOD -- POINT,POINT,EDGEWOOD,47.244808
"LINESTRING (-95.8545 32.715, -95.8889 32.5181)",98.0,36.074808,-3.449875,-35.927758,3.146106,115.0,EDGEWOOD -- CANTON,EDGEWOOD,CANTON,36.074808
"LINESTRING (-94.9006 31.8321, -94.9006 31.8321)",175.5,60.803029,1.293879,-60.684069,1.911662,230.0,CUSHING 1 -- CUSHING 1,CUSHING 1,CUSHING 1,60.803029
"LINESTRING (-94.9006 31.8321, -94.9006 31.8321)",184.0,-85.308882,6.118339,85.500001,0.0,230.0,CUSHING 1 -- CUSHING 1,CUSHING 1,CUSHING 1,85.308882
"LINESTRING (-94.9006 31.8321, -94.9898 31.9398)",800.0,276.160175,-39.956204,-274.859631,46.31549,230.0,CUSHING 1 -- JACKSONVILLE 1,CUSHING 1,JACKSONVILLE 1,276.160175
"LINESTRING (-95.178 32.3015, -95.0867 32.3626)",98.0,28.413744,-39.892084,-28.097117,40.035146,115.0,TYLER 2 -- TYLER 1,TYLER 2,TYLER 1,28.413744
"LINESTRING (-95.0621 31.613, -95.1267 31.3908)",98.0,-41.802647,2.816117,42.029892,-2.823508,115.0,ALTO -- POLLOK,POLLOK,ALTO,41.802647
"LINESTRING (-96.689 31.0031, -96.695 31.0919)",149.0,-42.610351,2.137468,42.729571,-2.156799,115.0,CALVERT -- BREMOND,BREMOND,CALVERT,42.610351
"LINESTRING (-95.1615 33.3349, -95.1615 33.3349)",212.8,112.77727,26.262509,-112.665349,-19.559812,230.0,MOUNT PLEASANT 2 -- MOUNT PLEASANT 2,MOUNT PLEASANT 2,MOUNT PLEASANT 2,112.77727
"LINESTRING (-95.1615 33.3349, -95.0417 33.0917)",548.0,-112.77727,-26.262509,113.088934,23.165047,230.0,MOUNT PLEASANT 2 -- MOUNT PLEASANT 1,MOUNT PLEASANT 1,MOUNT PLEASANT 2,112.77727
"LINESTRING (-95.1615 33.3349, -95.3586 33.1765)",149.0,34.411436,-0.514433,-34.214203,-0.02621,115.0,MOUNT PLEASANT 2 -- MOUNT VERNON,MOUNT PLEASANT 2,MOUNT VERNON,34.411436
"LINESTRING (-95.1971 33.0244, -95.0417 33.0917)",221.0,-130.340634,36.139199,132.205931,-28.954822,115.0,SCROGGINS -- MOUNT PLEASANT 1,MOUNT PLEASANT 1,SCROGGINS,130.340634
"LINESTRING (-95.1971 33.0244, -95.4609 33.0142)",250.0,121.130634,-2.693758,-118.872715,11.109012,115.0,SCROGGINS -- COMO,SCROGGINS,COMO,121.130634
"LINESTRING (-95.9947 32.7033, -95.8889 32.5181)",186.0,-17.213164,22.453592,17.31126,-25.14131,115.0,WILLS POINT -- CANTON,CANTON,WILLS POINT,17.213164
"LINESTRING (-95.906 32.0943, -96.0142 32.1275)",98.0,-32.440335,-3.762811,32.500028,3.500381,115.0,ATHENS 2 -- MALAKOFF,MALAKOFF,ATHENS 2,32.440335
"LINESTRING (-95.9129 32.9893, -95.8032 33.0981)",98.0,-68.532543,41.395906,69.032508,-39.266468,115.0,POINT -- CUMBY,CUMBY,POINT,68.532543
"LINESTRING (-94.6414 31.3017, -94.5272 31.5091)",221.0,61.397751,-13.979371,-60.89518,15.601936,115.0,LUFKIN 2 -- NACOGDOCHES 1,LUFKIN 2,NACOGDOCHES 1,61.397751
"LINESTRING (-94.9898 31.9398, -94.9898 31.9398)",1290.0,263.878865,-4.261453,-263.824869,7.147251,500.0,JACKSONVILLE 1 -- JACKSONVILLE 1,JACKSONVILLE 1,JACKSONVILLE 1,263.878865
"LINESTRING (-94.9898 31.9398, -94.9898 31.9398)",273.0,-0.0,-0.0,0.0,0.0,500.0,JACKSONVILLE 1 -- JACKSONVILLE 1,JACKSONVILLE 1,JACKSONVILLE 1,0.0
"LINESTRING (-94.9898 31.9398, -94.9898 31.9398)",1026.0,-0.0,-0.0,-0.0,-0.0,500.0,JACKSONVILLE 1 -- JACKSONVILLE 1,JACKSONVILLE 1,JACKSONVILLE 1,0.0
"LINESTRING (-94.9898 31.9398, -94.9898 31.9398)",1034.0,-105.481838,44.169375,105.51,-42.909986,500.0,JACKSONVILLE 1 -- JACKSONVILLE 1,JACKSONVILLE 1,JACKSONVILLE 1,105.481838
"LINESTRING (-94.9898 31.9398, -94.9898 31.9398)",190.0,109.285403,5.575573,-109.205985,-2.32153,230.0,JACKSONVILLE 1 -- JACKSONVILLE 1,JACKSONVILLE 1,JACKSONVILLE 1,109.285403
"LINESTRING (-94.9898 31.9398, -95.321 32.2351)",750.0,214.699549,-29.519157,-213.494346,29.680806,230.0,JACKSONVILLE 1 -- TYLER 7,JACKSONVILLE 1,TYLER 7,214.699549
"LINESTRING (-94.9898 31.9398, -95.321 32.2351)",750.0,214.699549,-29.519157,-213.494346,29.680806,230.0,JACKSONVILLE 1 -- TYLER 7,JACKSONVILLE 1,TYLER 7,214.699549
"LINESTRING (-94.9898 31.9398, -95.257 31.9451)",221.0,84.795985,-4.59847,-84.080977,7.946497,115.0,JACKSONVILLE 1 -- JACKSONVILLE 2,JACKSONVILLE 1,JACKSONVILLE 2,84.795985
"LINESTRING (-95.2557 31.1889, -95.4817 31.4174)",98.0,21.667334,-28.25038,-21.462396,27.644438,115.0,CROCKETT -- GRAPELAND,CROCKETT,GRAPELAND,21.667334
"LINESTRING (-96.3121 30.7977, -96.5484 30.743)",147.0,4.934571,8.702534,-4.902673,-9.896454,115.0,BRYAN 3 -- BRYAN 5,BRYAN 3,BRYAN 5,4.934571
"LINESTRING (-96.3121 30.7977, -96.326 30.6091)",170.0,-59.977172,59.650134,60.71941,-56.332084,115.0,BRYAN 3 -- COLLEGE STATION 2,COLLEGE STATION 2,BRYAN 3,59.977172
"LINESTRING (-96.3121 30.7977, -96.5269 30.8719)",221.0,99.061197,1.233746,-97.684597,3.111493,115.0,BRYAN 3 -- HEARNE,BRYAN 3,HEARNE,99.061197
"LINESTRING (-96.3121 30.7977, -96.0964 30.7261)",221.0,-75.918596,38.011608,76.935855,-34.856509,115.0,BRYAN 3 -- IOLA,IOLA,BRYAN 3,75.918596
"LINESTRING (-96.0142 32.1275, -96.1013 32.1245)",147.0,-50.030028,-8.470381,50.138384,8.630473,115.0,MALAKOFF -- TRINIDAD 1,TRINIDAD 1,MALAKOFF,50.030028
"LINESTRING (-95.0417 33.0917, -95.0417 33.0917)",1175.0,256.525382,7.841641,-256.464756,-3.449066,500.0,MOUNT PLEASANT 1 -- MOUNT PLEASANT 1,MOUNT PLEASANT 1,MOUNT PLEASANT 1,256.525382
"LINESTRING (-95.0417 33.0917, -95.0417 33.0917)",1175.0,256.525382,7.841641,-256.464756,-3.449066,500.0,MOUNT PLEASANT 1 -- MOUNT PLEASANT 1,MOUNT PLEASANT 1,MOUNT PLEASANT 1,256.525382
"LINESTRING (-95.0417 33.0917, -95.0417 33.0917)",1190.0,-474.939856,83.152487,475.095479,-73.678928,500.0,MOUNT PLEASANT 1 -- MOUNT PLEASANT 1,MOUNT PLEASANT 1,MOUNT PLEASANT 1,474.939856
"LINESTRING (-95.0417 33.0917, -95.0417 33.0917)",1192.0,-468.067041,25.627737,468.545102,-3.287547,500.0,MOUNT PLEASANT 1 -- MOUNT PLEASANT 1,MOUNT PLEASANT 1,MOUNT PLEASANT 1,468.067041
"LINESTRING (-95.0417 33.0917, -95.0417 33.0917)",1173.0,-474.165429,66.546536,474.357262,-54.633654,500.0,MOUNT PLEASANT 1 -- MOUNT PLEASANT 1,MOUNT PLEASANT 1,MOUNT PLEASANT 1,474.165429
"LINESTRING (-95.0417 33.0917, -95.0417 33.0917)",286.0,186.713764,-12.810892,-186.596388,19.202015,230.0,MOUNT PLEASANT 1 -- MOUNT PLEASANT 1,MOUNT PLEASANT 1,MOUNT PLEASANT 1,186.713764
"LINESTRING (-96.2298 31.4789, -96.3299 31.7652)",149.0,-53.766746,4.87501,54.418292,-4.154137,115.0,TEAGUE -- STREETMAN,STREETMAN,TEAGUE,53.766746
"LINESTRING (-95.321 32.2351, -95.321 32.2351)",300.0,153.09134,-9.437264,-152.956229,16.547747,230.0,TYLER 7 -- TYLER 7,TYLER 7,TYLER 7,153.09134
"LINESTRING (-95.321 32.2351, -95.321 32.2351)",300.0,153.09134,-9.437264,-152.956229,16.547747,230.0,TYLER 7 -- TYLER 7,TYLER 7,TYLER 7,153.09134
"LINESTRING (-95.321 32.2351, -96.1013 32.1245)",548.0,-91.58865,21.141548,92.143484,-30.972734,230.0,TYLER 7 -- TRINIDAD 1,TRINIDAD 1,TYLER 7,91.58865
"LINESTRING (-95.3153 32.3624, -95.3079 32.4696)",149.0,73.732273,23.544622,-73.281602,-22.223703,115.0,TYLER 6 -- TYLER 5,TYLER 6,TYLER 5,73.732273
"LINESTRING (-95.5682 32.9251, -95.4609 33.0142)",149.0,-111.549646,17.116688,112.712715,-12.849012,115.0,YANTIS -- COMO,COMO,YANTIS,111.549646
"LINESTRING (-95.0867 32.3626, -94.7283 32.2394)",98.0,32.010268,16.957233,-31.775143,-17.744278,115.0,TYLER 1 -- HENDERSON 2,TYLER 1,HENDERSON 2,32.010268
"LINESTRING (-96.326 30.6091, -96.326 30.6091)",365.0,188.605067,21.970969,-188.4864,-13.898457,230.0,COLLEGE STATION 2 -- COLLEGE STATION 2,COLLEGE STATION 2,COLLEGE STATION 2,188.605067
"LINESTRING (-96.1013 32.1245, -96.1013 32.1245)",201.3,101.005607,9.235195,-100.96153,-5.965402,230.0,TRINIDAD 1 -- TRINIDAD 1,TRINIDAD 1,TRINIDAD 1,101.005607
"LINESTRING (-96.1013 32.1245, -96.1013 32.1245)",201.3,101.005607,9.235195,-100.96153,-5.965402,230.0,TRINIDAD 1 -- TRINIDAD 1,TRINIDAD 1,TRINIDAD 1,101.005607
"LINESTRING (-96.1013 32.1245, -96.1013 32.1245)",254.0,106.718806,1.671335,-106.459341,5.200979,161.0,TRINIDAD 1 -- TRINIDAD 1,TRINIDAD 1,TRINIDAD 1,106.718806
"LINESTRING (-96.3723 30.6474, -96.4608 30.7217)",221.0,-70.624875,16.499912,70.867258,-15.525977,115.0,BRYAN 2 -- BRYAN 1,BRYAN 1,BRYAN 2,70.624875
"LINESTRING (-96.3723 30.6474, -96.4608 30.7217)",221.0,-70.624875,16.499912,70.867258,-15.525977,115.0,BRYAN 2 -- BRYAN 1,BRYAN 1,BRYAN 2,70.624875
"LINESTRING (-96.695 31.0919, -96.695 31.0919)",500.0,-121.609812,15.930998,121.710288,-9.72891,500.0,BREMOND -- BREMOND,BREMOND,BREMOND,121.609812
"LINESTRING (-96.695 31.0919, -96.695 31.0919)",240.0,93.45619,3.688112,-93.356653,1.425029,230.0,BREMOND -- BREMOND,BREMOND,BREMOND,93.45619
"LINESTRING (-96.695 31.0919, -96.4608 30.7217)",600.0,-215.166478,6.040797,217.689114,2.632494,230.0,BREMOND -- BRYAN 1,BRYAN 1,BREMOND,215.166478
"LINESTRING (-96.4608 30.7217, -96.4608 30.7217)",1204.0,493.856644,-14.02122,-493.583435,42.687157,500.0,BRYAN 1 -- BRYAN 1,BRYAN 1,BRYAN 1,493.856644
"LINESTRING (-96.4608 30.7217, -96.4608 30.7217)",377.0,116.340039,3.137105,-116.247258,2.670977,230.0,BRYAN 1 -- BRYAN 1,BRYAN 1,BRYAN 1,116.340039
"LINESTRING (-96.4608 30.7217, -96.4608 30.7217)",377.0,116.340039,3.137105,-116.247258,2.670977,230.0,BRYAN 1 -- BRYAN 1,BRYAN 1,BRYAN 1,116.340039
