Plant Code,Plant Name,Latitude,Longitude,State,County,Balancing Authority,Primary Type,Total Capacity (MW),Battery Storage,Geothermal,Hydro,Natural Gas,Nuclear,Oil,Other,Solar,Wind
34,Rollins,39.134259,-120.953341,CA,Placer,CISO,Hydro,12.1,0.0,0.0,12.1,0.0,0.0,0.0,0.0,0.0,0.0
72,Venice Hydro,34.01135,-118.4168,CA,Los Angeles,CISO,Hydro,10.1,0.0,0.0,10.1,0.0,0.0,0.0,0.0,0.0,0.0
99,Frederickson,47.079722,-122.365,WA,Pierce,PSEI,Natural Gas,177.8,0.0,0.0,0.0,177.8,0.0,0.0,0.0,0.0,0.0
100,South Consolidated,33.466477,-111.781064,AZ,Maricopa,SRP,Hydro,1.4,0.0,0.0,1.4,0.0,0.0,0.0,0.0,0.0,0.0
104,J S Eastwood,37.147926,-119.2567,CA,Fresno,CISO,Hydro,199.8,0.0,0.0,199.8,0.0,0.0,0.0,0.0,0.0,0.0
113,Cholla,34.9394,-110.3033,AZ,Navajo,AZPS,Other,425.9,0.0,0.0,0.0,0.0,0.0,0.0,425.9,0.0,0.0
114,Douglas,31.364122,-109.5538,AZ,Cochise,AZPS,Oil,26.1,0.0,0.0,0.0,0.0,0.0,26.1,0.0,0.0,0.0
116,Ocotillo,33.4225,-111.9122,AZ,Maricopa,AZPS,Natural Gas,806.2,0.0,0.0,0.0,806.2,0.0,0.0,0.0,0.0,0.0
117,West Phoenix,33.4417,-112.1583,AZ,Maricopa,AZPS,Natural Gas,1207.4,0.0,0.0,0.0,1207.4,0.0,0.0,0.0,0.0,0.0
118,Saguaro,32.5517,-111.3,AZ,Pinal,AZPS,Natural Gas,184.5,0.0,0.0,0.0,184.5,0.0,0.0,0.0,0.0,0.0
120,Yucca,32.7214,-114.7106,AZ,Yuma,AZPS,Natural Gas,422.4,0.0,0.0,0.0,324.7,0.0,97.7,0.0,0.0,0.0
124,Demoss Petrie,32.252273,-110.992148,AZ,Pima,TEPC,Natural Gas,85.0,0.0,0.0,0.0,85.0,0.0,0.0,0.0,0.0,0.0
126,H Wilson Sundt Generating Station,32.16,-110.9047,AZ,Pima,TEPC,Natural Gas,528.9,0.0,0.0,0.0,528.9,0.0,0.0,0.0,0.0,0.0
141,Agua Fria,33.5561,-112.2153,AZ,Maricopa,SRP,Natural Gas,737.5,25.0,0.0,0.0,712.3,0.0,0.0,0.0,0.2,0.0
143,Crosscut,33.439375,-111.946052,AZ,Maricopa,SRP,Hydro,3.0,0.0,0.0,3.0,0.0,0.0,0.0,0.0,0.0,0.0
145,Horse Mesa,33.5907,-111.344,AZ,Maricopa,SRP,Hydro,131.3,0.0,0.0,131.3,0.0,0.0,0.0,0.0,0.0,0.0
147,Kyrene,33.3556,-111.9353,AZ,Maricopa,SRP,Natural Gas,573.7,0.0,0.0,0.0,573.7,0.0,0.0,0.0,0.0,0.0
148,Mormon Flat,33.5536,-111.4431,AZ,Maricopa,SRP,Hydro,63.5,0.0,0.0,63.5,0.0,0.0,0.0,0.0,0.0,0.0
149,Roosevelt,33.671104,-111.161786,AZ,Maricopa,SRP,Hydro,36.0,0.0,0.0,36.0,0.0,0.0,0.0,0.0,0.0,0.0
150,Stewart Mountain,33.5661,-111.536,AZ,Maricopa,SRP,Hydro,13.0,0.0,0.0,13.0,0.0,0.0,0.0,0.0,0.0,0.0
151,McClure,37.62936,-120.93139,CA,Stanislaus,BANC,Natural Gas,142.4,0.0,0.0,0.0,71.2,0.0,71.2,0.0,0.0,0.0
152,Davis Dam,35.197044,-114.570669,AZ,Mohave,WALC,Hydro,254.8,0.0,0.0,254.8,0.0,0.0,0.0,0.0,0.0,0.0
153,Glen Canyon Dam,36.936614,-111.483872,AZ,Coconino,WALC,Hydro,1312.0,0.0,0.0,1312.0,0.0,0.0,0.0,0.0,0.0,0.0
154,Hoover Dam (NV),36.01551,-114.738006,NV,Clark,WALC,Hydro,1039.4,0.0,0.0,1039.4,0.0,0.0,0.0,0.0,0.0,0.0
159,Lake Creek Dam,40.493631,-111.312506,UT,Wasatch,PACE,Hydro,1.5,0.0,0.0,1.5,0.0,0.0,0.0,0.0,0.0,0.0
160,Apache Station,32.0603,-109.8931,AZ,Cochise,WALC,Natural Gas,660.7,0.0,0.0,0.0,456.7,0.0,0.0,204.0,0.0,0.0
161,Turlock Lake,37.611461,-120.594678,CA,Stanislaus,TIDC,Hydro,3.3,0.0,0.0,3.3,0.0,0.0,0.0,0.0,0.0,0.0
162,Hickman,37.621536,-120.746247,CA,Stanislaus,TIDC,Hydro,1.0,0.0,0.0,1.0,0.0,0.0,0.0,0.0,0.0,0.0
180,Volta 2,40.45193,-121.86215,CA,Shasta,CISO,Hydro,1.0,0.0,0.0,1.0,0.0,0.0,0.0,0.0,0.0,0.0
214,Alta Powerhouse,39.215979,-120.80355,CA,Placer,CISO,Hydro,1.0,0.0,0.0,1.0,0.0,0.0,0.0,0.0,0.0,0.0
215,Angels,38.071944,-120.539444,CA,Calaveras,CISO,Hydro,1.4,0.0,0.0,1.4,0.0,0.0,0.0,0.0,0.0,0.0
217,Balch 1,36.909137,-119.087712,CA,Fresno,CISO,Hydro,31.0,0.0,0.0,31.0,0.0,0.0,0.0,0.0,0.0,0.0
218,Balch 2,36.908907,-119.087556,CA,Fresno,CISO,Hydro,97.2,0.0,0.0,97.2,0.0,0.0,0.0,0.0,0.0,0.0
219,Belden,40.007445,-121.249438,CA,Plumas,CISO,Hydro,117.9,0.0,0.0,117.9,0.0,0.0,0.0,0.0,0.0,0.0
220,Bucks Creek,39.91062,-121.327692,CA,Plumas,CISO,Hydro,66.0,0.0,0.0,66.0,0.0,0.0,0.0,0.0,0.0,0.0
221,Butt Valley,40.175656,-121.190663,CA,Plumas,CISO,Hydro,40.0,0.0,0.0,40.0,0.0,0.0,0.0,0.0,0.0,0.0
222,Caribou 1,40.085476,-121.148241,CA,Plumas,CISO,Hydro,73.8,0.0,0.0,73.8,0.0,0.0,0.0,0.0,0.0,0.0
223,Caribou 2,40.085997,-121.149373,CA,Plumas,CISO,Hydro,117.9,0.0,0.0,117.9,0.0,0.0,0.0,0.0,0.0,0.0
224,Centerville PH,39.788877,-121.657383,CA,Butte,CISO,Hydro,6.4,0.0,0.0,6.4,0.0,0.0,0.0,0.0,0.0,0.0
225,Chili Bar,38.771764,-120.813239,CA,El Dorado,CISO,Hydro,8.3,0.0,0.0,8.3,0.0,0.0,0.0,0.0,0.0,0.0
227,Coleman PH,40.404645,-122.121904,CA,Shasta,CISO,Hydro,12.1,0.0,0.0,12.1,0.0,0.0,0.0,0.0,0.0,0.0
231,Cresta,39.825907,-121.409687,CA,Butte,CISO,Hydro,73.8,0.0,0.0,73.8,0.0,0.0,0.0,0.0,0.0,0.0
232,De Sabla,39.869265,-121.631819,CA,Butte,CISO,Hydro,18.4,0.0,0.0,18.4,0.0,0.0,0.0,0.0,0.0,0.0
233,Deer Creek PH,39.29807,-120.8443,CA,Nevada,CISO,Hydro,5.5,0.0,0.0,5.5,0.0,0.0,0.0,0.0,0.0,0.0
235,Drum 1,39.256873,-120.767437,CA,Placer,CISO,Hydro,49.2,0.0,0.0,49.2,0.0,0.0,0.0,0.0,0.0,0.0
236,Drum 2,39.257388,-120.767046,CA,Placer,CISO,Hydro,53.1,0.0,0.0,53.1,0.0,0.0,0.0,0.0,0.0,0.0
237,Dutch Flat,39.216985,-120.835587,CA,Placer,CISO,Hydro,22.0,0.0,0.0,22.0,0.0,0.0,0.0,0.0,0.0,0.0
238,El Dorado,38.793574,-120.619152,CA,El Dorado,CISO,Hydro,20.0,0.0,0.0,20.0,0.0,0.0,0.0,0.0,0.0,0.0
239,Electra,38.330985,-120.669901,CA,Amador,CISO,Hydro,102.5,0.0,0.0,102.5,0.0,0.0,0.0,0.0,0.0,0.0
240,Haas,36.927424,-119.02025,CA,Fresno,CISO,Hydro,135.0,0.0,0.0,135.0,0.0,0.0,0.0,0.0,0.0,0.0
241,Halsey,38.956985,-121.041932,CA,Placer,CISO,Hydro,13.6,0.0,0.0,13.6,0.0,0.0,0.0,0.0,0.0,0.0
242,Hamilton Branch,40.268712,-121.089479,CA,Plumas,CISO,Hydro,5.3,0.0,0.0,5.3,0.0,0.0,0.0,0.0,0.0,0.0
243,Hat Creek 1,40.929297,-121.544462,CA,Shasta,CISO,Hydro,10.0,0.0,0.0,10.0,0.0,0.0,0.0,0.0,0.0,0.0
244,Hat Creek 2,40.960675,-121.548657,CA,Shasta,CISO,Hydro,10.0,0.0,0.0,10.0,0.0,0.0,0.0,0.0,0.0,0.0
246,Humboldt Bay,40.7415,-124.2103,CA,Humboldt,CISO,Natural Gas,167.0,0.0,0.0,0.0,167.0,0.0,0.0,0.0,0.0,0.0
248,Inskip,40.400988,-121.965502,CA,Tehama,CISO,Hydro,7.6,0.0,0.0,7.6,0.0,0.0,0.0,0.0,0.0,0.0
249,James B Black,40.992295,-121.975182,CA,Shasta,CISO,Hydro,168.6,0.0,0.0,168.6,0.0,0.0,0.0,0.0,0.0,0.0
250,Kerckhoff,37.092486,-119.552826,CA,Fresno,CISO,Hydro,22.6,0.0,0.0,22.6,0.0,0.0,0.0,0.0,0.0,0.0
254,Kings River PH,36.888166,-119.158777,CA,Fresno,CISO,Hydro,48.6,0.0,0.0,48.6,0.0,0.0,0.0,0.0,0.0,0.0
258,Merced Falls,37.52301,-120.329905,CA,Merced,CISO,Hydro,3.4,0.0,0.0,3.4,0.0,0.0,0.0,0.0,0.0,0.0
260,Dynegy Moss Landing Power Plant Hybrid,36.804837,-121.782241,CA,Monterey,CISO,Natural Gas,2148.0,750.0,0.0,0.0,1398.0,0.0,0.0,0.0,0.0,0.0
261,Murphys,38.147093,-120.446396,CA,Calaveras,CISO,Hydro,3.6,0.0,0.0,3.6,0.0,0.0,0.0,0.0,0.0,0.0
262,Narrows PH,39.2364,-121.271741,CA,Nevada,CISO,Hydro,10.2,0.0,0.0,10.2,0.0,0.0,0.0,0.0,0.0,0.0
264,Phoenix,38.032103,-120.326537,CA,Tuolumne,CISO,Hydro,1.6,0.0,0.0,1.6,0.0,0.0,0.0,0.0,0.0,0.0
265,Pit 1,40.99084,-121.498243,CA,Shasta,CISO,Hydro,69.2,0.0,0.0,69.2,0.0,0.0,0.0,0.0,0.0,0.0
266,Pit 3,40.997448,-121.748139,CA,Shasta,CISO,Hydro,80.1,0.0,0.0,80.1,0.0,0.0,0.0,0.0,0.0,0.0
267,Pit 4,40.986361,-121.84944,CA,Shasta,CISO,Hydro,103.4,0.0,0.0,103.4,0.0,0.0,0.0,0.0,0.0,0.0
268,Pit 5,40.986197,-121.977594,CA,Shasta,CISO,Hydro,141.6,0.0,0.0,141.6,0.0,0.0,0.0,0.0,0.0,0.0
269,Pit 6,40.922568,-121.992906,CA,Shasta,CISO,Hydro,79.2,0.0,0.0,79.2,0.0,0.0,0.0,0.0,0.0,0.0
270,Pit 7,40.847462,-121.990798,CA,Shasta,CISO,Hydro,109.8,0.0,0.0,109.8,0.0,0.0,0.0,0.0,0.0,0.0
272,Poe,39.722892,-121.469814,CA,Butte,CISO,Hydro,142.8,0.0,0.0,142.8,0.0,0.0,0.0,0.0,0.0,0.0
274,Potter Valley,39.361786,-123.127934,CA,Mendocino,CISO,Hydro,9.4,0.0,0.0,9.4,0.0,0.0,0.0,0.0,0.0,0.0
275,Rock Creek,39.90521,-121.345226,CA,Plumas,CISO,Hydro,126.0,0.0,0.0,126.0,0.0,0.0,0.0,0.0,0.0,0.0
276,San Joaquin 2,37.203233,-119.497508,CA,Madera,CISO,Hydro,2.8,0.0,0.0,2.8,0.0,0.0,0.0,0.0,0.0,0.0
277,San Joaquin 3,37.253718,-119.519352,CA,Madera,CISO,Hydro,4.0,0.0,0.0,4.0,0.0,0.0,0.0,0.0,0.0,0.0
279,Salt Springs,38.497914,-120.21811,CA,Amador,CISO,Hydro,42.0,0.0,0.0,42.0,0.0,0.0,0.0,0.0,0.0,0.0
280,South,40.395396,-121.879186,CA,Tehama,CISO,Hydro,6.7,0.0,0.0,6.7,0.0,0.0,0.0,0.0,0.0,0.0
281,Spaulding 1,39.324613,-120.644807,CA,Nevada,CISO,Hydro,7.0,0.0,0.0,7.0,0.0,0.0,0.0,0.0,0.0,0.0
282,Spaulding 2,39.324592,-120.645375,CA,Nevada,CISO,Hydro,3.7,0.0,0.0,3.7,0.0,0.0,0.0,0.0,0.0,0.0
283,Spaulding 3,39.337679,-120.635467,CA,Nevada,CISO,Hydro,6.6,0.0,0.0,6.6,0.0,0.0,0.0,0.0,0.0,0.0
284,Spring Gap,38.18653,-120.11168,CA,Tuolumne,CISO,Hydro,6.0,0.0,0.0,6.0,0.0,0.0,0.0,0.0,0.0,0.0
285,Stanislaus,38.139048,-120.370325,CA,Tuolumne,CISO,Hydro,81.9,0.0,0.0,81.9,0.0,0.0,0.0,0.0,0.0,0.0
286,Geysers Unit 5-20,38.777,-122.745,CA,Sonoma,CISO,Geothermal,1163.0,0.0,1163.0,0.0,0.0,0.0,0.0,0.0,0.0,0.0
287,Tiger Creek,38.449291,-120.492645,CA,Amador,CISO,Hydro,52.2,0.0,0.0,52.2,0.0,0.0,0.0,0.0,0.0,0.0
289,Tule River,36.163076,-118.707104,CA,Tulare,CISO,Hydro,8.4,0.0,0.0,8.4,0.0,0.0,0.0,0.0,0.0,0.0
290,Volta 1,40.459111,-121.86708,CA,Shasta,CISO,Hydro,8.5,0.0,0.0,8.5,0.0,0.0,0.0,0.0,0.0,0.0
291,West Point PH,38.420898,-120.549572,CA,Amador,CISO,Hydro,13.6,0.0,0.0,13.6,0.0,0.0,0.0,0.0,0.0,0.0
292,Wise,38.889862,-121.098525,CA,Placer,CISO,Hydro,16.4,0.0,0.0,16.4,0.0,0.0,0.0,0.0,0.0,0.0
293,A G Wishon,37.15105,-119.504724,CA,Madera,CISO,Hydro,12.8,0.0,0.0,12.8,0.0,0.0,0.0,0.0,0.0,0.0
296,Fall Creek,41.985605,-122.360455,CA,Siskiyou,PACW,Hydro,2.1,0.0,0.0,2.1,0.0,0.0,0.0,0.0,0.0,0.0
299,Blundell,38.4889,-112.8533,UT,Beaver,PACE,Geothermal,38.1,0.0,38.1,0.0,0.0,0.0,0.0,0.0,0.0,0.0
314,Drop 5,32.673097,-115.392026,CA,Imperial,IID,Hydro,4.0,0.0,0.0,4.0,0.0,0.0,0.0,0.0,0.0,0.0
315,AES Alamitos LLC,33.7688,-118.1009,CA,Los Angeles,CISO,Natural Gas,1115.0,0.0,0.0,0.0,1115.0,0.0,0.0,0.0,0.0,0.0
316,Sepulveda Canyon,34.0969,-118.4795,CA,Los Angeles,LDWP,Hydro,8.5,0.0,0.0,8.5,0.0,0.0,0.0,0.0,0.0,0.0
317,Big Creek 1,37.2042,-119.2396,CA,Fresno,CISO,Hydro,88.4,0.0,0.0,88.4,0.0,0.0,0.0,0.0,0.0,0.0
318,Big Creek 2,37.2,-119.3069,CA,Fresno,CISO,Hydro,66.6,0.0,0.0,66.6,0.0,0.0,0.0,0.0,0.0,0.0
319,Big Creek 3,37.148517,-119.386623,CA,Fresno,CISO,Hydro,174.5,0.0,0.0,174.5,0.0,0.0,0.0,0.0,0.0,0.0
320,Big Creek 4,37.139,-119.4898,CA,Madera,CISO,Hydro,100.0,0.0,0.0,100.0,0.0,0.0,0.0,0.0,0.0,0.0
321,Big Creek 8,37.2096,-119.3289,CA,Fresno,CISO,Hydro,75.0,0.0,0.0,75.0,0.0,0.0,0.0,0.0,0.0,0.0
322,Big Creek 2A,37.200062,-119.30681,CA,Fresno,CISO,Hydro,110.0,0.0,0.0,110.0,0.0,0.0,0.0,0.0,0.0,0.0
323,Bishop Creek 2,37.273581,-118.573339,CA,Inyo,CISO,Hydro,7.3,0.0,0.0,7.3,0.0,0.0,0.0,0.0,0.0,0.0
324,Bishop Creek 3,37.301962,-118.531957,CA,Inyo,CISO,Hydro,8.4,0.0,0.0,8.4,0.0,0.0,0.0,0.0,0.0,0.0
325,Bishop Creek 4,37.323035,-118.501714,CA,Inyo,CISO,Hydro,8.2,0.0,0.0,8.2,0.0,0.0,0.0,0.0,0.0,0.0
326,Bishop Creek 5,37.3344,-118.4797,CA,Inyo,CISO,Hydro,4.5,0.0,0.0,4.5,0.0,0.0,0.0,0.0,0.0,0.0
327,Bishop Creek 6,37.3499,-118.4628,CA,Inyo,CISO,Hydro,1.6,0.0,0.0,1.6,0.0,0.0,0.0,0.0,0.0,0.0
332,Fontana,34.155162,-117.397119,CA,San Bernardino,CISO,Hydro,3.0,0.0,0.0,3.0,0.0,0.0,0.0,0.0,0.0,0.0
335,AES Huntington Beach LLC,33.6439,-117.9792,CA,Orange,CISO,Natural Gas,218.0,0.0,0.0,0.0,218.0,0.0,0.0,0.0,0.0,0.0
336,Kaweah 2,36.461326,-118.87988,CA,Tulare,CISO,Hydro,1.8,0.0,0.0,1.8,0.0,0.0,0.0,0.0,0.0,0.0
337,Kaweah 1,36.465066,-118.862023,CA,Tulare,CISO,Hydro,2.3,0.0,0.0,2.3,0.0,0.0,0.0,0.0,0.0,0.0
338,Kaweah 3,36.486059,-118.835645,CA,Tulare,CISO,Hydro,4.8,0.0,0.0,4.8,0.0,0.0,0.0,0.0,0.0,0.0
339,Kern River 3,35.776185,-118.436233,CA,Kern,CISO,Hydro,40.3,0.0,0.0,40.3,0.0,0.0,0.0,0.0,0.0,0.0
340,Kern River 1,35.460303,-118.77959,CA,Kern,CISO,Hydro,26.4,0.0,0.0,26.4,0.0,0.0,0.0,0.0,0.0,0.0
341,Long Beach Generation LLC,33.7641,-118.2248,CA,Los Angeles,CISO,Natural Gas,252.0,0.0,0.0,0.0,252.0,0.0,0.0,0.0,0.0,0.0
342,Lundy,38.042729,-119.172015,CA,Mono,CISO,Hydro,3.0,0.0,0.0,3.0,0.0,0.0,0.0,0.0,0.0,0.0
344,Mammoth Pool,37.220302,-119.337983,CA,Madera,CISO,Hydro,190.0,0.0,0.0,190.0,0.0,0.0,0.0,0.0,0.0,0.0
350,Ormond Beach,34.1292,-119.1689,CA,Ventura,CISO,Natural Gas,1612.0,0.0,0.0,0.0,1612.0,0.0,0.0,0.0,0.0,0.0
353,Poole,37.944237,-119.2161,CA,Mono,CISO,Hydro,11.3,0.0,0.0,11.3,0.0,0.0,0.0,0.0,0.0,0.0
354,Portal,37.257045,-119.158936,CA,Fresno,CISO,Hydro,10.8,0.0,0.0,10.8,0.0,0.0,0.0,0.0,0.0,0.0
357,Rush Creek,37.766954,-119.123284,CA,Mono,CISO,Hydro,13.1,0.0,0.0,13.1,0.0,0.0,0.0,0.0,0.0,0.0
358,Mountainview Generating Station,34.0818,-117.2418,CA,San Bernardino,CISO,Natural Gas,1036.8,0.0,0.0,0.0,1036.8,0.0,0.0,0.0,0.0,0.0
361,Santa Ana 1,34.14522,-117.058481,CA,San Bernardino,CISO,Hydro,3.2,0.0,0.0,3.2,0.0,0.0,0.0,0.0,0.0,0.0
363,Santa Ana 3,34.107245,-117.099091,CA,San Bernardino,CISO,Hydro,3.1,0.0,0.0,3.1,0.0,0.0,0.0,0.0,0.0,0.0
365,Lower Tule River,36.13568,-118.788868,CA,Tulare,CISO,Hydro,2.6,0.0,0.0,2.6,0.0,0.0,0.0,0.0,0.0,0.0
371,Columbia Generating Station,46.4711,-119.3339,WA,Benton,BPAT,Nuclear,1200.0,0.0,0.0,0.0,0.0,1200.0,0.0,0.0,0.0,0.0
376,Pardee,38.2569,-120.8507,CA,Calaveras,CISO,Hydro,23.6,0.0,0.0,23.6,0.0,0.0,0.0,0.0,0.0,0.0
377,Grayson,34.1556,-118.2782,CA,Los Angeles,LDWP,Natural Gas,57.4,0.0,0.0,0.0,57.4,0.0,0.0,0.0,0.0,0.0
380,Dion R Holm,37.896649,-119.9675,CA,Tuolumne,CISO,Hydro,180.2,0.0,0.0,180.2,0.0,0.0,0.0,0.0,0.0,0.0
381,Moccasin,37.809388,-120.299254,CA,Tuolumne,CISO,Hydro,96.8,0.0,0.0,96.8,0.0,0.0,0.0,0.0,0.0,0.0
382,R C Kirkwood,37.877667,-119.953233,CA,Tuolumne,CISO,Hydro,127.3,0.0,0.0,127.3,0.0,0.0,0.0,0.0,0.0,0.0
385,Drop 2 (CA),32.705435,-115.030975,CA,Imperial,IID,Hydro,10.0,0.0,0.0,10.0,0.0,0.0,0.0,0.0,0.0,0.0
386,Drop 3 (CA),32.705428,-115.126103,CA,Imperial,IID,Hydro,9.2,0.0,0.0,9.2,0.0,0.0,0.0,0.0,0.0,0.0
387,Drop 4,32.705341,-115.219067,CA,Imperial,IID,Hydro,19.6,0.0,0.0,19.6,0.0,0.0,0.0,0.0,0.0,0.0
388,Pilot Knob,32.736642,-114.713858,CA,Imperial,IID,Hydro,33.0,0.0,0.0,33.0,0.0,0.0,0.0,0.0,0.0,0.0
389,El Centro Hybrid,32.802222,-115.54,CA,Imperial,IID,Natural Gas,388.3,30.0,0.0,0.0,358.3,0.0,0.0,0.0,0.0,0.0
391,Big Pine Creek,37.142795,-118.324075,CA,Inyo,LDWP,Hydro,3.2,0.0,0.0,3.2,0.0,0.0,0.0,0.0,0.0,0.0
392,Castaic,34.587237,-118.656638,CA,Los Angeles,LDWP,Hydro,1682.0,0.0,0.0,1682.0,0.0,0.0,0.0,0.0,0.0,0.0
393,Control Gorge,37.437921,-118.556988,CA,Inyo,LDWP,Hydro,37.5,0.0,0.0,37.5,0.0,0.0,0.0,0.0,0.0,0.0
394,Cottonwood,36.443421,-118.04389,CA,Inyo,LDWP,Hydro,1.6,0.0,0.0,1.6,0.0,0.0,0.0,0.0,0.0,0.0
396,Foothill,34.318248,-118.494449,CA,Los Angeles,LDWP,Hydro,8.8,0.0,0.0,8.8,0.0,0.0,0.0,0.0,0.0,0.0
397,Franklin (CA),34.103931,-118.413377,CA,Los Angeles,LDWP,Hydro,2.0,0.0,0.0,2.0,0.0,0.0,0.0,0.0,0.0,0.0
398,Haiwee,36.109722,-117.956667,CA,Inyo,LDWP,Hydro,5.6,0.0,0.0,5.6,0.0,0.0,0.0,0.0,0.0,0.0
399,Harbor,33.7706,-118.2656,CA,Los Angeles,LDWP,Natural Gas,548.1,0.0,0.0,0.0,548.1,0.0,0.0,0.0,0.0,0.0
400,Haynes,33.764741,-118.09913,CA,Los Angeles,LDWP,Natural Gas,1739.1,0.0,0.0,0.0,1739.1,0.0,0.0,0.0,0.0,0.0
401,Middle Gorge,37.51,-118.569167,CA,Mono,LDWP,Hydro,37.5,0.0,0.0,37.5,0.0,0.0,0.0,0.0,0.0,0.0
402,Pleasant Valley Hydro,37.41416,-118.523889,CA,Inyo,LDWP,Hydro,3.2,0.0,0.0,3.2,0.0,0.0,0.0,0.0,0.0,0.0
403,San Fernando,34.312778,-118.492778,CA,Los Angeles,LDWP,Hydro,5.6,0.0,0.0,5.6,0.0,0.0,0.0,0.0,0.0,0.0
404,Scattergood,33.918151,-118.427648,CA,Los Angeles,LDWP,Natural Gas,876.0,0.0,0.0,0.0,876.0,0.0,0.0,0.0,0.0,0.0
407,Upper Gorge,37.546036,-118.590001,CA,Mono,LDWP,Hydro,37.5,0.0,0.0,37.5,0.0,0.0,0.0,0.0,0.0,0.0
408,Valley (CA),34.244991,-118.391327,CA,Los Angeles,LDWP,Natural Gas,690.5,0.0,0.0,0.0,690.5,0.0,0.0,0.0,0.0,0.0
409,Exchequer,37.584345,-120.26859,CA,Mariposa,CISO,Hydro,94.5,0.0,0.0,94.5,0.0,0.0,0.0,0.0,0.0,0.0
410,McSwain,37.522065,-120.31009,CA,Mariposa,CISO,Hydro,9.0,0.0,0.0,9.0,0.0,0.0,0.0,0.0,0.0,0.0
412,Chicago Park,39.177903,-120.890856,CA,Nevada,CISO,Hydro,44.0,0.0,0.0,44.0,0.0,0.0,0.0,0.0,0.0,0.0
413,Dutch Flat 2,39.2184,-120.8352,CA,Nevada,CISO,Hydro,27.3,0.0,0.0,27.3,0.0,0.0,0.0,0.0,0.0,0.0
414,Beardsley,38.202569,-120.076983,CA,Tuolumne,CISO,Hydro,10.0,0.0,0.0,10.0,0.0,0.0,0.0,0.0,0.0,0.0
415,Donnells,38.246656,-120.034072,CA,Tuolumne,CISO,Hydro,72.0,0.0,0.0,72.0,0.0,0.0,0.0,0.0,0.0,0.0
416,Tulloch,37.876111,-120.605,CA,Tuolumne,CISO,Hydro,29.9,0.0,0.0,29.9,0.0,0.0,0.0,0.0,0.0,0.0
417,Forbestown,39.551012,-121.278784,CA,Butte,CISO,Hydro,41.9,0.0,0.0,41.9,0.0,0.0,0.0,0.0,0.0,0.0
418,Kelly Ridge,39.531784,-121.491247,CA,Butte,CISO,Hydro,10.0,0.0,0.0,10.0,0.0,0.0,0.0,0.0,0.0,0.0
419,Woodleaf,39.553811,-121.204077,CA,Butte,CISO,Hydro,67.2,0.0,0.0,67.2,0.0,0.0,0.0,0.0,0.0,0.0
422,Glenarm,34.126,-118.1494,CA,Los Angeles,CISO,Natural Gas,265.6,0.0,0.0,0.0,265.6,0.0,0.0,0.0,0.0,0.0
424,French Meadows,39.077971,-120.406069,CA,Placer,CISO,Hydro,15.3,0.0,0.0,15.3,0.0,0.0,0.0,0.0,0.0,0.0
425,Middle Fork,39.024801,-120.596383,CA,Placer,CISO,Hydro,122.4,0.0,0.0,122.4,0.0,0.0,0.0,0.0,0.0,0.0
426,Oxbow (CA),39.003372,-120.746651,CA,Placer,CISO,Hydro,6.1,0.0,0.0,6.1,0.0,0.0,0.0,0.0,0.0,0.0
427,Ralston,39.000999,-120.725053,CA,Placer,CISO,Hydro,79.2,0.0,0.0,79.2,0.0,0.0,0.0,0.0,0.0,0.0
428,Parker,37.477838,-120.444492,CA,Merced,CISO,Hydro,2.7,0.0,0.0,2.7,0.0,0.0,0.0,0.0,0.0,0.0
430,Camino,38.82881,-120.537089,CA,El Dorado,BANC,Hydro,157.8,0.0,0.0,157.8,0.0,0.0,0.0,0.0,0.0,0.0
431,Jaybird,38.83405,-120.53176,CA,El Dorado,BANC,Hydro,161.6,0.0,0.0,161.6,0.0,0.0,0.0,0.0,0.0,0.0
432,Loon Lake,38.982697,-120.324503,CA,El Dorado,BANC,Hydro,74.1,0.0,0.0,74.1,0.0,0.0,0.0,0.0,0.0,0.0
433,Robbs Peak,38.896511,-120.378292,CA,El Dorado,BANC,Hydro,25.5,0.0,0.0,25.5,0.0,0.0,0.0,0.0,0.0,0.0
435,White Rock/Slab Creek,38.765336,-120.787366,CA,El Dorado,BANC,Hydro,269.2,0.0,0.0,269.2,0.0,0.0,0.0,0.0,0.0,0.0
436,Devil Canyon,34.2056,-117.3344,CA,San Bernardino,CISO,Hydro,276.2,0.0,0.0,276.2,0.0,0.0,0.0,0.0,0.0,0.0
437,Edward C Hyatt,39.542985,-121.492188,CA,Butte,CISO,Hydro,644.1,0.0,0.0,644.1,0.0,0.0,0.0,0.0,0.0,0.0
438,Thermalito,39.514893,-121.630077,CA,Butte,CISO,Hydro,115.1,0.0,0.0,115.1,0.0,0.0,0.0,0.0,0.0,0.0
439,Don Pedro,37.695994,-120.420152,CA,Tuolumne,TIDC,Hydro,170.8,0.0,0.0,170.8,0.0,0.0,0.0,0.0,0.0,0.0
440,La Grange,37.6697,-120.4436,CA,Stanislaus,TIDC,Hydro,4.5,0.0,0.0,4.5,0.0,0.0,0.0,0.0,0.0,0.0
441,Folsom,38.70675,-121.158443,CA,Sacramento,BANC,Hydro,198.6,0.0,0.0,198.6,0.0,0.0,0.0,0.0,0.0,0.0
442,Judge F Carr,40.646934,-122.626973,CA,Shasta,BANC,Hydro,154.4,0.0,0.0,154.4,0.0,0.0,0.0,0.0,0.0,0.0
443,Keswick,40.611858,-122.446441,CA,Shasta,BANC,Hydro,117.0,0.0,0.0,117.0,0.0,0.0,0.0,0.0,0.0,0.0
444,Nimbus,38.63735,-121.220198,CA,Sacramento,BANC,Hydro,13.4,0.0,0.0,13.4,0.0,0.0,0.0,0.0,0.0,0.0
445,Shasta,40.717455,-122.422274,CA,Shasta,BANC,Hydro,714.0,0.0,0.0,714.0,0.0,0.0,0.0,0.0,0.0,0.0
446,ONeill,37.098671,-121.047718,CA,Merced,CISO,Hydro,25.2,0.0,0.0,25.2,0.0,0.0,0.0,0.0,0.0,0.0
447,Parker Dam,34.295334,-114.140222,CA,San Bernardino,WALC,Hydro,120.0,0.0,0.0,120.0,0.0,0.0,0.0,0.0,0.0,0.0
448,W R Gianelli,37.0692,-121.0772,CA,Merced,CISO,Hydro,424.0,0.0,0.0,424.0,0.0,0.0,0.0,0.0,0.0,0.0
450,Spring Creek,40.628115,-122.467509,CA,Shasta,BANC,Hydro,180.0,0.0,0.0,180.0,0.0,0.0,0.0,0.0,0.0,0.0
451,Trinity,40.797296,-122.762553,CA,Trinity,BANC,Hydro,140.0,0.0,0.0,140.0,0.0,0.0,0.0,0.0,0.0,0.0
454,Colgate,39.330833,-121.191666,CA,Yuba,CISO,Hydro,315.0,0.0,0.0,315.0,0.0,0.0,0.0,0.0,0.0,0.0
455,Narrows 2,39.238996,-121.270409,CA,Yuba,CISO,Hydro,46.7,0.0,0.0,46.7,0.0,0.0,0.0,0.0,0.0,0.0
457,Bear Valley,33.166246,-117.016566,CA,San Diego,CISO,Hydro,1.4,0.0,0.0,1.4,0.0,0.0,0.0,0.0,0.0,0.0
460,Pueblo,38.2667,-104.6144,CO,Pueblo,PSCO,Oil,8.0,0.0,0.0,0.0,0.0,0.0,8.0,0.0,0.0,0.0
464,Alamosa,37.4594,-105.8947,CO,Alamosa,PSCO,Natural Gas,53.2,0.0,0.0,0.0,53.2,0.0,0.0,0.0,0.0,0.0
466,Boulder Canyon Hydro,40.004725,-105.332495,CO,Boulder,PSCO,Hydro,5.0,0.0,0.0,5.0,0.0,0.0,0.0,0.0,0.0,0.0
467,Cabin Creek,39.6551,-105.7088,CO,Clear Creek,PSCO,Hydro,300.0,0.0,0.0,300.0,0.0,0.0,0.0,0.0,0.0,0.0
469,Cherokee,39.807275,-104.964548,CO,Adams,PSCO,Natural Gas,1006.4,0.0,0.0,0.0,1006.4,0.0,0.0,0.0,0.0,0.0
470,Comanche (CO),38.2081,-104.5747,CO,Pueblo,WACM,Other,1252.8,0.0,0.0,0.0,0.0,0.0,0.0,1252.8,0.0,0.0
471,Fruita,39.1364,-108.7347,CO,Mesa,PSCO,Natural Gas,26.6,0.0,0.0,0.0,26.6,0.0,0.0,0.0,0.0,0.0
472,Georgetown Hydro,39.6919,-105.6978,CO,Clear Creek,PSCO,Hydro,1.2,0.0,0.0,1.2,0.0,0.0,0.0,0.0,0.0,0.0
474,Salida,38.53419,-106.182003,CO,Chaffee,PSCO,Hydro,0.6,0.0,0.0,0.6,0.0,0.0,0.0,0.0,0.0,0.0
476,Shoshone (CO),39.57013,-107.226876,CO,Garfield,PSCO,Hydro,14.4,0.0,0.0,14.4,0.0,0.0,0.0,0.0,0.0,0.0
477,Valmont,40.0195,-105.202,CO,Boulder,PSCO,Natural Gas,59.3,0.0,0.0,0.0,59.3,0.0,0.0,0.0,0.0,0.0
479,Temescal,33.8343,-117.4971,CA,Riverside,CISO,Hydro,2.9,0.0,0.0,2.9,0.0,0.0,0.0,0.0,0.0,0.0
480,Corona,33.85895,-117.6106,CA,Riverside,CISO,Hydro,2.9,0.0,0.0,2.9,0.0,0.0,0.0,0.0,0.0,0.0
481,Perris,33.8361,-117.1831,CA,Riverside,CISO,Hydro,7.9,0.0,0.0,7.9,0.0,0.0,0.0,0.0,0.0,0.0
482,Rio Hondo,34.004722,-118.09917,CA,Los Angeles,CISO,Hydro,1.9,0.0,0.0,1.9,0.0,0.0,0.0,0.0,0.0,0.0
483,Coyote Creek,33.92493,-117.95517,CA,Orange,CISO,Hydro,3.1,0.0,0.0,3.1,0.0,0.0,0.0,0.0,0.0,0.0
484,Red Mountain,33.3944,-117.1889,CA,San Diego,CISO,Hydro,5.9,0.0,0.0,5.9,0.0,0.0,0.0,0.0,0.0,0.0
487,Valley View,33.9001,-117.82905,CA,Orange,CISO,Hydro,4.1,0.0,0.0,4.1,0.0,0.0,0.0,0.0,0.0,0.0
489,Upper Dawson,37.6508,-120.4706,CA,Tuolumne,TIDC,Hydro,4.4,0.0,0.0,4.4,0.0,0.0,0.0,0.0,0.0,0.0
492,South Plant,38.824444,-104.833333,CO,El Paso,WACM,Natural Gas,245.1,0.0,0.0,0.0,245.1,0.0,0.0,0.0,0.0,0.0
493,George Birdsall,38.881389,-104.816944,CO,El Paso,WACM,Natural Gas,61.1,0.0,0.0,0.0,61.1,0.0,0.0,0.0,0.0,0.0
494,Manitou Springs,38.855556,-104.933056,CO,El Paso,WACM,Hydro,5.6,0.0,0.0,5.6,0.0,0.0,0.0,0.0,0.0,0.0
495,Ruxton Park,38.841354,-104.973802,CO,El Paso,WACM,Hydro,1.0,0.0,0.0,1.0,0.0,0.0,0.0,0.0,0.0,0.0
502,Holly,38.032717,-102.073659,CO,Prowers,WACM,Oil,2.9,0.0,0.0,0.0,0.0,0.0,2.9,0.0,0.0,0.0
504,Julesburg,40.9505,-102.2795,CO,Sedgwick,WACM,Oil,2.8,0.0,0.0,0.0,0.0,0.0,2.8,0.0,0.0,0.0
505,Boysen,43.417872,-108.177545,WY,Fremont,WAUW,Hydro,15.0,0.0,0.0,15.0,0.0,0.0,0.0,0.0,0.0,0.0
507,Las Animas,38.0647,-103.2159,CO,Bent,WACM,Oil,5.6,0.0,0.0,0.0,0.0,0.0,5.6,0.0,0.0,0.0
508,Lamar Plant,38.033327,-102.537915,CO,Prowers,PSCO,Wind,8.0,0.0,0.0,0.0,0.0,0.0,2.0,0.0,0.0,6.0
510,Sonoma California Geothermal,38.7903,-122.7559,CA,Lake,CISO,Geothermal,78.0,0.0,78.0,0.0,0.0,0.0,0.0,0.0,0.0,0.0
511,Trinidad (CO),37.178979,-104.487492,CO,Las Animas,WACM,Oil,9.2,0.0,0.0,0.0,3.8,0.0,5.4,0.0,0.0,0.0
512,Blue Mesa,38.453191,-107.337483,CO,Gunnison,WACM,Hydro,86.4,0.0,0.0,86.4,0.0,0.0,0.0,0.0,0.0,0.0
513,Estes,40.376771,-105.509665,CO,Larimer,WACM,Hydro,45.0,0.0,0.0,45.0,0.0,0.0,0.0,0.0,0.0,0.0
514,Morrow Point,38.451753,-107.539299,CO,Montrose,WACM,Hydro,173.2,0.0,0.0,173.2,0.0,0.0,0.0,0.0,0.0,0.0
515,Big Thompson,40.421031,-105.223804,CO,Larimer,WACM,Hydro,4.5,0.0,0.0,4.5,0.0,0.0,0.0,0.0,0.0,0.0
516,Green Mountain,39.878805,-106.332725,CO,Summit,WACM,Hydro,26.0,0.0,0.0,26.0,0.0,0.0,0.0,0.0,0.0,0.0
517,Marys Lake,40.34408,-105.534308,CO,Larimer,WACM,Hydro,8.1,0.0,0.0,8.1,0.0,0.0,0.0,0.0,0.0,0.0
518,Flatiron,40.364996,-105.236032,CO,Larimer,WACM,Hydro,94.5,0.0,0.0,94.5,0.0,0.0,0.0,0.0,0.0,0.0
519,Pole Hill,40.365056,-105.325074,CO,Larimer,WACM,Hydro,38.2,0.0,0.0,38.2,0.0,0.0,0.0,0.0,0.0,0.0
520,Lower Molina,39.19366,-108.044088,CO,Mesa,WACM,Hydro,5.6,0.0,0.0,5.6,0.0,0.0,0.0,0.0,0.0,0.0
521,Upper Molina,39.143808,-108.004777,CO,Mesa,WACM,Hydro,9.9,0.0,0.0,9.9,0.0,0.0,0.0,0.0,0.0,0.0
525,Hayden,40.4856,-107.185,CO,Routt,PSCO,Other,465.4,0.0,0.0,0.0,0.0,0.0,0.0,465.4,0.0,0.0
531,Sacramento Municipal Util Dist,39.048802,-121.316966,CA,Placer,CISO,Hydro,7.2,0.0,0.0,7.2,0.0,0.0,0.0,0.0,0.0,0.0
534,Jones Fork,38.850283,-120.381883,CA,El Dorado,BANC,Hydro,10.0,0.0,0.0,10.0,0.0,0.0,0.0,0.0,0.0,0.0
535,McClellan (CA),38.652731,-121.393336,CA,Sacramento,BANC,Natural Gas,77.0,0.0,0.0,0.0,77.0,0.0,0.0,0.0,0.0,0.0
537,Camanche,38.2268,-121.0245,CA,San Joaquin,CISO,Hydro,10.8,0.0,0.0,10.8,0.0,0.0,0.0,0.0,0.0,0.0
550,Kettle Falls Generating Station,48.620336,-118.111059,WA,Stevens,AVA,Other,57.9,0.0,0.0,0.0,7.2,0.0,0.0,50.7,0.0,0.0
584,Navajo Dam,36.8061,-107.6131,NM,San Juan,WACM,Hydro,30.0,0.0,0.0,30.0,0.0,0.0,0.0,0.0,0.0,0.0
585,Drop 1,32.711611,-114.942666,CA,Imperial,IID,Hydro,5.7,0.0,0.0,5.7,0.0,0.0,0.0,0.0,0.0,0.0
586,East Highline,32.699451,-115.28245,CA,Imperial,IID,Hydro,2.4,0.0,0.0,2.4,0.0,0.0,0.0,0.0,0.0,0.0
607,Fredonia,48.4558,-122.4358,WA,Skagit,PSEI,Natural Gas,376.0,0.0,0.0,0.0,376.0,0.0,0.0,0.0,0.0,0.0
622,South Fork Tolt,47.699167,-121.783333,WA,King,SCL,Hydro,16.8,0.0,0.0,16.8,0.0,0.0,0.0,0.0,0.0,0.0
626,Oak Flat,40.07531,-121.16143,CA,Plumas,CISO,Hydro,1.4,0.0,0.0,1.4,0.0,0.0,0.0,0.0,0.0,0.0
632,Newcastle,38.835182,-121.092982,CA,Placer,CISO,Hydro,12.7,0.0,0.0,12.7,0.0,0.0,0.0,0.0,0.0,0.0
674,Pilot Butte,43.219017,-108.787681,WY,Fremont,WAUW,Hydro,1.6,0.0,0.0,1.6,0.0,0.0,0.0,0.0,0.0,0.0
682,Kerckhoff 2,37.071846,-119.558008,CA,Fresno,CISO,Hydro,139.5,0.0,0.0,139.5,0.0,0.0,0.0,0.0,0.0,0.0
692,Medicine Bow,41.835278,-106.242778,WY,Carbon,WAUW,Wind,6.2,0.0,0.0,0.0,0.0,0.0,0.0,0.0,0.0,6.2
714,Toadtown,39.893491,-121.59338,CA,Butte,CISO,Hydro,1.8,0.0,0.0,1.8,0.0,0.0,0.0,0.0,0.0,0.0
745,Etiwanda,34.10345,-117.5257,CA,San Bernardino,CISO,Hydro,23.9,0.0,0.0,23.9,0.0,0.0,0.0,0.0,0.0,0.0
751,Moccasin Low Head Hydro Project,37.816447,-120.312033,CA,Tuolumne,CISO,Hydro,2.9,0.0,0.0,2.9,0.0,0.0,0.0,0.0,0.0,0.0
776,Sly Creek,39.580413,-121.119479,CA,Butte,CISO,Hydro,12.1,0.0,0.0,12.1,0.0,0.0,0.0,0.0,0.0,0.0
790,Gem State,43.420221,-112.101852,ID,Bonneville,PACE,Hydro,23.4,0.0,0.0,23.4,0.0,0.0,0.0,0.0,0.0,0.0
809,American Falls,42.7778,-112.8764,ID,Power,IPCO,Hydro,92.4,0.0,0.0,92.4,0.0,0.0,0.0,0.0,0.0,0.0
810,Bliss,42.913786,-115.070986,ID,Gooding,IPCO,Hydro,75.0,0.0,0.0,75.0,0.0,0.0,0.0,0.0,0.0,0.0
811,Brownlee,44.8367,-116.8975,ID,Washington,IPCO,Hydro,675.0,0.0,0.0,675.0,0.0,0.0,0.0,0.0,0.0,0.0
812,C J Strike,42.944869,-115.977858,ID,Owyhee,IPCO,Hydro,82.8,0.0,0.0,82.8,0.0,0.0,0.0,0.0,0.0,0.0
813,Cascade Dam,44.5256,-116.0483,ID,Valley,IPCO,Hydro,12.4,0.0,0.0,12.4,0.0,0.0,0.0,0.0,0.0,0.0
814,Clear Lake,42.66701,-114.78012,ID,Gooding,IPCO,Hydro,2.5,0.0,0.0,2.5,0.0,0.0,0.0,0.0,0.0,0.0
815,Lower Malad,42.865783,-114.906172,ID,Gooding,IPCO,Hydro,13.5,0.0,0.0,13.5,0.0,0.0,0.0,0.0,0.0,0.0
816,Lower Salmon,42.841608,-114.903611,ID,Gooding,IPCO,Hydro,60.0,0.0,0.0,60.0,0.0,0.0,0.0,0.0,0.0,0.0
817,Salmon Diesel,45.183368,-113.885307,ID,Lemhi,IPCO,Oil,5.0,0.0,0.0,0.0,0.0,0.0,5.0,0.0,0.0,0.0
818,Shoshone Falls,42.5975,-114.4033,ID,Jerome,IPCO,Hydro,14.7,0.0,0.0,14.7,0.0,0.0,0.0,0.0,0.0,0.0
819,Swan Falls,43.2435,-116.3791,ID,Ada,IPCO,Hydro,27.2,0.0,0.0,27.2,0.0,0.0,0.0,0.0,0.0,0.0
820,Thousand Springs,42.740542,-114.836722,ID,Gooding,IPCO,Hydro,6.8,0.0,0.0,6.8,0.0,0.0,0.0,0.0,0.0,0.0
821,Twin Falls (ID),42.5892,-114.3553,ID,Twin Falls,IPCO,Hydro,52.7,0.0,0.0,52.7,0.0,0.0,0.0,0.0,0.0,0.0
822,Upper Salmon A,42.767422,-114.924692,ID,Twin Falls,IPCO,Hydro,18.0,0.0,0.0,18.0,0.0,0.0,0.0,0.0,0.0,0.0
823,Upper Malad,42.864267,-114.885542,ID,Gooding,IPCO,Hydro,8.3,0.0,0.0,8.3,0.0,0.0,0.0,0.0,0.0,0.0
825,Ashton,44.07863,-111.497326,ID,Fremont,PACE,Hydro,6.7,0.0,0.0,6.7,0.0,0.0,0.0,0.0,0.0,0.0
827,Grace,42.53675,-111.793967,ID,Caribou,PACE,Hydro,33.0,0.0,0.0,33.0,0.0,0.0,0.0,0.0,0.0,0.0
829,Oneida,42.267774,-111.748531,ID,Franklin,PACE,Hydro,30.0,0.0,0.0,30.0,0.0,0.0,0.0,0.0,0.0,0.0
831,Soda,42.64455,-111.696689,ID,Caribou,PACE,Hydro,14.6,0.0,0.0,14.6,0.0,0.0,0.0,0.0,0.0,0.0
833,Cabinet Gorge,48.084444,-116.053056,ID,Bonner,AVA,Hydro,265.2,0.0,0.0,265.2,0.0,0.0,0.0,0.0,0.0,0.0
835,Post Falls,47.703333,-116.953889,ID,Kootenai,AVA,Hydro,14.5,0.0,0.0,14.5,0.0,0.0,0.0,0.0,0.0,0.0
839,Scott Flat,39.272108,-120.932508,CA,Nevada,CISO,Hydro,1.0,0.0,0.0,1.0,0.0,0.0,0.0,0.0,0.0,0.0
840,Dworshak,46.5143,-116.2977,ID,Clearwater,BPAT,Hydro,465.0,0.0,0.0,465.0,0.0,0.0,0.0,0.0,0.0,0.0
841,City Power Plant,43.491398,-112.04541,ID,Bonneville,PACE,Hydro,8.0,0.0,0.0,8.0,0.0,0.0,0.0,0.0,0.0,0.0
843,Lower No 2,43.468398,-112.062602,ID,Bonneville,PACE,Hydro,3.0,0.0,0.0,3.0,0.0,0.0,0.0,0.0,0.0,0.0
844,Upper Power Plant,43.552695,-112.050953,ID,Bonneville,PACE,Hydro,8.0,0.0,0.0,8.0,0.0,0.0,0.0,0.0,0.0,0.0
846,Combie South,39.0096,-121.0591,CA,Nevada,CISO,Hydro,1.5,0.0,0.0,1.5,0.0,0.0,0.0,0.0,0.0,0.0
850,Palisades Dam,43.334849,-111.205752,ID,Bonneville,BPAT,Hydro,176.4,0.0,0.0,176.4,0.0,0.0,0.0,0.0,0.0,0.0
851,Albeni Falls,48.180245,-116.99859,ID,Bonner,BPAT,Hydro,42.0,0.0,0.0,42.0,0.0,0.0,0.0,0.0,0.0,0.0
902,Bottle Rock Power,38.8348,-122.7677,CA,Lake,CISO,Geothermal,55.0,0.0,55.0,0.0,0.0,0.0,0.0,0.0,0.0,0.0
905,Alamo,34.8158,-118.6867,CA,Los Angeles,CISO,Hydro,19.6,0.0,0.0,19.6,0.0,0.0,0.0,0.0,0.0,0.0
917,Quincy Chute,46.982514,-119.257764,WA,Grant,GCPD,Hydro,9.4,0.0,0.0,9.4,0.0,0.0,0.0,0.0,0.0,0.0
925,Hydro Plant No 3,39.205623,-111.334381,UT,Sanpete,PACE,Hydro,2.8,0.0,0.0,2.8,0.0,0.0,0.0,0.0,0.0,0.0
987,Last Chance,42.603349,-111.705304,ID,Caribou,PACE,Hydro,1.7,0.0,0.0,1.7,0.0,0.0,0.0,0.0,0.0,0.0
1020,Manti Lower,39.255911,-111.621491,UT,Sanpete,PACE,Hydro,1.2,0.0,0.0,1.2,0.0,0.0,0.0,0.0,0.0,0.0
2176,Glendive GT,47.0539,-104.74,MT,Dawson,MISO,Natural Gas,83.7,0.0,0.0,0.0,83.7,0.0,0.0,0.0,0.0,0.0
2177,Miles City GT,46.4112,-105.7953,MT,Custer,MISO,Natural Gas,23.3,0.0,0.0,0.0,23.3,0.0,0.0,0.0,0.0,0.0
2181,Black Eagle,47.521331,-111.261442,MT,Cascade,NWMT,Hydro,24.0,0.0,0.0,24.0,0.0,0.0,0.0,0.0,0.0,0.0
2182,Cochrane,47.5375,-111.194969,MT,Cascade,NWMT,Hydro,60.4,0.0,0.0,60.4,0.0,0.0,0.0,0.0,0.0,0.0
2185,Hauser,46.765941,-111.887341,MT,Lewis and Clark,NWMT,Hydro,16.3,0.0,0.0,16.3,0.0,0.0,0.0,0.0,0.0,0.0
2186,Holter,46.9915,-112.0047,MT,Cascade,NWMT,Hydro,59.9,0.0,0.0,59.9,0.0,0.0,0.0,0.0,0.0,0.0
2188,Selis Ksanka Qlispe,47.6777,-114.2339,MT,Lake,NWMT,Hydro,227.8,0.0,0.0,227.8,0.0,0.0,0.0,0.0,0.0,0.0
2191,Morony,47.581737,-111.060898,MT,Cascade,NWMT,Hydro,63.0,0.0,0.0,63.0,0.0,0.0,0.0,0.0,0.0,0.0
2192,Mystic,45.225741,-109.762489,MT,Stillwater,NWMT,Hydro,12.0,0.0,0.0,12.0,0.0,0.0,0.0,0.0,0.0,0.0
2193,Rainbow (MT),47.5344,-111.2045,MT,Cascade,NWMT,Hydro,59.0,0.0,0.0,59.0,0.0,0.0,0.0,0.0,0.0,0.0
2194,Ryan,47.569939,-111.122546,MT,Cascade,NWMT,Hydro,55.2,0.0,0.0,55.2,0.0,0.0,0.0,0.0,0.0,0.0
2195,Thompson Falls,47.593155,-115.358237,MT,Sanders,NWMT,Hydro,98.1,0.0,0.0,98.1,0.0,0.0,0.0,0.0,0.0,0.0
2196,Old Faithful,44.4533,-110.8347,WY,Teton,NWMT,Oil,2.0,0.0,0.0,0.0,0.0,0.0,2.0,0.0,0.0,0.0
2199,Noxon Rapids,47.96048,-115.73361,MT,Sanders,AVA,Hydro,487.8,0.0,0.0,487.8,0.0,0.0,0.0,0.0,0.0,0.0
2203,Hungry Horse,48.341521,-114.01443,MT,Flathead,BPAT,Hydro,428.0,0.0,0.0,428.0,0.0,0.0,0.0,0.0,0.0,0.0
2204,Yellowtail,45.307406,-107.957515,MT,Big Horn,WAUW,Hydro,278.2,0.0,0.0,278.2,0.0,0.0,0.0,0.0,0.0,0.0
2322,Clark (NVE),36.0875,-115.0507,NV,Clark,NEVP,Natural Gas,1375.6,0.0,0.0,0.0,1375.6,0.0,0.0,0.0,0.0,0.0
2324,Reid Gardner,36.657347,-114.633263,NV,Clark,NEVP,Battery Storage,220.0,220.0,0.0,0.0,0.0,0.0,0.0,0.0,0.0,0.0
2330,Fort Churchill,39.1281,-119.1322,NV,Lyon,NEVP,Natural Gas,230.0,0.0,0.0,0.0,230.0,0.0,0.0,0.0,0.0,0.0
2336,Tracy,39.5625,-119.525,NV,Storey,NEVP,Natural Gas,1032.9,0.0,0.0,0.0,1032.9,0.0,0.0,0.0,0.0,0.0
2442,Four Corners,36.69,-108.4814,NM,San Juan,AZPS,Other,1636.2,0.0,0.0,0.0,0.0,0.0,0.0,1636.2,0.0,0.0
2444,Rio Grande,31.8047,-106.5472,NM,Dona Ana,EPE,Natural Gas,398.3,0.0,0.0,0.0,398.3,0.0,0.0,0.0,0.0,0.0
2446,Maddox,32.714224,-103.301469,NM,Lea,SWPP,Natural Gas,212.0,0.0,0.0,0.0,212.0,0.0,0.0,0.0,0.0,0.0
2450,Reeves,35.171,-106.6019,NM,Bernalillo,PNM,Natural Gas,154.0,0.0,0.0,0.0,154.0,0.0,0.0,0.0,0.0,0.0
2454,Cunningham,32.7131,-103.3533,NM,Lea,SWPP,Natural Gas,444.2,0.0,0.0,0.0,444.2,0.0,0.0,0.0,0.0,0.0
2475,Algodones,35.384444,-106.464167,NM,Sandoval,PNM,Natural Gas,45.0,0.0,0.0,0.0,45.0,0.0,0.0,0.0,0.0,0.0
3013,Hells Canyon,45.2439,-116.7008,OR,Wallowa,IPCO,Hydro,411.1,0.0,0.0,411.1,0.0,0.0,0.0,0.0,0.0,0.0
3014,Oxbow (OR),44.971643,-116.835042,OR,Baker,IPCO,Hydro,190.0,0.0,0.0,190.0,0.0,0.0,0.0,0.0,0.0,0.0
3020,Clearwater 1,43.251244,-122.337924,OR,Douglas,PACW,Hydro,15.0,0.0,0.0,15.0,0.0,0.0,0.0,0.0,0.0,0.0
3021,Clearwater 2,43.266894,-122.409807,OR,Douglas,PACW,Hydro,26.0,0.0,0.0,26.0,0.0,0.0,0.0,0.0,0.0,0.0
3024,Eagle Point,42.514575,-122.757062,OR,Jackson,PACW,Hydro,2.8,0.0,0.0,2.8,0.0,0.0,0.0,0.0,0.0,0.0
3025,East Side,42.224847,-121.795496,OR,Klamath,PACW,Hydro,3.2,0.0,0.0,3.2,0.0,0.0,0.0,0.0,0.0,0.0
3026,Fish Creek,43.274221,-122.448978,OR,Douglas,PACW,Hydro,11.0,0.0,0.0,11.0,0.0,0.0,0.0,0.0,0.0,0.0
3029,Lemolo 1,43.3558,-122.2494,OR,Douglas,PACW,Hydro,32.0,0.0,0.0,32.0,0.0,0.0,0.0,0.0,0.0,0.0
3032,Prospect 1,42.730717,-122.515122,OR,Jackson,PACW,Hydro,3.8,0.0,0.0,3.8,0.0,0.0,0.0,0.0,0.0,0.0
3033,Prospect 2,42.731237,-122.513974,OR,Jackson,PACW,Hydro,32.0,0.0,0.0,32.0,0.0,0.0,0.0,0.0,0.0,0.0
3034,Prospect 3,42.730606,-122.41846,OR,Jackson,PACW,Hydro,7.2,0.0,0.0,7.2,0.0,0.0,0.0,0.0,0.0,0.0
3035,Prospect 4,42.733073,-122.515079,OR,Jackson,PACW,Hydro,1.0,0.0,0.0,1.0,0.0,0.0,0.0,0.0,0.0,0.0
3036,Slide Creek,43.2939,-122.4728,OR,Douglas,PACW,Hydro,18.0,0.0,0.0,18.0,0.0,0.0,0.0,0.0,0.0,0.0
3037,Soda Springs,43.3061,-122.5014,OR,Douglas,PACW,Hydro,11.0,0.0,0.0,11.0,0.0,0.0,0.0,0.0,0.0,0.0
3040,Toketee Falls,43.272729,-122.447498,OR,Douglas,PACW,Hydro,42.6,0.0,0.0,42.6,0.0,0.0,0.0,0.0,0.0,0.0
3041,Wallowa Falls,45.266702,-117.212732,OR,Wallowa,PACW,Hydro,1.1,0.0,0.0,1.1,0.0,0.0,0.0,0.0,0.0,0.0
3045,Faraday,45.268045,-122.32009,OR,Clackamas,PGE,Hydro,37.2,0.0,0.0,37.2,0.0,0.0,0.0,0.0,0.0,0.0
3047,North Fork,45.243287,-122.27995,OR,Clackamas,PGE,Hydro,40.8,0.0,0.0,40.8,0.0,0.0,0.0,0.0,0.0,0.0
3048,Pelton,44.694374,-121.231379,OR,Jefferson,PGE,Hydro,109.8,0.0,0.0,109.8,0.0,0.0,0.0,0.0,0.0,0.0
3049,River Mill,45.299991,-122.350023,OR,Clackamas,PGE,Hydro,18.8,0.0,0.0,18.8,0.0,0.0,0.0,0.0,0.0,0.0
3050,Round Butte,44.605837,-121.277334,OR,Jefferson,PGE,Hydro,372.5,0.0,0.0,372.5,0.0,0.0,0.0,0.0,0.0,0.0
3053,Sullivan,45.354004,-122.618954,OR,Clackamas,PGE,Hydro,15.4,0.0,0.0,15.4,0.0,0.0,0.0,0.0,0.0,0.0
3067,Carmen Smith,44.285977,-122.041352,OR,Linn,BPAT,Hydro,114.3,0.0,0.0,114.3,0.0,0.0,0.0,0.0,0.0,0.0
3071,Walterville,44.069636,-122.835046,OR,Lane,BPAT,Hydro,8.0,0.0,0.0,8.0,0.0,0.0,0.0,0.0,0.0,0.0
3074,Big Cliff,44.7514,-122.2832,OR,Marion,BPAT,Hydro,18.0,0.0,0.0,18.0,0.0,0.0,0.0,0.0,0.0,0.0
3075,Bonneville,45.6441,-121.941009,OR,Multnomah,BPAT,Hydro,1162.0,0.0,0.0,1162.0,0.0,0.0,0.0,0.0,0.0,0.0
3076,Cougar,44.1307,-122.2439,OR,Lane,BPAT,Hydro,26.0,0.0,0.0,26.0,0.0,0.0,0.0,0.0,0.0,0.0
3077,Detroit,44.7224,-122.2511,OR,Marion,BPAT,Hydro,100.0,0.0,0.0,100.0,0.0,0.0,0.0,0.0,0.0,0.0
3078,Dexter,43.9242,-122.8055,OR,Lane,BPAT,Hydro,15.0,0.0,0.0,15.0,0.0,0.0,0.0,0.0,0.0,0.0
3080,Green Peter,44.4494,-122.5494,OR,Linn,BPAT,Hydro,80.0,0.0,0.0,80.0,0.0,0.0,0.0,0.0,0.0,0.0
3081,Hills Creek,43.7107,-122.4238,OR,Lane,BPAT,Hydro,30.0,0.0,0.0,30.0,0.0,0.0,0.0,0.0,0.0,0.0
3082,John Day,45.71644,-120.69408,OR,Sherman,BPAT,Hydro,2160.0,0.0,0.0,2160.0,0.0,0.0,0.0,0.0,0.0,0.0
3083,Lookout Point,43.9153,-122.7531,OR,Lane,BPAT,Hydro,120.0,0.0,0.0,120.0,0.0,0.0,0.0,0.0,0.0,0.0
3084,McNary,45.9402,-119.2988,OR,Umatilla,BPAT,Hydro,990.5,0.0,0.0,990.5,0.0,0.0,0.0,0.0,0.0,0.0
3643,Upper Beaver,38.2683,-112.4806,UT,Beaver,PACE,Hydro,2.5,0.0,0.0,2.5,0.0,0.0,0.0,0.0,0.0,0.0
3646,Cutler Hydro,41.834702,-112.052114,UT,Box Elder,PACE,Hydro,30.0,0.0,0.0,30.0,0.0,0.0,0.0,0.0,0.0,0.0
3648,Gadsby,40.7686,-111.9289,UT,Salt Lake,PACE,Natural Gas,432.8,0.0,0.0,0.0,432.8,0.0,0.0,0.0,0.0,0.0
3651,Granite,40.619173,-111.78208,UT,Salt Lake,PACE,Hydro,2.0,0.0,0.0,2.0,0.0,0.0,0.0,0.0,0.0,0.0
3656,Pioneer,41.243643,-111.946478,UT,Weber,PACE,Hydro,5.0,0.0,0.0,5.0,0.0,0.0,0.0,0.0,0.0,0.0
3658,Snake Creek,40.544942,-111.502911,UT,Wasatch,PACE,Hydro,1.2,0.0,0.0,1.2,0.0,0.0,0.0,0.0,0.0,0.0
3659,Stairs,40.6236,-111.7533,UT,Salt Lake,PACE,Hydro,1.0,0.0,0.0,1.0,0.0,0.0,0.0,0.0,0.0,0.0
3661,Weber,41.137621,-111.884948,UT,Weber,PACE,Hydro,3.8,0.0,0.0,3.8,0.0,0.0,0.0,0.0,0.0,0.0
3665,Bountiful City,40.886867,-111.885332,UT,Davis,PACE,Natural Gas,30.4,0.0,0.0,0.0,30.4,0.0,0.0,0.0,0.0,0.0
3666,Brigham City,41.501619,-111.99345,UT,Box Elder,PACE,Hydro,1.8,0.0,0.0,1.8,0.0,0.0,0.0,0.0,0.0,0.0
3675,Hydro III,41.746364,-111.746023,UT,Cache,PACE,Hydro,1.4,0.0,0.0,1.4,0.0,0.0,0.0,0.0,0.0,0.0
3676,Manti Upper,39.255911,-111.621491,UT,Sanpete,PACE,Hydro,1.6,0.0,0.0,1.6,0.0,0.0,0.0,0.0,0.0,0.0
3688,Bartholomew,40.167136,-111.499461,UT,Utah,PACE,Hydro,1.0,0.0,0.0,1.0,0.0,0.0,0.0,0.0,0.0,0.0
3691,Spanish Fork,40.080042,-111.604846,UT,Utah,PACE,Hydro,3.6,0.0,0.0,3.6,0.0,0.0,0.0,0.0,0.0,0.0
3697,Gateway,41.136547,-111.831441,UT,Morgan,PACE,Hydro,4.0,0.0,0.0,4.0,0.0,0.0,0.0,0.0,0.0,0.0
3698,Wanship,40.7904,-111.4043,UT,Summit,PACE,Hydro,1.9,0.0,0.0,1.9,0.0,0.0,0.0,0.0,0.0,0.0
3699,Boulder,37.9858,-111.4383,UT,Garfield,WACM,Hydro,4.2,0.0,0.0,4.2,0.0,0.0,0.0,0.0,0.0,0.0
3704,Uintah,40.538056,-110.066111,UT,Duchesne,WACM,Hydro,1.2,0.0,0.0,1.2,0.0,0.0,0.0,0.0,0.0,0.0
3845,Transalta Centralia Generation,46.755938,-122.859764,WA,Lewis,BPAT,Other,729.9,0.0,0.0,0.0,0.0,0.0,0.0,729.9,0.0,0.0
3847,Merwin,45.9567,-122.554444,WA,Cowlitz,PACW,Hydro,136.0,0.0,0.0,136.0,0.0,0.0,0.0,0.0,0.0,0.0
3850,Swift 1,46.060833,-122.201667,WA,Skamania,PACW,Hydro,240.0,0.0,0.0,240.0,0.0,0.0,0.0,0.0,0.0,0.0
3852,Yale,45.96277,-122.335467,WA,Cowlitz,PACW,Hydro,134.0,0.0,0.0,134.0,0.0,0.0,0.0,0.0,0.0,0.0
3853,Crystal Mountain,46.953468,-121.475198,WA,Pierce,PSEI,Oil,2.7,0.0,0.0,0.0,0.0,0.0,2.7,0.0,0.0,0.0
3854,Electron,46.990967,-122.174921,WA,Pierce,PSEI,Hydro,22.8,0.0,0.0,22.8,0.0,0.0,0.0,0.0,0.0,0.0
3855,Lower Baker,48.5478,-121.7407,WA,Skagit,PSEI,Hydro,103.9,0.0,0.0,103.9,0.0,0.0,0.0,0.0,0.0,0.0
3860,Snoqualmie,47.54011,-121.83702,WA,King,PSEI,Hydro,12.8,0.0,0.0,12.8,0.0,0.0,0.0,0.0,0.0,0.0
3861,Upper Baker,48.649,-121.6907,WA,Whatcom,PSEI,Hydro,104.8,0.0,0.0,104.8,0.0,0.0,0.0,0.0,0.0,0.0
3866,Little Falls (WA),47.821667,-117.916667,WA,Lincoln,AVA,Hydro,43.2,0.0,0.0,43.2,0.0,0.0,0.0,0.0,0.0,0.0
3867,Long Lake,47.834444,-117.836111,WA,Lincoln,AVA,Hydro,70.0,0.0,0.0,70.0,0.0,0.0,0.0,0.0,0.0,0.0
3868,Meyers Falls,48.5953,-118.0603,WA,Stevens,AVA,Hydro,1.6,0.0,0.0,1.6,0.0,0.0,0.0,0.0,0.0,0.0
3869,Nine Mile,47.769722,-117.537222,WA,Spokane,AVA,Hydro,37.6,0.0,0.0,37.6,0.0,0.0,0.0,0.0,0.0,0.0
3878,Yelm,46.974912,-122.635795,WA,Thurston,BPAT,Hydro,12.0,0.0,0.0,12.0,0.0,0.0,0.0,0.0,0.0,0.0
3883,Rocky Reach,47.533611,-120.295278,WA,Chelan,CHPD,Hydro,1299.6,0.0,0.0,1299.6,0.0,0.0,0.0,0.0,0.0,0.0
3886,Wells,47.9469,-119.8653,WA,Chelan,DOPD,Hydro,855.2,0.0,0.0,855.2,0.0,0.0,0.0,0.0,0.0,0.0
3887,Priest Rapids,46.6451,-119.908,WA,Grant,BPAT,Hydro,950.0,0.0,0.0,950.0,0.0,0.0,0.0,0.0,0.0,0.0
3888,Wanapum,46.8731,-119.9703,WA,Grant,GCPD,Hydro,1220.0,0.0,0.0,1220.0,0.0,0.0,0.0,0.0,0.0,0.0
3891,Box Canyon,48.780856,-117.418337,WA,Pend Oreille,AVA,Hydro,90.0,0.0,0.0,90.0,0.0,0.0,0.0,0.0,0.0,0.0
3895,The Dalles,45.614,-121.1346,OR,Wasco,BPAT,Hydro,1819.7,0.0,0.0,1819.7,0.0,0.0,0.0,0.0,0.0,0.0
3913,Alder,46.8016,-122.3102,WA,Pierce,TPWR,Hydro,50.0,0.0,0.0,50.0,0.0,0.0,0.0,0.0,0.0,0.0
3914,Cushman 1,47.4181,-123.2252,WA,Mason,TPWR,Hydro,43.2,0.0,0.0,43.2,0.0,0.0,0.0,0.0,0.0,0.0
3915,Cushman 2,47.3698,-123.1603,WA,Mason,TPWR,Hydro,84.6,0.0,0.0,84.6,0.0,0.0,0.0,0.0,0.0,0.0
3916,LaGrande,46.8328,-122.3196,WA,Pierce,TPWR,Hydro,64.0,0.0,0.0,64.0,0.0,0.0,0.0,0.0,0.0,0.0
3917,Mayfield,46.5035,-122.5885,WA,Lewis,TPWR,Hydro,162.0,0.0,0.0,162.0,0.0,0.0,0.0,0.0,0.0,0.0
3918,Mossyrock,46.5347,-122.4247,WA,Lewis,TPWR,Hydro,300.0,0.0,0.0,300.0,0.0,0.0,0.0,0.0,0.0,0.0
3921,Chief Joseph,47.9951,-119.6404,WA,Douglas,BPAT,Hydro,2456.2,0.0,0.0,2456.2,0.0,0.0,0.0,0.0,0.0,0.0
3925,Ice Harbor,46.249801,-118.879838,WA,Walla Walla,BPAT,Hydro,603.0,0.0,0.0,603.0,0.0,0.0,0.0,0.0,0.0,0.0
3926,Little Goose,46.5838,-118.0273,WA,Columbia,BPAT,Hydro,810.0,0.0,0.0,810.0,0.0,0.0,0.0,0.0,0.0,0.0
3927,Lower Monumental,46.5635,-118.5397,WA,Walla Walla,BPAT,Hydro,810.0,0.0,0.0,810.0,0.0,0.0,0.0,0.0,0.0,0.0
3929,Packwood,46.595833,-121.569444,WA,Lewis,BPAT,Hydro,27.5,0.0,0.0,27.5,0.0,0.0,0.0,0.0,0.0,0.0
4158,Dave Johnston,42.8378,-105.7769,WY,Converse,PACE,Other,816.7,0.0,0.0,0.0,0.0,0.0,0.0,816.7,0.0,0.0
4162,Naughton,41.7581,-110.5983,WY,Lincoln,PACE,Other,707.2,0.0,0.0,0.0,326.4,0.0,0.0,380.8,0.0,0.0
4176,Fremont Canyon,42.4766,-106.795901,WY,Natrona,WAUW,Hydro,66.8,0.0,0.0,66.8,0.0,0.0,0.0,0.0,0.0,0.0
4177,Glendo,42.467254,-104.955526,WY,Platte,WAUW,Hydro,38.0,0.0,0.0,38.0,0.0,0.0,0.0,0.0,0.0,0.0
4178,Guernsey,42.289868,-104.760634,WY,Platte,WAUW,Hydro,6.4,0.0,0.0,6.4,0.0,0.0,0.0,0.0,0.0,0.0
4180,Kortes,42.174301,-106.880543,WY,Carbon,WAUW,Hydro,36.0,0.0,0.0,36.0,0.0,0.0,0.0,0.0,0.0,0.0
4182,Seminoe,42.156127,-106.908483,WY,Carbon,WAUW,Hydro,51.6,0.0,0.0,51.6,0.0,0.0,0.0,0.0,0.0,0.0
4183,Shoshone (WY),44.502897,-109.181228,WY,Park,WAUW,Hydro,3.0,0.0,0.0,3.0,0.0,0.0,0.0,0.0,0.0,0.0
4185,Fontenelle,42.027013,-110.063973,WY,Lincoln,WAUW,Hydro,10.0,0.0,0.0,10.0,0.0,0.0,0.0,0.0,0.0,0.0
4204,Island Park,44.418293,-111.395971,ID,Fremont,BPAT,Hydro,4.8,0.0,0.0,4.8,0.0,0.0,0.0,0.0,0.0,0.0
4213,PHP 1,45.481708,-122.083188,OR,Multnomah,PGE,Hydro,23.7,0.0,0.0,23.7,0.0,0.0,0.0,0.0,0.0,0.0
4214,PHP 2,45.448977,-122.151257,OR,Clackamas,PGE,Hydro,11.8,0.0,0.0,11.8,0.0,0.0,0.0,0.0,0.0,0.0
4251,Logan City,41.725833,-111.8433,UT,Cache,PACE,Natural Gas,15.9,0.0,0.0,0.0,15.9,0.0,0.0,0.0,0.0,0.0
4256,Walnut,37.4903,-120.9044,CA,Stanislaus,TIDC,Natural Gas,49.8,0.0,0.0,0.0,49.8,0.0,0.0,0.0,0.0,0.0
4263,Echo Dam,40.964828,-111.433937,UT,Summit,PACE,Hydro,4.4,0.0,0.0,4.4,0.0,0.0,0.0,0.0,0.0,0.0
6008,Palo Verde,33.3881,-112.8617,AZ,Maricopa,SRP,Nuclear,4209.6,0.0,0.0,0.0,0.0,4209.6,0.0,0.0,0.0,0.0
6013,Olive,34.1764,-118.3147,CA,Los Angeles,LDWP,Natural Gas,109.7,0.0,0.0,0.0,109.7,0.0,0.0,0.0,0.0,0.0
6021,Craig (CO),40.4627,-107.5912,CO,Moffat,WACM,Other,1427.6,0.0,0.0,0.0,0.0,0.0,0.0,1427.6,0.0,0.0
6060,Coachella,33.6758,-116.1714,CA,Riverside,IID,Natural Gas,92.4,0.0,0.0,0.0,92.4,0.0,0.0,0.0,0.0,0.0
6076,Colstrip,45.8831,-106.614,MT,Rosebud,NWMT,Other,1647.4,0.0,0.0,0.0,0.0,0.0,0.0,1647.4,0.0,0.0
6088,North Loop,32.401,-111.1262,AZ,Pima,TEPC,Natural Gas,107.8,0.0,0.0,0.0,107.8,0.0,0.0,0.0,0.0,0.0
6089,Lewis & Clark,47.6785,-104.15665,MT,Richland,MISO,Natural Gas,18.6,0.0,0.0,0.0,18.6,0.0,0.0,0.0,0.0,0.0
6099,Diablo Canyon,35.211536,-120.855542,CA,San Luis Obispo,CISO,Nuclear,2323.0,0.0,0.0,0.0,0.0,2323.0,0.0,0.0,0.0,0.0
6100,Helms Pumped Storage,37.029304,-118.968252,CA,Fresno,CISO,Hydro,1053.0,0.0,0.0,1053.0,0.0,0.0,0.0,0.0,0.0,0.0
6101,Wyodak,44.290128,-105.381482,WY,Campbell,PACE,Other,362.1,0.0,0.0,0.0,0.0,0.0,0.0,362.1,0.0,0.0
6112,Fort St Vrain,40.2461,-104.8742,CO,Weld,PSCO,Natural Gas,1148.5,0.0,0.0,0.0,1148.5,0.0,0.0,0.0,0.0,0.0
6120,Whitehorn,48.885636,-122.75164,WA,Whatcom,PSEI,Natural Gas,169.2,0.0,0.0,0.0,169.2,0.0,0.0,0.0,0.0,0.0
6158,New Melones,37.946927,-120.528211,CA,Tuolumne,BANC,Hydro,300.0,0.0,0.0,300.0,0.0,0.0,0.0,0.0,0.0,0.0
6159,Crystal,38.510573,-107.625335,CO,Montrose,WACM,Hydro,28.0,0.0,0.0,28.0,0.0,0.0,0.0,0.0,0.0,0.0
6163,Grand Coulee,47.957511,-118.977323,WA,Grant,BPAT,Hydro,6809.0,0.0,0.0,6809.0,0.0,0.0,0.0,0.0,0.0,0.0
6165,Hunter,39.1747,-111.0289,UT,Emery,PACE,Other,1472.2,0.0,0.0,0.0,0.0,0.0,0.0,1472.2,0.0,0.0
6172,Libby,48.4098,-115.3143,MT,Lincoln,BPAT,Hydro,525.0,0.0,0.0,525.0,0.0,0.0,0.0,0.0,0.0,0.0
6174,Lost Creek,42.6717,-122.6772,OR,Jackson,PACW,Hydro,49.0,0.0,0.0,49.0,0.0,0.0,0.0,0.0,0.0,0.0
6175,Lower Granite,46.659503,-117.429385,WA,Whitman,BPAT,Hydro,810.0,0.0,0.0,810.0,0.0,0.0,0.0,0.0,0.0,0.0
6177,Coronado,34.5789,-109.2708,AZ,Apache,SRP,Other,821.8,0.0,0.0,0.0,0.0,0.0,0.0,821.8,0.0,0.0
6196,W E Warne,34.6853,-118.7881,CA,Los Angeles,CISO,Hydro,74.2,0.0,0.0,74.2,0.0,0.0,0.0,0.0,0.0,0.0
6200,Rock Island,47.346111,-120.0917,WA,Chelan,CHPD,Hydro,629.4,0.0,0.0,629.4,0.0,0.0,0.0,0.0,0.0,0.0
6202,Ross,48.732577,-121.06788,WA,Whatcom,SCL,Hydro,450.0,0.0,0.0,450.0,0.0,0.0,0.0,0.0,0.0,0.0
6204,Laramie River Station,42.108889,-104.8825,WY,Platte,WACM,Other,1863.0,0.0,0.0,0.0,0.0,0.0,0.0,1863.0,0.0,0.0
6206,Tacoma,37.52372,-107.782786,CO,La Plata,WACM,Hydro,4.6,0.0,0.0,4.6,0.0,0.0,0.0,0.0,0.0,0.0
6207,Ames Hydro,37.866,-107.8831,CO,San Miguel,WACM,Hydro,3.6,0.0,0.0,3.6,0.0,0.0,0.0,0.0,0.0,0.0
6208,Mount Elbert,39.094197,-106.352331,CO,Lake,WACM,Hydro,200.0,0.0,0.0,200.0,0.0,0.0,0.0,0.0,0.0,0.0
6210,Northeast (WA),47.73511,-117.370538,WA,Spokane,AVA,Natural Gas,61.8,0.0,0.0,0.0,61.8,0.0,0.0,0.0,0.0,0.0
6211,Dynegy Oakland Power Plant,37.79675,-122.28185,CA,Alameda,CISO,Other,149.0,0.0,0.0,0.0,0.0,0.0,0.0,149.0,0.0,0.0
6248,Pawnee,40.2217,-103.6803,CO,Morgan,PSCO,Other,552.3,0.0,0.0,0.0,0.0,0.0,0.0,552.3,0.0,0.0
6265,Swift 2,46.0594,-122.2594,WA,Cowlitz,PACW,Hydro,72.0,0.0,0.0,72.0,0.0,0.0,0.0,0.0,0.0,0.0
6359,Felt,43.913476,-111.283319,ID,Teton,PACE,Hydro,7.4,0.0,0.0,7.4,0.0,0.0,0.0,0.0,0.0,0.0
6393,Strawberry Creek,42.905142,-110.893422,WY,Lincoln,BPAT,Hydro,1.5,0.0,0.0,1.5,0.0,0.0,0.0,0.0,0.0,0.0
6394,Swift Creek,42.728439,-110.916592,WY,Lincoln,BPAT,Hydro,1.7,0.0,0.0,1.7,0.0,0.0,0.0,0.0,0.0,0.0
6395,Anderson Ranch,43.357066,-115.451517,ID,Elmore,BPAT,Hydro,40.0,0.0,0.0,40.0,0.0,0.0,0.0,0.0,0.0,0.0
6396,Black Canyon,43.930462,-116.437172,ID,Gem,BPAT,Hydro,10.2,0.0,0.0,10.2,0.0,0.0,0.0,0.0,0.0,0.0
6397,Boise R Diversion,43.537685,-116.093756,ID,Ada,IPCO,Hydro,3.3,0.0,0.0,3.3,0.0,0.0,0.0,0.0,0.0,0.0
6398,Minidoka,42.669899,-113.483175,ID,Minidoka,BPAT,Hydro,27.7,0.0,0.0,27.7,0.0,0.0,0.0,0.0,0.0,0.0
6400,Canyon Ferry,46.649026,-111.727874,MT,Lewis and Clark,WAUW,Hydro,55.0,0.0,0.0,55.0,0.0,0.0,0.0,0.0,0.0,0.0
6402,Elephant Butte,33.153358,-107.191973,NM,Sierra,WACM,Hydro,27.9,0.0,0.0,27.9,0.0,0.0,0.0,0.0,0.0,0.0
6403,Green Springs,42.121168,-122.547896,OR,Jackson,BPAT,Hydro,17.2,0.0,0.0,17.2,0.0,0.0,0.0,0.0,0.0,0.0
6404,Deer Creek (UT),40.404354,-111.528446,UT,Wasatch,WAUW,Hydro,4.8,0.0,0.0,4.8,0.0,0.0,0.0,0.0,0.0,0.0
6405,Flaming Gorge,40.914646,-109.421662,UT,Daggett,WAUW,Hydro,151.8,0.0,0.0,151.8,0.0,0.0,0.0,0.0,0.0,0.0
6406,Chandler,46.26678,-119.589821,WA,Benton,BPAT,Hydro,12.0,0.0,0.0,12.0,0.0,0.0,0.0,0.0,0.0,0.0
6407,Roza,46.618413,-120.477759,WA,Yakima,BPAT,Hydro,12.9,0.0,0.0,12.9,0.0,0.0,0.0,0.0,0.0,0.0
6408,Heart Mountain,44.513767,-109.129588,WY,Park,WAUW,Hydro,5.0,0.0,0.0,5.0,0.0,0.0,0.0,0.0,0.0,0.0
6409,Alcova,42.548412,-106.717536,WY,Natrona,WAUW,Hydro,41.4,0.0,0.0,41.4,0.0,0.0,0.0,0.0,0.0,0.0
6421,Lemolo 2,43.280611,-122.40248,OR,Douglas,PACW,Hydro,43.7,0.0,0.0,43.7,0.0,0.0,0.0,0.0,0.0,0.0
6422,Madison Dam,45.487869,-111.633807,MT,Madison,NWMT,Hydro,16.4,0.0,0.0,16.4,0.0,0.0,0.0,0.0,0.0,0.0
6424,Chelan,47.8347,-120.0133,WA,Chelan,CHPD,Hydro,59.2,0.0,0.0,59.2,0.0,0.0,0.0,0.0,0.0,0.0
6430,Cedar Falls (WA),47.4193,-121.781858,WA,King,SCL,Hydro,30.0,0.0,0.0,30.0,0.0,0.0,0.0,0.0,0.0,0.0
6431,Gorge,48.698056,-121.208611,WA,Whatcom,SCL,Hydro,207.3,0.0,0.0,207.3,0.0,0.0,0.0,0.0,0.0,0.0
6432,Diablo,48.713853,-121.131736,WA,Whatcom,SCL,Hydro,182.4,0.0,0.0,182.4,0.0,0.0,0.0,0.0,0.0,0.0
6433,Boundary,48.987111,-117.347847,WA,Pend Oreille,SCL,Hydro,1118.6,0.0,0.0,1118.6,0.0,0.0,0.0,0.0,0.0,0.0
6449,Azusa,34.1548,-117.9093,CA,Los Angeles,CISO,Hydro,3.0,0.0,0.0,3.0,0.0,0.0,0.0,0.0,0.0,0.0
6459,Big Fork,48.0592,-114.0708,MT,Flathead,PACE,Hydro,4.1,0.0,0.0,4.1,0.0,0.0,0.0,0.0,0.0,0.0
6479,San Francisquito 1,34.590183,-118.454676,CA,Los Angeles,LDWP,Hydro,65.5,0.0,0.0,65.5,0.0,0.0,0.0,0.0,0.0,0.0
6480,San Francisquito 2,34.534337,-118.525113,CA,Los Angeles,LDWP,Hydro,46.0,0.0,0.0,46.0,0.0,0.0,0.0,0.0,0.0,0.0
6481,Intermountain Power Project,39.509731,-112.58018,UT,Millard,LDWP,Other,1640.0,0.0,0.0,0.0,0.0,0.0,0.0,1640.0,0.0,0.0
6484,Bend,44.062326,-121.313331,OR,Deschutes,PACW,Hydro,1.1,0.0,0.0,1.1,0.0,0.0,0.0,0.0,0.0,0.0
6505,Oak Grove,45.122009,-122.06987,OR,Clackamas,PGE,Hydro,51.0,0.0,0.0,51.0,0.0,0.0,0.0,0.0,0.0,0.0
6506,Moyie Springs,48.7339,-116.1752,ID,Boundary,BPAT,Hydro,3.9,0.0,0.0,3.9,0.0,0.0,0.0,0.0,0.0,0.0
6507,Drop 2 (WA),46.4492,-120.5342,WA,Yakima,BPAT,Hydro,2.5,0.0,0.0,2.5,0.0,0.0,0.0,0.0,0.0,0.0
6508,Drop 3 (WA),46.423133,-120.559997,WA,Yakima,BPAT,Hydro,1.6,0.0,0.0,1.6,0.0,0.0,0.0,0.0,0.0,0.0
6510,Brunswick,39.1522,-119.7478,NV,Carson City,NEVP,Oil,6.0,0.0,0.0,0.0,0.0,0.0,6.0,0.0,0.0,0.0
6513,Fleish,39.2851,-119.5933,NV,Washoe,NEVP,Hydro,2.5,0.0,0.0,2.5,0.0,0.0,0.0,0.0,0.0,0.0
6515,Valencia,31.363472,-110.931343,AZ,Santa Cruz,TEPC,Natural Gas,108.0,0.0,0.0,0.0,108.0,0.0,0.0,0.0,0.0,0.0
6516,Rocky Ford,38.0492,-103.7136,CO,Otero,PSCO,Oil,10.0,0.0,0.0,0.0,0.0,0.0,10.0,0.0,0.0,0.0
6518,Kings Beach,39.245833,-120.027222,CA,Placer,NEVP,Oil,15.0,0.0,0.0,0.0,0.0,0.0,15.0,0.0,0.0,0.0
6521,Lahontan,39.4625,-119.0667,NV,Churchill,NEVP,Hydro,1.8,0.0,0.0,1.8,0.0,0.0,0.0,0.0,0.0,0.0
6531,Verdi,39.3125,-119.585,NV,Washoe,NEVP,Hydro,2.4,0.0,0.0,2.4,0.0,0.0,0.0,0.0,0.0,0.0
6532,Washoe,39.3022,-119.5604,NV,Washoe,NEVP,Hydro,2.6,0.0,0.0,2.6,0.0,0.0,0.0,0.0,0.0,0.0
6537,Little Cottonwood,40.584985,-111.800605,UT,Salt Lake,PACE,Hydro,4.8,0.0,0.0,4.8,0.0,0.0,0.0,0.0,0.0,0.0
6552,Foster,44.4146,-122.6712,OR,Linn,BPAT,Hydro,20.0,0.0,0.0,20.0,0.0,0.0,0.0,0.0,0.0,0.0
6612,Union Valley,38.86429,-120.444335,CA,El Dorado,BANC,Hydro,38.6,0.0,0.0,38.6,0.0,0.0,0.0,0.0,0.0,0.0
6619,Burlington (CO),39.3561,-102.2431,CO,Kit Carson,WACM,Oil,129.4,0.0,0.0,0.0,0.0,0.0,129.4,0.0,0.0,0.0
6623,Fort Peck,48.0122,-106.4123,MT,McCone,WAUW,Hydro,179.7,0.0,0.0,179.7,0.0,0.0,0.0,0.0,0.0,0.0
6644,Lake Mathews,33.8553,-117.4537,CA,Riverside,CISO,Hydro,4.9,0.0,0.0,4.9,0.0,0.0,0.0,0.0,0.0,0.0
6645,Foothill Feeder,34.5148,-118.6092,CA,Los Angeles,CISO,Hydro,9.0,0.0,0.0,9.0,0.0,0.0,0.0,0.0,0.0,0.0
6646,San Dimas,34.1275,-117.7958,CA,Los Angeles,CISO,Hydro,9.9,0.0,0.0,9.9,0.0,0.0,0.0,0.0,0.0,0.0
6647,Yorba Linda,33.9117,-117.8192,CA,Orange,CISO,Hydro,5.1,0.0,0.0,5.1,0.0,0.0,0.0,0.0,0.0,0.0
6704,Pebbly Beach Generating Station Hybrid,33.333056,-118.310278,CA,Los Angeles,CISO,Oil,12.7,1.0,0.0,0.0,0.0,0.0,9.4,2.3,0.0,0.0
6761,Rawhide,40.860905,-105.021207,CO,Larimer,PSCO,Natural Gas,800.4,0.0,0.0,0.0,506.8,0.0,0.0,293.6,0.0,0.0
7012,Lower No 1,43.468679,-112.062499,ID,Bonneville,PACE,Hydro,8.0,0.0,0.0,8.0,0.0,0.0,0.0,0.0,0.0,0.0
7015,Unit 4,39.544108,-111.418727,UT,Sanpete,PACE,Hydro,1.3,0.0,0.0,1.3,0.0,0.0,0.0,0.0,0.0,0.0
7028,Whitehead,40.1817,-111.6203,UT,Utah,PACE,Natural Gas,26.5,0.0,0.0,0.0,26.5,0.0,0.0,0.0,0.0,0.0
7034,Hydro II,41.743728,-111.783169,UT,Cache,PACE,Hydro,6.6,0.0,0.0,6.6,0.0,0.0,0.0,0.0,0.0,0.0
7039,Lake (WY),44.415,-110.5739,WY,Teton,NWMT,Oil,2.7,0.0,0.0,0.0,0.0,0.0,2.7,0.0,0.0,0.0
7066,Stampede,39.470447,-120.10455,CA,Sierra,NEVP,Hydro,3.6,0.0,0.0,3.6,0.0,0.0,0.0,0.0,0.0,0.0
7072,Mojave Siphon,34.307444,-117.323548,CA,San Bernardino,CISO,Hydro,32.7,0.0,0.0,32.7,0.0,0.0,0.0,0.0,0.0,0.0
7079,Upper Salmon B,42.766397,-114.908236,ID,Twin Falls,IPCO,Hydro,16.5,0.0,0.0,16.5,0.0,0.0,0.0,0.0,0.0,0.0
7080,St George Red Rock,37.113736,-113.568944,UT,Washington,PACE,Oil,14.0,0.0,0.0,0.0,0.0,0.0,14.0,0.0,0.0,0.0
7082,Harry Allen,36.430554,-114.902405,NV,Clark,NEVP,Natural Gas,745.0,0.0,0.0,0.0,745.0,0.0,0.0,0.0,0.0,0.0
7111,Heber City,40.50368,-111.425246,UT,Wasatch,PACE,Natural Gas,17.5,0.0,0.0,0.0,17.5,0.0,0.0,0.0,0.0,0.0
7113,PEC Headworks,47.159553,-119.896306,WA,Grant,GCPD,Hydro,6.6,0.0,0.0,6.6,0.0,0.0,0.0,0.0,0.0,0.0
7127,Wynoochee,47.385072,-123.605225,WA,Grays Harbor,TPWR,Hydro,12.8,0.0,0.0,12.8,0.0,0.0,0.0,0.0,0.0,0.0
7129,Thermalito Diverson Dam,39.528749,-121.546359,CA,Butte,CISO,Hydro,3.4,0.0,0.0,3.4,0.0,0.0,0.0,0.0,0.0,0.0
7132,Pine View Dam,41.254331,-111.848525,UT,Weber,PACE,Hydro,1.8,0.0,0.0,1.8,0.0,0.0,0.0,0.0,0.0,0.0
7147,Mill Creek 3,34.088019,-117.039539,CA,San Bernardino,CISO,Hydro,3.0,0.0,0.0,3.0,0.0,0.0,0.0,0.0,0.0,0.0
7151,Stony Gorge,39.586864,-122.533248,CA,Glenn,CISO,Hydro,5.0,0.0,0.0,5.0,0.0,0.0,0.0,0.0,0.0,0.0
7164,Waddell,33.8447,-112.2714,AZ,Maricopa,WALC,Hydro,40.0,0.0,0.0,40.0,0.0,0.0,0.0,0.0,0.0,0.0
7179,Headgate Rock,34.168264,-114.277356,AZ,La Paz,WALC,Hydro,19.5,0.0,0.0,19.5,0.0,0.0,0.0,0.0,0.0,0.0
7189,Whiskeytown,40.597617,-122.538683,CA,Shasta,BANC,Hydro,3.5,0.0,0.0,3.5,0.0,0.0,0.0,0.0,0.0,0.0
7190,Milner Hydro,42.526786,-114.036889,ID,Cassia,IPCO,Hydro,59.5,0.0,0.0,59.5,0.0,0.0,0.0,0.0,0.0,0.0
7229,Black Butte,39.814905,-122.332335,CA,Tehama,CISO,Hydro,6.1,0.0,0.0,6.1,0.0,0.0,0.0,0.0,0.0,0.0
7231,Gianera,37.401,-121.96867,CA,Santa Clara,CISO,Natural Gas,64.6,0.0,0.0,0.0,64.6,0.0,0.0,0.0,0.0,0.0
7233,Tesla,38.973655,-104.901141,CO,El Paso,WACM,Hydro,26.6,0.0,0.0,26.6,0.0,0.0,0.0,0.0,0.0,0.0
7259,Skookumchuck,46.7844,-122.7197,WA,Thurston,BPAT,Hydro,1.0,0.0,0.0,1.0,0.0,0.0,0.0,0.0,0.0,0.0
7266,Woodland,37.652602,-121.020397,CA,Stanislaus,BANC,Natural Gas,199.0,0.0,0.0,0.0,199.0,0.0,0.0,0.0,0.0,0.0
7307,Redding Power,40.507292,-122.423281,CA,Shasta,BANC,Natural Gas,183.1,0.0,0.0,0.0,183.1,0.0,0.0,0.0,0.0,0.0
7315,Almond Power Plant,37.5744,-120.985,CA,Stanislaus,TIDC,Natural Gas,223.5,0.0,0.0,0.0,223.5,0.0,0.0,0.0,0.0,0.0
7317,Buffalo Bill,44.508169,-109.170661,WY,Park,WAUW,Hydro,18.0,0.0,0.0,18.0,0.0,0.0,0.0,0.0,0.0,0.0
7338,Grizzly,39.889287,-121.279173,CA,Plumas,CISO,Hydro,22.0,0.0,0.0,22.0,0.0,0.0,0.0,0.0,0.0,0.0
7350,Coyote Springs,45.847998,-119.67392,OR,Morrow,PGE,Natural Gas,296.0,0.0,0.0,0.0,296.0,0.0,0.0,0.0,0.0,0.0
7368,Geothermal 1,38.752,-122.7195,CA,Sonoma,CISO,Geothermal,110.0,0.0,110.0,0.0,0.0,0.0,0.0,0.0,0.0,0.0
7369,Geothermal 2,38.7492,-122.7117,CA,Sonoma,CISO,Geothermal,110.0,0.0,110.0,0.0,0.0,0.0,0.0,0.0,0.0,0.0
7372,McPhee,37.57522,-108.574002,CO,Montezuma,WACM,Hydro,1.2,0.0,0.0,1.2,0.0,0.0,0.0,0.0,0.0,0.0
7373,Towaoc,37.429538,-108.574871,CO,Montezuma,WACM,Hydro,11.4,0.0,0.0,11.4,0.0,0.0,0.0,0.0,0.0,0.0
7408,Payson,40.06084,-111.73023,UT,Utah,PACE,Natural Gas,5.2,0.0,0.0,0.0,5.2,0.0,0.0,0.0,0.0,0.0
7413,Short Mountain,43.96211,-122.997361,OR,Lane,PACW,Other,3.2,0.0,0.0,0.0,0.0,0.0,0.0,3.2,0.0,0.0
7427,Cowlitz Falls,46.4661,-122.1097,WA,Lewis,BPAT,Hydro,70.0,0.0,0.0,70.0,0.0,0.0,0.0,0.0,0.0,0.0
7431,Dalles Dam North Fishway Project,45.614375,-121.136885,OR,Wasco,BPAT,Hydro,6.5,0.0,0.0,6.5,0.0,0.0,0.0,0.0,0.0,0.0
7436,Vernon,33.9986,-118.2219,CA,Los Angeles,CISO,Oil,30.0,0.0,0.0,0.0,0.0,0.0,30.0,0.0,0.0,0.0
7449,Combustion Turbine Project No 2,38.088138,-121.386944,CA,San Joaquin,CISO,Natural Gas,50.0,0.0,0.0,0.0,50.0,0.0,0.0,0.0,0.0,0.0
7450,Alameda,37.7886,-122.2889,CA,Alameda,CISO,Natural Gas,54.8,0.0,0.0,0.0,54.8,0.0,0.0,0.0,0.0,0.0
7451,Lodi,38.146571,-121.300541,CA,San Joaquin,CISO,Natural Gas,27.4,0.0,0.0,0.0,27.4,0.0,0.0,0.0,0.0,0.0
7452,Roseville Power Plant #2,38.810677,-121.323807,CA,Placer,BANC,Natural Gas,66.0,0.0,0.0,0.0,66.0,0.0,0.0,0.0,0.0,0.0
7456,Rathdrum,47.80427,-116.867312,ID,Kootenai,AVA,Natural Gas,166.4,0.0,0.0,0.0,166.4,0.0,0.0,0.0,0.0,0.0
7458,Basalt,39.363056,-106.821944,CO,Eagle,PSCO,Hydro,5.0,0.0,0.0,5.0,0.0,0.0,0.0,0.0,0.0,0.0
7489,Lake Mendocino,39.197222,-123.185556,CA,Mendocino,CISO,Hydro,3.5,0.0,0.0,3.5,0.0,0.0,0.0,0.0,0.0,0.0
7504,Neil Simpson II,44.2856,-105.3833,WY,Campbell,WACM,Other,130.0,0.0,0.0,0.0,40.0,0.0,0.0,90.0,0.0,0.0
7507,Deadwood Creek,39.53,-121.095833,CA,Yuba,CISO,Hydro,2.0,0.0,0.0,2.0,0.0,0.0,0.0,0.0,0.0,0.0
7508,Stone Creek,45.081111,-121.886611,OR,Clackamas,PGE,Hydro,12.0,0.0,0.0,12.0,0.0,0.0,0.0,0.0,0.0,0.0
7511,McNary Dam Fish Attraction Project,45.940034,-119.299078,WA,Benton,BPAT,Hydro,10.0,0.0,0.0,10.0,0.0,0.0,0.0,0.0,0.0,0.0
7526,Solano Wind,38.116415,-121.769031,CA,Solano,CISO,Wind,300.5,0.0,0.0,0.0,0.0,0.0,0.0,0.0,0.0,300.5
7527,Carson Ice-Gen Project,38.445681,-121.462387,CA,Sacramento,BANC,Natural Gas,125.5,0.0,0.0,0.0,125.5,0.0,0.0,0.0,0.0,0.0
7541,Spirit Mountain,44.512699,-109.129878,WY,Park,WAUW,Hydro,4.5,0.0,0.0,4.5,0.0,0.0,0.0,0.0,0.0,0.0
7548,Causey,41.297229,-111.588849,UT,Weber,PACE,Hydro,2.2,0.0,0.0,2.2,0.0,0.0,0.0,0.0,0.0,0.0
7551,SCA Cogen 2,38.530943,-121.400128,CA,Sacramento,BANC,Natural Gas,193.4,0.0,0.0,0.0,193.4,0.0,0.0,0.0,0.0,0.0
7552,SPA Cogen 3,38.511,-121.4735,CA,Sacramento,BANC,Natural Gas,173.9,0.0,0.0,0.0,173.9,0.0,0.0,0.0,0.0,0.0
7588,H M Jackson,47.9084,-121.8144,WA,Snohomish,BPAT,Hydro,111.8,0.0,0.0,111.8,0.0,0.0,0.0,0.0,0.0,0.0
7593,El Vado Dam,36.592775,-106.73213,NM,Rio Arriba,WACM,Hydro,8.0,0.0,0.0,8.0,0.0,0.0,0.0,0.0,0.0,0.0
7605,River Road Gen Plant,45.6497,-122.7256,WA,Clark,BPAT,Natural Gas,248.0,0.0,0.0,0.0,248.0,0.0,0.0,0.0,0.0,0.0
7646,Monticello Dam,38.513056,-122.104444,CA,Solano,CISO,Hydro,11.5,0.0,0.0,11.5,0.0,0.0,0.0,0.0,0.0,0.0
7725,Coffin Butte,44.6969,-123.2234,OR,Benton,BPAT,Other,5.6,0.0,0.0,0.0,0.0,0.0,0.0,5.6,0.0,0.0
7767,Bloomington Power Plant,37.041997,-113.626736,UT,Washington,PACE,Oil,10.2,0.0,0.0,0.0,0.0,0.0,10.2,0.0,0.0,0.0
7789,Abiquiu Dam,36.239886,-106.423043,NM,Rio Arriba,WACM,Hydro,15.6,0.0,0.0,15.6,0.0,0.0,0.0,0.0,0.0,0.0
7790,Bonanza,40.0864,-109.2844,UT,Uintah,PACE,Other,512.0,0.0,0.0,0.0,0.0,0.0,0.0,499.5,12.5,0.0
7824,Rockwood,32.9553,-115.5364,CA,Imperial,IID,Natural Gas,49.8,0.0,0.0,0.0,24.9,0.0,24.9,0.0,0.0,0.0
7867,Snoqualmie 2,47.5445,-121.8414,WA,King,PSEI,Hydro,38.7,0.0,0.0,38.7,0.0,0.0,0.0,0.0,0.0,0.0
7870,Encogen,48.746,-122.486,WA,Whatcom,PSEI,Natural Gas,176.4,0.0,0.0,0.0,176.4,0.0,0.0,0.0,0.0,0.0
7907,Pine Flat,36.8326,-119.327,CA,Fresno,CISO,Hydro,165.0,0.0,0.0,165.0,0.0,0.0,0.0,0.0,0.0,0.0
7911,Kern Canyon,35.44072,-118.796498,CA,Kern,CISO,Hydro,11.5,0.0,0.0,11.5,0.0,0.0,0.0,0.0,0.0,0.0
7931,Coyote Springs II,45.848039,-119.673965,OR,Morrow,BPAT,Natural Gas,287.0,0.0,0.0,0.0,287.0,0.0,0.0,0.0,0.0,0.0
7936,Nine Canyon,46.0958,-119.0964,WA,Benton,BPAT,Wind,95.9,0.0,0.0,0.0,0.0,0.0,0.0,0.0,0.0,95.9
7942,Diamond Valley Lake,33.6808,-117.0698,CA,Riverside,CISO,Hydro,29.7,0.0,0.0,29.7,0.0,0.0,0.0,0.0,0.0,0.0
7953,Evander Andrews Power Complex,43.179176,-115.734315,ID,Elmore,IPCO,Natural Gas,270.9,0.0,0.0,0.0,270.9,0.0,0.0,0.0,0.0,0.0
7967,Lordsburg Generating,32.35051,-108.69799,NM,Hidalgo,PNM,Natural Gas,88.0,0.0,0.0,0.0,88.0,0.0,0.0,0.0,0.0,0.0
7975,Pyramid,32.2363,-108.5494,NM,Hidalgo,PNM,Natural Gas,186.0,0.0,0.0,0.0,186.0,0.0,0.0,0.0,0.0,0.0
7987,Lake One,34.1772,-118.3147,CA,Los Angeles,LDWP,Natural Gas,60.5,0.0,0.0,0.0,60.5,0.0,0.0,0.0,0.0,0.0
7995,Airport Industrial,38.2844,-104.5308,CO,Pueblo,PSCO,Oil,10.0,0.0,0.0,0.0,0.0,0.0,10.0,0.0,0.0,0.0
7999,Grays Harbor Energy Facility,46.9692,-123.48,WA,Grays Harbor,BPAT,Natural Gas,714.9,0.0,0.0,0.0,714.9,0.0,0.0,0.0,0.0,0.0
8010,Murray Turbine,40.67,-111.89,UT,Salt Lake,PACE,Natural Gas,42.0,0.0,0.0,0.0,42.0,0.0,0.0,0.0,0.0,0.0
8022,Boulder Park,47.697222,-117.147222,WA,Spokane,AVA,Natural Gas,24.6,0.0,0.0,0.0,24.6,0.0,0.0,0.0,0.0,0.0
8026,Hartzog,43.8294,-105.5322,WY,Campbell,WACM,Natural Gas,22.5,0.0,0.0,0.0,22.5,0.0,0.0,0.0,0.0,0.0
8028,Arvada,44.69,-106.1092,WY,Sheridan,WACM,Natural Gas,15.0,0.0,0.0,0.0,15.0,0.0,0.0,0.0,0.0,0.0
8030,Barber Creek,43.7219,-105.7689,WY,Campbell,WACM,Natural Gas,22.5,0.0,0.0,0.0,22.5,0.0,0.0,0.0,0.0,0.0
8066,Jim Bridger,41.7378,-108.7875,WY,Sweetwater,PACE,Natural Gas,2326.0,0.0,0.0,0.0,1164.1,0.0,0.0,1161.9,0.0,0.0
8067,Fort Lupton,40.0922,-104.796,CO,Weld,PSCO,Natural Gas,100.8,0.0,0.0,0.0,100.8,0.0,0.0,0.0,0.0,0.0
8068,Santan,33.3325,-111.7503,AZ,Maricopa,SRP,Natural Gas,1326.0,0.0,0.0,0.0,1326.0,0.0,0.0,0.0,0.0,0.0
8069,Huntington,39.3792,-111.0781,UT,Emery,PACE,Other,1015.5,0.0,0.0,0.0,0.0,0.0,0.0,1015.5,0.0,0.0
8073,Beaver,46.172401,-123.17392,OR,Columbia,PGE,Natural Gas,610.7,0.0,0.0,0.0,610.7,0.0,0.0,0.0,0.0,0.0
8076,Ellwood,34.431419,-119.900055,CA,Santa Barbara,CISO,Natural Gas,58.0,0.0,0.0,0.0,58.0,0.0,0.0,0.0,0.0,0.0
8100,Springfield (CO),37.4028,-102.6217,CO,Baca,WACM,Oil,2.7,0.0,0.0,0.0,0.0,0.0,2.7,0.0,0.0,0.0
8219,Ray D Nixon,38.633451,-104.70577,CO,El Paso,WACM,Other,282.6,0.0,0.0,0.0,75.6,0.0,0.0,207.0,0.0,0.0
8223,Springerville,34.3186,-109.1639,AZ,Apache,TEPC,Other,1779.2,0.0,0.0,0.0,0.0,0.0,0.0,1765.8,13.4,0.0
8224,North Valmy,40.881317,-117.151605,NV,Humboldt,NEVP,Other,567.0,0.0,0.0,0.0,0.0,0.0,0.0,567.0,0.0,0.0
8902,Hoover Dam (AZ),36.01551,-114.738006,AZ,Mohave,WALC,Hydro,1039.4,0.0,0.0,1039.4,0.0,0.0,0.0,0.0,0.0,0.0
9095,Monroe Street,47.653611,-117.420556,WA,Spokane,AVA,Hydro,14.8,0.0,0.0,14.8,0.0,0.0,0.0,0.0,0.0,0.0
9096,Upper Falls,47.654444,-117.418889,WA,Spokane,AVA,Hydro,10.0,0.0,0.0,10.0,0.0,0.0,0.0,0.0,0.0,0.0
9842,Newhalem,48.675944,-121.240826,WA,Whatcom,SCL,Hydro,2.3,0.0,0.0,2.3,0.0,0.0,0.0,0.0,0.0,0.0
10003,Colorado Energy Nations Company,39.7606,-105.215,CO,Jefferson,PSCO,Natural Gas,35.0,0.0,0.0,0.0,35.0,0.0,0.0,0.0,0.0,0.0
10005,Dinosaur Point,37.0478,-121.1708,CA,Merced,CISO,Wind,17.4,0.0,0.0,0.0,0.0,0.0,0.0,0.0,0.0,17.4
10014,Lucky Peak Power Plant Project,43.528,-116.0583,ID,Ada,IPCO,Hydro,101.2,0.0,0.0,101.2,0.0,0.0,0.0,0.0,0.0,0.0
10018,Desert Peak Power Plant,39.753999,-118.953497,NV,Lyon,NEVP,Geothermal,26.0,0.0,26.0,0.0,0.0,0.0,0.0,0.0,0.0,0.0
10026,Encina Water Pollution Control,33.1165,-117.3215,CA,San Diego,CISO,Other,3.2,0.0,0.0,0.0,0.0,0.0,0.0,3.2,0.0,0.0
10034,Gilroy Power Plant,37.0001,-121.5367,CA,Santa Clara,CISO,Natural Gas,130.0,0.0,0.0,0.0,130.0,0.0,0.0,0.0,0.0,0.0
10042,Kaweah Delta District Hospital,36.3275,-119.2947,CA,Tulare,CISO,Natural Gas,3.5,0.0,0.0,0.0,3.5,0.0,0.0,0.0,0.0,0.0
10049,Little Mac Project,42.629637,-114.66162,ID,Twin Falls,IPCO,Hydro,1.5,0.0,0.0,1.5,0.0,0.0,0.0,0.0,0.0,0.0
10052,Fairhaven Power,40.7995,-124.2028,CA,Humboldt,CISO,Other,18.8,0.0,0.0,0.0,0.0,0.0,0.0,18.8,0.0,0.0
10070,Foothills Hydro Plant,39.4588,-105.0657,CO,Douglas,WACM,Hydro,3.1,0.0,0.0,3.1,0.0,0.0,0.0,0.0,0.0,0.0
10081,Strontia Springs Hydro Plant,39.4326,-105.1263,CO,Douglas,PSCO,Hydro,1.0,0.0,0.0,1.0,0.0,0.0,0.0,0.0,0.0,0.0
10091,Total Energy Facilities,33.7683,-118.2836,CA,Los Angeles,CISO,Other,38.4,0.0,0.0,0.0,0.0,0.0,0.0,38.4,0.0,0.0
10115,Grossmont Hospital,32.77973,-117.006397,CA,San Diego,CISO,Natural Gas,4.5,0.0,0.0,0.0,4.5,0.0,0.0,0.0,0.0,0.0
10128,Gosselin Hydro Plant,40.37,-123.4347,CA,Trinity,CISO,Hydro,2.0,0.0,0.0,2.0,0.0,0.0,0.0,0.0,0.0,0.0
10138,South Dry Creek Hydro,45.206341,-109.1652,MT,Carbon,NWMT,Hydro,2.0,0.0,0.0,2.0,0.0,0.0,0.0,0.0,0.0,0.0
10139,Isabella Hydro Project,35.64414,-118.48199,CA,Kern,CISO,Hydro,11.8,0.0,0.0,11.8,0.0,0.0,0.0,0.0,0.0,0.0
10140,Birch Creek Power,44.027444,-112.719439,ID,Clark,PACE,Hydro,2.6,0.0,0.0,2.6,0.0,0.0,0.0,0.0,0.0,0.0
10144,Sierra Pacific Lincoln Facility,38.9032,-121.3097,CA,Placer,CISO,Other,19.2,0.0,0.0,0.0,0.0,0.0,0.0,19.2,0.0,0.0
10156,Fresno Cogen Partners,36.617022,-120.099846,CA,Fresno,CISO,Natural Gas,86.8,16.0,0.0,0.0,70.8,0.0,0.0,0.0,0.0,0.0
10162,Whitewater Hydro Plant,33.934725,-116.640548,CA,Riverside,CISO,Hydro,1.3,0.0,0.0,1.3,0.0,0.0,0.0,0.0,0.0,0.0
10169,Carson Cogeneration,33.8759,-118.2491,CA,Los Angeles,CISO,Natural Gas,55.8,0.0,0.0,0.0,55.8,0.0,0.0,0.0,0.0,0.0
10175,Childrens Hospital,32.7992,-117.1517,CA,San Diego,CISO,Oil,11.3,0.0,0.0,0.0,4.8,0.0,6.5,0.0,0.0,0.0
10180,Metro Wastewater Reclamation District,39.8078,-104.9542,CO,Denver,PSCO,Other,15.0,0.0,0.0,0.0,0.0,0.0,0.0,15.0,0.0,0.0
10191,Tehachapi Wind Resource I,35.060556,-118.389722,CA,Kern,CISO,Wind,8.7,0.0,0.0,0.0,0.0,0.0,0.0,0.0,0.0,8.7
10206,Loma Linda University Cogen,34.050391,-117.248417,CA,San Bernardino,CISO,Natural Gas,13.1,0.0,0.0,0.0,10.4,0.0,2.7,0.0,0.0,0.0
10213,El Segundo Cogen,33.9058,-118.4031,CA,Los Angeles,CISO,Natural Gas,180.1,0.0,0.0,0.0,180.1,0.0,0.0,0.0,0.0,0.0
10215,Snowbird Power Plant,40.58337,-111.653903,UT,Salt Lake,PACE,Natural Gas,6.5,0.0,0.0,0.0,6.5,0.0,0.0,0.0,0.0,0.0
10222,Tulare Success Power Project,36.058635,-118.924097,CA,Tulare,CISO,Hydro,1.4,0.0,0.0,1.4,0.0,0.0,0.0,0.0,0.0,0.0
10253,Haypress,39.565677,-120.581684,CA,Sierra,CISO,Hydro,10.0,0.0,0.0,10.0,0.0,0.0,0.0,0.0,0.0,0.0
10262,California Institute of Technology,34.138467,-118.1256,CA,Los Angeles,CISO,Natural Gas,13.0,0.0,0.0,0.0,13.0,0.0,0.0,0.0,0.0,0.0
10282,Big Creek Water Works,40.646733,-123.498008,CA,Trinity,CISO,Hydro,5.0,0.0,0.0,5.0,0.0,0.0,0.0,0.0,0.0,0.0
10287,Beowawe,40.5547,-116.6175,NV,Lander,NEVP,Geothermal,29.2,0.0,29.2,0.0,0.0,0.0,0.0,0.0,0.0,0.0
10288,Big Valley Power LLC,41.1325,-121.137222,CA,Lassen,CISO,Other,9.3,0.0,0.0,0.0,0.0,0.0,0.0,9.3,0.0,0.0
10294,King City Power Plant,36.225,-121.1278,CA,Monterey,CISO,Natural Gas,133.2,0.0,0.0,0.0,133.2,0.0,0.0,0.0,0.0,0.0
10296,South Forks Hydro,42.4937,-114.3102,ID,Twin Falls,IPCO,Hydro,8.0,0.0,0.0,8.0,0.0,0.0,0.0,0.0,0.0,0.0
10300,Desert View Power,33.586,-116.0873,CA,Riverside,IID,Other,55.5,0.0,0.0,0.0,0.0,0.0,0.0,55.5,0.0,0.0
10323,Copper Dam Plant,45.66523,-121.523761,OR,Hood River,PACW,Hydro,2.6,0.0,0.0,2.6,0.0,0.0,0.0,0.0,0.0,0.0
10324,Peters Drive Plant,45.66764,-121.548455,OR,Hood River,PACW,Hydro,1.8,0.0,0.0,1.8,0.0,0.0,0.0,0.0,0.0,0.0
10325,Mink Creek Hydro,42.260844,-111.665589,ID,Franklin,PACE,Hydro,3.1,0.0,0.0,3.1,0.0,0.0,0.0,0.0,0.0,0.0
10339,Southside Water Reclamation Plant,35.016111,-106.669722,NM,Bernalillo,PNM,Natural Gas,6.6,0.0,0.0,0.0,3.3,0.0,0.0,3.3,0.0,0.0
10342,Marathon Bay Area Cogen,38.0244,-122.0589,CA,Contra Costa,CISO,Natural Gas,113.5,0.0,0.0,0.0,113.5,0.0,0.0,0.0,0.0,0.0
10349,Greenleaf 2 Power Plant,39.1365,-121.6397,CA,Sutter,CISO,Natural Gas,49.5,0.0,0.0,0.0,49.5,0.0,0.0,0.0,0.0,0.0
10350,Greenleaf 1,39.052922,-121.696072,CA,Sutter,CISO,Natural Gas,69.8,0.0,0.0,0.0,69.8,0.0,0.0,0.0,0.0,0.0
10387,Sycamore Energy LLC,32.857709,-117.028847,CA,San Diego,CISO,Other,5.4,0.0,0.0,0.0,0.0,0.0,0.0,5.4,0.0,0.0
10405,Kingsburg Cogen,36.5397,-119.5794,CA,Fresno,CISO,Natural Gas,36.2,0.0,0.0,0.0,36.2,0.0,0.0,0.0,0.0,0.0
10421,Dillon Hydro Plant,39.6208,-106.0662,CO,Summit,PSCO,Hydro,1.8,0.0,0.0,1.8,0.0,0.0,0.0,0.0,0.0,0.0
10422,Williams Fork Hydro Plant,40.035,-106.2053,CO,Grand,WACM,Hydro,3.5,0.0,0.0,3.5,0.0,0.0,0.0,0.0,0.0,0.0
10423,North Fork Hydro Plant,39.4616,-105.677,CO,Park,WACM,Hydro,5.5,0.0,0.0,5.5,0.0,0.0,0.0,0.0,0.0,0.0
10424,Gross Hydro Plant,39.9456,-105.3565,CO,Jefferson,PSCO,Hydro,8.0,0.0,0.0,8.0,0.0,0.0,0.0,0.0,0.0,0.0
10427,New-Indy Ontario Mill,34.045361,-117.540193,CA,San Bernardino,CISO,Natural Gas,33.0,0.0,0.0,0.0,33.0,0.0,0.0,0.0,0.0,0.0
10437,Sunray 2,34.863356,-116.827627,CA,San Bernardino,CISO,Solar,20.0,0.0,0.0,0.0,0.0,0.0,0.0,0.0,20.0,0.0
10438,Sunray 3,34.863356,-116.827627,CA,San Bernardino,CISO,Solar,13.8,0.0,0.0,0.0,0.0,0.0,0.0,0.0,13.8,0.0
10444,"Lockhart Solar PV, LLC",35.0308,-117.3563,CA,San Bernardino,CISO,Solar,100.4,0.0,0.0,0.0,0.0,0.0,0.0,0.0,100.4,0.0
10458,Muck Valley Hydroelectric,40.976389,-121.255833,CA,Lassen,CISO,Hydro,29.9,0.0,0.0,29.9,0.0,0.0,0.0,0.0,0.0,0.0
10472,Puente Hills Energy Recovery,34.0233,-118.0241,CA,Los Angeles,CISO,Other,50.0,0.0,0.0,0.0,0.0,0.0,0.0,50.0,0.0,0.0
10479,Mammoth G3,37.6455,-118.9096,CA,Mono,CISO,Geothermal,15.0,0.0,15.0,0.0,0.0,0.0,0.0,0.0,0.0,0.0
10480,Mammoth G1,37.6451,-118.9143,CA,Mono,CISO,Geothermal,10.0,0.0,10.0,0.0,0.0,0.0,0.0,0.0,0.0,0.0
10481,Mammoth G2,37.6464,-118.9092,CA,Mono,CISO,Geothermal,15.0,0.0,15.0,0.0,0.0,0.0,0.0,0.0,0.0,0.0
10496,Kern River Cogeneration,35.4515,-118.9849,CA,Kern,CISO,Natural Gas,300.0,0.0,0.0,0.0,300.0,0.0,0.0,0.0,0.0,0.0
10501,Mid-Set Cogeneration,35.19456,-119.57097,CA,Kern,CISO,Natural Gas,39.1,0.0,0.0,0.0,39.1,0.0,0.0,0.0,0.0,0.0
10504,Amalgamated Sugar Twin Falls,42.5328,-114.4328,ID,Twin Falls,IPCO,Natural Gas,10.2,0.0,0.0,0.0,10.2,0.0,0.0,0.0,0.0,0.0
10548,San Jose Cogeneration,37.336113,-121.878332,CA,Santa Clara,CISO,Natural Gas,6.0,0.0,0.0,0.0,6.0,0.0,0.0,0.0,0.0,0.0
10586,Cameron Ridge LLC,35.075,-118.3158,CA,Kern,CISO,Wind,59.6,0.0,0.0,0.0,0.0,0.0,0.0,0.0,0.0,59.6
10597,Ridgetop Energy LLC,35.0697,-118.3167,CA,Kern,CISO,Wind,29.0,0.0,0.0,0.0,0.0,0.0,0.0,0.0,0.0,29.0
10631,CE Leathers,33.1779,-115.565,CA,Imperial,IID,Geothermal,45.5,0.0,45.5,0.0,0.0,0.0,0.0,0.0,0.0,0.0
10632,Del Ranch Company,33.1646,-115.616,CA,Imperial,IID,Geothermal,45.5,0.0,45.5,0.0,0.0,0.0,0.0,0.0,0.0,0.0
10634,Elmore Company,33.1777,-115.6033,CA,Imperial,IID,Geothermal,45.5,0.0,45.5,0.0,0.0,0.0,0.0,0.0,0.0,0.0
10649,Bear Mountain Limited,35.419181,-118.926643,CA,Kern,CISO,Natural Gas,46.0,0.0,0.0,0.0,46.0,0.0,0.0,0.0,0.0,0.0
10650,Badger Creek Limited,35.483736,-119.029856,CA,Kern,CISO,Natural Gas,46.0,0.0,0.0,0.0,46.0,0.0,0.0,0.0,0.0,0.0
10652,Burney Forest Products,40.879719,-121.720342,CA,Shasta,CISO,Other,31.0,0.0,0.0,0.0,0.0,0.0,0.0,31.0,0.0,0.0
10661,Collins Pine Project,40.303422,-121.244431,CA,Plumas,CISO,Other,5.0,0.0,0.0,0.0,0.0,0.0,0.0,5.0,0.0,0.0
10677,CES Placerita Power Plant,34.3801,-118.4999,CA,Los Angeles,CISO,Natural Gas,90.0,0.0,0.0,0.0,90.0,0.0,0.0,0.0,0.0,0.0
10682,Brush Generation Facility,40.2415,-103.631,CO,Morgan,PSCO,Natural Gas,273.4,0.0,0.0,0.0,273.4,0.0,0.0,0.0,0.0,0.0
10684,Argus Cogen Plant,35.765,-117.3833,CA,San Bernardino,CISO,Other,62.5,0.0,0.0,0.0,0.0,0.0,0.0,62.5,0.0,0.0
10685,Westend Facility,35.7075,-117.3956,CA,San Bernardino,CISO,Natural Gas,20.0,0.0,0.0,0.0,20.0,0.0,0.0,0.0,0.0,0.0
10706,Burney Creek,40.8579,-121.7225,CA,Shasta,CISO,Hydro,3.0,0.0,0.0,3.0,0.0,0.0,0.0,0.0,0.0,0.0
10707,Cove Hydroelectric,40.8713,-121.9487,CA,Shasta,CISO,Hydro,5.0,0.0,0.0,5.0,0.0,0.0,0.0,0.0,0.0,0.0
10708,Lost Creek I,40.7576,-121.4145,CA,Shasta,CISO,Hydro,1.1,0.0,0.0,1.1,0.0,0.0,0.0,0.0,0.0,0.0
10709,Ponderosa Bailey Creek,40.4579,-121.8427,CA,Tehama,CISO,Hydro,1.1,0.0,0.0,1.1,0.0,0.0,0.0,0.0,0.0,0.0
10718,Karen Avenue Wind Farm,33.92194,-116.56222,CA,Riverside,CISO,Wind,11.7,0.0,0.0,0.0,0.0,0.0,0.0,0.0,0.0,11.7
10720,Kyocera International Inc.(San Diego),32.819675,-117.140548,CA,San Diego,CISO,Natural Gas,3.8,0.0,0.0,0.0,3.8,0.0,0.0,0.0,0.0,0.0
10735,Barber Dam,43.561001,-116.121269,ID,Ada,IPCO,Hydro,4.1,0.0,0.0,4.1,0.0,0.0,0.0,0.0,0.0,0.0
10737,Sprague Hydro,42.50136,-120.98944,OR,Klamath,PACW,Hydro,1.2,0.0,0.0,1.2,0.0,0.0,0.0,0.0,0.0,0.0
10740,Magic Dam Hydroelectric Project,43.2547,-114.3569,ID,Blaine,IPCO,Hydro,9.0,0.0,0.0,9.0,0.0,0.0,0.0,0.0,0.0,0.0
10748,Marina Landfill Gas,36.7131,-121.7686,CA,Monterey,CISO,Other,5.1,0.0,0.0,0.0,0.0,0.0,0.0,5.1,0.0,0.0
10759,Salton Sea Power Gen Co - Unit 3,33.158153,-115.638656,CA,Imperial,IID,Geothermal,53.9,0.0,53.9,0.0,0.0,0.0,0.0,0.0,0.0,0.0
10761,Las Vegas Generating Station,36.2319,-115.1222,NV,Clark,NEVP,Natural Gas,358.9,0.0,0.0,0.0,358.9,0.0,0.0,0.0,0.0,0.0
10763,Ormesa III,32.7757,-115.2637,CA,Imperial,IID,Geothermal,45.6,0.0,45.6,0.0,0.0,0.0,0.0,0.0,0.0,0.0
10764,Blue Lake Power LLC,40.8786,-123.9942,CA,Humboldt,CISO,Other,13.8,0.0,0.0,0.0,0.0,0.0,0.0,13.8,0.0,0.0
10767,Rio Bravo Fresno,36.688915,-119.723218,CA,Fresno,CISO,Other,28.0,0.0,0.0,0.0,0.0,0.0,0.0,28.0,0.0,0.0
10772,Rio Bravo Rocklin,38.8319,-121.313652,CA,Placer,CISO,Other,27.9,0.0,0.0,0.0,0.0,0.0,0.0,27.9,0.0,0.0
10776,E F Oxnard Energy Facility,34.1958,-119.1664,CA,Ventura,CISO,Natural Gas,48.5,0.0,0.0,0.0,48.5,0.0,0.0,0.0,0.0,0.0
10777,HL Power,40.368338,-120.264848,CA,Lassen,CISO,Other,36.2,0.0,0.0,0.0,0.0,0.0,0.0,36.2,0.0,0.0
10781,Koyle Ranch Hydroelectric Project,42.945664,-114.795698,ID,Gooding,IPCO,Hydro,1.3,0.0,0.0,1.3,0.0,0.0,0.0,0.0,0.0,0.0
10784,Colstrip Energy LP,45.9752,-106.6547,MT,Rosebud,NWMT,Other,46.1,0.0,0.0,0.0,0.0,0.0,0.0,46.1,0.0,0.0
10806,Crystal Springs,42.622513,-114.50093,ID,Twin Falls,IPCO,Hydro,2.3,0.0,0.0,2.3,0.0,0.0,0.0,0.0,0.0,0.0
10807,Dietrich Drop,42.836046,-114.267952,ID,Lincoln,IPCO,Hydro,4.8,0.0,0.0,4.8,0.0,0.0,0.0,0.0,0.0,0.0
10808,Low Line Rapids,42.47711,-114.380118,ID,Twin Falls,IPCO,Hydro,2.8,0.0,0.0,2.8,0.0,0.0,0.0,0.0,0.0,0.0
10809,Rock Creek II,42.620724,-114.531489,ID,Twin Falls,IPCO,Hydro,1.9,0.0,0.0,1.9,0.0,0.0,0.0,0.0,0.0,0.0
10836,Woodland Biomass Power Ltd,38.6905,-121.7371,CA,Yolo,CISO,Other,28.0,0.0,0.0,0.0,0.0,0.0,0.0,28.0,0.0,0.0
10837,Covanta Mendota,36.755896,-120.365422,CA,Fresno,CISO,Other,28.0,0.0,0.0,0.0,0.0,0.0,0.0,28.0,0.0,0.0
10840,Covanta Delano Energy,35.7144,-119.2337,CA,Kern,CISO,Other,57.0,0.0,0.0,0.0,0.0,0.0,0.0,57.0,0.0,0.0
10869,Biomass One LP,42.436111,-122.849958,OR,Jackson,PACW,Other,40.0,0.0,0.0,0.0,0.0,0.0,0.0,40.0,0.0,0.0
10873,Coso Finance Partners,36.0372,-117.7981,CA,Inyo,CISO,Geothermal,92.2,0.0,92.2,0.0,0.0,0.0,0.0,0.0,0.0,0.0
10874,Coso Power Developers,36.0192,-117.7917,CA,Inyo,CISO,Geothermal,90.0,0.0,90.0,0.0,0.0,0.0,0.0,0.0,0.0,0.0
10875,Coso Energy Developers,36.0019,-117.7886,CA,Inyo,CISO,Geothermal,90.0,0.0,90.0,0.0,0.0,0.0,0.0,0.0,0.0,0.0
10878,Salton Sea Power Gen Co - Unit 1,33.158,-115.6475,CA,Imperial,IID,Geothermal,10.0,0.0,10.0,0.0,0.0,0.0,0.0,0.0,0.0,0.0
10879,Salton Sea Power Gen Co - Unit 2,33.1589,-115.6455,CA,Imperial,IID,Geothermal,20.0,0.0,20.0,0.0,0.0,0.0,0.0,0.0,0.0,0.0
10880,Bidwell Ditch Project,40.8014,-121.4481,CA,Shasta,CISO,Hydro,1.8,0.0,0.0,1.8,0.0,0.0,0.0,0.0,0.0,0.0
10881,Roaring Creek Water Power,40.882061,-121.948353,CA,Shasta,CISO,Hydro,2.0,0.0,0.0,2.0,0.0,0.0,0.0,0.0,0.0,0.0
10882,Hatchet Creek Project,40.874144,-121.920428,CA,Shasta,CISO,Hydro,6.8,0.0,0.0,6.8,0.0,0.0,0.0,0.0,0.0,0.0
10884,Olive View Medical Center,34.326242,-118.44477,CA,Los Angeles,LDWP,Natural Gas,5.6,0.0,0.0,0.0,5.6,0.0,0.0,0.0,0.0,0.0
50003,Chalk Cliff Limited,35.0968,-119.4299,CA,Kern,CISO,Natural Gas,46.0,0.0,0.0,0.0,46.0,0.0,0.0,0.0,0.0,0.0
50037,Rio Bravo Hydro Project,35.43,-118.8222,CA,Kern,CISO,Hydro,14.0,0.0,0.0,14.0,0.0,0.0,0.0,0.0,0.0,0.0
50049,Humboldt Sawmill Company,40.4728,-124.1014,CA,Humboldt,CISO,Other,32.5,0.0,0.0,0.0,0.0,0.0,0.0,32.5,0.0,0.0
50061,San Diego State University,32.778225,-117.070114,CA,San Diego,CISO,Natural Gas,15.1,0.0,0.0,0.0,14.3,0.0,0.0,0.0,0.8,0.0
50064,University of California Santa Cruz,36.9997,-122.0622,CA,Santa Cruz,CISO,Natural Gas,7.4,1.0,0.0,0.0,4.4,0.0,0.0,0.0,2.0,0.0
50066,Calistoga Power Plant,38.7879,-122.7434,CA,Lake,CISO,Geothermal,176.4,0.0,176.4,0.0,0.0,0.0,0.0,0.0,0.0,0.0
50076,Santa Felicia Dam,34.461667,-118.7511,CA,Ventura,CISO,Hydro,1.3,0.0,0.0,1.3,0.0,0.0,0.0,0.0,0.0,0.0
50089,Univ of San Francisco Cogen,37.77656,-122.451878,CA,San Francisco,CISO,Natural Gas,1.5,0.0,0.0,0.0,1.5,0.0,0.0,0.0,0.0,0.0
50091,Sheep Creek Hydro,48.947741,-117.795376,WA,Stevens,AVA,Hydro,1.6,0.0,0.0,1.6,0.0,0.0,0.0,0.0,0.0,0.0
50099,Tamarack Energy,44.954853,-116.387134,ID,Adams,IPCO,Other,6.2,0.0,0.0,0.0,0.0,0.0,0.0,6.2,0.0,0.0
50110,Sierra Pacific Burney Facility,40.8767,-121.7016,CA,Shasta,CISO,Other,20.0,0.0,0.0,0.0,0.0,0.0,0.0,20.0,0.0,0.0
50112,Sierra Pacific Quincy Facility,39.941165,-120.909211,CA,Plumas,CISO,Other,35.2,0.0,0.0,0.0,0.0,0.0,0.0,35.2,0.0,0.0
50115,US Borax,35.0329,-117.701,CA,Kern,CISO,Natural Gas,48.2,0.0,0.0,0.0,48.2,0.0,0.0,0.0,0.0,0.0
50119,Phillips 66 Rodeo Refinery,38.0417,-122.2583,CA,Contra Costa,CISO,Other,54.9,0.0,0.0,0.0,0.0,0.0,0.0,54.9,0.0,0.0
50128,Clear Lake Hydro Project,38.923556,-122.56668,CA,Lake,CISO,Hydro,2.5,0.0,0.0,2.5,0.0,0.0,0.0,0.0,0.0,0.0
50129,Indian Valley Dam Hydro Project,39.0788,-122.535556,CA,Lake,CISO,Hydro,2.9,0.0,0.0,2.9,0.0,0.0,0.0,0.0,0.0,0.0
50131,Coalinga Cogeneration,36.1807,-120.3885,CA,Fresno,CISO,Natural Gas,38.4,0.0,0.0,0.0,38.4,0.0,0.0,0.0,0.0,0.0
50134,Sycamore Cogeneration,35.452577,-118.985313,CA,Kern,CISO,Natural Gas,300.0,0.0,0.0,0.0,300.0,0.0,0.0,0.0,0.0,0.0
50147,R E Badger Filtration Plant,33.051,-117.175,CA,San Diego,CISO,Hydro,1.4,0.0,0.0,1.4,0.0,0.0,0.0,0.0,0.0,0.0
50148,Linde Wilmington,33.78856,-118.229392,CA,Los Angeles,LDWP,Natural Gas,31.0,0.0,0.0,0.0,31.0,0.0,0.0,0.0,0.0,0.0
50156,Bear Creek,40.534454,-121.959109,CA,Shasta,CISO,Hydro,3.2,0.0,0.0,3.2,0.0,0.0,0.0,0.0,0.0,0.0
50170,Berry Cogen,35.093046,-119.443617,CA,Kern,CISO,Natural Gas,38.7,0.0,0.0,0.0,38.7,0.0,0.0,0.0,0.0,0.0
50179,Box Canyon Dam,41.2792,-122.3292,CA,Siskiyou,PACW,Hydro,5.0,0.0,0.0,5.0,0.0,0.0,0.0,0.0,0.0,0.0
50180,Olsen,40.63722,-121.92805,CA,Shasta,CISO,Hydro,5.0,0.0,0.0,5.0,0.0,0.0,0.0,0.0,0.0,0.0
50185,Cosmo Specialty Fibers Plant,46.954071,-123.761086,WA,Grays Harbor,BPAT,Other,15.0,0.0,0.0,0.0,0.0,0.0,0.0,15.0,0.0,0.0
50187,Nippon Dynawave Packaging Longview WA,46.1236,-122.9728,WA,Cowlitz,BPAT,Other,62.4,0.0,0.0,0.0,0.0,0.0,0.0,62.4,0.0,0.0
50191,IP Springfield Oregon,44.0569,-122.9555,OR,Lane,BPAT,Other,65.0,0.0,0.0,0.0,0.0,0.0,0.0,65.0,0.0,0.0
50200,B Braun Medical,33.688721,-117.834793,CA,Orange,CISO,Natural Gas,6.1,0.0,0.0,0.0,6.1,0.0,0.0,0.0,0.0,0.0
50205,Williams Ignacio Natural Gas Plant,37.145556,-107.784722,CO,La Plata,WACM,Other,6.1,0.0,0.0,0.0,0.0,0.0,0.0,6.1,0.0,0.0
50206,Vallecito Hydroelectric,37.377715,-107.578745,CO,La Plata,WACM,Hydro,5.8,0.0,0.0,5.8,0.0,0.0,0.0,0.0,0.0,0.0
50210,Vulcan-BN Geothermal Power Company,33.1633,-115.6167,CA,Imperial,IID,Geothermal,39.6,0.0,39.6,0.0,0.0,0.0,0.0,0.0,0.0,0.0
50216,Watson Cogeneration,33.816647,-118.244841,CA,Los Angeles,CISO,Natural Gas,405.0,0.0,0.0,0.0,405.0,0.0,0.0,0.0,0.0,0.0
50218,Woodward Power Plant,37.860653,-120.879153,CA,Stanislaus,TIDC,Hydro,2.8,0.0,0.0,2.8,0.0,0.0,0.0,0.0,0.0,0.0
50219,Frankenheimer Power Plant,37.830378,-120.806972,CA,Stanislaus,CISO,Hydro,5.3,0.0,0.0,5.3,0.0,0.0,0.0,0.0,0.0,0.0
50223,Nelson Creek,41.028893,-121.892351,CA,Shasta,CISO,Hydro,1.2,0.0,0.0,1.2,0.0,0.0,0.0,0.0,0.0,0.0
50224,Oxnard Wastewater Treatment Plant,34.140501,-119.184529,CA,Ventura,CISO,Other,1.5,0.0,0.0,0.0,0.0,0.0,0.0,1.5,0.0,0.0
50228,Rocky Brook Hydroelectric,47.7197,-122.9431,WA,Jefferson,BPAT,Hydro,1.6,0.0,0.0,1.6,0.0,0.0,0.0,0.0,0.0,0.0
50233,San Dimas Wash Generating Station,34.124171,-117.805091,CA,Los Angeles,CISO,Hydro,1.0,0.0,0.0,1.0,0.0,0.0,0.0,0.0,0.0,0.0
50234,San Antonio Regional Hospital,34.1019,-117.6381,CA,San Bernardino,CISO,Natural Gas,2.7,0.0,0.0,0.0,2.7,0.0,0.0,0.0,0.0,0.0
50261,New Lahontan,39.463569,-119.065227,NV,Churchill,NEVP,Hydro,4.0,0.0,0.0,4.0,0.0,0.0,0.0,0.0,0.0,0.0
50267,Redlands Water & Power,39.067347,-108.592791,CO,Mesa,PSCO,Hydro,1.4,0.0,0.0,1.4,0.0,0.0,0.0,0.0,0.0,0.0
50270,ExxonMobil Santa Ynez Facility,34.464819,-120.044365,CA,Santa Barbara,CISO,Natural Gas,49.3,0.0,0.0,0.0,49.3,0.0,0.0,0.0,0.0,0.0
50274,Simplot Leasing Don Plant,42.908412,-112.52944,ID,Bannock,IPCO,Other,15.9,0.0,0.0,0.0,0.0,0.0,0.0,15.9,0.0,0.0
50281,San Gorgonio Farms Wind Farm,33.926111,-116.615,CA,Riverside,CISO,Wind,31.0,0.0,0.0,0.0,0.0,0.0,0.0,0.0,0.0,31.0
50293,Wadham Energy LP,39.1062,-122.1096,CA,Colusa,CISO,Other,29.1,0.0,0.0,0.0,0.0,0.0,0.0,29.1,0.0,0.0
50299,AltaGas Ripon Energy Inc.,37.732533,-121.116006,CA,San Joaquin,CISO,Natural Gas,49.5,0.0,0.0,0.0,49.5,0.0,0.0,0.0,0.0,0.0
50300,VESI Pomona,34.059444,-117.774167,CA,Los Angeles,CISO,Battery Storage,40.0,40.0,0.0,0.0,0.0,0.0,0.0,0.0,0.0,0.0
50322,Site 980 65,37.056803,-119.899706,CA,Madera,CISO,Hydro,2.1,0.0,0.0,2.1,0.0,0.0,0.0,0.0,0.0,0.0
50323,Marco Ranch,42.636558,-114.557764,ID,Jerome,IPCO,Hydro,1.2,0.0,0.0,1.2,0.0,0.0,0.0,0.0,0.0,0.0
50329,West Point Treatment Plant,47.661111,-122.446389,WA,King,SCL,Other,4.6,0.0,0.0,0.0,0.0,0.0,0.0,4.6,0.0,0.0
50350,Forks of Butte Hydro Project,39.869284,-121.631865,CA,Butte,CISO,Hydro,14.5,0.0,0.0,14.5,0.0,0.0,0.0,0.0,0.0,0.0
50352,Nacimiento Hydro Project,35.798576,-120.883331,CA,San Luis Obispo,CISO,Hydro,4.4,0.0,0.0,4.4,0.0,0.0,0.0,0.0,0.0,0.0
50360,Michell Butte Power Project,43.771896,-117.155023,OR,Malheur,IPCO,Hydro,2.0,0.0,0.0,2.0,0.0,0.0,0.0,0.0,0.0,0.0
50361,Owyhee Dam Power Project,43.641603,-117.24374,OR,Malheur,IPCO,Hydro,5.0,0.0,0.0,5.0,0.0,0.0,0.0,0.0,0.0,0.0
50362,Tunnel 1 Power Project,43.642023,-117.232674,OR,Malheur,IPCO,Hydro,8.5,0.0,0.0,8.5,0.0,0.0,0.0,0.0,0.0,0.0
50363,Mesquite Lake Energy Park Plant 2,32.903826,-115.511949,CA,Imperial,IID,Other,21.0,0.0,0.0,0.0,0.0,0.0,0.0,21.0,0.0,0.0
50375,East Portal Generator,34.2619,-118.6242,CA,Los Angeles,CISO,Hydro,1.2,0.0,0.0,1.2,0.0,0.0,0.0,0.0,0.0,0.0
50380,Upriver Dam Hydro Plant,47.6822,-117.3319,WA,Spokane,AVA,Hydro,17.6,0.0,0.0,17.6,0.0,0.0,0.0,0.0,0.0,0.0
50382,Twin Reservoirs,46.088333,-118.254722,WA,Walla Walla,BPAT,Hydro,2.2,0.0,0.0,2.2,0.0,0.0,0.0,0.0,0.0,0.0
50393,Friant Hydro Facility,36.997694,-119.703451,CA,Fresno,CISO,Hydro,37.5,0.0,0.0,37.5,0.0,0.0,0.0,0.0,0.0,0.0
50396,Dillard Complex,43.0895,-123.4156,OR,Douglas,PACW,Other,51.5,0.0,0.0,0.0,0.0,0.0,0.0,51.5,0.0,0.0
50400,Sand Bar Power Plant,38.1861,-120.15,CA,Tuolumne,CISO,Hydro,16.2,0.0,0.0,16.2,0.0,0.0,0.0,0.0,0.0,0.0
50421,Orchard Avenue 1,46.596413,-120.677489,WA,Yakima,PACW,Hydro,1.6,0.0,0.0,1.6,0.0,0.0,0.0,0.0,0.0,0.0
50423,Cowiche,46.692628,-120.737194,WA,Yakima,PACW,Hydro,1.7,0.0,0.0,1.7,0.0,0.0,0.0,0.0,0.0,0.0
50435,Sugarloaf Hydro Plant,39.252672,-106.374808,CO,Lake,PSCO,Hydro,2.5,0.0,0.0,2.5,0.0,0.0,0.0,0.0,0.0,0.0
50464,Oxnard,34.196,-119.1667,CA,Ventura,CISO,Natural Gas,68.7,0.0,0.0,0.0,68.7,0.0,0.0,0.0,0.0,0.0
50492,Gas Utilization Facility,32.679172,-117.246698,CA,San Diego,CISO,Other,6.1,0.0,0.0,1.5,0.0,0.0,0.0,4.6,0.0,0.0
50493,Double C Generation Limited Partnership,35.5005,-119.046,CA,Kern,CISO,Natural Gas,49.8,0.0,0.0,0.0,49.8,0.0,0.0,0.0,0.0,0.0
50494,Kern Front Limited,35.51647,-119.040128,CA,Kern,CISO,Natural Gas,49.8,0.0,0.0,0.0,49.8,0.0,0.0,0.0,0.0,0.0
50495,High Sierra Limited,35.509041,-119.030546,CA,Kern,CISO,Natural Gas,49.8,0.0,0.0,0.0,49.8,0.0,0.0,0.0,0.0,0.0
50530,Equilon Los Angeles Refining,33.791667,-118.234722,CA,Los Angeles,LDWP,Other,83.0,0.0,0.0,0.0,0.0,0.0,0.0,83.0,0.0,0.0
50532,Victory Garden (Tehachapi),35.0686,-118.3833,CA,Kern,CISO,Wind,26.1,0.0,0.0,0.0,0.0,0.0,0.0,0.0,0.0,26.1
50533,Painted Hills Wind Park,33.9369,-116.6183,CA,Riverside,CISO,Wind,46.8,0.0,0.0,0.0,0.0,0.0,0.0,0.0,0.0,46.8
50535,Mesa Wind Power LLC,33.9461,-116.6769,CA,Riverside,CISO,Wind,33.6,0.0,0.0,0.0,0.0,0.0,0.0,0.0,0.0,33.6
50536,Sky River Wind Energy Center,35.2608,-118.2469,CA,Kern,CISO,Wind,60.2,0.0,0.0,0.0,0.0,0.0,0.0,0.0,0.0,60.2
50537,SRI International Cogen Project,37.455314,-122.172797,CA,San Mateo,CISO,Natural Gas,6.0,0.0,0.0,0.0,6.0,0.0,0.0,0.0,0.0,0.0
50540,BP Carson Refinery,33.8153,-118.2358,CA,Los Angeles,CISO,Other,13.5,0.0,0.0,0.0,1.5,0.0,0.0,12.0,0.0,0.0
50541,Harbor Cogen,33.7771,-118.2303,CA,Los Angeles,CISO,Natural Gas,107.4,0.0,0.0,0.0,107.4,0.0,0.0,0.0,0.0,0.0
50544,Port Townsend Paper,48.0931,-122.7958,WA,Jefferson,BPAT,Other,7.9,0.0,0.0,0.4,0.0,0.0,0.0,7.5,0.0,0.0
50546,Bowman,39.448352,-120.653417,CA,Nevada,CISO,Hydro,3.6,0.0,0.0,3.6,0.0,0.0,0.0,0.0,0.0,0.0
50552,Salka Cabazon Wind,33.914986,-116.71026,CA,Riverside,CISO,Wind,38.9,0.0,0.0,0.0,0.0,0.0,0.0,0.0,0.0,38.9
50553,Edom Hills Project 1 LLC,33.881667,-116.460278,CA,Riverside,CISO,Wind,20.0,0.0,0.0,0.0,0.0,0.0,0.0,0.0,0.0,20.0
50560,Pacific-Ultrapower Chinese Station,37.874056,-120.477556,CA,Tuolumne,CISO,Other,25.0,0.0,0.0,0.0,0.0,0.0,0.0,25.0,0.0,0.0
50571,Altamont Gas Recovery,37.749308,-121.649866,CA,Alameda,CISO,Other,6.0,0.0,0.0,0.0,0.0,0.0,0.0,6.0,0.0,0.0
50610,Saint Johns Health Center,34.030318,-118.47844,CA,Los Angeles,CISO,Natural Gas,1.2,0.0,0.0,0.0,1.2,0.0,0.0,0.0,0.0,0.0
50612,McKittrick Limited,35.319503,-119.661992,CA,Kern,CISO,Natural Gas,46.0,0.0,0.0,0.0,46.0,0.0,0.0,0.0,0.0,0.0
50622,Berry Cogen Tanne Hills 18,35.089829,-119.440881,CA,Kern,CISO,Natural Gas,18.0,0.0,0.0,0.0,18.0,0.0,0.0,0.0,0.0,0.0
50624,"Torrance Refining Company, LLC",33.85336,-118.33,CA,Los Angeles,CISO,Other,49.3,0.0,0.0,0.0,0.0,0.0,0.0,49.3,0.0,0.0
50630,Covanta Marion Inc,45.048467,-122.962761,OR,MARION,PGE,Other,13.1,0.0,0.0,0.0,0.0,0.0,0.0,13.1,0.0,0.0
50637,Clearwater Paper IPP Lewiston,46.423056,-116.976389,ID,Nez Perce,AVA,Other,113.8,0.0,0.0,0.0,0.0,0.0,0.0,113.8,0.0,0.0
50654,Steamboat Hills LP,39.37,-119.766944,NV,Washoe,NEVP,Geothermal,37.2,0.0,31.6,0.0,0.0,0.0,0.0,0.0,5.6,0.0
50674,Municipal Cogen Plant,33.8247,-116.5106,CA,Riverside,CISO,Natural Gas,1.2,0.0,0.0,0.0,1.2,0.0,0.0,0.0,0.0,0.0
50690,San Gorgonio Westwinds II LLC,33.934,-116.5781,CA,Riverside,CISO,Wind,43.4,0.0,0.0,0.0,0.0,0.0,0.0,0.0,0.0,43.4
50696,Plant No 1 Orange County,33.6942,-117.9381,CA,Orange,CISO,Other,7.5,0.0,0.0,0.0,0.0,0.0,0.0,7.5,0.0,0.0
50700,Lilliwaup Falls Generating,47.4706,-123.1153,WA,Mason,BPAT,Hydro,1.4,0.0,0.0,1.4,0.0,0.0,0.0,0.0,0.0,0.0
50707,JM Shafer Generating Station,40.0986,-104.7736,CO,Weld,PSCO,Natural Gas,396.9,0.0,0.0,0.0,396.9,0.0,0.0,0.0,0.0,0.0
50718,GeoBon II,42.954384,-114.462563,ID,Lincoln,IPCO,Hydro,1.0,0.0,0.0,1.0,0.0,0.0,0.0,0.0,0.0,0.0
50748,Agnews Power Plant,37.4058,-121.9272,CA,Santa Clara,CISO,Natural Gas,32.0,0.0,0.0,0.0,32.0,0.0,0.0,0.0,0.0,0.0
50750,Coalinga Cogeneration Facility,36.170317,-120.364084,CA,Fresno,CISO,Natural Gas,6.8,0.0,0.0,0.0,6.8,0.0,0.0,0.0,0.0,0.0
50751,Southeast Kern River Cogen,35.4206,-118.9644,CA,Kern,CISO,Natural Gas,30.8,0.0,0.0,0.0,30.8,0.0,0.0,0.0,0.0,0.0
50752,South Belridge Cogeneration Facility,35.438611,-119.7075,CA,Kern,CISO,Natural Gas,94.2,0.0,0.0,0.0,94.2,0.0,0.0,0.0,0.0,0.0
50754,Oak Creek Energy Systems I,35.043889,-118.276388,CA,Kern,CISO,Wind,34.5,0.0,0.0,0.0,0.0,0.0,0.0,0.0,0.0,34.5
50755,New Hogan Power Plant,38.149582,-120.814942,CA,Calaveras,CISO,Hydro,3.0,0.0,0.0,3.0,0.0,0.0,0.0,0.0,0.0,0.0
50765,Stillwater Facility,39.547537,-118.555613,NV,Churchill,NEVP,Geothermal,69.2,0.0,47.2,0.0,0.0,0.0,0.0,0.0,22.0,0.0
50766,Ormesa I,32.8156,-115.2568,CA,Imperial,IID,Geothermal,24.0,0.0,24.0,0.0,0.0,0.0,0.0,0.0,0.0,0.0
50820,East Winds Project,33.890913,-116.541515,CA,Riverside,CISO,Wind,3.0,0.0,0.0,0.0,0.0,0.0,0.0,0.0,0.0,3.0
50821,Mojave 16/17/18,35.045,-118.2642,CA,Kern,CISO,Wind,88.5,0.0,0.0,0.0,0.0,0.0,0.0,0.0,0.0,88.5
50827,Twin Falls Hydro,47.444554,-121.687812,WA,King,PSEI,Hydro,24.0,0.0,0.0,24.0,0.0,0.0,0.0,0.0,0.0,0.0
50831,Nove Power Plant,37.9676,-122.382,CA,Contra Costa,CISO,Other,3.0,0.0,0.0,0.0,0.0,0.0,0.0,3.0,0.0,0.0
50849,PE Berkeley,37.870331,-122.26337,CA,Alameda,CISO,Natural Gas,28.5,0.0,0.0,0.0,28.5,0.0,0.0,0.0,0.0,0.0
50850,CamChino Leasing LLC,33.989626,-117.680911,CA,San Bernardino,CISO,Natural Gas,30.8,0.0,0.0,0.0,30.8,0.0,0.0,0.0,0.0,0.0
50851,CSUCI Site Authority,34.161951,-119.047916,CA,Ventura,CISO,Natural Gas,31.1,0.0,0.0,0.0,31.1,0.0,0.0,0.0,0.0,0.0
50864,Sargent Canyon Cogeneration,35.9359,-120.8408,CA,Monterey,CISO,Natural Gas,38.2,0.0,0.0,0.0,38.2,0.0,0.0,0.0,0.0,0.0
50865,Salinas River Cogeneration,35.9515,-120.8679,CA,Monterey,CISO,Natural Gas,38.9,0.0,0.0,0.0,38.9,0.0,0.0,0.0,0.0,0.0
50881,Wheelabrator Shasta,40.428329,-122.279248,CA,Shasta,CISO,Other,54.9,0.0,0.0,0.0,0.0,0.0,0.0,54.9,0.0,0.0
50886,Spokane Waste to Energy,47.626327,-117.50424,WA,Spokane,AVA,Other,26.0,0.0,0.0,0.0,0.0,0.0,0.0,26.0,0.0,0.0
50891,El Dorado Hydro Elk Creek,45.217784,-116.31577,ID,Idaho,IPCO,Hydro,2.6,0.0,0.0,2.6,0.0,0.0,0.0,0.0,0.0,0.0
50892,Rock Creek LP,38.78342,-120.778506,CA,El Dorado,CISO,Hydro,3.0,0.0,0.0,3.0,0.0,0.0,0.0,0.0,0.0,0.0
50895,Bypass,42.560876,-114.057461,ID,Jerome,IPCO,Hydro,9.9,0.0,0.0,9.9,0.0,0.0,0.0,0.0,0.0,0.0
50896,S E Hazelton A,42.586701,-114.067537,ID,Jerome,IPCO,Hydro,8.7,0.0,0.0,8.7,0.0,0.0,0.0,0.0,0.0,0.0
50906,Ford Utilities Center,35.084078,-106.625191,NM,Bernalillo,PNM,Natural Gas,14.8,0.0,0.0,0.0,13.7,0.0,0.0,1.1,0.0,0.0
50917,Middle Fork Irrigation District,45.480701,-121.59984,OR,Hood River,BPAT,Hydro,3.3,0.0,0.0,3.3,0.0,0.0,0.0,0.0,0.0,0.0
50921,Co-Gen LLC,44.458696,-118.720601,OR,Grant,BPAT,Other,7.5,0.0,0.0,0.0,0.0,0.0,0.0,7.5,0.0,0.0
50931,Yellowstone Energy LP,45.8117,-108.4278,MT,Yellowstone,NWMT,Other,68.0,0.0,0.0,0.0,0.0,0.0,0.0,68.0,0.0,0.0
50938,Galesville Project,42.8489,-123.1778,OR,Douglas,PACW,Hydro,1.6,0.0,0.0,1.6,0.0,0.0,0.0,0.0,0.0,0.0
50951,Sunnyside Cogen Associates,39.5472,-110.3917,UT,Carbon,PACE,Other,58.1,0.0,0.0,0.0,0.0,0.0,0.0,58.1,0.0,0.0
50961,Slate Creek,40.976859,-122.456251,CA,Shasta,PACW,Hydro,4.2,0.0,0.0,4.2,0.0,0.0,0.0,0.0,0.0,0.0
50963,Naval Hospital Medical Center,32.7261,-117.1464,CA,San Diego,CISO,Natural Gas,5.3,0.0,0.0,0.0,5.3,0.0,0.0,0.0,0.0,0.0
50972,Marsh Valley Development,42.625972,-112.149344,ID,Bannock,PACE,Hydro,1.6,0.0,0.0,1.6,0.0,0.0,0.0,0.0,0.0,0.0
50980,Siphon Power Project,44.033022,-121.3297,OR,Deschutes,PACW,Hydro,5.4,0.0,0.0,5.4,0.0,0.0,0.0,0.0,0.0,0.0
50985,Solano County Cogen Plant,38.2494,-122.0394,CA,Solano,CISO,Natural Gas,2.8,0.0,0.0,0.0,2.8,0.0,0.0,0.0,0.0,0.0
50987,Rock Creek I,42.632483,-114.538769,ID,Twin Falls,IPCO,Hydro,2.1,0.0,0.0,2.1,0.0,0.0,0.0,0.0,0.0,0.0
50993,Co-Gen II LLC,42.961126,-123.359138,OR,Douglas,PACW,Other,7.5,0.0,0.0,0.0,0.0,0.0,0.0,7.5,0.0,0.0
52015,Dixie Valley,39.9663,-117.8557,NV,Churchill,CISO,Geothermal,70.9,0.0,70.9,0.0,0.0,0.0,0.0,0.0,0.0,0.0
52039,Quail Creek Hydro Plant #1,37.1854,-113.3583,UT,Washington,PACE,Hydro,2.3,0.0,0.0,2.3,0.0,0.0,0.0,0.0,0.0,0.0
52063,Martinez Sulfuric Acid Regeneration Plt,38.0314,-122.1139,CA,Contra Costa,CISO,Other,4.0,0.0,0.0,0.0,0.0,0.0,0.0,4.0,0.0,0.0
52064,Dominguez Plant,33.8431,-118.2347,CA,Los Angeles,CISO,Other,5.0,0.0,0.0,0.0,0.0,0.0,0.0,5.0,0.0,0.0
52073,UCLA So Campus Cogen Project,34.0692,-118.4439,CA,Los Angeles,LDWP,Natural Gas,28.5,0.0,0.0,0.0,28.5,0.0,0.0,0.0,0.0,0.0
52076,McKittrick Cogen,35.3161,-119.6597,CA,Kern,CISO,Natural Gas,12.0,0.0,0.0,0.0,12.0,0.0,0.0,0.0,0.0,0.0
52077,Lost Hills Cogeneration Plant,35.666111,-119.766944,CA,Kern,CISO,Natural Gas,7.0,0.0,0.0,0.0,7.0,0.0,0.0,0.0,0.0,0.0
52078,North Midway Cogen,35.2761,-119.5986,CA,Kern,CISO,Natural Gas,10.5,0.0,0.0,0.0,10.5,0.0,0.0,0.0,0.0,0.0
52081,Cymric 31X Cogen,35.3639,-119.6592,CA,Kern,CISO,Natural Gas,6.8,0.0,0.0,0.0,6.8,0.0,0.0,0.0,0.0,0.0
52082,Cymric 6Z Cogen,35.346102,-119.643431,CA,Kern,CISO,Natural Gas,6.8,0.0,0.0,0.0,6.8,0.0,0.0,0.0,0.0,0.0
52083,Coalinga 6C Cogen,36.2097,-120.3828,CA,Fresno,CISO,Natural Gas,6.8,0.0,0.0,0.0,6.8,0.0,0.0,0.0,0.0,0.0
52085,Taft 26C Cogen,35.1133,-119.4706,CA,Kern,CISO,Natural Gas,12.4,0.0,0.0,0.0,12.4,0.0,0.0,0.0,0.0,0.0
52086,Coalinga 25D Cogen,36.1556,-120.3972,CA,Fresno,CISO,Natural Gas,13.6,0.0,0.0,0.0,13.6,0.0,0.0,0.0,0.0,0.0
52096,Berry Placerita Cogen,34.38407,-118.494882,CA,Los Angeles,CISO,Natural Gas,42.8,0.0,0.0,0.0,42.8,0.0,0.0,0.0,0.0,0.0
52099,Plant No 2 Orange County,33.6433,-117.9556,CA,Orange,CISO,Other,16.0,0.0,0.0,0.0,0.0,0.0,0.0,16.0,0.0,0.0
52104,Cymric 36W Cogen,35.3633,-119.6756,CA,Kern,CISO,Natural Gas,12.4,0.0,0.0,0.0,12.4,0.0,0.0,0.0,0.0,0.0
52107,Kern River Eastridge Cogen,35.4406,-118.9617,CA,Kern,CISO,Natural Gas,48.8,0.0,0.0,0.0,48.8,0.0,0.0,0.0,0.0,0.0
52109,Richmond Cogen,37.9418,-122.3909,CA,Contra Costa,CISO,Natural Gas,173.5,0.0,0.0,0.0,155.6,0.0,0.0,17.9,0.0,0.0
52127,Elk Basin Gasoline Plant,44.9806,-108.8428,WY,Park,PACE,Other,2.0,0.0,0.0,0.0,0.0,0.0,0.0,2.0,0.0,0.0
52142,Mojave 3/4/5,35.0506,-118.2572,CA,Kern,CISO,Wind,75.0,0.0,0.0,0.0,0.0,0.0,0.0,0.0,0.0,75.0
52147,CP Kelco San Diego Plant,32.6947,-117.1436,CA,San Diego,CISO,Natural Gas,29.2,0.0,0.0,0.0,29.2,0.0,0.0,0.0,0.0,0.0
52155,Lacomb Irrigation District,44.597518,-122.685441,OR,Linn,PACW,Hydro,1.0,0.0,0.0,1.0,0.0,0.0,0.0,0.0,0.0,0.0
52158,Aidlin Geothermal Power Plant,38.8339,-122.881,CA,Sonoma,CISO,Geothermal,25.0,0.0,25.0,0.0,0.0,0.0,0.0,0.0,0.0,0.0
52162,85 A,35.095797,-118.324772,CA,Kern,CISO,Wind,21.3,0.0,0.0,0.0,0.0,0.0,0.0,0.0,0.0,21.3
52163,85 B,35.102577,-118.332533,CA,Kern,CISO,Wind,25.2,0.0,0.0,0.0,0.0,0.0,0.0,0.0,0.0,25.2
52169,Midway Sunset Cogen,35.2269,-119.6294,CA,Kern,CISO,Natural Gas,234.0,0.0,0.0,0.0,234.0,0.0,0.0,0.0,0.0,0.0
52186,Yuba City Cogen Partners,39.13667,-121.639846,CA,Sutter,CISO,Natural Gas,49.9,0.0,0.0,0.0,49.9,0.0,0.0,0.0,0.0,0.0
52187,Falls Creek,44.396815,-122.350246,OR,Linn,PACW,Hydro,4.1,0.0,0.0,4.1,0.0,0.0,0.0,0.0,0.0,0.0
54006,Broadwater Power Project,46.12061,-111.407656,MT,Broadwater,NWMT,Hydro,9.7,0.0,0.0,9.7,0.0,0.0,0.0,0.0,0.0,0.0
54015,MM West Covina,34.033206,-117.906129,CA,Los Angeles,CISO,Other,6.8,0.0,0.0,0.0,0.0,0.0,0.0,6.8,0.0,0.0
54017,San Gabriel Hydro Project,34.204311,-117.855714,CA,Los Angeles,CISO,Hydro,5.0,0.0,0.0,5.0,0.0,0.0,0.0,0.0,0.0,0.0
54038,Geo East Mesa II,32.7757,-115.2637,CA,Imperial,IID,Geothermal,21.6,0.0,21.6,0.0,0.0,0.0,0.0,0.0,0.0,0.0
54111,Second Imperial Geothermal,32.7144,-115.5356,CA,Imperial,IID,Geothermal,74.5,0.0,74.5,0.0,0.0,0.0,0.0,0.0,0.0,0.0
54142,Hillcrest Pump Station,39.6419,-104.9138,CO,Denver,PSCO,Hydro,2.0,0.0,0.0,2.0,0.0,0.0,0.0,0.0,0.0,0.0
54238,Stockton Biomass,37.943633,-121.330433,CA,San Joaquin,CISO,Other,54.0,0.0,0.0,0.0,0.0,0.0,0.0,54.0,0.0,0.0
54249,Smith Falls Hydro Project,48.959547,-116.557375,ID,Boundary,BPAT,Hydro,38.1,0.0,0.0,38.1,0.0,0.0,0.0,0.0,0.0,0.0
54251,Opal Springs Hydro,44.49004,-121.298812,OR,Jefferson,PACW,Hydro,4.3,0.0,0.0,4.3,0.0,0.0,0.0,0.0,0.0,0.0
54261,Warm Springs Hydro Project,38.722141,-123.011188,CA,Sonoma,CISO,Hydro,2.7,0.0,0.0,2.7,0.0,0.0,0.0,0.0,0.0,0.0
54267,Koma Kulshan,48.680178,-121.723294,WA,Whatcom,PSEI,Hydro,12.0,0.0,0.0,12.0,0.0,0.0,0.0,0.0,0.0,0.0
54268,HF Sinclair Puget Sound Refining,48.4708,-122.56,WA,Skagit,PSEI,Natural Gas,139.8,0.0,0.0,0.0,139.8,0.0,0.0,0.0,0.0,0.0
54271,Saguaro Power,36.0417,-115.0117,NV,Clark,NEVP,Natural Gas,127.2,0.0,0.0,0.0,127.2,0.0,0.0,0.0,0.0,0.0
54296,Biola University Hybrid,33.906953,-118.013105,CA,Los Angeles,CISO,Natural Gas,4.3,0.3,0.0,0.0,4.0,0.0,0.0,0.0,0.0,0.0
54298,Coram Energy LLC (ECT),35.0583,-118.3417,CA,Kern,CISO,Wind,7.5,0.0,0.0,0.0,0.0,0.0,0.0,0.0,0.0,7.5
54299,Coram Energy LLC,35.075,-118.3417,CA,Kern,CISO,Wind,3.0,0.0,0.0,0.0,0.0,0.0,0.0,0.0,0.0,3.0
54300,Coram Energy LLC (4.5MW),35.0583,-118.3083,CA,Kern,CISO,Wind,4.6,0.0,0.0,0.0,0.0,0.0,0.0,0.0,0.0,4.6
54306,Wilson Lake Hydroelectric Project,42.628889,-114.174722,ID,Jerome,IPCO,Hydro,8.4,0.0,0.0,8.4,0.0,0.0,0.0,0.0,0.0,0.0
54308,Three Forks Water Power Project,40.199822,-123.523145,CA,Trinity,CISO,Hydro,1.3,0.0,0.0,1.3,0.0,0.0,0.0,0.0,0.0,0.0
54318,General Chemical,41.5933,-109.7542,WY,Sweetwater,PACE,Other,30.0,0.0,0.0,0.0,0.0,0.0,0.0,30.0,0.0,0.0
54327,Toyon Power Station,34.146253,-118.30485,CA,Los Angeles,LDWP,Other,1.1,0.0,0.0,0.0,0.0,0.0,0.0,1.1,0.0,0.0
54343,Terminus Hydroelectric Project,36.4156,-119.0069,CA,Tulare,CISO,Hydro,20.1,0.0,0.0,20.1,0.0,0.0,0.0,0.0,0.0,0.0
54349,Nevada Cogen Associates 2 Black Mountain,36.2253,-114.8783,NV,Clark,NEVP,Natural Gas,96.3,0.0,0.0,0.0,96.3,0.0,0.0,0.0,0.0,0.0
54350,Nevada Cogen Assoc#1 GarnetVly,36.343229,-114.920686,NV,Clark,NEVP,Natural Gas,94.8,0.0,0.0,0.0,94.8,0.0,0.0,0.0,0.0,0.0
54372,University of Colorado,40.00759,-105.269204,CO,Boulder,PSCO,Natural Gas,33.0,0.0,0.0,0.0,33.0,0.0,0.0,0.0,0.0,0.0
54374,Sinclair Oil Refinery,41.77952,-107.10972,WY,Carbon,PACE,Natural Gas,5.0,0.0,0.0,0.0,2.2,0.0,1.1,1.7,0.0,0.0
54386,Little Wood Hydro Project,43.425228,-114.025597,ID,Blaine,IPCO,Hydro,2.8,0.0,0.0,2.8,0.0,0.0,0.0,0.0,0.0,0.0
54387,Weeks Falls,47.43348,-121.6483,WA,King,PSEI,Hydro,4.3,0.0,0.0,4.3,0.0,0.0,0.0,0.0,0.0,0.0
54394,Dry Creek Project,44.027444,-112.719439,ID,Butte,PACE,Hydro,3.6,0.0,0.0,3.6,0.0,0.0,0.0,0.0,0.0,0.0
54410,Western Power & Steam Inc,35.440539,-119.012861,CA,Kern,CISO,Natural Gas,27.7,0.0,0.0,0.0,27.7,0.0,0.0,0.0,0.0,0.0
54447,Welport Lease Project,35.354444,-119.6617,CA,Kern,CISO,Natural Gas,5.0,0.0,0.0,0.0,5.0,0.0,0.0,0.0,0.0,0.0
54449,Dome Project,35.220833,-119.583056,CA,Kern,CISO,Natural Gas,6.0,0.0,0.0,0.0,6.0,0.0,0.0,0.0,0.0,0.0
54451,Los Angeles Refinery Wilmington,33.7686,-118.2867,CA,Los Angeles,LDWP,Other,58.5,0.0,0.0,0.0,0.0,0.0,0.0,58.5,0.0,0.0
54453,EDF Renewable Windfarm V Inc,38.1167,-121.8333,CA,Solano,CISO,Wind,15.5,0.0,0.0,0.0,0.0,0.0,0.0,0.0,0.0,15.5
54454,San Gorgonio Windplant WPP1993,33.918395,-116.573906,CA,Riverside,CISO,Wind,49.5,0.0,0.0,0.0,0.0,0.0,0.0,0.0,0.0,49.5
54472,Simplot Phosphates,41.5417,-109.1328,WY,Sweetwater,PACE,Other,11.5,0.0,0.0,0.0,0.0,0.0,0.0,11.5,0.0,0.0
54476,Sumas Power Plant,48.9905,-122.2733,WA,Whatcom,PSEI,Natural Gas,125.5,0.0,0.0,0.0,125.5,0.0,0.0,0.0,0.0,0.0
54477,Oroville Cogeneration LP,39.492,-121.5628,CA,Butte,CISO,Natural Gas,7.7,0.0,0.0,0.0,7.7,0.0,0.0,0.0,0.0,0.0
54514,Blind Canyon Hydro,42.69984,-114.822603,ID,Gooding,IPCO,Hydro,1.3,0.0,0.0,1.3,0.0,0.0,0.0,0.0,0.0,0.0
54517,Sierra Pacific Sonora,37.966389,-120.317777,CA,Tuolumne,CISO,Other,7.5,0.0,0.0,0.0,0.0,0.0,0.0,7.5,0.0,0.0
54524,Horseshoe Bend Hydroelectric Co,43.904085,-116.244193,ID,Boise,IPCO,Hydro,9.4,0.0,0.0,9.4,0.0,0.0,0.0,0.0,0.0,0.0
54537,Ferndale Generating Station,48.828996,-122.685114,WA,Whatcom,PSEI,Natural Gas,285.5,0.0,0.0,0.0,285.5,0.0,0.0,0.0,0.0,0.0
54554,Spicer Meadow Project,38.3914,-120.0008,CA,Tuolumne,CISO,Hydro,5.9,0.0,0.0,5.9,0.0,0.0,0.0,0.0,0.0,0.0
54555,Collierville Powerhouse,38.144636,-120.380497,CA,Calaveras,CISO,Hydro,253.0,0.0,0.0,253.0,0.0,0.0,0.0,0.0,0.0,0.0
54558,Hazelton B Hydro,42.6051,-114.093,ID,Jerome,IPCO,Hydro,7.6,0.0,0.0,7.6,0.0,0.0,0.0,0.0,0.0,0.0
54562,Longview Fibre,46.103887,-122.918429,WA,Cowlitz,BPAT,Other,45.0,0.0,0.0,0.0,0.0,0.0,0.0,45.0,0.0,0.0
54567,MM Yolo Power,38.596283,-121.687518,CA,Yolo,CISO,Other,3.6,0.0,0.0,0.0,0.0,0.0,0.0,3.6,0.0,0.0
54594,University of Arizona - Biosphere 2,32.578011,-110.852608,AZ,Pinal,WALC,Natural Gas,3.1,0.0,0.0,0.0,1.6,0.0,1.5,0.0,0.0,0.0
54630,American Gypsum Cogeneration,39.648565,-106.949394,CO,Eagle,PSCO,Natural Gas,9.6,0.0,0.0,0.0,6.4,0.0,3.2,0.0,0.0,0.0
54647,TPC Windfarms LLC,35.05,-118.2572,CA,Kern,CISO,Wind,28.7,0.0,0.0,0.0,0.0,0.0,0.0,0.0,0.0,28.7
54654,Kekawaka Power House,40.0941,-123.508983,CA,Trinity,CISO,Hydro,4.9,0.0,0.0,4.9,0.0,0.0,0.0,0.0,0.0,0.0
54665,Steamboat II,39.395603,-119.746762,NV,Washoe,NEVP,Geothermal,26.1,0.0,20.6,0.0,0.0,0.0,0.0,0.0,5.5,0.0
54666,Steamboat III,39.394444,-119.7475,NV,Washoe,NEVP,Geothermal,26.1,0.0,20.6,0.0,0.0,0.0,0.0,0.0,5.5,0.0
54667,Chino Mines,32.6956,-108.1225,NM,Grant,PNM,Natural Gas,54.0,0.0,0.0,0.0,54.0,0.0,0.0,0.0,0.0,0.0
54668,Falls River Hydro,44.0597,-111.3535,ID,Fremont,BPAT,Hydro,9.0,0.0,0.0,9.0,0.0,0.0,0.0,0.0,0.0,0.0
54674,Ford Hydro LP,46.383828,-115.949338,ID,Clearwater,AVA,Hydro,1.2,0.0,0.0,1.2,0.0,0.0,0.0,0.0,0.0,0.0
54679,Boulder City Lakewood Hydro,40.0111,-105.3347,CO,Boulder,PSCO,Hydro,3.5,0.0,0.0,3.5,0.0,0.0,0.0,0.0,0.0,0.0
54680,Boulder City Betasso Hydro Plant,40.0111,-105.3347,CO,Boulder,PSCO,Hydro,3.0,0.0,0.0,3.0,0.0,0.0,0.0,0.0,0.0,0.0
54686,Difwind Farms Ltd VI,35.0506,-118.1714,CA,Kern,CISO,Wind,27.1,0.0,0.0,0.0,0.0,0.0,0.0,0.0,0.0,27.1
54689,Heber Geothermal,32.7146,-115.518,CA,Imperial,IID,Geothermal,91.5,0.0,91.5,0.0,0.0,0.0,0.0,0.0,0.0,0.0
54690,Amalgamated Sugar LLC Nampa,43.6058,-116.5753,ID,Canyon,IPCO,Natural Gas,8.2,0.0,0.0,0.0,8.2,0.0,0.0,0.0,0.0,0.0
54694,Yuma Cogeneration Associates,32.728822,-114.654053,AZ,Yuma,AZPS,Natural Gas,62.6,0.0,0.0,0.0,62.6,0.0,0.0,0.0,0.0,0.0
54721,Warm Springs Power Enterprises,44.724242,-121.247729,OR,Jefferson,PACW,Hydro,19.6,0.0,0.0,19.6,0.0,0.0,0.0,0.0,0.0,0.0
54724,Ormesa II,32.7881,-115.2481,CA,Imperial,IID,Geothermal,24.0,0.0,24.0,0.0,0.0,0.0,0.0,0.0,0.0,0.0
54729,Taylor Draw Hydroelectric Facility,40.106269,-108.711161,CO,Rio Blanco,WACM,Hydro,2.3,0.0,0.0,2.3,0.0,0.0,0.0,0.0,0.0,0.0
54734,Freeport McMoRan,32.66176,-108.3628,NM,Grant,PNM,Oil,30.4,0.0,0.0,0.0,0.0,0.0,30.4,0.0,0.0,0.0
54749,Goal Line LP,33.1185,-117.0995,CA,San Diego,CISO,Natural Gas,51.4,0.0,0.0,0.0,51.4,0.0,0.0,0.0,0.0,0.0
54750,Coram Tehachapi,35.0663,-118.339444,CA,Kern,CISO,Wind,6.5,0.0,0.0,0.0,0.0,0.0,0.0,0.0,0.0,6.5
54753,Lateral 10 Ventures,42.647376,-114.89031,ID,Twin Falls,IPCO,Hydro,2.4,0.0,0.0,2.4,0.0,0.0,0.0,0.0,0.0,0.0
54761,Hermiston Generating Plant,45.8042,-119.37,OR,Umatilla,PACW,Natural Gas,621.2,0.0,0.0,0.0,621.2,0.0,0.0,0.0,0.0,0.0
54768,Live Oak Limited,35.4837,-119.0298,CA,Kern,CISO,Natural Gas,46.0,0.0,0.0,0.0,46.0,0.0,0.0,0.0,0.0,0.0
54800,Saint Agnes Medical Center,36.8347,-119.7667,CA,Fresno,CISO,Natural Gas,7.0,0.0,0.0,0.0,7.0,0.0,0.0,0.0,0.0,0.0
54809,University of Washington Power Plant,47.6539,-122.3036,WA,King,SCL,Oil,15.0,0.0,0.0,0.0,3.0,0.0,12.0,0.0,0.0,0.0
54812,Mile 28 Water Power Project,42.740139,-114.161173,ID,Jerome,IPCO,Hydro,1.4,0.0,0.0,1.4,0.0,0.0,0.0,0.0,0.0,0.0
54854,Sun Peak Generating Station,36.1375,-115.0339,NV,Clark,NEVP,Natural Gas,222.0,0.0,0.0,0.0,222.0,0.0,0.0,0.0,0.0,0.0
54860,Black Creek,47.549652,-121.710517,WA,King,PSEI,Hydro,3.7,0.0,0.0,3.7,0.0,0.0,0.0,0.0,0.0,0.0
54909,Tehachapi Wind Resource II,35.1061,-118.3114,CA,Kern,CISO,Wind,21.9,0.0,0.0,0.0,0.0,0.0,0.0,0.0,0.0,21.9
54912,Martinez Refining,38.0169,-122.1117,CA,Contra Costa,CISO,Natural Gas,100.0,0.0,0.0,0.0,80.0,0.0,0.0,20.0,0.0,0.0
54931,Ridgetop,35.074,-118.3153,CA,Kern,CISO,Wind,46.8,0.0,0.0,0.0,0.0,0.0,0.0,0.0,0.0,46.8
54936,Richard J Donovan Correctional Facility,32.583571,-116.930907,CA,San Diego,CISO,Natural Gas,2.6,0.0,0.0,0.0,2.6,0.0,0.0,0.0,0.0,0.0
54950,Univ of Oregon Central Power Station,44.048333,-123.073889,OR,Lane,BPAT,Natural Gas,17.6,0.0,0.0,0.0,11.0,0.0,6.6,0.0,0.0,0.0
54951,Monterey One Water,36.7056,-121.7714,CA,Monterey,CISO,Other,1.8,0.0,0.0,0.0,0.0,0.0,0.0,1.8,0.0,0.0
54975,New Mexico State University,32.164818,-106.451281,NM,Dona Ana,EPE,Natural Gas,4.7,0.0,0.0,0.0,4.7,0.0,0.0,0.0,0.0,0.0
54996,Salton Sea Power Gen Co - Unit 4,33.157,-115.6386,CA,Imperial,IID,Geothermal,47.5,0.0,47.5,0.0,0.0,0.0,0.0,0.0,0.0,0.0
55009,Montgomery Creek Hydro,40.846806,-121.956446,CA,Shasta,CISO,Hydro,2.6,0.0,0.0,2.6,0.0,0.0,0.0,0.0,0.0,0.0
55039,Rio Bravo,35.026,-106.644,NM,Bernalillo,PNM,Natural Gas,150.0,0.0,0.0,0.0,150.0,0.0,0.0,0.0,0.0,0.0
55077,Desert Star Energy Center,35.788889,-114.994167,NV,Clark,CISO,Natural Gas,537.3,0.0,0.0,0.0,537.3,0.0,0.0,0.0,0.0,0.0
55084,Crockett Cogen Project,38.0569,-122.2161,CA,Contra Costa,CISO,Natural Gas,247.0,0.0,0.0,0.0,247.0,0.0,0.0,0.0,0.0,0.0
55090,Plummer Cogen,47.331006,-116.890352,ID,Benewah,AVA,Other,6.2,0.0,0.0,0.0,0.0,0.0,0.0,6.2,0.0,0.0
55094,MM San Diego-Miramar,32.844845,-117.162747,CA,San Diego,CISO,Other,6.4,0.0,0.0,0.0,0.0,0.0,0.0,6.4,0.0,0.0
55103,Klamath Cogeneration Plant,42.173889,-121.810556,OR,Klamath,AVRN,Natural Gas,501.5,0.0,0.0,0.0,501.5,0.0,0.0,0.0,0.0,0.0
55112,Sutter Energy Center,39.053139,-121.695873,CA,Sutter,BANC,Natural Gas,636.0,0.0,0.0,0.0,636.0,0.0,0.0,0.0,0.0,0.0
55124,Griffith Energy LLC,35.054029,-114.133272,AZ,Mohave,GRIF,Natural Gas,655.0,0.0,0.0,0.0,655.0,0.0,0.0,0.0,0.0,0.0
55125,Vansycle,45.936157,-118.65999,OR,Umatilla,BPAT,Wind,25.0,0.0,0.0,0.0,0.0,0.0,0.0,0.0,0.0,25.0
55127,Manchief Electric Generating Station,40.217143,-103.68504,CO,Morgan,PSCO,Natural Gas,300.0,0.0,0.0,0.0,300.0,0.0,0.0,0.0,0.0,0.0
55129,Desert Basin,32.9042,-111.7889,AZ,Pinal,SRP,Natural Gas,745.1,0.0,0.0,0.0,745.1,0.0,0.0,0.0,0.0,0.0
55151,La Paloma Generating Plant,35.2956,-119.5919,CA,Kern,CISO,Natural Gas,1156.0,0.0,0.0,0.0,1156.0,0.0,0.0,0.0,0.0,0.0
55160,MM Tulare Energy,36.388,-119.394,CA,Tulare,CISO,Other,1.8,0.0,0.0,0.0,0.0,0.0,0.0,1.8,0.0,0.0
55161,MM Lopez Energy,34.2925,-118.389444,CA,Los Angeles,CISO,Other,3.0,0.0,0.0,0.0,0.0,0.0,0.0,3.0,0.0,0.0
55177,South Point Energy Center,34.8678,-114.5317,AZ,Mohave,WALC,Natural Gas,708.0,0.0,0.0,0.0,708.0,0.0,0.0,0.0,0.0,0.0
55179,Rathdrum Power LLC,47.7858,-116.9203,ID,Kootenai,AVA,Natural Gas,301.5,0.0,0.0,0.0,301.5,0.0,0.0,0.0,0.0,0.0
55182,Sunrise Power LLC,35.2097,-119.585,CA,Kern,CISO,Natural Gas,685.2,0.0,0.0,0.0,685.2,0.0,0.0,0.0,0.0,0.0
55184,Aera San Ardo Cogen Facility,35.953293,-120.859952,CA,Monterey,CISO,Natural Gas,6.2,0.0,0.0,0.0,6.2,0.0,0.0,0.0,0.0,0.0
55200,Arapahoe Combustion Turbine Project,39.6692,-105.0018,CO,Denver,PSCO,Natural Gas,194.0,0.0,0.0,0.0,194.0,0.0,0.0,0.0,0.0,0.0
55207,Valmont Combustion Turbine Project,40.0205,-105.2009,CO,Boulder,PSCO,Natural Gas,142.2,0.0,0.0,0.0,142.2,0.0,0.0,0.0,0.0,0.0
55210,Afton Generating Station,32.114185,-106.846483,NM,Dona Ana,PNM,Natural Gas,287.0,0.0,0.0,0.0,287.0,0.0,0.0,0.0,0.0,0.0
55217,Los Medanos Energy Center,38.030071,-121.873004,CA,Contra Costa,CISO,Natural Gas,678.3,0.0,0.0,0.0,678.3,0.0,0.0,0.0,0.0,0.0
55278,Beaver Creek Gas Plant,42.8475,-108.3136,WY,Fremont,WACM,Natural Gas,6.8,0.0,0.0,0.0,5.0,0.0,0.0,1.8,0.0,0.0
55282,Arlington Valley Energy Facility,33.3417,-112.8897,AZ,Maricopa,DEAA,Natural Gas,713.0,0.0,0.0,0.0,713.0,0.0,0.0,0.0,0.0,0.0
55283,Front Range Power Plant,38.6281,-104.7069,CO,El Paso,WACM,Natural Gas,554.3,0.0,0.0,0.0,554.3,0.0,0.0,0.0,0.0,0.0
55295,Blythe Energy Inc,33.6157,-114.6865,CA,Riverside,CISO,Natural Gas,591.0,0.0,0.0,0.0,591.0,0.0,0.0,0.0,0.0,0.0
55306,Gila River Power Block 4,32.975,-112.6944,AZ,Maricopa,SRP,Natural Gas,619.0,0.0,0.0,0.0,619.0,0.0,0.0,0.0,0.0,0.0
55322,Chuck Lenzie Generating Station,36.383719,-114.921779,NV,Clark,NEVP,Natural Gas,1465.6,0.0,0.0,0.0,1465.6,0.0,0.0,0.0,0.0,0.0
55328,Hermiston Power Partnership,45.794046,-119.313323,OR,Umatilla,GRID,Natural Gas,689.4,0.0,0.0,0.0,689.4,0.0,0.0,0.0,0.0,0.0
55333,Delta Energy Center,38.0169,-121.8439,CA,Contra Costa,CISO,Natural Gas,943.5,0.0,0.0,0.0,943.5,0.0,0.0,0.0,0.0,0.0
55339,Phoenix Wind Power LLC,33.916667,-116.55,CA,Riverside,CISO,Wind,2.1,0.0,0.0,0.0,0.0,0.0,0.0,0.0,0.0,2.1
55343,Luna Energy Facility,32.299349,-107.7834,NM,Luna,PNM,Natural Gas,650.0,0.0,0.0,0.0,650.0,0.0,0.0,0.0,0.0,0.0
55345,Otay Mesa Generating Project,32.581481,-116.914969,CA,San Diego,CISO,Natural Gas,710.7,0.0,0.0,0.0,710.7,0.0,0.0,0.0,0.0,0.0
55372,Harquahala Generating Project,33.47596,-113.113434,AZ,Maricopa,HGMA,Natural Gas,1277.1,0.0,0.0,0.0,1277.1,0.0,0.0,0.0,0.0,0.0
55393,Metcalf Energy Center,37.2207,-121.7457,CA,Santa Clara,CISO,Natural Gas,635.0,0.0,0.0,0.0,635.0,0.0,0.0,0.0,0.0,0.0
55400,Elk Hills Power LLC,35.280318,-119.470707,CA,Kern,CISO,Natural Gas,623.0,0.0,0.0,0.0,623.0,0.0,0.0,0.0,0.0,0.0
55453,Fountain Valley Power Facility,38.5569,-104.6875,CO,El Paso,PSCO,Natural Gas,228.0,0.0,0.0,0.0,228.0,0.0,0.0,0.0,0.0,0.0
55455,Red Hawk,33.334562,-112.840641,AZ,Maricopa,SRP,Natural Gas,1127.0,0.0,0.0,0.0,1127.0,0.0,0.0,0.0,0.0,0.0
55477,Neil Simpson Gas Turbine #2,44.285,-105.3786,WY,Campbell,WACM,Natural Gas,40.0,0.0,0.0,0.0,40.0,0.0,0.0,0.0,0.0,0.0
55479,Wygen 1,44.2858,-105.3833,WY,Campbell,WACM,Other,90.0,0.0,0.0,0.0,0.0,0.0,0.0,90.0,0.0,0.0
55481,Mesquite Generating Station Block 2,33.345047,-112.864227,AZ,Maricopa,SRP,Natural Gas,691.6,0.0,0.0,0.0,691.6,0.0,0.0,0.0,0.0,0.0
55482,Goldendale Generating Station,45.8114,-120.833,WA,Klickitat,PSEI,Natural Gas,302.8,0.0,0.0,0.0,302.8,0.0,0.0,0.0,0.0,0.0
55499,CalPeak Power Vaca Dixon Peaker Plant,38.398867,-121.923973,CA,Solano,CISO,Natural Gas,60.5,0.0,0.0,0.0,60.5,0.0,0.0,0.0,0.0,0.0
55504,Limon Generating Station,39.2038,-103.7005,CO,Lincoln,WACM,Natural Gas,154.2,0.0,0.0,0.0,154.2,0.0,0.0,0.0,0.0,0.0
55505,Frank Knutson,39.941129,-104.682015,CO,Adams,PSCO,Natural Gas,154.2,0.0,0.0,0.0,154.2,0.0,0.0,0.0,0.0,0.0
55508,CalPeak Power Panoche Peaker Plant,36.652905,-120.580609,CA,Fresno,CISO,Natural Gas,60.5,0.0,0.0,0.0,60.5,0.0,0.0,0.0,0.0,0.0
55510,CalPeak Power Border Peaker Plant,32.562448,-116.943869,CA,San Diego,CISO,Natural Gas,60.5,0.0,0.0,0.0,60.5,0.0,0.0,0.0,0.0,0.0
55512,Cuyamaca Peak Energy Plant,32.796491,-116.972071,CA,San Diego,CISO,Natural Gas,48.7,0.0,0.0,0.0,48.7,0.0,0.0,0.0,0.0,0.0
55513,CalPeak Power Enterprise Peaker Plant,33.121943,-117.117441,CA,San Diego,CISO,Natural Gas,58.9,0.0,0.0,0.0,58.9,0.0,0.0,0.0,0.0,0.0
55514,Apex Generating Station,36.415999,-114.960916,NV,Clark,NEVP,Natural Gas,600.6,0.0,0.0,0.0,600.6,0.0,0.0,0.0,0.0,0.0
55518,High Desert Power Plant,34.5953,-117.3647,CA,San Bernardino,CISO,Natural Gas,960.0,0.0,0.0,0.0,960.0,0.0,0.0,0.0,0.0,0.0
55522,Sundance,32.9285,-111.5899,AZ,Pinal,WALC,Natural Gas,605.0,0.0,0.0,0.0,605.0,0.0,0.0,0.0,0.0,0.0
55538,Escondido Energy Center,33.1261,-117.1172,CA,San Diego,CISO,Natural Gas,54.0,0.0,0.0,0.0,54.0,0.0,0.0,0.0,0.0,0.0
55540,Chula Vista Energy Center,32.591667,-117.058611,CA,San Diego,CISO,Natural Gas,37.2,0.0,0.0,0.0,37.2,0.0,0.0,0.0,0.0,0.0
55541,Indigo Energy Facility,33.910873,-116.552994,CA,Riverside,CISO,Natural Gas,149.7,0.0,0.0,0.0,149.7,0.0,0.0,0.0,0.0,0.0
55542,Larkspur Energy Facility,32.567041,-116.944197,CA,San Diego,CISO,Natural Gas,99.8,0.0,0.0,0.0,99.8,0.0,0.0,0.0,0.0,0.0
55544,Klamath Expansion Project,42.172718,-121.814393,OR,Klamath,AVRN,Natural Gas,117.6,0.0,0.0,0.0,117.6,0.0,0.0,0.0,0.0,0.0
55557,Wilmington Hydrogen Plant,33.7803,-118.24,CA,Los Angeles,LDWP,Other,31.9,0.0,0.0,0.0,0.0,0.0,0.0,31.9,0.0,0.0
55560,FPL Energy Vansycle LLC (WA),46.06,-118.917,WA,Walla Walla,BPAT,Wind,176.9,0.0,0.0,0.0,0.0,0.0,0.0,0.0,0.0,176.9
55622,West Valley Generation Project,40.6667,-112.0317,UT,Salt Lake,PACE,Natural Gas,217.0,0.0,0.0,0.0,217.0,0.0,0.0,0.0,0.0,0.0
55625,Creed Energy Center,38.242158,-121.854722,CA,Solano,CISO,Natural Gas,48.0,0.0,0.0,0.0,48.0,0.0,0.0,0.0,0.0,0.0
55626,Lambie Energy Center,38.221577,-121.868333,CA,Solano,CISO,Natural Gas,47.0,0.0,0.0,0.0,47.0,0.0,0.0,0.0,0.0,0.0
55627,Goose Haven Energy Center,38.226752,-121.843271,CA,Solano,CISO,Natural Gas,48.0,0.0,0.0,0.0,48.0,0.0,0.0,0.0,0.0,0.0
55645,Blue Spruce Energy Center,39.747875,-104.681404,CO,Adams,PSCO,Natural Gas,397.8,0.0,0.0,0.0,397.8,0.0,0.0,0.0,0.0,0.0
55650,Plains End,39.857499,-105.225967,CO,Jefferson,PSCO,Natural Gas,114.0,0.0,0.0,0.0,114.0,0.0,0.0,0.0,0.0,0.0
55656,"Pastoria Energy Facility, LLC",34.9556,-118.844,CA,Kern,CISO,Natural Gas,779.0,0.0,0.0,0.0,779.0,0.0,0.0,0.0,0.0,0.0
55662,Chehalis Generating Facility,46.6225,-122.9131,WA,Lewis,BPAT,Natural Gas,593.3,0.0,0.0,0.0,593.3,0.0,0.0,0.0,0.0,0.0
55687,Higgins Generating Station,35.6139,-115.3561,NV,Clark,NEVP,Natural Gas,688.4,0.0,0.0,0.0,688.4,0.0,0.0,0.0,0.0,0.0
55698,Hanford Energy Park Peaker,36.270072,-119.648055,CA,Kings,CISO,Natural Gas,92.2,0.0,0.0,0.0,92.2,0.0,0.0,0.0,0.0,0.0
55700,Mint Farm Generating Station,46.138824,-122.985506,WA,Cowlitz,PSEI,Natural Gas,319.0,0.0,0.0,0.0,319.0,0.0,0.0,0.0,0.0,0.0
55719,Mountain View I & II,33.9211,-116.5642,CA,Riverside,CISO,Wind,70.9,0.0,0.0,0.0,0.0,0.0,0.0,0.0,0.0,70.9
55733,Bennett Mountain,43.147153,-115.666637,ID,Elmore,IPCO,Natural Gas,172.8,0.0,0.0,0.0,172.8,0.0,0.0,0.0,0.0,0.0
55739,Condon Windpower LLC,45.2766,-120.2794,OR,Gilliam,BPAT,Wind,49.8,0.0,0.0,0.0,0.0,0.0,0.0,0.0,0.0,49.8
55741,Ridge Crest Wind Partners,40.945911,-103.162028,CO,Logan,PSCO,Wind,29.7,0.0,0.0,0.0,0.0,0.0,0.0,0.0,0.0,29.7
55748,Los Esteros Critical Energy Center,37.425,-121.9319,CA,Santa Clara,CISO,Natural Gas,306.1,0.0,0.0,0.0,306.1,0.0,0.0,0.0,0.0,0.0
55749,Hardin Generator Project,45.7578,-107.6,MT,Big Horn,NWMT,Other,115.7,0.0,0.0,0.0,0.0,0.0,0.0,115.7,0.0,0.0
55752,Sonoma Central Landfill Phase I,38.3017,-122.7489,CA,Sonoma,CISO,Other,3.2,0.0,0.0,0.0,0.0,0.0,0.0,3.2,0.0,0.0
55753,Sonoma Central Landfill Phase II,38.3017,-122.7489,CA,Sonoma,CISO,Other,3.2,0.0,0.0,0.0,0.0,0.0,0.0,3.2,0.0,0.0
55766,Kiefer Landfill,38.5136,-121.1944,CA,Sacramento,BANC,Other,9.0,0.0,0.0,0.0,0.0,0.0,0.0,9.0,0.0,0.0
55802,Valencia Energy Facility,34.611549,-106.732234,NM,Valencia,PNM,Natural Gas,159.5,0.0,0.0,0.0,159.5,0.0,0.0,0.0,0.0,0.0
55807,Henrietta Peaker,36.2397,-119.9044,CA,Kings,CISO,Natural Gas,98.0,0.0,0.0,0.0,98.0,0.0,0.0,0.0,0.0,0.0
55810,Gilroy Peaking Energy Center,36.999,-121.5363,CA,Santa Clara,CISO,Natural Gas,144.0,0.0,0.0,0.0,144.0,0.0,0.0,0.0,0.0,0.0
55811,King City Peaking,36.224758,-121.124633,CA,Monterey,CISO,Natural Gas,47.3,0.0,0.0,0.0,47.3,0.0,0.0,0.0,0.0,0.0
55813,Yuba City Energy Center,39.1392,-121.6387,CA,Sutter,CISO,Natural Gas,47.3,0.0,0.0,0.0,47.3,0.0,0.0,0.0,0.0,0.0
55818,Frederickson Power LP,47.086111,-122.365674,WA,Pierce,BPAT,Natural Gas,318.3,0.0,0.0,0.0,318.3,0.0,0.0,0.0,0.0,0.0
55835,Rocky Mountain Energy Center,40.0908,-104.5953,CO,Weld,PSCO,Natural Gas,685.1,0.0,0.0,0.0,685.1,0.0,0.0,0.0,0.0,0.0
55841,Silverhawk,36.4078,-114.9606,NV,Clark,NEVP,Natural Gas,1120.3,0.0,0.0,0.0,1120.3,0.0,0.0,0.0,0.0,0.0
55847,Feather River Energy Center,39.109344,-121.60931,CA,Sutter,CISO,Natural Gas,47.0,0.0,0.0,0.0,47.0,0.0,0.0,0.0,0.0,0.0
55851,Valero Refinery Cogeneration Unit 1,38.0736,-122.1411,CA,Solano,CISO,Natural Gas,49.9,0.0,0.0,0.0,49.9,0.0,0.0,0.0,0.0,0.0
55855,Wolfskill Energy Center,38.228522,-122.07525,CA,Solano,CISO,Natural Gas,48.0,0.0,0.0,0.0,48.0,0.0,0.0,0.0,0.0,0.0
55866,Basin Creek Plant,45.9293,-112.5194,MT,Silver Bow,NWMT,Natural Gas,54.9,0.0,0.0,0.0,54.9,0.0,0.0,0.0,0.0,0.0
55871,Klondike Wind Power,45.5563,-120.5507,OR,Sherman,AVRN,Wind,24.5,0.0,0.0,0.0,0.0,0.0,0.0,0.0,0.0,24.5
55874,Wellhead Power Panoche,36.6535,-120.5783,CA,Fresno,CISO,Natural Gas,56.7,0.0,0.0,0.0,56.7,0.0,0.0,0.0,0.0,0.0
55880,Sonoma Central Landfill Phase III,38.3017,-122.7489,CA,Sonoma,CISO,Other,1.6,0.0,0.0,0.0,0.0,0.0,0.0,1.6,0.0,0.0
55882,Sierra Pacific Aberdeen,46.9728,-123.7739,WA,Grays Harbor,BPAT,Other,18.0,0.0,0.0,0.0,0.0,0.0,0.0,18.0,0.0,0.0
55931,Boulder City Silver Lake Hydro,39.991311,-105.50003,CO,Boulder,PSCO,Hydro,3.3,0.0,0.0,3.3,0.0,0.0,0.0,0.0,0.0,0.0
55933,Tracy Combined Cycle Power Plant,37.7107,-121.4906,CA,San Joaquin,CISO,Natural Gas,336.1,0.0,0.0,0.0,336.1,0.0,0.0,0.0,0.0,0.0
55934,Century Generating Facility,34.0606,-117.3533,CA,San Bernardino,CISO,Natural Gas,44.8,0.0,0.0,0.0,44.8,0.0,0.0,0.0,0.0,0.0
55935,Drews Generating Facility,34.0609,-117.3532,CA,San Bernardino,CISO,Natural Gas,44.8,0.0,0.0,0.0,44.8,0.0,0.0,0.0,0.0,0.0
55950,Elk Hills Cogen,35.479146,-119.737464,CA,Kern,CISO,Natural Gas,46.6,0.0,0.0,0.0,46.6,0.0,0.0,0.0,0.0,0.0
55951,Agua Mansa Power Plant,34.0414,-117.3603,CA,San Bernardino,CISO,Natural Gas,60.5,0.0,0.0,0.0,60.5,0.0,0.0,0.0,0.0,0.0
55963,Riverview Energy Center,38.014423,-121.790679,CA,Contra Costa,CISO,Natural Gas,47.0,0.0,0.0,0.0,47.0,0.0,0.0,0.0,0.0,0.0
55970,Cosumnes,38.338475,-121.123978,CA,Sacramento,BANC,Natural Gas,556.8,0.0,0.0,0.0,556.8,0.0,0.0,0.0,0.0,0.0
55977,Bluffview,36.716628,-108.215282,NM,San Juan,WACM,Natural Gas,67.0,0.0,0.0,0.0,67.0,0.0,0.0,0.0,0.0,0.0
55983,Salton Sea Power LLC - Unit 5,33.1533,-115.6384,CA,Imperial,IID,Geothermal,58.3,0.0,58.3,0.0,0.0,0.0,0.0,0.0,0.0,0.0
55984,CE Turbo LLC,33.1669,-115.5114,CA,Imperial,IID,Geothermal,11.5,0.0,11.5,0.0,0.0,0.0,0.0,0.0,0.0,0.0
55985,Palomar Energy,33.1197,-117.117778,CA,San Diego,CISO,Natural Gas,559.0,0.0,0.0,0.0,559.0,0.0,0.0,0.0,0.0,0.0
55989,FPL Energy Vansycle LLC (OR),46.01279,-118.816246,OR,Umatilla,BPAT,Wind,122.8,0.0,0.0,0.0,0.0,0.0,0.0,0.0,0.0,122.8
55991,Brady,39.796032,-119.010013,NV,Churchill,NEVP,Geothermal,29.5,0.0,21.5,0.0,0.0,0.0,0.0,0.0,8.0,0.0
56011,Cabazon Wind Partners,33.9172,-116.735,CA,Riverside,CISO,Wind,41.0,0.0,0.0,0.0,0.0,0.0,0.0,0.0,0.0,41.0
56012,Whitewater Hill Wind Partners,33.925,-116.617778,CA,Riverside,CISO,Wind,61.5,0.0,0.0,0.0,0.0,0.0,0.0,0.0,0.0,61.5
56016,Grimes Way,46.7289,-117.1514,WA,Whitman,AVA,Natural Gas,4.0,0.0,0.0,0.0,2.2,0.0,1.8,0.0,0.0,0.0
56026,Donald Von Raesfeld Power Plant,37.3767,-121.9508,CA,Santa Clara,CISO,Natural Gas,154.0,0.0,0.0,0.0,154.0,0.0,0.0,0.0,0.0,0.0
56036,WWTP Power Generation Station,37.8258,-122.2961,CA,Alameda,CISO,Other,6.6,0.0,0.0,0.0,0.0,0.0,0.0,6.6,0.0,0.0
56039,H. Gonzales,33.9986,-118.2219,CA,Los Angeles,CISO,Natural Gas,11.8,0.0,0.0,0.0,11.8,0.0,0.0,0.0,0.0,0.0
56041,Malburg,33.9986,-118.2219,CA,Los Angeles,CISO,Natural Gas,130.0,0.0,0.0,0.0,130.0,0.0,0.0,0.0,0.0,0.0
56046,Magnolia Power Project,34.1786,-118.3153,CA,Los Angeles,LDWP,Natural Gas,387.6,0.0,0.0,0.0,387.6,0.0,0.0,0.0,0.0,0.0
56051,THUMS,33.7684,-118.2141,CA,Los Angeles,CISO,Natural Gas,57.4,0.0,0.0,0.0,57.4,0.0,0.0,0.0,0.0,0.0
56075,High Winds LLC,38.1381,-121.8053,CA,Solano,CISO,Wind,162.0,0.0,0.0,0.0,0.0,0.0,0.0,0.0,0.0,162.0
56078,Walnut Energy Center,37.4878,-120.8956,CA,Stanislaus,TIDC,Natural Gas,300.6,0.0,0.0,0.0,300.6,0.0,0.0,0.0,0.0,0.0
56080,SJ/SC WPCP,37.4344,-121.9464,CA,Santa Clara,CISO,Other,14.0,0.0,0.0,0.0,0.0,0.0,0.0,14.0,0.0,0.0
56090,Blacksand Generating Facility,33.9328,-117.855,CA,Orange,CISO,Natural Gas,8.0,0.0,0.0,0.0,8.0,0.0,0.0,0.0,0.0,0.0
56093,TransAlta Wyoming Wind,41.2874,-110.5556,WY,Uinta,PACE,Wind,144.0,0.0,0.0,0.0,0.0,0.0,0.0,0.0,0.0,144.0
56097,New Mexico Wind Energy Center,34.63566,-104.04733,NM,Quay,PNM,Wind,204.0,0.0,0.0,0.0,0.0,0.0,0.0,0.0,0.0,204.0
56102,Currant Creek,39.82144,-111.89345,UT,Juab,PACE,Natural Gas,566.9,0.0,0.0,0.0,566.9,0.0,0.0,0.0,0.0,0.0
56112,Mountain View III,33.9141,-116.5914,CA,Riverside,CISO,Wind,22.4,0.0,0.0,0.0,0.0,0.0,0.0,0.0,0.0,22.4
56125,Springville Hydroelectric,34.2253,-119.0858,CA,Ventura,CISO,Hydro,1.0,0.0,0.0,1.0,0.0,0.0,0.0,0.0,0.0,0.0
56134,Regional Wastewater Control Facility,37.9369,-121.3294,CA,San Joaquin,CISO,Other,4.8,0.0,0.0,0.0,0.0,0.0,1.8,3.0,0.0,0.0
56135,Ripon Generation Station,37.7315,-121.116,CA,San Joaquin,BANC,Natural Gas,121.0,0.0,0.0,0.0,121.0,0.0,0.0,0.0,0.0,0.0
56143,Riverside Energy Resource Center,33.9636,-117.4528,CA,Riverside,CISO,Natural Gas,196.0,0.0,0.0,0.0,196.0,0.0,0.0,0.0,0.0,0.0
56144,Springs Generating Station,33.9308,-117.2933,CA,Riverside,CISO,Natural Gas,40.0,0.0,0.0,0.0,40.0,0.0,0.0,0.0,0.0,0.0
56163,Kennecott Power Plant,40.7119,-112.1225,UT,Salt Lake,PACE,Other,38.2,0.0,0.0,0.0,6.4,0.0,0.0,31.8,0.0,0.0
56173,Colorado Green Holdings LLC,37.7033,-102.6231,CO,Prowers,PSCO,Wind,162.0,0.0,0.0,0.0,0.0,0.0,0.0,0.0,0.0,162.0
56177,Nebo Power Station,40.0614,-111.7294,UT,Utah,PACE,Natural Gas,140.0,0.0,0.0,0.0,140.0,0.0,0.0,0.0,0.0,0.0
56184,Red Bluff,40.1501,-122.2124,CA,Tehama,CISO,Natural Gas,46.4,0.0,0.0,0.0,46.4,0.0,0.0,0.0,0.0,0.0
56185,Chowchilla II,37.1073,-120.2485,CA,Madera,CISO,Natural Gas,49.6,0.0,0.0,0.0,49.6,0.0,0.0,0.0,0.0,0.0
56192,Georgia-Pacific Wauna Mill,46.153955,-123.40658,OR,Clatsop,BPAT,Other,30.0,0.0,0.0,0.0,0.0,0.0,0.0,30.0,0.0,0.0
56193,Medford Operation,42.355517,-122.904642,OR,Jackson,PACW,Other,8.5,0.0,0.0,0.0,0.0,0.0,0.0,8.5,0.0,0.0
56195,Combine Hills I,45.943,-118.591,OR,Umatilla,PACW,Wind,43.0,0.0,0.0,0.0,0.0,0.0,0.0,0.0,0.0,43.0
56224,TS Power Plant,40.7461,-116.5297,NV,Eureka,NEVP,Other,442.0,0.0,0.0,0.0,0.0,0.0,0.0,242.0,200.0,0.0
56227,Port Westward,46.17894,-123.172039,OR,Columbia,PGE,Natural Gas,483.0,0.0,0.0,0.0,483.0,0.0,0.0,0.0,0.0,0.0
56228,Prescott Airport,34.6584,-112.4008,AZ,Yavapai,AZPS,Solar,3.0,0.0,0.0,0.0,0.0,0.0,0.0,0.0,3.0,0.0
56229,Cogeneration 1,32.229922,-110.952797,AZ,Pima,TEPC,Natural Gas,9.0,0.0,0.0,0.0,9.0,0.0,0.0,0.0,0.0,0.0
56232,Miramar Energy Facility,32.8769,-117.166389,CA,San Diego,CISO,Natural Gas,106.0,0.0,0.0,0.0,106.0,0.0,0.0,0.0,0.0,0.0
56237,Lake Side Power Plant,40.331667,-111.754167,UT,Utah,PACE,Natural Gas,1246.5,0.0,0.0,0.0,1246.5,0.0,0.0,0.0,0.0,0.0
56239,Malaga Power LLC,36.68957,-119.73989,CA,Fresno,CISO,Natural Gas,121.0,0.0,0.0,0.0,121.0,0.0,0.0,0.0,0.0,0.0
56253,Millcreek Power Generation,37.112092,-113.516581,UT,Washington,PACE,Natural Gas,80.0,0.0,0.0,0.0,80.0,0.0,0.0,0.0,0.0,0.0
56255,Hopkins Ridge Wind,46.4211,-117.8331,WA,Columbia,BPAT,Wind,156.6,0.0,0.0,0.0,0.0,0.0,0.0,0.0,0.0,156.6
56271,Diablo Winds LLC,37.763653,-121.614392,CA,Alameda,CISO,Wind,18.0,0.0,0.0,0.0,0.0,0.0,0.0,0.0,0.0,18.0
56275,Helzel & Schwarzhoff 86,35.0925,-118.3952,CA,Kern,CISO,Wind,2.4,0.0,0.0,0.0,0.0,0.0,0.0,0.0,0.0,2.4
56276,ZCO,35.0772,-118.3811,CA,Kern,CISO,Wind,1.6,0.0,0.0,0.0,0.0,0.0,0.0,0.0,0.0,1.6
56293,Caprock Wind Farm,34.980556,-103.353889,NM,Quay,SWPP,Wind,100.0,0.0,0.0,0.0,0.0,0.0,0.0,0.0,0.0,100.0
56295,Kumeyaay Wind,32.705556,-116.3425,CA,San Diego,CISO,Wind,50.0,0.0,0.0,0.0,0.0,0.0,0.0,0.0,0.0,50.0
56298,Roseville Energy Park,38.7928,-121.3811,CA,Placer,BANC,Natural Gas,225.0,0.0,0.0,0.0,225.0,0.0,0.0,0.0,0.0,0.0
56301,Wolverine Creek,43.4195,-111.8294,ID,Bonneville,PACE,Wind,64.5,0.0,0.0,0.0,0.0,0.0,0.0,0.0,0.0,64.5
56302,Oasis Wind,35.06094,-118.292406,CA,Kern,CISO,Wind,60.3,0.0,0.0,0.0,0.0,0.0,0.0,0.0,0.0,60.3
56304,San Juan Mesa Wind Project LLC,33.9716,-103.8604,NM,Roosevelt,SWPP,Wind,120.0,0.0,0.0,0.0,0.0,0.0,0.0,0.0,0.0,120.0
56308,Fossil Gulch,42.858056,-114.949444,ID,Gooding,IPCO,Wind,10.5,0.0,0.0,0.0,0.0,0.0,0.0,0.0,0.0,10.5
56312,Shute Creek Facility,41.8805,-110.0904,WY,Lincoln,PACE,Other,144.0,0.0,0.0,0.0,0.0,0.0,0.0,144.0,0.0,0.0
56317,Raft River Geothermal Power Plant,42.099417,-113.38245,ID,Cassia,BPAT,Geothermal,18.0,0.0,18.0,0.0,0.0,0.0,0.0,0.0,0.0,0.0
56319,Wygen 2,44.2919,-105.3811,WY,Campbell,WACM,Other,95.0,0.0,0.0,0.0,0.0,0.0,0.0,95.0,0.0,0.0
56320,Spring Canyon,40.983,-102.9647,CO,Logan,PSCO,Wind,60.0,0.0,0.0,0.0,0.0,0.0,0.0,0.0,0.0,60.0
56321,Richard Burdette Geothermal,39.390843,-119.754593,NV,Washoe,NEVP,Geothermal,26.0,0.0,26.0,0.0,0.0,0.0,0.0,0.0,0.0,0.0
56322,Wild Horse,47.036269,-120.206494,WA,Kittitas,PSEI,Wind,273.1,0.0,0.0,0.0,0.0,0.0,0.0,0.0,0.5,272.6
56336,Aragonne Wind LLC,34.8147,-105.0108,NM,Guadalupe,PNM,Wind,235.0,0.0,0.0,0.0,0.0,0.0,0.0,0.0,0.0,235.0
56346,Bear Valley Power Plant,34.2506,-116.9025,CA,San Bernardino,CISO,Natural Gas,8.4,0.0,0.0,0.0,8.4,0.0,0.0,0.0,0.0,0.0
56356,Clearwater Power Plant,33.8912,-117.6085,CA,Riverside,CISO,Natural Gas,49.0,0.0,0.0,0.0,49.0,0.0,0.0,0.0,0.0,0.0
56358,Western Renewable Energy,34.093006,-109.289979,AZ,Apache,AZPS,Other,3.0,0.0,0.0,0.0,0.0,0.0,0.0,3.0,0.0,0.0
56359,Klondike Windpower II,45.571,-120.593,OR,Sherman,AVRN,Wind,75.0,0.0,0.0,0.0,0.0,0.0,0.0,0.0,0.0,75.0
56360,Leaning Juniper,45.652457,-120.209783,OR,Gilliam,BPAT,Wind,110.4,0.0,0.0,0.0,0.0,0.0,0.0,0.0,0.0,110.4
56361,Big Horn Wind Project,45.8877,-120.2896,WA,Klickitat,AVRN,Wind,199.0,0.0,0.0,0.0,0.0,0.0,0.0,0.0,0.0,199.0
56362,Shiloh I Wind Project,38.12,-121.85,CA,Solano,CISO,Wind,150.0,0.0,0.0,0.0,0.0,0.0,0.0,0.0,0.0,150.0
56371,Cedar Creek Wind,40.8944,-104.0206,CO,Weld,PSCO,Wind,300.5,0.0,0.0,0.0,0.0,0.0,0.0,0.0,0.0,300.5
56377,Judith Gap Wind Energy Center,46.5725,-109.7531,MT,Wheatland,NWMT,Wind,135.0,0.0,0.0,0.0,0.0,0.0,0.0,0.0,0.0,135.0
56405,Nevada Solar One,35.799798,-114.98173,NV,Clark,NEVP,Solar,75.7,0.0,0.0,0.0,0.0,0.0,0.0,0.0,75.7,0.0
56406,Sierra Pacific Burlington Facility,48.4481,-122.4331,WA,Skagit,PSEI,Other,28.0,0.0,0.0,0.0,0.0,0.0,0.0,28.0,0.0,0.0
56428,Ameresco Santa Cruz Energy,36.9178,-121.8156,CA,Santa Cruz,CISO,Other,3.0,0.0,0.0,0.0,0.0,0.0,0.0,3.0,0.0,0.0
56433,Pine Tree Wind Power Project,35.248006,-118.175356,CA,Kern,LDWP,Wind,135.0,0.0,0.0,0.0,0.0,0.0,0.0,0.0,0.0,135.0
56434,Burley Butte Windpark,42.490341,-113.926605,ID,Cassia,IPCO,Wind,21.3,0.0,0.0,0.0,0.0,0.0,0.0,0.0,0.0,21.3
56435,Golden Valley Wind Park LLC,42.436804,-113.925536,ID,Cassia,IPCO,Wind,12.0,0.0,0.0,0.0,0.0,0.0,0.0,0.0,0.0,12.0
56437,Milner Dam Wind Park LLC,42.460629,-114.017297,ID,Cassia,IPCO,Wind,19.5,0.0,0.0,0.0,0.0,0.0,0.0,0.0,0.0,19.5
56439,Oregon Trail Wind Park,42.840556,-114.989722,ID,Twin Falls,IPCO,Wind,13.5,0.0,0.0,0.0,0.0,0.0,0.0,0.0,0.0,13.5
56440,Pilgrim Stage Wind Park,42.7975,-114.998611,ID,Twin Falls,IPCO,Wind,10.5,0.0,0.0,0.0,0.0,0.0,0.0,0.0,0.0,10.5
56441,Salmon Falls Wind Park,42.681944,-114.989167,ID,Twin Falls,IPCO,Wind,21.0,0.0,0.0,0.0,0.0,0.0,0.0,0.0,0.0,21.0
56442,Thousand Springs Wind Park,42.870278,-114.967778,ID,Twin Falls,IPCO,Wind,12.0,0.0,0.0,0.0,0.0,0.0,0.0,0.0,0.0,12.0
56443,Tuana Gulch Wind Park,42.836854,-114.969342,ID,Twin Falls,IPCO,Wind,10.5,0.0,0.0,0.0,0.0,0.0,0.0,0.0,0.0,10.5
56445,Spindle Hill Energy Center,40.092192,-104.887844,CO,Weld,PSCO,Natural Gas,420.0,0.0,0.0,0.0,420.0,0.0,0.0,0.0,0.0,0.0
56446,Buena Vista Energy LLC,37.805,-121.6672,CA,Contra Costa,CISO,Wind,38.0,0.0,0.0,0.0,0.0,0.0,0.0,0.0,0.0,38.0
56458,Hobbs Generating Station,32.728333,-103.309444,NM,Lea,SWPP,Natural Gas,681.5,0.0,0.0,0.0,681.5,0.0,0.0,0.0,0.0,0.0
56460,Twin Buttes Wind Project,37.6735,-102.8622,CO,Bent,PSCO,Wind,75.0,0.0,0.0,0.0,0.0,0.0,0.0,0.0,0.0,75.0
56461,Dry Creek LFG to Energy Project,42.3844,-122.7718,OR,Jackson,PACW,Other,3.2,0.0,0.0,0.0,0.0,0.0,0.0,3.2,0.0,0.0
56466,Marengo Wind Plant,46.3747,-117.7772,WA,Columbia,PACW,Wind,234.0,0.0,0.0,0.0,0.0,0.0,0.0,0.0,0.0,234.0
56467,Russell City Energy Center,37.63466,-122.13381,CA,Alameda,CISO,Natural Gas,655.0,0.0,0.0,0.0,655.0,0.0,0.0,0.0,0.0,0.0
56468,Klondike Windpower III,45.5836,-120.5042,OR,Sherman,AVRN,Wind,297.5,0.0,0.0,0.0,0.0,0.0,0.0,0.0,0.0,297.5
56469,Roseburg Forest Products Biomass,41.435556,-122.376944,CA,Siskiyou,PACW,Other,13.4,0.0,0.0,0.0,0.0,0.0,0.0,13.4,0.0,0.0
56471,McGrath Peaker,34.205556,-119.246944,CA,Ventura,CISO,Natural Gas,49.8,0.0,0.0,0.0,49.8,0.0,0.0,0.0,0.0,0.0
56472,Grapeland Hybrid,34.0903,-117.5343,CA,San Bernardino,CISO,Natural Gas,59.8,10.0,0.0,0.0,49.8,0.0,0.0,0.0,0.0,0.0
56473,Mira Loma Peaker,34.0053,-117.5604,CA,San Bernardino,CISO,Natural Gas,49.8,0.0,0.0,0.0,49.8,0.0,0.0,0.0,0.0,0.0
56474,Barre Peaker,33.8073,-117.9832,CA,Orange,CISO,Natural Gas,49.8,0.0,0.0,0.0,49.8,0.0,0.0,0.0,0.0,0.0
56475,Center Hybrid,33.9296,-118.1046,CA,Los Angeles,CISO,Natural Gas,59.8,10.0,0.0,0.0,49.8,0.0,0.0,0.0,0.0,0.0
56476,Gateway Generating Station,38.0175,-121.7587,CA,Contra Costa,CISO,Natural Gas,619.7,0.0,0.0,0.0,619.7,0.0,0.0,0.0,0.0,0.0
56481,SunE Alamosa,37.690304,-105.880501,CO,Alamosa,PSCO,Solar,8.2,0.0,0.0,0.0,0.0,0.0,0.0,0.0,8.2,0.0
56482,Black Mountain Generating Station,35.0361,-114.1594,AZ,Mohave,TEPC,Natural Gas,121.0,0.0,0.0,0.0,121.0,0.0,0.0,0.0,0.0,0.0
56485,Biglow Canyon Wind Farm,45.653745,-120.603414,OR,Sherman,PGE,Wind,449.7,0.0,0.0,0.0,0.0,0.0,0.0,0.0,0.0,449.7
56487,White Creek Wind Farm,45.815467,-120.341883,WA,Klickitat,BPAT,Wind,204.0,0.0,0.0,0.0,0.0,0.0,0.0,0.0,0.0,204.0
56496,Phillips 66 Billings Refinery,45.7769,-108.4911,MT,Yellowstone,NWMT,Other,1.6,0.0,0.0,0.0,0.0,0.0,0.0,1.6,0.0,0.0
56498,Mora Drop Hydroelectric Project,43.460012,-116.47254,ID,Ada,IPCO,Hydro,1.7,0.0,0.0,1.7,0.0,0.0,0.0,0.0,0.0,0.0
56499,Tiber Dam Hydroelectric Plant,48.318,-111.1018,MT,Liberty,WAUW,Hydro,7.5,0.0,0.0,7.5,0.0,0.0,0.0,0.0,0.0,0.0
56500,Western 102 Power Plant,39.5603,-119.5108,NV,Storey,NEVP,Natural Gas,118.6,0.0,0.0,0.0,117.6,0.0,0.0,0.0,1.0,0.0
56509,Tesoro SLC Cogeneration Plant,40.7931,-111.9038,UT,Salt Lake,PACE,Natural Gas,30.4,0.0,0.0,0.0,30.4,0.0,0.0,0.0,0.0,0.0
56516,Plains End II LLC,39.8586,-105.2256,CO,Jefferson,PSCO,Natural Gas,117.6,0.0,0.0,0.0,117.6,0.0,0.0,0.0,0.0,0.0
56530,DADS Gas Recovery,39.6522,-104.7161,CO,Arapahoe,PSCO,Other,3.2,0.0,0.0,0.0,0.0,0.0,0.0,3.2,0.0,0.0
56532,Colusa Generating Station,39.3661,-122.27,CA,Colusa,CISO,Natural Gas,712.4,0.0,0.0,0.0,712.4,0.0,0.0,0.0,0.0,0.0
56540,Galena 2 Geothermal Power Plant,39.373189,-119.764507,NV,Washoe,NEVP,Geothermal,16.5,0.0,13.5,0.0,0.0,0.0,0.0,0.0,3.0,0.0
56541,Galena 3 Geothermal Power Plant,39.388722,-119.748908,NV,Washoe,NEVP,Geothermal,31.6,0.0,31.6,0.0,0.0,0.0,0.0,0.0,0.0,0.0
56554,Salt Lake Energy Systems,40.7461,-112.0339,UT,Salt Lake,PACE,Other,3.2,0.0,0.0,0.0,0.0,0.0,0.0,3.2,0.0,0.0
56563,Peetz Table Wind Energy,40.986,-103.436,CO,Logan,PSCO,Wind,199.5,0.0,0.0,0.0,0.0,0.0,0.0,0.0,0.0,199.5
56568,Nellis Air Force Base Solar Array,36.260278,-115.0544,NV,Clark,NEVP,Solar,13.2,0.0,0.0,0.0,0.0,0.0,0.0,0.0,13.2,0.0
56569,Niland Gas Turbine Plant,33.238842,-115.504456,CA,Imperial,IID,Natural Gas,121.0,0.0,0.0,0.0,121.0,0.0,0.0,0.0,0.0,0.0
56570,Terra-Gen VG Wind LLC,35.1161,-118.3789,CA,Kern,CISO,Wind,7.4,0.0,0.0,0.0,0.0,0.0,0.0,0.0,0.0,7.4
56591,Horseshoe Bend Wind Park,47.4983,-111.4392,MT,Cascade,NWMT,Wind,9.0,0.0,0.0,0.0,0.0,0.0,0.0,0.0,0.0,9.0
56596,Wygen III,44.2919,-105.3806,WY,Campbell,WACM,Other,116.0,0.0,0.0,0.0,0.0,0.0,0.0,116.0,0.0,0.0
56606,Culbertson Generation Station,48.21,-104.391667,MT,Roosevelt,SWPP,Natural Gas,108.2,0.0,0.0,0.0,108.2,0.0,0.0,0.0,0.0,0.0
56609,Dry Fork Station,44.388889,-105.460833,WY,Campbell,WACM,Other,483.7,0.0,0.0,0.0,0.0,0.0,0.0,483.7,0.0,0.0
56613,Logan Wind Energy,40.941,-103.259,CO,Logan,PSCO,Wind,201.0,0.0,0.0,0.0,0.0,0.0,0.0,0.0,0.0,201.0
56616,Novo BioPower Plant,34.503158,-110.334953,AZ,Navajo,AZPS,Other,27.2,0.0,0.0,0.0,0.0,0.0,0.0,27.2,0.0,0.0
56623,Elkhorn Valley Wind Farm,45.085221,-117.816273,OR,Union,IPCO,Wind,100.7,0.0,0.0,0.0,0.0,0.0,0.0,0.0,0.0,100.7
56636,Mountain Home,43.0272,-115.4656,ID,Elmore,IPCO,Wind,21.0,0.0,0.0,0.0,0.0,0.0,0.0,0.0,0.0,21.0
56637,Bennett Creek Windfarm LLC - Mountain Home,43.0536,-115.4803,ID,Elmore,IPCO,Wind,21.0,0.0,0.0,0.0,0.0,0.0,0.0,0.0,0.0,21.0
56639,Midway Peaking LLC,36.654114,-120.579727,CA,Fresno,CISO,Natural Gas,139.8,0.0,0.0,0.0,139.8,0.0,0.0,0.0,0.0,0.0
56654,Hatchet Ridge Wind Project,40.8981,-121.8036,CA,Shasta,CISO,Wind,101.2,0.0,0.0,0.0,0.0,0.0,0.0,0.0,0.0,101.2
56666,Goodnoe Hills,45.781825,-120.521151,WA,Klickitat,BPAT,Wind,103.4,0.0,0.0,0.0,0.0,0.0,0.0,0.0,0.0,103.4
56694,Russell D Smith,46.7392,-119.1122,WA,Adams,BPAT,Hydro,6.1,0.0,0.0,6.1,0.0,0.0,0.0,0.0,0.0,0.0
56695,Summer Falls Power Plant,47.5025,-119.2917,WA,Grant,AVA,Hydro,92.0,0.0,0.0,92.0,0.0,0.0,0.0,0.0,0.0,0.0
56696,Eltopia Branch Canal 4.6,46.378381,-119.254522,WA,Franklin,BPAT,Hydro,2.2,0.0,0.0,2.2,0.0,0.0,0.0,0.0,0.0,0.0
56697,Potholes East Canal 66.0,46.378469,-119.254443,WA,Franklin,BPAT,Hydro,2.3,0.0,0.0,2.3,0.0,0.0,0.0,0.0,0.0,0.0
56698,Main Canal Headworks,47.6164,-119.2992,WA,Grant,AVA,Hydro,26.8,0.0,0.0,26.8,0.0,0.0,0.0,0.0,0.0,0.0
56702,Tuolumne Wind Project,45.8797,-120.8072,WA,Klickitat,BPAT,Wind,136.3,0.0,0.0,0.0,0.0,0.0,0.0,0.0,0.0,136.3
56706,Ampersand Chowchilla Biomass LLC,37.106668,-120.248504,CA,Madera,CISO,Other,12.5,0.0,0.0,0.0,0.0,0.0,0.0,12.5,0.0,0.0
56707,El Nido Facility,37.1867,-120.4903,CA,Merced,CISO,Other,12.5,0.0,0.0,0.0,0.0,0.0,0.0,12.5,0.0,0.0
56751,Spanish Fork Wind Park 2 LLC,40.071389,-111.582222,UT,Utah,PACE,Wind,18.9,0.0,0.0,0.0,0.0,0.0,0.0,0.0,0.0,18.9
56752,Mountain Wind Power LLC,41.288056,-110.480741,WY,Uinta,PACE,Wind,61.0,0.0,0.0,0.0,0.0,0.0,0.0,0.0,0.0,61.0
56753,Mountain Wind Power II LLC,41.263889,-110.544444,WY,Uinta,PACE,Wind,80.0,0.0,0.0,0.0,0.0,0.0,0.0,0.0,0.0,80.0
56768,CalRenew-1,36.7575,-120.3658,CA,Fresno,CISO,Solar,5.0,0.0,0.0,0.0,0.0,0.0,0.0,0.0,5.0,0.0
56781,Evergreen BioPower LLC,44.770792,-122.611974,OR,Linn,PACW,Other,21.0,0.0,0.0,0.0,0.0,0.0,0.0,21.0,0.0,0.0
56782,Diamond Willow Wind Facility,46.2753,-104.1836,MT,Fallon,MISO,Wind,30.0,0.0,0.0,0.0,0.0,0.0,0.0,0.0,0.0,30.0
56789,Pebble Springs Wind LLC,45.7119,-120.125,OR,Gilliam,AVRN,Wind,98.7,0.0,0.0,0.0,0.0,0.0,0.0,0.0,0.0,98.7
56790,Hay Canyon Wind Power LLC,45.52,-120.5744,OR,Sherman,AVRN,Wind,100.8,0.0,0.0,0.0,0.0,0.0,0.0,0.0,0.0,100.8
56791,Dillon Wind LLC,33.9393,-116.5527,CA,Riverside,CISO,Wind,45.0,0.0,0.0,0.0,0.0,0.0,0.0,0.0,0.0,45.0
56803,Panoche Energy Center,36.6514,-120.5833,CA,Fresno,CISO,Natural Gas,432.0,0.0,0.0,0.0,432.0,0.0,0.0,0.0,0.0,0.0
56812,Solana Generating Station,32.922294,-112.95594,AZ,Maricopa,AZPS,Solar,280.0,0.0,0.0,0.0,0.0,0.0,0.0,0.0,280.0,0.0
56813,CSU Fresno Solar Project,36.809841,-119.741665,CA,Fresno,CISO,Solar,1.0,0.0,0.0,0.0,0.0,0.0,0.0,0.0,1.0,0.0
56814,ELACC Photovoltaic Power Facility,34.040278,-118.148056,CA,Los Angeles,CISO,Solar,1.0,0.0,0.0,0.0,0.0,0.0,0.0,0.0,1.0,0.0
56815,Denver Int Airport,39.836789,-104.697149,CO,Denver,PSCO,Solar,1.9,0.0,0.0,0.0,0.0,0.0,0.0,0.0,1.9,0.0
56832,North Brawley Geothermal Plant,33.0139,-115.5439,CA,Imperial,IID,Geothermal,80.0,0.0,80.0,0.0,0.0,0.0,0.0,0.0,0.0,0.0
56833,OREG 1 Inc,48.2139,-104.3975,MT,Roosevelt,SWPP,Other,30.0,0.0,0.0,0.0,0.0,0.0,0.0,30.0,0.0,0.0
56841,Glenrock,43.0181,-105.835278,WY,Converse,PACE,Wind,165.6,0.0,0.0,0.0,0.0,0.0,0.0,0.0,0.0,165.6
56842,Rolling Hills,43.0572,-105.8543,WY,Converse,PACE,Wind,115.8,0.0,0.0,0.0,0.0,0.0,0.0,0.0,0.0,115.8
56843,Seven Mile Hill,41.9203,-106.3758,WY,Carbon,PACE,Wind,146.2,0.0,0.0,0.0,0.0,0.0,0.0,0.0,0.0,146.2
56853,Trans-Jordan Generating Station,40.55,-112.0631,UT,Salt Lake,PACE,Other,4.8,0.0,0.0,0.0,0.0,0.0,0.0,4.8,0.0,0.0
56854,Wheat Field Wind Power Project,45.675804,-120.31832,OR,Gilliam,BPAT,Wind,102.9,0.0,0.0,0.0,0.0,0.0,0.0,0.0,0.0,102.9
56855,Arlington Wind Power Project,45.7167,-120.2008,OR,Gilliam,BPAT,Wind,102.9,0.0,0.0,0.0,0.0,0.0,0.0,0.0,0.0,102.9
56858,Sagebrush Power Partners,47.1356,-120.6872,WA,Kittitas,BPAT,Wind,100.7,0.0,0.0,0.0,0.0,0.0,0.0,0.0,0.0,100.7
56862,Bolthouse S&P and Rowen Farms Solar,34.5644,-117.6933,CA,Los Angeles,CISO,Solar,1.2,0.0,0.0,0.0,0.0,0.0,0.0,0.0,1.2,0.0
56874,Shiloh Wind Project 2 LLC,38.1711,-121.8461,CA,Solano,CISO,Wind,150.0,0.0,0.0,0.0,0.0,0.0,0.0,0.0,0.0,150.0
56875,Sacramento Soleil LLC,38.44979,-121.16469,CA,Sacramento,BANC,Solar,1.0,0.0,0.0,0.0,0.0,0.0,0.0,0.0,1.0,0.0
56880,OREG 2 Inc,48.2142,-104.3975,MT,Roosevelt,SWPP,Other,30.0,0.0,0.0,0.0,0.0,0.0,0.0,30.0,0.0,0.0
56893,Chester Diversion Hydroelectric Project,44.018333,-111.583611,ID,Fremont,BPAT,Hydro,3.6,0.0,0.0,3.6,0.0,0.0,0.0,0.0,0.0,0.0
56895,Ameresco Ox Mountain,37.5,-122.4,CA,San Mateo,CISO,Other,11.4,0.0,0.0,0.0,0.0,0.0,0.0,11.4,0.0,0.0
56897,Ameresco Keller Canyon,38.003928,-121.934491,CA,Contra Costa,CISO,Other,3.8,0.0,0.0,0.0,0.0,0.0,0.0,3.8,0.0,0.0
56898,Ameresco Chiquita Canyon,34.431664,-118.642855,CA,Los Angeles,CISO,Other,9.2,0.0,0.0,0.0,0.0,0.0,0.0,9.2,0.0,0.0
56908,Dave Gates Generating Station,46.104713,-112.876605,MT,Deer Lodge,NWMT,Natural Gas,203.1,0.0,0.0,0.0,203.1,0.0,0.0,0.0,0.0,0.0
56909,Gap Pacific Distribution Center,36.781606,-119.706911,CA,Fresno,CISO,Solar,2.4,0.0,0.0,0.0,0.0,0.0,0.0,0.0,2.4,0.0
56914,Orange Grove Peaking Facility,33.3594,-117.1114,CA,San Diego,CISO,Natural Gas,118.0,0.0,0.0,0.0,118.0,0.0,0.0,0.0,0.0,0.0
56917,"Imperial Valley Solar, LLC",32.671099,-115.587265,CA,Imperial,CISO,Solar,199.9,0.0,0.0,0.0,0.0,0.0,0.0,0.0,199.9,0.0
56922,WWRF Solar Plant,39.522904,-107.81341,CO,Garfield,PSCO,Solar,1.5,0.0,0.0,0.0,0.0,0.0,0.0,0.0,1.5,0.0
56932,Biotech LS 0836,46.7331,-117.1583,WA,Whitman,AVA,Oil,1.0,0.0,0.0,0.0,0.0,0.0,1.0,0.0,0.0,0.0
56933,Threemile Canyon,45.6758,-119.9375,OR,Morrow,PACW,Wind,9.9,0.0,0.0,0.0,0.0,0.0,0.0,0.0,0.0,9.9
56934,Cassia Wind,42.8444,-115.0369,ID,Twin Falls,IPCO,Wind,8.4,0.0,0.0,0.0,0.0,0.0,0.0,0.0,0.0,8.4
56935,Cassia Gulch,42.8744,-115.0172,ID,Twin Falls,IPCO,Wind,18.9,0.0,0.0,0.0,0.0,0.0,0.0,0.0,0.0,18.9
56939,Solar Blythe LLC,33.5917,-114.7444,CA,Riverside,CISO,Solar,21.0,0.0,0.0,0.0,0.0,0.0,0.0,0.0,21.0,0.0
56944,CM10,35.7881,-114.9933,NV,Clark,CISO,Solar,10.0,0.0,0.0,0.0,0.0,0.0,0.0,0.0,10.0,0.0
56945,High Lonesome Mesa LLC,34.466667,-105.9625,NM,Torrance,PNM,Wind,100.0,0.0,0.0,0.0,0.0,0.0,0.0,0.0,0.0,100.0
56948,Coolidge Generation Station,32.917399,-111.503327,AZ,Pinal,SRP,Natural Gas,726.0,0.0,0.0,0.0,726.0,0.0,0.0,0.0,0.0,0.0
56952,Willow Creek Energy Center,45.6533,-119.9914,OR,Morrow,BPAT,Wind,72.0,0.0,0.0,0.0,0.0,0.0,0.0,0.0,0.0,72.0
56960,Happy Jack Windpower Project,41.139722,-104.997778,WY,Laramie,WAUW,Wind,29.4,0.0,0.0,0.0,0.0,0.0,0.0,0.0,0.0,29.4
56967,Butter Creek Power LLC,45.7017,-119.4222,OR,Umatilla,PACW,Wind,5.0,0.0,0.0,0.0,0.0,0.0,0.0,0.0,0.0,5.0
56968,Big Top LLC,45.655,-119.4647,OR,Morrow,PACW,Wind,1.7,0.0,0.0,0.0,0.0,0.0,0.0,0.0,0.0,1.7
56969,Four Corners Windfarm LLC,45.7286,-119.4181,OR,Umatilla,PACW,Wind,8.0,0.0,0.0,0.0,0.0,0.0,0.0,0.0,0.0,8.0
56970,Four Mile Canyon Windfarm LLC,45.6447,-119.4533,OR,Morrow,PACW,Wind,10.0,0.0,0.0,0.0,0.0,0.0,0.0,0.0,0.0,10.0
56971,Oregon Trail Windfarm LLC,45.7122,-119.4044,OR,Umatilla,PACW,Wind,9.9,0.0,0.0,0.0,0.0,0.0,0.0,0.0,0.0,9.9
56972,Pacific Canyon Windfarm LLC,45.6542,-119.4869,OR,Morrow,PACW,Wind,8.3,0.0,0.0,0.0,0.0,0.0,0.0,0.0,0.0,8.3
56973,Sand Ranch Windfarm LLC,45.6447,-119.4767,OR,Morrow,PACW,Wind,9.9,0.0,0.0,0.0,0.0,0.0,0.0,0.0,0.0,9.9
56974,Wagon Trail LLC,45.6531,-119.4625,OR,Morrow,PACW,Wind,3.3,0.0,0.0,0.0,0.0,0.0,0.0,0.0,0.0,3.3
56975,Ward Butte Windfarm LLC,45.6967,-119.4097,OR,Umatilla,PACW,Wind,6.6,0.0,0.0,0.0,0.0,0.0,0.0,0.0,0.0,6.6
56982,NGP Blue Mountain I LLC,40.9961,-118.1414,NV,Humboldt,NEVP,Geothermal,63.9,0.0,63.9,0.0,0.0,0.0,0.0,0.0,0.0,0.0
56997,Arrowrock Hydroelectric Project,43.595,-115.9233,ID,Elmore,IPCO,Hydro,15.0,0.0,0.0,15.0,0.0,0.0,0.0,0.0,0.0,0.0
56998,Pueblo Airport Generating Station,38.320833,-104.52639,CO,Pueblo,PSCO,Natural Gas,440.0,0.0,0.0,0.0,440.0,0.0,0.0,0.0,0.0,0.0
57001,El Cajon Energy Center,32.796106,-116.972073,CA,San Diego,CISO,Natural Gas,60.5,0.0,0.0,0.0,60.5,0.0,0.0,0.0,0.0,0.0
57004,SunEdison Walgreens Moreno Valley,33.8672,-117.23,CA,Riverside,CISO,Solar,1.0,0.0,0.0,0.0,0.0,0.0,0.0,0.0,1.0,0.0
57005,Mariani Packing Vacaville Solar,38.40008,-121.96366,CA,Solano,CISO,Solar,1.0,0.0,0.0,0.0,0.0,0.0,0.0,0.0,1.0,0.0
57006,Walgreens Woodland Distribution Center,38.674894,-121.713362,CA,Yolo,CISO,Solar,1.0,0.0,0.0,0.0,0.0,0.0,0.0,0.0,1.0,0.0
57007,SunEdison Ironwood State Prison,33.567268,-114.917979,CA,Riverside,CISO,Solar,1.0,0.0,0.0,0.0,0.0,0.0,0.0,0.0,1.0,0.0
57008,SunEdison Procter & Gamble Oxnard,34.2089,-119.13,CA,Ventura,CISO,Solar,1.0,0.0,0.0,0.0,0.0,0.0,0.0,0.0,1.0,0.0
57009,Kohls San Bernardino Solar Facility,34.094695,-117.266831,CA,San Bernardino,CISO,Solar,1.0,0.0,0.0,0.0,0.0,0.0,0.0,0.0,1.0,0.0
57010,SunEdison Anheuser Busch Fairfield,38.232108,-122.092706,CA,Solano,CISO,Solar,1.0,0.0,0.0,0.0,0.0,0.0,0.0,0.0,1.0,0.0
57011,Chuckawalla Valley State Prison,33.565329,-114.903629,CA,Riverside,CISO,Solar,1.0,0.0,0.0,0.0,0.0,0.0,0.0,0.0,1.0,0.0
57012,SunEdison Walmart Apple Valley DC,34.5975,-117.2,CA,San Bernardino,CISO,Solar,1.0,0.0,0.0,0.0,0.0,0.0,0.0,0.0,1.0,0.0
57015,Waste Management Columbia Ridge LFGTE,45.5739,-120.2969,OR,Gilliam,BPAT,Other,12.8,0.0,0.0,0.0,0.0,0.0,0.0,12.8,0.0,0.0
57019,Riverbend Landfill,45.1672,-123.2511,OR,Yamhill,BPAT,Other,4.8,0.0,0.0,0.0,0.0,0.0,0.0,4.8,0.0,0.0
57027,Canyon Power Plant,33.858056,-117.861667,CA,Orange,CISO,Natural Gas,200.0,0.0,0.0,0.0,200.0,0.0,0.0,0.0,0.0,0.0
57028,Langley Gulch Power Plant,43.904444,-116.819722,ID,Payette,IPCO,Natural Gas,318.5,0.0,0.0,0.0,318.5,0.0,0.0,0.0,0.0,0.0
57039,McFadden Ridge,41.7244,-105.9906,WY,Albany,PACE,Wind,35.2,0.0,0.0,0.0,0.0,0.0,0.0,0.0,0.0,35.2
57040,High Plains,41.675052,-106.011124,WY,Albany,PACE,Wind,122.1,0.0,0.0,0.0,0.0,0.0,0.0,0.0,0.0,122.1
57041,Vaca Dixon Solar Station,38.4106,-121.9264,CA,Solano,CISO,Solar,2.0,0.0,0.0,0.0,0.0,0.0,0.0,0.0,2.0,0.0
57049,NaturEner Glacier Wind Energy 1,48.51,-112.1097,MT,Toole,GWA,Wind,106.5,0.0,0.0,0.0,0.0,0.0,0.0,0.0,0.0,106.5
57050,NaturEner Glacier Wind Energy 2,48.5333,-112.1847,MT,Toole,GWA,Wind,103.5,0.0,0.0,0.0,0.0,0.0,0.0,0.0,0.0,103.5
57073,Ivanpah 2,35.556111,-115.468611,CA,San Bernardino,CISO,Solar,133.4,0.0,0.0,0.0,0.0,0.0,0.0,0.0,133.4,0.0
57074,Ivanpah 1,35.533056,-115.4525,CA,San Bernardino,CISO,Solar,126.0,0.0,0.0,0.0,0.0,0.0,0.0,0.0,126.0,0.0
57075,Ivanpah 3,35.580833,-115.4825,CA,San Bernardino,CISO,Solar,133.4,0.0,0.0,0.0,0.0,0.0,0.0,0.0,133.4,0.0
57079,Milford Wind Corridor I LLC,38.53569,-112.935,UT,Beaver,LDWP,Wind,203.5,0.0,0.0,0.0,0.0,0.0,0.0,0.0,0.0,203.5
57090,Campbell Hill Windpower,43.01455,-105.999,WY,Converse,PACE,Wind,99.0,0.0,0.0,0.0,0.0,0.0,0.0,0.0,0.0,99.0
57091,Silver Sage Windpower,41.12968,-105.024,WY,Laramie,WAUW,Wind,42.0,0.0,0.0,0.0,0.0,0.0,0.0,0.0,0.0,42.0
57093,Casper Wind Farm,42.884703,-106.221442,WY,Natrona,PACE,Wind,17.0,0.0,0.0,0.0,0.0,0.0,0.0,0.0,0.0,17.0
57096,Star Point Wind Project LLC,45.51,-120.48,OR,Sherman,AVRN,Wind,98.7,0.0,0.0,0.0,0.0,0.0,0.0,0.0,0.0,98.7
57098,Dry Lake Wind LLC,34.6596,-110.2842,AZ,Navajo,SRP,Wind,63.0,0.0,0.0,0.0,0.0,0.0,0.0,0.0,0.0,63.0
57100,Santa Maria LFG Power Plant,34.9537,-120.4142,CA,Santa Barbara,CISO,Other,1.1,0.0,0.0,0.0,0.0,0.0,0.0,1.1,0.0,0.0
57101,J&A-Santa Maria II LLC,34.9494,-120.3803,CA,Santa Barbara,CISO,Other,1.4,0.0,0.0,0.0,0.0,0.0,0.0,1.4,0.0,0.0
57102,Whittier LFG Power Plant #1,33.9716,-118.0481,CA,Los Angeles,CISO,Other,2.2,0.0,0.0,0.0,0.0,0.0,0.0,2.2,0.0,0.0
57106,Mesalands Comm College Wind Turbine,35.17,-103.74,NM,Quay,SWPP,Wind,1.5,0.0,0.0,0.0,0.0,0.0,0.0,0.0,0.0,1.5
57107,Milford Wind Corridor Stage II LLC,38.58523,-112.931,UT,Beaver,LDWP,Wind,102.0,0.0,0.0,0.0,0.0,0.0,0.0,0.0,0.0,102.0
57122,UCI Facilities Management Central Plant,33.6481,-117.8467,CA,Orange,CISO,Natural Gas,19.0,0.0,0.0,0.0,19.0,0.0,0.0,0.0,0.0,0.0
57124,Payne's Ferry,42.825278,-115.010833,ID,Twin Falls,IPCO,Wind,21.0,0.0,0.0,0.0,0.0,0.0,0.0,0.0,0.0,21.0
57125,Camp Reed,42.811944,-115.048889,ID,Elmore,IPCO,Wind,22.5,0.0,0.0,0.0,0.0,0.0,0.0,0.0,0.0,22.5
57126,Yahoo Creek,42.770833,-114.988611,ID,Twin Falls,IPCO,Wind,21.0,0.0,0.0,0.0,0.0,0.0,0.0,0.0,0.0,21.0
57133,G2 Energy Ostrom Road LLC,39.0728,-121.3992,CA,Yuba,CISO,Other,3.5,0.0,0.0,0.0,0.0,0.0,0.0,3.5,0.0,0.0
57136,Tuana Springs,42.8925,-115.0164,ID,Twin Falls,IPCO,Wind,16.8,0.0,0.0,0.0,0.0,0.0,0.0,0.0,0.0,16.8
57137,Eurus Combine Hills Turbine Ranch 2,45.943,-118.591,OR,Umatilla,BPAT,Wind,66.1,0.0,0.0,0.0,0.0,0.0,0.0,0.0,0.0,66.1
57141,RV CSU Power LLC,40.591099,-105.145904,CO,Larimer,PSCO,Solar,1.9,0.0,0.0,0.0,0.0,0.0,0.0,0.0,1.9,0.0
57152,Harvest Wind Project,45.8131,-120.3475,WA,Klickitat,BPAT,Wind,98.9,0.0,0.0,0.0,0.0,0.0,0.0,0.0,0.0,98.9
57159,Windy Flats Wind Project,45.7269,-120.8339,WA,Klickitat,BPAT,Wind,262.2,0.0,0.0,0.0,0.0,0.0,0.0,0.0,0.0,262.2
57163,Calabasas Gas to Energy Facility,34.1511,-118.7236,CA,Los Angeles,CISO,Other,9.2,0.0,0.0,0.0,0.0,0.0,0.0,9.2,0.0,0.0
57166,Waste Management Lockwood LFGTE,39.493315,-119.620304,NV,Washoe,NEVP,Other,3.2,0.0,0.0,0.0,0.0,0.0,0.0,3.2,0.0,0.0
57174,Colorado Highlands Wind,40.756944,-102.743055,CO,Logan,WACM,Wind,96.1,0.0,0.0,0.0,0.0,0.0,0.0,0.0,0.0,96.1
57188,Vantage Wind Energy LLC,46.9547,-120.1819,WA,Kittitas,PSEI,Wind,90.0,0.0,0.0,0.0,0.0,0.0,0.0,0.0,0.0,90.0
57192,Spring Valley Wind Project,39.104167,-114.492222,NV,White Pine,NEVP,Wind,150.0,0.0,0.0,0.0,0.0,0.0,0.0,0.0,0.0,150.0
57195,Lower Snake River Wind Energy Project,46.524167,-117.821666,WA,Garfield,BPAT,Wind,342.7,0.0,0.0,0.0,0.0,0.0,0.0,0.0,0.0,342.7
57201,FPL Energy Montezuma Winds LLC,38.163581,-121.79661,CA,Solano,CISO,Wind,36.8,0.0,0.0,0.0,0.0,0.0,0.0,0.0,0.0,36.8
57205,CM48,35.7814,-114.9933,NV,Clark,CISO,Solar,48.0,0.0,0.0,0.0,0.0,0.0,0.0,0.0,48.0,0.0
57210,Cedar Creek II,40.9475,-103.783889,CO,Weld,PSCO,Wind,248.3,0.0,0.0,0.0,0.0,0.0,0.0,0.0,0.0,248.3
57211,Goshen Phase II,43.467057,-111.836381,ID,Bonneville,PACE,Wind,124.5,0.0,0.0,0.0,0.0,0.0,0.0,0.0,0.0,124.5
57213,Salt Wells,39.2944,-118.5725,NV,CHURCHILL,NEVP,Geothermal,23.6,0.0,23.6,0.0,0.0,0.0,0.0,0.0,0.0,0.0
57243,Cimarron Solar Facility,36.468078,-104.635659,NM,Colfax,WACM,Solar,30.6,0.0,0.0,0.0,0.0,0.0,0.0,0.0,30.6,0.0
57244,Kit Carson Windpower,39.3383,-102.3533,CO,Kit Carson,WACM,Wind,51.0,0.0,0.0,0.0,0.0,0.0,0.0,0.0,0.0,51.0
57254,Victor Valley CC CPV Solar,34.48017,-117.257938,CA,San Bernardino,CISO,Solar,1.0,0.0,0.0,0.0,0.0,0.0,0.0,0.0,1.0,0.0
57267,Marsh Landing Generating Station,38.016944,-121.765,CA,Contra Costa,CISO,Natural Gas,828.0,0.0,0.0,0.0,828.0,0.0,0.0,0.0,0.0,0.0
57275,Crescent Dunes Solar Energy,38.238889,-117.36361,NV,Nye,NEVP,Solar,125.0,0.0,0.0,0.0,0.0,0.0,0.0,0.0,125.0,0.0
57282,Alta Wind Energy Center I,35.033725,-118.353422,CA,Kern,CISO,Wind,150.0,0.0,0.0,0.0,0.0,0.0,0.0,0.0,0.0,150.0
57290,Northern Colorado Wind LLC,40.9881,-102.8969,CO,Logan,PSCO,Wind,174.3,0.0,0.0,0.0,0.0,0.0,0.0,0.0,0.0,174.3
57291,Alta Wind Energy Center II,35.023889,-118.295278,CA,Kern,CISO,Wind,150.0,0.0,0.0,0.0,0.0,0.0,0.0,0.0,0.0,150.0
57292,Alta Wind Energy Center III,35.023889,-118.295278,CA,Kern,CISO,Wind,150.0,0.0,0.0,0.0,0.0,0.0,0.0,0.0,0.0,150.0
57293,Alta Wind Energy Center IV,35.008611,-118.242222,CA,Kern,CISO,Wind,102.0,0.0,0.0,0.0,0.0,0.0,0.0,0.0,0.0,102.0
57294,Alta Wind Energy Center V,35.008611,-118.242222,CA,Kern,CISO,Wind,168.0,0.0,0.0,0.0,0.0,0.0,0.0,0.0,0.0,168.0
57295,Alpine Solar,34.7892,-118.5047,CA,Los Angeles,CISO,Solar,66.0,0.0,0.0,0.0,0.0,0.0,0.0,0.0,66.0,0.0
57298,Cedar Hills,47.455833,-122.042778,WA,King,PSEI,Other,5.4,0.0,0.0,0.0,0.0,0.0,0.0,5.4,0.0,0.0
57299,Dunlap,42.043611,-106.160278,WY,Carbon,PACE,Wind,129.5,0.0,0.0,0.0,0.0,0.0,0.0,0.0,0.0,129.5
57302,Garnet Wind Energy Center,33.9053,-116.5825,CA,Riverside,CISO,Wind,6.5,0.0,0.0,0.0,0.0,0.0,0.0,0.0,0.0,6.5
57305,Adelanto Solar Project,34.550833,-117.435277,CA,San Bernardino,LDWP,Solar,6.8,0.0,0.0,0.0,0.0,0.0,0.0,0.0,6.8,0.0
57306,Pine Tree Solar Project,35.229635,-118.1957,CA,Kern,LDWP,Solar,8.5,0.0,0.0,0.0,0.0,0.0,0.0,0.0,8.5,0.0
57308,Maclay Solar Project,34.319722,-118.430833,CA,Los Angeles,LDWP,Solar,2.0,0.0,0.0,0.0,0.0,0.0,0.0,0.0,2.0,0.0
57309,Pacific Cruise Ship Terminals Berth 93,33.7331,-118.27722,CA,Los Angeles,LDWP,Solar,1.0,0.0,0.0,0.0,0.0,0.0,0.0,0.0,1.0,0.0
57311,Occidental College Solar Project,34.1283,-118.206903,CA,Los Angeles,LDWP,Solar,1.0,0.0,0.0,0.0,0.0,0.0,0.0,0.0,1.0,0.0
57313,Metro Support Services Center Solar,34.0578,-118.229722,CA,Los Angeles,LDWP,Solar,1.1,0.0,0.0,0.0,0.0,0.0,0.0,0.0,1.1,0.0
57314,Los Angeles Harbor College,33.783102,-118.28493,CA,Los Angeles,LDWP,Solar,1.2,0.0,0.0,0.0,0.0,0.0,0.0,0.0,1.2,0.0
57315,Cedar Point Wind,39.421787,-103.67814,CO,Lincoln,PSCO,Wind,252.0,0.0,0.0,0.0,0.0,0.0,0.0,0.0,0.0,252.0
57317,San Luis Valley Solar Ranch,37.694535,-105.927622,CO,Alamosa,PSCO,Solar,35.0,0.0,0.0,0.0,0.0,0.0,0.0,0.0,35.0,0.0
57318,"Poseidon Solar, LLC",33.160601,-111.484011,AZ,GILA,SRP,Solar,20.0,0.0,0.0,0.0,0.0,0.0,0.0,0.0,20.0,0.0
57319,Big Horn Wind II,45.9192,-120.3039,WA,Klickitat,AVRN,Wind,50.0,0.0,0.0,0.0,0.0,0.0,0.0,0.0,0.0,50.0
57320,Juniper Canyon I Wind Project,45.9215,-120.2355,WA,Klickitat,AVRN,Wind,151.2,0.0,0.0,0.0,0.0,0.0,0.0,0.0,0.0,151.2
57324,Luke Solar,33.526111,-112.37944,AZ,Maricopa,AZPS,Solar,11.2,0.0,0.0,0.0,0.0,0.0,0.0,0.0,11.2,0.0
57327,Top of the World Windpower Project,42.9258,-105.7872,WY,Converse,PACE,Wind,200.0,0.0,0.0,0.0,0.0,0.0,0.0,0.0,0.0,200.0
57331,Mojave Solar Project,35.017717,-117.339144,CA,San Bernardino,CISO,Solar,280.0,0.0,0.0,0.0,0.0,0.0,0.0,0.0,280.0,0.0
57333,Leaning Juniper Wind Power II,45.651,-120.2598,OR,Gilliam,AVRN,Wind,199.2,0.0,0.0,0.0,0.0,0.0,0.0,0.0,0.0,199.2
57338,Roadrunner Solar,31.792778,-106.673333,NM,Dona Ana,EPE,Solar,20.2,0.0,0.0,0.0,0.0,0.0,0.0,0.0,20.2,0.0
57340,Panoche Valley Solar Farm,36.627,-120.879,CA,San Benito,CISO,Solar,140.0,0.0,0.0,0.0,0.0,0.0,0.0,0.0,140.0,0.0
57343,Cargill B6 Biofactory,42.7167,-114.6167,ID,Gooding,IPCO,Other,2.2,0.0,0.0,0.0,0.0,0.0,0.0,2.2,0.0,0.0
57345,"Kettle Butte Digester, LLC",43.631944,-112.279722,ID,Jefferson,PACE,Other,1.8,0.0,0.0,0.0,0.0,0.0,0.0,1.8,0.0,0.0
57348,CityCenter Central Plant Cogen Units,36.1039,-115.1794,NV,Clark,NEVP,Natural Gas,8.6,0.0,0.0,0.0,8.6,0.0,0.0,0.0,0.0,0.0
57353,Thermo No 1,38.160653,-113.194462,UT,Beaver,PACE,Geothermal,14.0,0.0,14.0,0.0,0.0,0.0,0.0,0.0,0.0,0.0
57357,Red Mesa Wind LLC,35.2689,-107.3828,NM,Sandoval,PNM,Wind,102.4,0.0,0.0,0.0,0.0,0.0,0.0,0.0,0.0,102.4
57359,Avenal Park,35.989722,-120.11,CA,Kings,CISO,Solar,6.0,0.0,0.0,0.0,0.0,0.0,0.0,0.0,6.0,0.0
57360,Sun City Project LLC,35.983056,-120.110277,CA,Kings,CISO,Solar,20.0,0.0,0.0,0.0,0.0,0.0,0.0,0.0,20.0,0.0
57361,Sand Drag LLC,35.982778,-120.110277,CA,Kings,CISO,Solar,19.0,0.0,0.0,0.0,0.0,0.0,0.0,0.0,19.0,0.0
57364,Siphon Drop Power Plant,32.7792,-114.6344,CA,Imperial,WALC,Hydro,4.4,0.0,0.0,4.4,0.0,0.0,0.0,0.0,0.0,0.0
57368,Alamosa Solar,37.598579,-105.955832,CO,Alamosa,PSCO,Solar,30.0,0.0,0.0,0.0,0.0,0.0,0.0,0.0,30.0,0.0
57369,Questa Solar Facility,36.716944,-105.60944,NM,Taos,PNM,Solar,1.0,0.0,0.0,0.0,0.0,0.0,0.0,0.0,1.0,0.0
57372,Bellevue Solar Project,45.112222,-123.234722,OR,Yamhill,PGE,Solar,1.6,0.0,0.0,0.0,0.0,0.0,0.0,0.0,1.6,0.0
57373,Agua Caliente Solar Project,32.9774,-113.4945,AZ,Yuma,CISO,Solar,347.7,0.0,0.0,0.0,0.0,0.0,0.0,0.0,347.7,0.0
57376,Jersey Valley Geothermal Power Plant,40.1808,-117.4739,NV,Pershing,NEVP,Geothermal,23.5,0.0,23.5,0.0,0.0,0.0,0.0,0.0,0.0,0.0
57377,Greater Sandhill I,37.685467,-105.8909,CO,Alamosa,PSCO,Solar,19.0,0.0,0.0,0.0,0.0,0.0,0.0,0.0,19.0,0.0
57378,AV Solar Ranch One,34.780278,-118.42444,CA,Los Angeles,CISO,Solar,253.0,0.0,0.0,0.0,0.0,0.0,0.0,0.0,253.0,0.0
57379,"Poseidon Wind, LLC",34.6062,-110.1734,AZ,Navajo,AZPS,Wind,65.1,0.0,0.0,0.0,0.0,0.0,0.0,0.0,0.0,65.1
57392,UASTP I,32.096973,-110.8106,AZ,Pima,TEPC,Solar,1.2,0.0,0.0,0.0,0.0,0.0,0.0,0.0,1.2,0.0
57393,Big Sky Dairy Digester,42.8656,-114.7914,ID,Gooding,IPCO,Other,1.6,0.0,0.0,0.0,0.0,0.0,0.0,1.6,0.0,0.0
57394,Genesis Solar Energy Project,33.665,-114.998055,CA,Riverside,CISO,Solar,250.0,0.0,0.0,0.0,0.0,0.0,0.0,0.0,250.0,0.0
57403,Northwest Regional,33.681944,-112.476666,AZ,Maricopa,AZPS,Other,3.2,0.0,0.0,0.0,0.0,0.0,0.0,3.2,0.0,0.0
57422,Yolo County Solar Project,38.659722,-121.7294,CA,Yolo,CISO,Solar,1.0,0.0,0.0,0.0,0.0,0.0,0.0,0.0,1.0,0.0
57427,Ryegrass Windfarm,43.037147,-115.439731,ID,Elmore,IPCO,Wind,23.0,0.0,0.0,0.0,0.0,0.0,0.0,0.0,0.0,23.0
57428,Hammett Hill Windfarm,43.006133,-115.463289,ID,Elmore,IPCO,Wind,23.0,0.0,0.0,0.0,0.0,0.0,0.0,0.0,0.0,23.0
57429,Mainline Windfarm,43.04835,-115.412886,ID,Elmore,IPCO,Wind,23.0,0.0,0.0,0.0,0.0,0.0,0.0,0.0,0.0,23.0
57430,Desert Meadow Windfarm,43.056622,-115.452025,ID,Elmore,IPCO,Wind,23.0,0.0,0.0,0.0,0.0,0.0,0.0,0.0,0.0,23.0
57431,Cold Springs Windfarm,43.028056,-115.400469,ID,Elmore,IPCO,Wind,23.0,0.0,0.0,0.0,0.0,0.0,0.0,0.0,0.0,23.0
57437,Juniper Ridge Hydroelectric Project,44.142698,-121.269747,OR,Deschutes,PACW,Hydro,5.0,0.0,0.0,5.0,0.0,0.0,0.0,0.0,0.0,0.0
57439,California Valley Solar Ranch,35.323739,-119.91663,CA,San Luis Obispo,CISO,Solar,249.8,0.0,0.0,0.0,0.0,0.0,0.0,0.0,249.8,0.0
57441,Solar Photovoltaic Project #42,36.028056,-119.074722,CA,Tulare,CISO,Solar,5.0,0.0,0.0,0.0,0.0,0.0,0.0,0.0,5.0,0.0
57442,Silver State Solar Power North,35.793056,-115.35028,NV,Clark,NEVP,Solar,52.0,0.0,0.0,0.0,0.0,0.0,0.0,0.0,52.0,0.0
57444,Two Ponds Windfarm,43.033781,-115.482592,ID,Elmore,IPCO,Wind,23.0,0.0,0.0,0.0,0.0,0.0,0.0,0.0,0.0,23.0
57446,McGinness Hills,39.5911,-116.9119,NV,Lander,NEVP,Geothermal,104.0,0.0,104.0,0.0,0.0,0.0,0.0,0.0,0.0,0.0
57451,Tuscarora Geothermal Power Plant,41.4828,-116.1511,NV,Elko,NEVP,Geothermal,32.0,0.0,32.0,0.0,0.0,0.0,0.0,0.0,0.0,0.0
57455,Solar Borrego I,33.298889,-116.35083,CA,San Diego,CISO,Solar,26.0,0.0,0.0,0.0,0.0,0.0,0.0,0.0,26.0,0.0
57456,San Emidio,40.380556,-119.399722,NV,Washoe,NEVP,Geothermal,11.8,0.0,11.8,0.0,0.0,0.0,0.0,0.0,0.0,0.0
57457,Seneca Sustainable Energy LLC,44.116306,-123.179007,OR,Lane,BPAT,Other,19.8,0.0,0.0,0.0,0.0,0.0,0.0,19.8,0.0,0.0
57459,Mountain View IV,33.8816,-116.5527,CA,Riverside,CISO,Wind,49.0,0.0,0.0,0.0,0.0,0.0,0.0,0.0,0.0,49.0
57460,Caltech Central,34.1358,-118.1267,CA,Los Angeles,CISO,Natural Gas,1.1,0.0,0.0,0.0,1.1,0.0,0.0,0.0,0.0,0.0
57475,John L. Featherstone Plant,33.204635,-115.573303,CA,Imperial,IID,Geothermal,55.0,0.0,55.0,0.0,0.0,0.0,0.0,0.0,0.0,0.0
57482,"Sentinel Energy Center, LLC",33.934167,-116.571388,CA,Riverside,CISO,Natural Gas,800.0,0.0,0.0,0.0,800.0,0.0,0.0,0.0,0.0,0.0
57483,Mariposa Energy Project,37.789167,-121.601944,CA,Alameda,CISO,Natural Gas,199.6,0.0,0.0,0.0,199.6,0.0,0.0,0.0,0.0,0.0
57484,Manzana Wind LLC,34.9349,-118.4612,CA,Kern,CISO,Wind,189.0,0.0,0.0,0.0,0.0,0.0,0.0,0.0,0.0,189.0
57490,Imperial Solar Energy Center South,32.663289,-115.658284,CA,Imperial,CISO,Solar,128.9,0.0,0.0,0.0,0.0,0.0,0.0,0.0,128.9,0.0
57491,Imperial Solar Energy Center West,32.772225,-115.779311,CA,Imperial,CISO,Solar,148.7,0.0,0.0,0.0,0.0,0.0,0.0,0.0,148.7,0.0
57496,Tieton Dam Hydro Electric Project,46.658,-121.1287,WA,Yakima,PACW,Hydro,13.8,0.0,0.0,13.8,0.0,0.0,0.0,0.0,0.0,0.0
57497,Stroud Solar Station,36.531389,-120.106944,CA,Fresno,CISO,Solar,20.0,0.0,0.0,0.0,0.0,0.0,0.0,0.0,20.0,0.0
57498,Five Points Solar Station,36.400278,-120.103333,CA,Fresno,CISO,Solar,15.0,0.0,0.0,0.0,0.0,0.0,0.0,0.0,15.0,0.0
57499,Westside Solar Station,36.378726,-120.124898,CA,Fresno,CISO,Solar,15.0,0.0,0.0,0.0,0.0,0.0,0.0,0.0,15.0,0.0
57506,FRV SI Transport Solar LP,38.4869,-121.3911,CA,Sacramento,CISO,Solar,1.0,0.0,0.0,0.0,0.0,0.0,0.0,0.0,1.0,0.0
57507,RV CSU Power II LLC,40.592841,-105.147097,CO,Larimer,PSCO,Solar,3.0,0.0,0.0,0.0,0.0,0.0,0.0,0.0,3.0,0.0
57509,Carson Solar I,38.7228,-104.7817,CO,El Paso,WACM,Solar,2.0,0.0,0.0,0.0,0.0,0.0,0.0,0.0,2.0,0.0
57514,Ocotillo Express LLC,32.752778,-116.044722,CA,Imperial,CISO,Wind,265.4,0.0,0.0,0.0,0.0,0.0,0.0,0.0,0.0,265.4
57515,Walnut Creek Energy Park,34.008709,-117.944864,CA,Los Angeles,CISO,Natural Gas,500.0,0.0,0.0,0.0,500.0,0.0,0.0,0.0,0.0,0.0
57521,Giffen,36.530278,-120.316111,CA,Fresno,CISO,Solar,10.0,0.0,0.0,0.0,0.0,0.0,0.0,0.0,10.0,0.0
57522,Cantua Solar Station,36.425085,-120.343543,CA,Fresno,CISO,Solar,20.0,0.0,0.0,0.0,0.0,0.0,0.0,0.0,20.0,0.0
57523,Huron Solar Station,36.181389,-120.030555,CA,Fresno,CISO,Solar,20.0,0.0,0.0,0.0,0.0,0.0,0.0,0.0,20.0,0.0
57524,Roger Road WWTP,32.2894,-111.0331,AZ,Pima,TEPC,Solar,1.1,0.0,0.0,0.0,0.0,0.0,0.0,0.0,1.1,0.0
57526,North Hurlburt Wind LLC,45.731611,-120.083466,OR,Gilliam,BPAT,Wind,265.0,0.0,0.0,0.0,0.0,0.0,0.0,0.0,0.0,265.0
57530,Palouse,47.155833,-117.364444,WA,Whitman,AVA,Wind,105.3,0.0,0.0,0.0,0.0,0.0,0.0,0.0,0.0,105.3
57549,South Hurlburt Wind LLC,45.706262,-120.079987,OR,Gilliam,BPAT,Wind,290.0,0.0,0.0,0.0,0.0,0.0,0.0,0.0,0.0,290.0
57550,Horseshoe Bend Wind LLC,45.58555,-120.008249,OR,Gilliam,BPAT,Wind,290.0,0.0,0.0,0.0,0.0,0.0,0.0,0.0,0.0,290.0
57551,Garland Canal Power Plant,44.7264,-108.8644,WY,Park,PACE,Hydro,2.9,0.0,0.0,2.9,0.0,0.0,0.0,0.0,0.0,0.0
57554,AFA Solar Farm,38.957901,-104.806627,CO,El Paso,WACM,Solar,5.5,0.0,0.0,0.0,0.0,0.0,0.0,0.0,5.5,0.0
57555,Pio Pico Energy Center,32.573889,-116.917777,CA,San Diego,CISO,Natural Gas,395.4,0.0,0.0,0.0,395.4,0.0,0.0,0.0,0.0,0.0
57556,La Senita,35.241675,-114.004591,AZ,Mohave,TEPC,Solar,1.0,0.0,0.0,0.0,0.0,0.0,0.0,0.0,1.0,0.0
57557,Sunnyvale City of WPCP,37.4194,-122.0153,CA,Santa Clara,CISO,Natural Gas,1.6,0.0,0.0,0.0,1.6,0.0,0.0,0.0,0.0,0.0
57559,Sunset Reservoir North Basin,37.750894,-122.481758,CA,San Francisco,CISO,Solar,4.5,0.0,0.0,0.0,0.0,0.0,0.0,0.0,4.5,0.0
57560,Chino Valley Solar,34.71843,-112.42899,AZ,Yavapai,AZPS,Battery Storage,38.0,19.0,0.0,0.0,0.0,0.0,0.0,0.0,19.0,0.0
57561,Cotton Center Solar Hybrid,33.034722,-112.661667,AZ,Maricopa,AZPS,Battery Storage,34.0,17.0,0.0,0.0,0.0,0.0,0.0,0.0,17.0,0.0
57562,Paloma Solar Hybrid,33.021111,-112.661389,AZ,Maricopa,AZPS,Battery Storage,34.0,17.0,0.0,0.0,0.0,0.0,0.0,0.0,17.0,0.0
57563,Hyder Solar Hybrid,33.02566,-113.34397,AZ,Yuma,AZPS,Solar,48.0,16.0,0.0,0.0,0.0,0.0,0.0,0.0,32.0,0.0
57564,Algonquin Power Sanger LLC,36.6842,-119.5522,CA,Fresno,CISO,Natural Gas,61.5,0.0,0.0,0.0,61.5,0.0,0.0,0.0,0.0,0.0
57567,Albuquerque Solar Energy Center,35.168957,-106.60005,NM,Bernalillo,PNM,Solar,2.0,0.0,0.0,0.0,0.0,0.0,0.0,0.0,2.0,0.0
57571,Los Lunas Solar Energy Center,34.833136,-106.772413,NM,Valencia,PNM,Solar,7.0,0.0,0.0,0.0,0.0,0.0,0.0,0.0,7.0,0.0
57573,CCCSD Wastewater Treatment Plnt,37.9978,-122.0697,CA,Contra Costa,CISO,Natural Gas,3.5,0.0,0.0,0.0,3.5,0.0,0.0,0.0,0.0,0.0
57575,Deming Solar Energy Center,32.165833,-107.75056,NM,Luna,PNM,Solar,9.0,0.0,0.0,0.0,0.0,0.0,0.0,0.0,9.0,0.0
57576,Las Vegas Solar Energy Center,35.643333,-105.206667,NM,San Miguel,PNM,Solar,5.0,0.0,0.0,0.0,0.0,0.0,0.0,0.0,5.0,0.0
57577,Alamogordo Solar Energy Center,32.86571,-105.999775,NM,Otero,PNM,Solar,5.0,0.0,0.0,0.0,0.0,0.0,0.0,0.0,5.0,0.0
57578,PaTu Wind Farm LLC,45.613061,-120.616906,OR,Sherman,BPAT,Wind,9.0,0.0,0.0,0.0,0.0,0.0,0.0,0.0,0.0,9.0
57579,Robert O Schulz Solar Farm,37.8583,-120.8917,CA,Stanislaus,CISO,Solar,1.3,0.0,0.0,0.0,0.0,0.0,0.0,0.0,1.3,0.0
57580,Broadridge Cogen,38.6183,-121.0564,CA,El Dorado,CISO,Natural Gas,5.2,0.0,0.0,0.0,4.2,0.0,0.0,0.0,1.0,0.0
57584,University of California San Diego Hybri,32.8747,-117.2392,CA,San Diego,CISO,Natural Gas,35.5,2.5,0.0,0.0,33.0,0.0,0.0,0.0,0.0,0.0
57585,Oxnard Paper Mill,34.1414,-119.1831,CA,Ventura,CISO,Natural Gas,29.0,0.0,0.0,0.0,29.0,0.0,0.0,0.0,0.0,0.0
57586,Shiloh III Wind Project LLC,38.169444,-121.846944,CA,Solano,CISO,Wind,102.5,0.0,0.0,0.0,0.0,0.0,0.0,0.0,0.0,102.5
57591,"Hatch Solar Energy Center I, LLC",32.63,-107.259722,NM,Dona Ana,EPE,Solar,5.0,0.0,0.0,0.0,0.0,0.0,0.0,0.0,5.0,0.0
57594,Teichert Materials-Teichert Vernalis,37.6167,-121.3564,CA,San Joaquin,CISO,Wind,1.0,0.0,0.0,0.0,0.0,0.0,0.0,0.0,0.0,1.0
57621,Rising Tree Wind Farm,35.0775,-118.218333,CA,Kern,CISO,Wind,79.2,0.0,0.0,0.0,0.0,0.0,0.0,0.0,0.0,79.2
57626,Foundation ST,37.714167,-121.521666,CA,San Joaquin,CISO,Wind,2.0,0.0,0.0,0.0,0.0,0.0,0.0,0.0,0.0,2.0
57635,Linden Wind Energy Project,45.744171,-120.783568,WA,Klickitat,BPAT,Wind,50.0,0.0,0.0,0.0,0.0,0.0,0.0,0.0,0.0,50.0
57643,"Vestas Towers America, Inc.",38.1728,-104.62,CO,Pueblo,WACM,Wind,1.8,0.0,0.0,0.0,0.0,0.0,0.0,0.0,0.0,1.8
57645,City & County of Denver at Denver Int'l,39.904133,-104.654183,CO,Denver,PSCO,Solar,3.4,0.0,0.0,0.0,0.0,0.0,0.0,0.0,3.4,0.0
57650,Regulus Solar Project,35.3,-118.851944,CA,Kern,CISO,Solar,60.0,0.0,0.0,0.0,0.0,0.0,0.0,0.0,60.0,0.0
57651,Adobe Solar,35.102778,-118.954444,CA,KERN,CISO,Solar,20.0,0.0,0.0,0.0,0.0,0.0,0.0,0.0,20.0,0.0
57652,Yamhill Solar LLC,45.108889,-123.278611,OR,Yamhill,PGE,Solar,1.0,0.0,0.0,0.0,0.0,0.0,0.0,0.0,1.0,0.0
57653,Oregon State University Energy Center,44.564333,-123.289089,OR,Benton,BPAT,Natural Gas,6.5,0.0,0.0,0.0,6.5,0.0,0.0,0.0,0.0,0.0
57655,Bakersfield College Solar 01,35.411817,-118.96864,CA,Kern,CISO,Solar,1.1,0.0,0.0,0.0,0.0,0.0,0.0,0.0,1.1,0.0
57656,"Temescal Canyon RV, LLC",33.826389,-117.511667,CA,Riverside,CISO,Solar,1.5,0.0,0.0,0.0,0.0,0.0,0.0,0.0,1.5,0.0
57657,Avra Valley Solar,32.371667,-111.282777,AZ,Pima,TEPC,Solar,25.0,0.0,0.0,0.0,0.0,0.0,0.0,0.0,25.0,0.0
57669,SMUD at Grundman,38.364722,-121.41278,CA,Sacramento,BANC,Solar,17.0,0.0,0.0,0.0,0.0,0.0,0.0,0.0,17.0,0.0
57670,SMUD at Van Conett,38.253056,-121.278888,CA,Sacramento,BANC,Solar,2.9,0.0,0.0,0.0,0.0,0.0,0.0,0.0,2.9,0.0
57671,SMUD at Fleshman,38.237778,-121.3375,CA,Sacramento,BANC,Solar,2.9,0.0,0.0,0.0,0.0,0.0,0.0,0.0,2.9,0.0
57673,Macys Goodyear,33.409063,-112.414596,AZ,Maricopa,AZPS,Solar,3.1,0.0,0.0,0.0,0.0,0.0,0.0,0.0,3.1,0.0
57680,Arlington Valley Solar Energy II,33.305,-112.833888,AZ,Maricopa,AZPS,Solar,129.0,0.0,0.0,0.0,0.0,0.0,0.0,0.0,129.0,0.0
57681,City of Boulder WWTP,40.048025,-105.180327,CO,Boulder,PSCO,Solar,1.0,0.0,0.0,0.0,0.0,0.0,0.0,0.0,1.0,0.0
57682,City of Madera WWTP,36.9408,-120.1572,CA,Madera,CISO,Solar,1.0,0.0,0.0,0.0,0.0,0.0,0.0,0.0,1.0,0.0
57683,"Staples La Mirada, CA",33.881667,-118.0175,CA,Los Angeles,CISO,Solar,1.1,0.0,0.0,0.0,0.0,0.0,0.0,0.0,1.1,0.0
57684,Goodsprings Waste Heat Recovery,35.809444,-115.411389,NV,Clark,NEVP,Other,7.5,0.0,0.0,0.0,0.0,0.0,0.0,7.5,0.0,0.0
57690,Turnbull Hydro,47.605278,-112.096944,MT,Teton,NWMT,Hydro,13.0,0.0,0.0,13.0,0.0,0.0,0.0,0.0,0.0,0.0
57695,Topaz Solar Farm,35.405556,-120.068611,CA,San Luis Obispo,CISO,Solar,585.9,0.0,0.0,0.0,0.0,0.0,0.0,0.0,585.9,0.0
57696,Power Generation Station (PGS) 2,37.825833,-122.296111,CA,Alameda,CISO,Other,4.6,0.0,0.0,0.0,0.0,0.0,0.0,4.6,0.0,0.0
57697,Aerojet I,38.613508,-121.162879,CA,Sacramento,BANC,Solar,3.0,0.0,0.0,0.0,0.0,0.0,0.0,0.0,3.0,0.0
57698,Aerojet II,38.6086,-121.1703,CA,Sacramento,BANC,Solar,2.2,0.0,0.0,0.0,0.0,0.0,0.0,0.0,2.2,0.0
57700,Vasco Winds,37.790833,-121.718055,CA,Contra Costa,CISO,Wind,78.2,0.0,0.0,0.0,0.0,0.0,0.0,0.0,0.0,78.2
57701,Montezuma Wind II,38.116667,-121.821944,CA,Solano,CISO,Wind,78.2,0.0,0.0,0.0,0.0,0.0,0.0,0.0,0.0,78.2
57702,Signal Hill West Unit,33.811182,-118.175645,CA,Los Angeles,CISO,Other,5.7,0.0,0.0,0.0,0.0,0.0,0.0,5.7,0.0,0.0
57703,Cheyenne Prairie Generating Station,41.123611,-104.72,WY,Laramie,WACM,Natural Gas,140.0,0.0,0.0,0.0,140.0,0.0,0.0,0.0,0.0,0.0
57707,Mesquite Solar 1,33.341833,-112.904028,AZ,Maricopa,CISO,Solar,170.0,0.0,0.0,0.0,0.0,0.0,0.0,0.0,170.0,0.0
57708,Catalina Solar LLC,34.938261,-118.334492,CA,Kern,CISO,Solar,110.0,0.0,0.0,0.0,0.0,0.0,0.0,0.0,110.0,0.0
57715,Watkins Manufacturing Co.,33.143847,-117.236908,CA,San Diego,CISO,Natural Gas,2.0,0.0,0.0,0.0,2.0,0.0,0.0,0.0,0.0,0.0
57722,North Palm Springs 4A,33.909722,-116.5625,CA,Riverside,CISO,Solar,4.0,0.0,0.0,0.0,0.0,0.0,0.0,0.0,4.0,0.0
57725,Shiloh IV Wind Project LLC,38.137488,-121.855342,CA,Solano,CISO,Wind,102.5,0.0,0.0,0.0,0.0,0.0,0.0,0.0,0.0,102.5
57736,SPS1 Dollarhide,32.12743,-103.137825,NM,Lea,SWPP,Solar,10.0,0.0,0.0,0.0,0.0,0.0,0.0,0.0,10.0,0.0
57737,SPS2 Jal,32.183611,-103.183056,NM,Lea,SWPP,Solar,10.0,0.0,0.0,0.0,0.0,0.0,0.0,0.0,10.0,0.0
57738,SPS3 Lea,32.469722,-103.323333,NM,Lea,SWPP,Solar,10.0,0.0,0.0,0.0,0.0,0.0,0.0,0.0,10.0,0.0
57739,SPS4 Monument,32.681944,-103.303611,NM,Lea,SWPP,Solar,10.1,0.0,0.0,0.0,0.0,0.0,0.0,0.0,10.1,0.0
57740,SPS5 Hopi,32.345556,-104.234722,NM,Eddy,SWPP,Solar,10.1,0.0,0.0,0.0,0.0,0.0,0.0,0.0,10.1,0.0
57743,North Palm Springs 1A,33.924167,-116.593333,CA,Riverside,CISO,Solar,2.5,0.0,0.0,0.0,0.0,0.0,0.0,0.0,2.5,0.0
57748,Gordon Butte Wind LLC,46.411944,-110.337777,MT,Meagher,NWMT,Wind,17.7,0.0,0.0,0.0,0.0,0.0,0.0,0.0,0.0,17.7
57749,Sawtooth Wind Project,42.982222,-115.393333,ID,Elmore,IPCO,Wind,22.4,0.0,0.0,0.0,0.0,0.0,0.0,0.0,0.0,22.4
57753,SMUD at Lawrence,38.338868,-121.431342,CA,Sacramento,BANC,Solar,1.0,0.0,0.0,0.0,0.0,0.0,0.0,0.0,1.0,0.0
57756,Coastal Energy Project,46.793581,-124.065412,WA,Grays Harbor,BPAT,Wind,6.0,0.0,0.0,0.0,0.0,0.0,0.0,0.0,0.0,6.0
57757,Pacific Wind LLC,34.891389,-118.4325,CA,Kern,CISO,Wind,151.7,0.0,0.0,0.0,0.0,0.0,0.0,0.0,0.0,151.7
57760,Power County Wind Park South,42.703333,-112.757778,ID,Power,PACE,Wind,22.5,0.0,0.0,0.0,0.0,0.0,0.0,0.0,0.0,22.5
57761,Power County Wind Park North,42.738889,-112.748611,ID,Power,PACE,Wind,22.5,0.0,0.0,0.0,0.0,0.0,0.0,0.0,0.0,22.5
57763,Youngs Creek Hydroelectric Project,47.7916,-121.8,WA,Snohomish,BPAT,Hydro,7.5,0.0,0.0,7.5,0.0,0.0,0.0,0.0,0.0,0.0
57764,Naval Air Weapons Station China Lake,35.68771,-117.68137,CA,Kern,CISO,Solar,11.1,0.0,0.0,0.0,0.0,0.0,0.0,0.0,11.1,0.0
57765,Arizona Western College PV,32.687778,-114.49611,AZ,Yuma,AZPS,Solar,4.7,0.0,0.0,0.0,0.0,0.0,0.0,0.0,4.7,0.0
57766,Rockland Wind Farm,42.674722,-112.901944,ID,Power,IPCO,Wind,79.2,0.0,0.0,0.0,0.0,0.0,0.0,0.0,0.0,79.2
57771,Ameresco Butte County,39.674,-121.73,CA,Butte,CISO,Other,2.3,0.0,0.0,0.0,0.0,0.0,0.0,2.3,0.0,0.0
57773,Palo Verde College,33.661667,-114.651667,CA,Riverside,CISO,Solar,1.2,0.0,0.0,0.0,0.0,0.0,0.0,0.0,1.2,0.0
57774,Windstar 1,35.054167,-118.354722,CA,Kern,CISO,Wind,120.0,0.0,0.0,0.0,0.0,0.0,0.0,0.0,0.0,120.0
57775,Kingman 1,35.145833,-114.0675,AZ,Mohave,AZPS,Wind,10.5,0.0,0.0,0.0,0.0,0.0,0.0,0.0,0.5,10.0
57777,RE Dillard 1 LLC,38.468611,-121.181944,CA,Sacramento,BANC,Solar,3.0,0.0,0.0,0.0,0.0,0.0,0.0,0.0,3.0,0.0
57778,RE Kammerer 1 LLC,38.365053,-121.381101,CA,Sacramento,BANC,Solar,5.0,0.0,0.0,0.0,0.0,0.0,0.0,0.0,5.0,0.0
57779,RE Dillard 2 LLC,38.466111,-121.177778,CA,Sacramento,BANC,Solar,3.0,0.0,0.0,0.0,0.0,0.0,0.0,0.0,3.0,0.0
57780,RE Kammerer 2 LLC,38.365053,-121.381101,CA,Sacramento,BANC,Solar,5.0,0.0,0.0,0.0,0.0,0.0,0.0,0.0,5.0,0.0
57781,RE Dillard 3 LLC,38.461944,-121.180278,CA,Sacramento,BANC,Solar,3.0,0.0,0.0,0.0,0.0,0.0,0.0,0.0,3.0,0.0
57782,RE Kammerer 3 LLC,38.365053,-121.381101,CA,Sacramento,BANC,Solar,5.0,0.0,0.0,0.0,0.0,0.0,0.0,0.0,5.0,0.0
57783,RE Bruceville 1 LLC,38.3475,-121.412777,CA,Sacramento,BANC,Solar,5.0,0.0,0.0,0.0,0.0,0.0,0.0,0.0,5.0,0.0
57784,RE Bruceville 2 LLC,38.3475,-121.412777,CA,Sacramento,BANC,Solar,5.0,0.0,0.0,0.0,0.0,0.0,0.0,0.0,5.0,0.0
57785,RE Bruceville 3 LLC,38.3475,-121.412777,CA,Sacramento,BANC,Solar,5.0,0.0,0.0,0.0,0.0,0.0,0.0,0.0,5.0,0.0
57790,RE Bagdad Solar I LLC,34.585833,-113.177222,AZ,Yavapai,AZPS,Solar,14.9,0.0,0.0,0.0,0.0,0.0,0.0,0.0,14.9,0.0
57791,Foundation AB,38.232222,-122.092778,CA,Solano,CISO,Wind,1.5,0.0,0.0,0.0,0.0,0.0,0.0,0.0,0.0,1.5
57792,Foundation IE,34.084722,-117.529444,CA,San Bernardino,CISO,Wind,1.0,0.0,0.0,0.0,0.0,0.0,0.0,0.0,0.0,1.0
57795,RE Ajo 1 LLC,32.367013,-112.831401,AZ,Pima,AZPS,Solar,4.5,0.0,0.0,0.0,0.0,0.0,0.0,0.0,4.5,0.0
57796,Golden Springs Building C-1,33.914167,-118.053611,CA,Los Angeles,CISO,Solar,1.2,0.0,0.0,0.0,0.0,0.0,0.0,0.0,1.2,0.0
57797,Golden Springs Building D,33.911944,-118.052222,CA,Los Angeles,CISO,Solar,1.3,0.0,0.0,0.0,0.0,0.0,0.0,0.0,1.3,0.0
57803,Lime Wind,44.396944,-117.271944,OR,Baker,IPCO,Wind,3.0,0.0,0.0,0.0,0.0,0.0,0.0,0.0,0.0,3.0
57806,RE Dillard 4 LLC,38.461944,-121.180278,CA,Sacramento,BANC,Solar,0.4,0.0,0.0,0.0,0.0,0.0,0.0,0.0,0.4,0.0
57809,Franklin Templeton San Mateo,37.5425,-122.292778,CA,San Mateo,CISO,Natural Gas,1.1,0.0,0.0,0.0,1.1,0.0,0.0,0.0,0.0,0.0
57816,RE McKenzie 1 LLC,38.302594,-121.295819,CA,Sacramento,BANC,Solar,5.0,0.0,0.0,0.0,0.0,0.0,0.0,0.0,5.0,0.0
57817,RE McKenzie 2 LLC,38.302594,-121.295819,CA,Sacramento,BANC,Solar,5.0,0.0,0.0,0.0,0.0,0.0,0.0,0.0,5.0,0.0
57818,RE McKenzie 3 LLC,38.302594,-121.295819,CA,Sacramento,BANC,Solar,5.0,0.0,0.0,0.0,0.0,0.0,0.0,0.0,5.0,0.0
57819,RE McKenzie 4 LLC,38.302594,-121.295819,CA,Sacramento,BANC,Solar,5.0,0.0,0.0,0.0,0.0,0.0,0.0,0.0,5.0,0.0
57820,RE McKenzie 5 LLC,38.302594,-121.295819,CA,Sacramento,BANC,Solar,5.0,0.0,0.0,0.0,0.0,0.0,0.0,0.0,5.0,0.0
57821,RE McKenzie 6 LLC,38.302594,-121.295819,CA,Sacramento,BANC,Solar,5.0,0.0,0.0,0.0,0.0,0.0,0.0,0.0,5.0,0.0
57827,Dinuba Wastewater Treatment Plant,36.538056,-119.426388,CA,Tulare,CISO,Solar,1.0,0.0,0.0,0.0,0.0,0.0,0.0,0.0,1.0,0.0
57831,Heliocentric,34.65434,-117.971004,CA,Los Angeles,CISO,Solar,1.5,0.0,0.0,0.0,0.0,0.0,0.0,0.0,1.5,0.0
57833,Mustang Hills LLC,35.030855,-118.293188,CA,Kern,CISO,Wind,150.0,0.0,0.0,0.0,0.0,0.0,0.0,0.0,0.0,150.0
57834,Pinyon Pine I,35.043411,-118.211835,CA,Kern,CISO,Wind,168.0,0.0,0.0,0.0,0.0,0.0,0.0,0.0,0.0,168.0
57835,Alta Wind VIII,35.026683,-118.234811,CA,Kern,CISO,Wind,150.0,0.0,0.0,0.0,0.0,0.0,0.0,0.0,0.0,150.0
57836,L-8 Solar Project,34.654347,-117.973103,CA,Los Angeles,CISO,Solar,1.5,0.0,0.0,0.0,0.0,0.0,0.0,0.0,1.5,0.0
57837,Pinyon Pine II,35.026759,-118.223333,CA,Kern,CISO,Wind,132.0,0.0,0.0,0.0,0.0,0.0,0.0,0.0,0.0,132.0
57840,ISH Solar Hospital SDMC,32.791667,-117.095277,CA,San Diego,CISO,Solar,1.1,0.0,0.0,0.0,0.0,0.0,0.0,0.0,1.1,0.0
57841,ISH Solar Hospital Downey,33.921667,-118.124444,CA,Los Angeles,CISO,Solar,1.1,0.0,0.0,0.0,0.0,0.0,0.0,0.0,1.1,0.0
57849,Green Acres Solar Facility 1,38.282021,-121.464676,CA,Sacramento,BANC,Solar,3.0,0.0,0.0,0.0,0.0,0.0,0.0,0.0,3.0,0.0
57850,Green Acres Solar Facility 2,38.28357,-121.461264,CA,Sacramento,BANC,Solar,1.0,0.0,0.0,0.0,0.0,0.0,0.0,0.0,1.0,0.0
57856,Univ of California San Diego Solar,32.874379,-117.238927,CA,San Diego,CISO,Solar,1.0,0.0,0.0,0.0,0.0,0.0,0.0,0.0,1.0,0.0
57859,Moapa Southern Paiute,36.52995,-114.770308,NV,Clark,NEVP,Solar,250.0,0.0,0.0,0.0,0.0,0.0,0.0,0.0,250.0,0.0
57860,Industry MetroLink PV 1,34.008661,-117.845603,CA,Los Angeles,CISO,Solar,1.5,0.0,0.0,0.0,0.0,0.0,0.0,0.0,1.5,0.0
57861,Hidden Hollow Energy,43.697222,-116.271389,ID,Ada,IPCO,Other,3.2,0.0,0.0,0.0,0.0,0.0,0.0,3.2,0.0,0.0
57870,Castle Rock Vineyards,35.801111,-119.110556,CA,Tulare,CISO,Solar,1.0,0.0,0.0,0.0,0.0,0.0,0.0,0.0,1.0,0.0
57871,2555 E Olympic Bl,34.026944,-118.224167,CA,Los Angeles,LDWP,Solar,1.0,0.0,0.0,0.0,0.0,0.0,0.0,0.0,1.0,0.0
57872,LCEC Generation LLVC,32.978056,-103.323889,NM,Lea,SWPP,Natural Gas,46.5,0.0,0.0,0.0,46.5,0.0,0.0,0.0,0.0,0.0
57876,Santa Cruz Energy,36.973333,-122.105556,CA,Santa Cruz,CISO,Other,1.6,0.0,0.0,0.0,0.0,0.0,0.0,1.6,0.0,0.0
57882,Baldock Solar Highway,45.269444,-122.771667,OR,Clackamas,PGE,Solar,1.4,0.0,0.0,0.0,0.0,0.0,0.0,0.0,1.4,0.0
57883,Queen Creek Solar Farm,33.2675,-111.612222,AZ,Maricopa,SRP,Solar,19.0,0.0,0.0,0.0,0.0,0.0,0.0,0.0,19.0,0.0
57887,Wildcat Wind,32.952778,-103.285278,NM,Lea,SWPP,Wind,27.3,0.0,0.0,0.0,0.0,0.0,0.0,0.0,0.0,27.3
57890,"Horse Butte Wind I, LLC",43.386389,-111.726389,ID,Bonneville,BPAT,Wind,57.6,0.0,0.0,0.0,0.0,0.0,0.0,0.0,0.0,57.6
57891,Guernsey Solar Station,36.163889,-119.650556,CA,Kings,CISO,Solar,20.0,0.0,0.0,0.0,0.0,0.0,0.0,0.0,20.0,0.0
57892,Gates Solar Station,36.176389,-120.114167,CA,Fresno,CISO,Solar,20.0,0.0,0.0,0.0,0.0,0.0,0.0,0.0,20.0,0.0
57895,Improvement Dst No. 4,35.402778,-119.038611,CA,Kern,CISO,Solar,1.1,0.0,0.0,0.0,0.0,0.0,0.0,0.0,1.1,0.0
57899,Hurricane City Power,37.185556,-113.2975,UT,Washington,PACE,Natural Gas,15.1,0.0,0.0,0.0,10.0,0.0,5.1,0.0,0.0,0.0
57901,El Segundo Energy Center LLC,33.910556,-118.425,CA,Los Angeles,CISO,Natural Gas,537.4,0.0,0.0,0.0,537.4,0.0,0.0,0.0,0.0,0.0
57902,Fighting Creek LFGTE Plant,47.531667,-116.93,ID,Kootenai,AVA,Other,3.2,0.0,0.0,0.0,0.0,0.0,0.0,3.2,0.0,0.0
57904,San Antonio West Solar Rooftop,33.965617,-117.659059,CA,Riverside,CISO,Solar,1.5,0.0,0.0,0.0,0.0,0.0,0.0,0.0,1.5,0.0
57911,Roseburg LFG,43.186111,-123.380278,OR,Douglas,PACW,Other,1.6,0.0,0.0,0.0,0.0,0.0,0.0,1.6,0.0,0.0
57913,Tule Wind LLC,32.663889,-116.289722,CA,San Diego,CISO,Wind,143.0,0.0,0.0,0.0,0.0,0.0,0.0,0.0,0.0,143.0
57915,Genesis Alkali,41.621667,-109.811944,WY,Sweetwater,PACE,Other,41.0,0.0,0.0,0.0,0.0,0.0,0.0,41.0,0.0,0.0
57916,Spreckels Sugar Company,32.911111,-115.568056,CA,Imperial,IID,Natural Gas,8.9,0.0,0.0,0.0,8.9,0.0,0.0,0.0,0.0,0.0
57930,FRB Solar Farm,32.108147,-110.824662,AZ,Pima,TEPC,Solar,1.9,0.0,0.0,0.0,0.0,0.0,0.0,0.0,1.9,0.0
57933,Solar Star California II LLC,38.516389,-121.47528,CA,Sacramento,BANC,Solar,2.0,0.0,0.0,0.0,0.0,0.0,0.0,0.0,2.0,0.0
57947,Macho Springs Power I,32.55434,-107.50929,NM,Luna,EPE,Wind,50.4,0.0,0.0,0.0,0.0,0.0,0.0,0.0,0.0,50.4
57959,Desert Green Solar Farm LLC,33.27055,-116.34805,CA,San Diego,CISO,Solar,6.3,0.0,0.0,0.0,0.0,0.0,0.0,0.0,6.3,0.0
57962,Brookfield Tehachapi 1,35.008333,-118.241389,CA,Kern,CISO,Wind,102.0,0.0,0.0,0.0,0.0,0.0,0.0,0.0,0.0,102.0
57963,Musselshell Wind Project,46.275278,-109.482778,MT,Wheatland,NWMT,Wind,10.0,0.0,0.0,0.0,0.0,0.0,0.0,0.0,0.0,10.0
57965,Musselshell Wind Project Two LLC,46.275278,-109.482778,MT,Wheatland,NWMT,Wind,10.0,0.0,0.0,0.0,0.0,0.0,0.0,0.0,0.0,10.0
57969,Darrington,48.269737,-121.599979,WA,Snohomish,BPAT,Other,4.5,0.0,0.0,0.0,0.0,0.0,0.0,4.5,0.0,0.0
57970,Butte College Main Campus Solar,39.648056,-121.644167,CA,Butte,CISO,Solar,3.5,0.0,0.0,0.0,0.0,0.0,0.0,0.0,3.5,0.0
57971,SF Southeast Cogen Plant,37.739722,-122.3925,CA,San Francisco,CISO,Other,2.1,0.0,0.0,0.0,0.0,0.0,0.0,2.1,0.0,0.0
57977,High Sierra Cogeneration Plant,40.4128,-120.4774,CA,Lassen,CISO,Natural Gas,6.2,0.0,0.0,0.0,6.2,0.0,0.0,0.0,0.0,0.0
57978,Lodi Energy Center,38.088056,-121.3875,CA,San Joaquin,CISO,Natural Gas,288.9,0.0,0.0,0.0,288.9,0.0,0.0,0.0,0.0,0.0
57980,Busch Ranch Wind Energy Farm,37.801111,-104.491944,CO,Huerfano,PSCO,Wind,29.0,0.0,0.0,0.0,0.0,0.0,0.0,0.0,0.0,29.0
57982,Meridian Vineyards,35.670278,-120.566944,CA,San Luis Obispo,CISO,Solar,1.1,0.0,0.0,0.0,0.0,0.0,0.0,0.0,1.1,0.0
57985,SunE EPE2 LLC,32.251667,-106.913333,NM,Dona Ana,EPE,Solar,12.0,0.0,0.0,0.0,0.0,0.0,0.0,0.0,12.0,0.0
57986,SunE EPE1 LLC,32.034383,-106.340986,NM,Dona Ana,EPE,Solar,10.0,0.0,0.0,0.0,0.0,0.0,0.0,0.0,10.0,0.0
57988,Lincoln Landfill,38.838056,-121.341944,CA,Placer,CISO,Other,4.8,0.0,0.0,0.0,0.0,0.0,0.0,4.8,0.0,0.0
57993,"Desert Sunlight 300, LLC",33.823056,-115.393889,CA,Riverside,CISO,Solar,313.7,0.0,0.0,0.0,0.0,0.0,0.0,0.0,313.7,0.0
57995,NaturEner Rim Rock Energy,48.820278,-112.103333,MT,Toole,WWA,Wind,189.0,0.0,0.0,0.0,0.0,0.0,0.0,0.0,0.0,189.0
57997,Foothills Solar Plant Hybrid,32.64856,-114.428741,AZ,Yuma,AZPS,Solar,73.0,35.0,0.0,0.0,0.0,0.0,0.0,0.0,38.0,0.0
58002,Alpaugh North,35.9025,-119.442778,CA,Tulare,CISO,Solar,20.0,0.0,0.0,0.0,0.0,0.0,0.0,0.0,20.0,0.0
58003,Alpaugh 50,35.898333,-119.435278,CA,Tulare,CISO,Solar,50.0,0.0,0.0,0.0,0.0,0.0,0.0,0.0,50.0,0.0
58006,Salt Palace Solar Gen Plant,40.767222,-111.895,UT,Salt Lake,PACE,Solar,1.3,0.0,0.0,0.0,0.0,0.0,0.0,0.0,1.3,0.0
58007,Brea Expansion Plant,33.932022,-117.840233,CA,Orange,CISO,Other,35.7,0.0,0.0,0.0,0.0,0.0,0.0,35.7,0.0,0.0
58010,WSMR I,32.395833,-106.47722,NM,Dona Ana,EPE,Solar,4.1,0.0,0.0,0.0,0.0,0.0,0.0,0.0,4.1,0.0
58017,Copper Mountain Solar 2,35.786389,-114.962778,NV,Clark,CISO,Solar,154.0,0.0,0.0,0.0,0.0,0.0,0.0,0.0,154.0,0.0
58019,High Mesa,42.88,-115.036667,ID,Twin Falls,IPCO,Wind,40.0,0.0,0.0,0.0,0.0,0.0,0.0,0.0,0.0,40.0
58022,Neal Hot Springs Geothermal Project,44.023056,-117.46806,OR,Malheur,IPCO,Geothermal,33.0,0.0,33.0,0.0,0.0,0.0,0.0,0.0,0.0,0.0
58028,IKEA Tejon 345,34.975278,-118.946944,CA,Kern,CISO,Solar,1.5,0.0,0.0,0.0,0.0,0.0,0.0,0.0,1.5,0.0
58034,Nickel 1 Solar Facility,35.647295,-119.716512,CA,Kern,CISO,Solar,1.5,0.0,0.0,0.0,0.0,0.0,0.0,0.0,1.5,0.0
58037,Buckeye Union HS District 201,33.419167,-112.576111,AZ,Maricopa,AZPS,Solar,3.3,0.0,0.0,0.0,0.0,0.0,0.0,0.0,3.3,0.0
58039,Axium Modesto Solar,37.734167,-120.995556,CA,Stanislaus,CISO,Solar,25.0,0.0,0.0,0.0,0.0,0.0,0.0,0.0,25.0,0.0
58042,Black Mountain Solar LLC,35.0227,-114.1627,AZ,Mohave,AZPS,Solar,9.0,0.0,0.0,0.0,0.0,0.0,0.0,0.0,9.0,0.0
58053,Vitro Flat Glass LLC,36.69,-119.72,CA,Fresno,CISO,Oil,3.3,0.0,0.0,0.0,0.0,0.0,3.3,0.0,0.0,0.0
58056,"Irwindale Brew Yard, LLC",34.121667,-117.938333,CA,Los Angeles,CISO,Natural Gas,13.4,0.0,0.0,0.0,10.4,0.0,0.0,0.5,2.5,0.0
58062,Imperial Valley Solar Company 1 LLC,33.245833,-115.496667,CA,Imperial,IID,Solar,23.0,0.0,0.0,0.0,0.0,0.0,0.0,0.0,23.0,0.0
58073,SEPV 1,34.618861,-117.939444,CA,Los Angeles,CISO,Solar,2.0,0.0,0.0,0.0,0.0,0.0,0.0,0.0,2.0,0.0
58074,SEPV 2,34.174167,-116.152778,CA,San Bernardino,CISO,Solar,2.0,0.0,0.0,0.0,0.0,0.0,0.0,0.0,2.0,0.0
58076,Edwards Air Force Base,34.9077,-117.9206,CA,Kern,CISO,Solar,3.0,0.0,0.0,0.0,0.0,0.0,0.0,0.0,3.0,0.0
58081,Western Sugar Coop- Ft Morgan,40.263,-103.8069,CO,Morgan,PSCO,Natural Gas,3.0,0.0,0.0,0.0,3.0,0.0,0.0,0.0,0.0,0.0
58085,PRC-Desoto Intl/PPG Aerospace,34.989722,-118.150556,CA,Kern,CISO,Oil,1.5,0.0,0.0,0.0,0.0,0.0,1.5,0.0,0.0,0.0
58086,Intel Folsom,38.645119,-121.172999,CA,Sacramento,BANC,Solar,1.0,0.0,0.0,0.0,0.0,0.0,0.0,0.0,1.0,0.0
58098,El Cabo Wind,34.651111,-105.461667,NM,Torrance,PNM,Wind,298.0,0.0,0.0,0.0,0.0,0.0,0.0,0.0,0.0,298.0
58099,Montague Wind Power Facility LLC,45.5857,-120.0904,OR,Gilliam,AVRN,Wind,200.0,0.0,0.0,0.0,0.0,0.0,0.0,0.0,0.0,200.0
58100,Kern Oil & Refining Co,35.295556,-118.918333,CA,Kern,CISO,Natural Gas,4.5,0.0,0.0,0.0,4.5,0.0,0.0,0.0,0.0,0.0
58101,Foundation Cemex River Plant,34.561944,-117.307222,CA,San Bernardino,CISO,Wind,3.2,0.0,0.0,0.0,0.0,0.0,0.0,0.0,0.0,3.2
58102,Foundation Cemex BMQ,34.623056,-117.1125,CA,San Bernardino,CISO,Wind,3.0,0.0,0.0,0.0,0.0,0.0,0.0,0.0,0.0,3.0
58104,Foundation Superior Farms,38.42,-121.818056,CA,Solano,CISO,Wind,1.0,0.0,0.0,0.0,0.0,0.0,0.0,0.0,0.0,1.0
58105,Foundation Wal-Mart Red Bluff,40.111111,-122.193889,CA,Tehama,CISO,Wind,1.0,0.0,0.0,0.0,0.0,0.0,0.0,0.0,0.0,1.0
58106,Meadow Creek Project Company,43.524429,-111.803921,ID,Bonneville,PACE,Wind,119.7,0.0,0.0,0.0,0.0,0.0,0.0,0.0,0.0,119.7
58109,Georgia-Pacific Toledo Mill,44.611944,-123.931944,OR,Lincoln,BPAT,Other,18.8,0.0,0.0,0.0,0.0,0.0,0.0,18.8,0.0,0.0
58112,Foundation Cemex Madison,38.692778,-121.9325,CA,Yolo,CISO,Wind,1.0,0.0,0.0,0.0,0.0,0.0,0.0,0.0,0.0,1.0
58113,Foundation RRM,33.917222,-116.815,CA,Riverside,CISO,Wind,2.0,0.0,0.0,0.0,0.0,0.0,0.0,0.0,0.0,2.0
58114,Foundation NWNA,33.914167,-116.749167,CA,Riverside,CISO,Wind,5.1,0.0,0.0,0.0,0.0,0.0,0.0,0.0,0.0,5.1
58118,La Joya Del Sol,36.678611,-119.7975,CA,Fresno,CISO,Solar,1.5,0.0,0.0,0.0,0.0,0.0,0.0,0.0,1.5,0.0
58119,Depot Park Solar System,38.515,-121.398333,CA,Sacramento,BANC,Solar,3.0,0.0,0.0,0.0,0.0,0.0,0.0,0.0,3.0,0.0
58122,Delano Energy Center,35.790864,-119.294469,CA,Tulare,CISO,Natural Gas,60.5,0.0,0.0,0.0,60.5,0.0,0.0,0.0,0.0,0.0
58125,Quay County,35.182778,-103.731111,NM,Quay,SWPP,Oil,27.0,0.0,0.0,0.0,0.0,0.0,27.0,0.0,0.0,0.0
58126,Limon Wind I,39.380975,-103.573236,CO,Lincoln,PSCO,Wind,200.0,0.0,0.0,0.0,0.0,0.0,0.0,0.0,0.0,200.0
58127,Limon Wind II,39.341389,-103.581111,CO,Lincoln,PSCO,Wind,200.0,0.0,0.0,0.0,0.0,0.0,0.0,0.0,0.0,200.0
58128,Kaiser Downey,33.919167,-118.128611,CA,Los Angeles,CISO,Natural Gas,1.0,0.0,0.0,0.0,1.0,0.0,0.0,0.0,0.0,0.0
58130,Blue Mountain Biogas,38.173889,-113.297222,UT,Beaver,PACE,Other,3.2,0.0,0.0,0.0,0.0,0.0,0.0,3.2,0.0,0.0
58131,Outback Solar At Christmas Valley,43.236944,-120.49,OR,Lake,BPAT,Solar,4.4,0.0,0.0,0.0,0.0,0.0,0.0,0.0,4.4,0.0
58132,Kaiser Ontario,34.0325,-117.608889,CA,San Bernardino,CISO,Natural Gas,1.0,0.0,0.0,0.0,1.0,0.0,0.0,0.0,0.0,0.0
58139,Central Energy Plant USU,41.748611,-111.811667,UT,Cache,PACE,Natural Gas,5.0,0.0,0.0,0.0,5.0,0.0,0.0,0.0,0.0,0.0
58147,Prescott Solar Plant,34.649444,-112.4275,AZ,Yavapai,AZPS,Solar,10.8,0.0,0.0,0.0,0.0,0.0,0.0,0.0,10.8,0.0
58148,RE Kansas South LLC,36.226111,-119.834167,CA,Kings,CISO,Solar,20.0,0.0,0.0,0.0,0.0,0.0,0.0,0.0,20.0,0.0
58149,TA-High Desert LLC,34.708889,-118.304722,CA,Los Angeles,CISO,Solar,20.0,0.0,0.0,0.0,0.0,0.0,0.0,0.0,20.0,0.0
58150,Black Cap Solar Plant,42.17505,-120.362631,OR,Lake,PACW,Solar,2.0,0.0,0.0,0.0,0.0,0.0,0.0,0.0,2.0,0.0
58154,North Sky River Energy LLC,35.347778,-118.186389,CA,Kern,CISO,Wind,162.0,0.0,0.0,0.0,0.0,0.0,0.0,0.0,0.0,162.0
58155,Perrin Ranch Wind LLC,35.415556,-112.271111,AZ,Coconino,AZPS,Wind,99.2,0.0,0.0,0.0,0.0,0.0,0.0,0.0,0.0,99.2
58168,Energy Center,34.063056,-117.163889,CA,San Bernardino,CISO,Natural Gas,0.9,0.0,0.0,0.0,0.9,0.0,0.0,0.0,0.0,0.0
58169,CSUF Trigeneration,33.880638,-117.88656,CA,Orange,CISO,Natural Gas,8.9,0.0,0.0,0.0,4.6,0.0,0.0,0.0,4.3,0.0
58171,Prairie Fire,32.116389,-110.82,AZ,Pima,TEPC,Solar,4.5,0.0,0.0,0.0,0.0,0.0,0.0,0.0,4.5,0.0
58190,Thomas M Knott Cogen Facility,35.184444,-120.618333,CA,San Luis Obispo,CISO,Natural Gas,1.4,0.0,0.0,0.0,1.4,0.0,0.0,0.0,0.0,0.0
58191,US Magnesium,40.913333,-112.733889,UT,Tooele,PACE,Natural Gas,48.0,0.0,0.0,0.0,48.0,0.0,0.0,0.0,0.0,0.0
58198,Parnassus Central Utility Plant,37.762524,-122.456747,CA,San Francisco,CISO,Natural Gas,13.4,0.0,0.0,0.0,13.4,0.0,0.0,0.0,0.0,0.0
58199,Arizona State University CHP,33.417222,-111.928333,AZ,Maricopa,AZPS,Natural Gas,17.1,0.0,0.0,0.0,17.1,0.0,0.0,0.0,0.0,0.0
58202,RE Victor Phelan Solar One LLC,34.51231,-117.47753,CA,San Bernardino,CISO,Solar,20.0,0.0,0.0,0.0,0.0,0.0,0.0,0.0,20.0,0.0
58204,Grassland 3&4 Solar Project,38.500278,-121.694167,CA,Yolo,CISO,Solar,2.0,0.0,0.0,0.0,0.0,0.0,0.0,0.0,2.0,0.0
58206,West Gates Solar Station,36.142222,-120.1325,CA,Fresno,CISO,Solar,10.0,0.0,0.0,0.0,0.0,0.0,0.0,0.0,10.0,0.0
58213,Saddle Mountain Solar I,33.378333,-113.180833,AZ,Maricopa,AZPS,Solar,15.0,0.0,0.0,0.0,0.0,0.0,0.0,0.0,15.0,0.0
58217,Grassland 1&2 Solar Project,38.500278,-121.694167,CA,Yolo,CISO,Solar,2.0,0.0,0.0,0.0,0.0,0.0,0.0,0.0,2.0,0.0
58218,Spion Kop Wind Farm,47.333333,-110.639167,MT,Judith Basin,NWMT,Wind,40.0,0.0,0.0,0.0,0.0,0.0,0.0,0.0,0.0,40.0
58223,Hoag Hospital Cogen Plant,33.622778,-117.936389,CA,Orange,CISO,Natural Gas,5.5,1.0,0.0,0.0,4.5,0.0,0.0,0.0,0.0,0.0
58226,Newberry Solar 1 LLC,34.853581,-116.683108,CA,San Bernardino,CISO,Solar,1.5,0.0,0.0,0.0,0.0,0.0,0.0,0.0,1.5,0.0
58227,SEPV9 Power Plant,34.192222,-116.090278,CA,San Bernardino,CISO,Solar,9.0,0.0,0.0,0.0,0.0,0.0,0.0,0.0,9.0,0.0
58232,Tahquitz High School,33.767222,-117.0175,CA,Riverside,CISO,Solar,1.0,0.0,0.0,0.0,0.0,0.0,0.0,0.0,1.0,0.0
58233,Wagner Wind LLC,33.908889,-116.555556,CA,Riverside,CISO,Wind,6.0,0.0,0.0,0.0,0.0,0.0,0.0,0.0,0.0,6.0
58234,SEPV 8,34.171944,-116.1525,CA,San Bernardino,CISO,Solar,12.0,0.0,0.0,0.0,0.0,0.0,0.0,0.0,12.0,0.0
58240,Kit Carson,36.966667,-105.438056,NM,Taos,PNM,Solar,1.3,0.0,0.0,0.0,0.0,0.0,0.0,0.0,1.3,0.0
58244,West Valley High School Solar,33.719722,-117.009722,CA,Riverside,CISO,Solar,1.0,0.0,0.0,0.0,0.0,0.0,0.0,0.0,1.0,0.0
58248,Pierce College,34.183611,-118.574722,CA,Los Angeles,LDWP,Solar,1.9,0.0,0.0,0.0,0.0,0.0,0.0,0.0,1.9,0.0
58249,VA Sepulveda Ambulatory Care Center,34.248889,-118.483333,CA,Los Angeles,LDWP,Solar,4.4,0.0,0.0,0.0,0.0,0.0,0.0,0.0,4.4,0.0
58251,C&H Sugar Plant,38.057222,-122.218889,CA,Contra Costa,CISO,Other,8.0,0.0,0.0,0.0,0.0,0.0,0.0,8.0,0.0,0.0
58253,CBS Television City,34.075,-118.36,CA,Los Angeles,LDWP,Solar,1.6,0.0,0.0,0.0,0.0,0.0,0.0,0.0,1.6,0.0
58256,Los Alamos PV Site,35.875556,-106.31,NM,Los Alamos,PNM,Solar,1.0,0.0,0.0,0.0,0.0,0.0,0.0,0.0,1.0,0.0
58258,Central Utilities Plant LAX 2,33.943889,-118.404167,CA,Los Angeles,LDWP,Natural Gas,9.2,0.0,0.0,0.0,9.2,0.0,0.0,0.0,0.0,0.0
58261,FAA NorCal TRACON,38.559533,-121.257556,CA,Sacramento,BANC,Solar,1.0,0.0,0.0,0.0,0.0,0.0,0.0,0.0,1.0,0.0
58262,Badger 1,33.498003,-112.813458,AZ,Maricopa,AZPS,Solar,14.8,0.0,0.0,0.0,0.0,0.0,0.0,0.0,14.8,0.0
58266,Port Westward Unit 2,46.178889,-123.171944,OR,Columbia,PGE,Natural Gas,225.6,0.0,0.0,0.0,225.6,0.0,0.0,0.0,0.0,0.0
58284,La Luz Energy Center,34.616111,-106.815,NM,Valencia,PNM,Natural Gas,42.3,0.0,0.0,0.0,42.3,0.0,0.0,0.0,0.0,0.0
58289,Venable Solar 1,33.598889,-114.571667,CA,Riverside,CISO,Solar,1.5,0.0,0.0,0.0,0.0,0.0,0.0,0.0,1.5,0.0
58290,Venable Solar 2,33.597222,-114.571667,CA,Riverside,CISO,Solar,1.5,0.0,0.0,0.0,0.0,0.0,0.0,0.0,1.5,0.0
58292,Jewish Community Center PV,33.603056,-111.924722,AZ,Maricopa,AZPS,Solar,1.1,0.0,0.0,0.0,0.0,0.0,0.0,0.0,1.1,0.0
58293,Paradise Valley H.S. PV,33.6416,-111.9997,AZ,Maricopa,AZPS,Solar,1.3,0.0,0.0,0.0,0.0,0.0,0.0,0.0,1.3,0.0
58297,Roll Delano,35.734167,-119.236667,CA,Kern,CISO,Natural Gas,1.2,0.0,0.0,0.0,1.2,0.0,0.0,0.0,0.0,0.0
58299,Xilinx San Jose,37.252778,-121.934167,CA,Santa Clara,CISO,Natural Gas,1.0,0.0,0.0,0.0,1.0,0.0,0.0,0.0,0.0,0.0
58302,Life Technologies Carlsbad,33.137222,-117.286944,CA,San Diego,CISO,Natural Gas,1.1,0.0,0.0,0.0,1.1,0.0,0.0,0.0,0.0,0.0
58304,Kingsburg Solar,36.505278,-119.540278,CA,Tulare,CISO,Solar,3.7,0.0,0.0,0.0,0.0,0.0,0.0,0.0,3.7,0.0
58306,Exeter Solar,36.2675,-119.128581,CA,Tulare,CISO,Solar,3.5,0.0,0.0,0.0,0.0,0.0,0.0,0.0,3.5,0.0
58307,Ivanhoe Solar,36.3875,-119.255,CA,Tulare,CISO,Solar,3.5,0.0,0.0,0.0,0.0,0.0,0.0,0.0,3.5,0.0
58308,Lindsay Solar,36.211944,-119.133889,CA,Tulare,CISO,Solar,4.0,0.0,0.0,0.0,0.0,0.0,0.0,0.0,4.0,0.0
58309,Porterville Solar,36.102778,-119.039722,CA,Tulare,CISO,Solar,3.5,0.0,0.0,0.0,0.0,0.0,0.0,0.0,3.5,0.0
58319,"Patua Acquisition Project, LLC",39.585833,-119.073056,NV,Churchill,NEVP,Geothermal,58.6,0.0,48.0,0.0,0.0,0.0,0.0,0.0,10.6,0.0
58320,G2 Energy Hay Rd,38.314722,-121.833611,CA,Solano,CISO,Other,1.6,0.0,0.0,0.0,0.0,0.0,0.0,1.6,0.0,0.0
58324,Vansycle II Wind Energy Center,45.899167,-118.591389,OR,Umatilla,PACW,Wind,102.3,0.0,0.0,0.0,0.0,0.0,0.0,0.0,0.0,102.3
58352,McKinley Paper Co. - Washington Mill,48.134722,-123.465556,WA,Clallam,BPAT,Other,12.6,0.0,0.0,0.0,0.0,0.0,0.0,12.6,0.0,0.0
58354,Radiance Solar 4,34.665556,-118.288056,CA,Los Angeles,CISO,Solar,1.5,0.0,0.0,0.0,0.0,0.0,0.0,0.0,1.5,0.0
58355,Radiance Solar 5,34.665556,-118.286944,CA,Los Angeles,CISO,Solar,1.5,0.0,0.0,0.0,0.0,0.0,0.0,0.0,1.5,0.0
58366,Atwell Island,35.895,-119.510833,CA,Tulare,CISO,Solar,20.2,0.0,0.0,0.0,0.0,0.0,0.0,0.0,20.2,0.0
58370,Gridley Main,39.373333,-121.684167,CA,Butte,CISO,Solar,1.0,0.0,0.0,0.0,0.0,0.0,0.0,0.0,1.0,0.0
58371,Gridley Main Two,39.373333,-121.681667,CA,Butte,CISO,Solar,2.5,0.0,0.0,0.0,0.0,0.0,0.0,0.0,2.5,0.0
58373,White River Solar,35.871389,-119.4625,CA,Tulare,CISO,Solar,20.0,0.0,0.0,0.0,0.0,0.0,0.0,0.0,20.0,0.0
58374,Corcoran Solar,36.138333,-119.573333,CA,Kings,CISO,Solar,20.0,0.0,0.0,0.0,0.0,0.0,0.0,0.0,20.0,0.0
58376,Oakley Solar Project,38.001667,-121.747778,CA,Contra Costa,CISO,Solar,1.5,0.0,0.0,0.0,0.0,0.0,0.0,0.0,1.5,0.0
58379,Cold Canyon 1,35.186667,-120.599444,CA,San Luis Obispo,CISO,Other,1.5,0.0,0.0,0.0,0.0,0.0,0.0,1.5,0.0,0.0
58382,Threemile Digester,45.71,-119.901111,OR,Morrow,PACW,Natural Gas,4.8,0.0,0.0,0.0,4.8,0.0,0.0,0.0,0.0,0.0
58383,Hyder II Hybrid,33.027,-113.3489,AZ,Yuma,AZPS,Battery Storage,28.0,14.0,0.0,0.0,0.0,0.0,0.0,0.0,14.0,0.0
58384,Fargo Drop,43.625,-116.899722,ID,Canyon,IPCO,Hydro,1.1,0.0,0.0,1.1,0.0,0.0,0.0,0.0,0.0,0.0
58388,Solar Star 1,34.8181,-118.4036,CA,Kern,CISO,Solar,318.0,0.0,0.0,0.0,0.0,0.0,0.0,0.0,318.0,0.0
58389,Solar Star 2,34.848611,-118.352778,CA,Kern,CISO,Solar,279.0,0.0,0.0,0.0,0.0,0.0,0.0,0.0,279.0,0.0
58392,Flint Creek Hydroelectric LLC,46.2275,-113.294722,MT,Granite,NWMT,Hydro,2.0,0.0,0.0,2.0,0.0,0.0,0.0,0.0,0.0,0.0
58394,Alta Wind X,35.06,-118.2,CA,Kern,CISO,Wind,138.0,0.0,0.0,0.0,0.0,0.0,0.0,0.0,0.0,138.0
58395,Alta Wind XI,35.065,-118.39,CA,Kern,CISO,Wind,90.0,0.0,0.0,0.0,0.0,0.0,0.0,0.0,0.0,90.0
58397,Ameresco Johnson Canyon,36.534167,-121.408611,CA,Monterey,CISO,Other,1.4,0.0,0.0,0.0,0.0,0.0,0.0,1.4,0.0,0.0
58398,Heber Solar,32.7125,-115.540556,CA,Imperial,IID,Solar,10.9,0.0,0.0,0.0,0.0,0.0,0.0,0.0,10.9,0.0
58413,Copper Crossing Energy and Research Cent,33.15512,-111.483636,AZ,Pinal,SRP,Natural Gas,99.8,0.0,0.0,0.0,99.8,0.0,0.0,0.0,0.0,0.0
58417,Lone Valley Solar Park I LLC,34.398059,-116.865517,CA,San Bernardino,CISO,Solar,10.0,0.0,0.0,0.0,0.0,0.0,0.0,0.0,10.0,0.0
58418,Victor Dry Farm Ranch A,34.501111,-117.466667,CA,San Bernardino,CISO,Solar,5.0,0.0,0.0,0.0,0.0,0.0,0.0,0.0,5.0,0.0
58419,Victor Dry Farm Ranch B,34.497778,-117.471111,CA,San Bernardino,CISO,Solar,5.0,0.0,0.0,0.0,0.0,0.0,0.0,0.0,5.0,0.0
58422,CSU Northridge Plant,34.243333,-118.530556,CA,Los Angeles,LDWP,Solar,0.6,0.0,0.0,0.0,0.0,0.0,0.0,0.0,0.6,0.0
58429,Sunshine Gas Producers,34.335678,-118.519188,CA,Los Angeles,CISO,Other,23.0,0.0,0.0,0.0,0.0,0.0,0.0,23.0,0.0,0.0
58430,Centinela Solar Energy,32.686944,-115.647778,CA,Imperial,CISO,Solar,174.8,0.0,0.0,0.0,0.0,0.0,0.0,0.0,174.8,0.0
58432,Glass House Camarillo Cultivation,34.179722,-119.083056,CA,Ventura,CISO,Natural Gas,13.2,0.0,0.0,0.0,13.2,0.0,0.0,0.0,0.0,0.0
58435,Ameresco Vasco Road,37.754444,-121.728889,CA,Alameda,CISO,Other,4.4,0.0,0.0,0.0,0.0,0.0,0.0,4.4,0.0,0.0
58436,Ameresco San Joaquin,38.029722,-120.929722,CA,San Joaquin,CISO,Other,4.4,0.0,0.0,0.0,0.0,0.0,0.0,4.4,0.0,0.0
58437,Ameresco Forward,37.883406,-121.185104,CA,San Joaquin,CISO,Other,4.4,0.0,0.0,0.0,0.0,0.0,0.0,4.4,0.0,0.0
58441,Swauk Wind LLC,47.139167,-120.753056,WA,Kittitas,PSEI,Wind,4.3,0.0,0.0,0.0,0.0,0.0,0.0,0.0,0.0,4.3
58445,Arrache 4006,34.655,-118.051111,CA,Los Angeles,CISO,Solar,2.0,0.0,0.0,0.0,0.0,0.0,0.0,0.0,2.0,0.0
58446,Arrache 4013,34.650556,-118.051944,CA,Los Angeles,CISO,Solar,1.5,0.0,0.0,0.0,0.0,0.0,0.0,0.0,1.5,0.0
58447,Arrache 8083,34.647778,-118.061111,CA,Los Angeles,CISO,Solar,4.0,0.0,0.0,0.0,0.0,0.0,0.0,0.0,4.0,0.0
58448,Nunn,34.509167,-117.154444,CA,San Bernardino,CISO,Solar,1.0,0.0,0.0,0.0,0.0,0.0,0.0,0.0,1.0,0.0
58449,Rutan,34.643889,-118.163056,CA,Los Angeles,CISO,Solar,4.0,0.0,0.0,0.0,0.0,0.0,0.0,0.0,4.0,0.0
58450,Vinam,34.668889,-118.061389,CA,Los Angeles,CISO,Solar,1.5,0.0,0.0,0.0,0.0,0.0,0.0,0.0,1.5,0.0
58451,Ma,34.695278,-118.0625,CA,Los Angeles,CISO,Solar,1.5,0.0,0.0,0.0,0.0,0.0,0.0,0.0,1.5,0.0
58452,Horn,34.708889,-118.274167,CA,Los Angeles,CISO,Solar,1.5,0.0,0.0,0.0,0.0,0.0,0.0,0.0,1.5,0.0
58454,Watts 3115,34.600833,-117.642222,CA,San Bernardino,CISO,Solar,2.0,0.0,0.0,0.0,0.0,0.0,0.0,0.0,2.0,0.0
58455,45 Mile Hydroelectric Project,44.528056,-121.152778,OR,Jefferson,PACW,Hydro,3.0,0.0,0.0,3.0,0.0,0.0,0.0,0.0,0.0,0.0
58462,McCoy Solar Energy Project Hybrid,33.694722,-114.739722,CA,Riverside,CISO,Solar,500.6,230.0,0.0,0.0,0.0,0.0,0.0,0.0,270.6,0.0
58464,Broadview Energy Prime LLC,34.746944,-103.325,NM,Curry,SWPP,Wind,9.9,0.0,0.0,0.0,0.0,0.0,0.0,0.0,0.0,9.9
58465,Broadview Energy Prime 2 LLC,34.728056,-103.305,NM,Curry,SWPP,Wind,9.9,0.0,0.0,0.0,0.0,0.0,0.0,0.0,0.0,9.9
58467,Campo Verde Solar,32.753333,-115.726389,CA,Imperial,CISO,Solar,147.4,0.0,0.0,0.0,0.0,0.0,0.0,0.0,147.4,0.0
58470,C-Drop Hydro,42.165833,-121.685,OR,Klamath,PACW,Hydro,1.1,0.0,0.0,1.1,0.0,0.0,0.0,0.0,0.0,0.0
58477,Las Vegas WPCF Solar Plant,36.134444,-115.035278,NV,Clark,NEVP,Solar,3.3,0.0,0.0,0.0,0.0,0.0,0.0,0.0,3.3,0.0
58479,SEV NM Phase 2,33.351111,-104.506944,NM,Chaves,SWPP,Solar,2.0,0.0,0.0,0.0,0.0,0.0,0.0,0.0,2.0,0.0
58481,CSU Pueblo,38.306111,-104.58,CO,Pueblo,WACM,Solar,1.0,0.0,0.0,0.0,0.0,0.0,0.0,0.0,1.0,0.0
58486,"Picture Rocks Solar, LLC",32.369722,-111.242778,AZ,Pima,TEPC,Solar,20.0,0.0,0.0,0.0,0.0,0.0,0.0,0.0,20.0,0.0
58489,Apex Solar PV Power Project,36.39,-114.97,NV,Clark,NEVP,Solar,20.0,0.0,0.0,0.0,0.0,0.0,0.0,0.0,20.0,0.0
58490,Spectrum Solar PV Power Project,36.23,-114.87,NV,Clark,NEVP,Solar,30.2,0.0,0.0,0.0,0.0,0.0,0.0,0.0,30.2,0.0
58498,RE Rosamond One LLC,34.9,-118.246944,CA,Kern,CISO,Solar,20.0,0.0,0.0,0.0,0.0,0.0,0.0,0.0,20.0,0.0
58499,RE Rosamond Two LLC,34.900278,-118.238333,CA,Kern,CISO,Solar,20.0,0.0,0.0,0.0,0.0,0.0,0.0,0.0,20.0,0.0
58500,RE Rio Grande Solar LLC,35.00745,-118.16451,CA,Kern,CISO,Solar,5.0,0.0,0.0,0.0,0.0,0.0,0.0,0.0,5.0,0.0
58501,RE Gillespie 1 LLC,33.026389,-112.665833,AZ,Maricopa,AZPS,Solar,15.0,0.0,0.0,0.0,0.0,0.0,0.0,0.0,15.0,0.0
58502,RE Columbia 3 LLC,35.024722,-118.164167,CA,Kern,CISO,Solar,10.0,0.0,0.0,0.0,0.0,0.0,0.0,0.0,10.0,0.0
58503,Carty Generating Station,45.698611,-119.813056,OR,Morrow,PGE,Natural Gas,500.0,0.0,0.0,0.0,500.0,0.0,0.0,0.0,0.0,0.0
58506,Chuckawalla Solar,33.568333,-114.918056,CA,Riverside,CISO,Solar,4.0,0.0,0.0,0.0,0.0,0.0,0.0,0.0,4.0,0.0
58508,Bear Creek Solar,38.136389,-121.148889,CA,San Joaquin,CISO,Solar,1.5,0.0,0.0,0.0,0.0,0.0,0.0,0.0,1.5,0.0
58509,Vintner Solar,35.55795,-120.68287,CA,San Luis Obispo,CISO,Solar,1.5,0.0,0.0,0.0,0.0,0.0,0.0,0.0,1.5,0.0
58510,Kettleman Solar Project,38.12139,-121.14122,CA,San Joaquin,CISO,Solar,1.0,0.0,0.0,0.0,0.0,0.0,0.0,0.0,1.0,0.0
58513,Ironwood Solar LLC,33.565,-114.918056,CA,Riverside,CISO,Solar,4.0,0.0,0.0,0.0,0.0,0.0,0.0,0.0,4.0,0.0
58514,Desert Hot Springs Solar,33.923056,-116.53,CA,Riverside,CISO,Solar,2.3,0.0,0.0,0.0,0.0,0.0,0.0,0.0,2.3,0.0
58516,Union HS at Casa Grande,32.936944,-111.738611,AZ,Pinal,AZPS,Solar,1.6,0.0,0.0,0.0,0.0,0.0,0.0,0.0,1.6,0.0
58517,Vista Grande HS at Casa Grande,32.891389,-111.713056,AZ,Pinal,AZPS,Solar,1.4,0.0,0.0,0.0,0.0,0.0,0.0,0.0,1.4,0.0
58520,Otero Solar,32.976389,-105.971111,NM,Otero,PNM,Solar,8.0,0.0,0.0,0.0,0.0,0.0,0.0,0.0,8.0,0.0
58521,Manzano Solar,34.746667,-106.654444,NM,Valencia,PNM,Solar,8.4,0.0,0.0,0.0,0.0,0.0,0.0,0.0,8.4,0.0
58522,Madera Community Hospital,36.941111,-120.046667,CA,Madera,CISO,Solar,1.0,0.0,0.0,0.0,0.0,0.0,0.0,0.0,1.0,0.0
58523,Stoltze CoGen1,48.3877,-114.2409,MT,Flathead,BPAT,Other,2.8,0.0,0.0,0.0,0.0,0.0,0.0,2.8,0.0,0.0
58525,City of Hayward WWTP,37.633526,-122.139717,CA,Alameda,CISO,Solar,2.7,0.0,0.0,0.0,0.0,0.0,0.0,1.1,1.6,0.0
58527,Crown Cooling Facility,32.967222,-115.5325,CA,Imperial,IID,Solar,1.0,0.0,0.0,0.0,0.0,0.0,0.0,0.0,1.0,0.0
58528,Garnet Solar Generation Station I LLC,33.8906,-116.5431,CA,Riverside,CISO,Solar,4.0,0.0,0.0,0.0,0.0,0.0,0.0,0.0,4.0,0.0
58533,Don A Campbell 1 Geothermal,38.836667,-118.323889,NV,Mineral,NEVP,Geothermal,20.0,0.0,20.0,0.0,0.0,0.0,0.0,0.0,0.0,0.0
58539,Lake Pleasant WTP,33.820556,-112.24,AZ,Maricopa,AZPS,Solar,6.5,0.0,0.0,0.0,0.0,0.0,0.0,0.0,6.5,0.0
58540,Silver City WWTP PV Project,32.713889,-108.248056,NM,Grant,PNM,Solar,1.0,0.0,0.0,0.0,0.0,0.0,0.0,0.0,1.0,0.0
58542,"Desert Sunlight 250, LLC",33.8055,-115.3947,CA,Riverside,CISO,Solar,249.7,0.0,0.0,0.0,0.0,0.0,0.0,0.0,249.7,0.0
58543,"Gilbert Solar Facility I, LLC",33.355862,-111.802355,AZ,Maricopa,AZPS,Solar,2.0,0.0,0.0,0.0,0.0,0.0,0.0,0.0,2.0,0.0
58544,Mountain View Solar,36.390556,-114.964444,NV,Clark,NEVP,Solar,20.0,0.0,0.0,0.0,0.0,0.0,0.0,0.0,20.0,0.0
58545,Community Solar 1,32.982778,-115.481944,CA,Imperial,IID,Solar,5.7,0.0,0.0,0.0,0.0,0.0,0.0,0.0,5.7,0.0
58547,SMPA Solar 1 Community Solar,38.2725,-108.785556,CO,Montrose,PSCO,Solar,1.0,0.0,0.0,0.0,0.0,0.0,0.0,0.0,1.0,0.0
58548,Huerfano River Wind,37.772222,-104.832222,CO,Huerfano,WACM,Wind,8.0,0.0,0.0,0.0,0.0,0.0,0.0,0.0,0.0,8.0
58557,Mesquite Generating Station Block 1,33.345,-112.864167,AZ,Maricopa,SRP,Natural Gas,691.6,0.0,0.0,0.0,691.6,0.0,0.0,0.0,0.0,0.0
58570,Cove Fort,38.560278,-112.581111,UT,Beaver,PACE,Geothermal,25.0,0.0,25.0,0.0,0.0,0.0,0.0,0.0,0.0,0.0
58571,Tucannon River Wind Farm,46.421111,-118.026944,WA,Columbia,PGE,Wind,266.8,0.0,0.0,0.0,0.0,0.0,0.0,0.0,0.0,266.8
58574,Eagle Valley Clean Energy LLC Biomass,39.648056,-106.943056,CO,Eagle,PSCO,Other,12.6,0.0,0.0,0.0,0.0,0.0,0.0,12.6,0.0,0.0
58576,GSE NM1,33.3,-104.4,NM,Chaves,SWPP,Solar,2.3,0.0,0.0,0.0,0.0,0.0,0.0,0.0,2.3,0.0
58578,Sonora 1,37.889753,-120.528723,CA,Tuolumne,CISO,Solar,1.5,0.0,0.0,0.0,0.0,0.0,0.0,0.0,1.5,0.0
58581,Oltmans SCE at Champagne,34.043889,-117.531111,CA,San Bernardino,CISO,Solar,1.0,0.0,0.0,0.0,0.0,0.0,0.0,0.0,1.0,0.0
58582,Oltmans SCE at Jurupa,34.05,-117.596111,CA,San Bernardino,CISO,Solar,1.5,0.0,0.0,0.0,0.0,0.0,0.0,0.0,1.5,0.0
58585,Sierra Nevada Brewing Co Hybrid,39.724167,-121.815278,CA,Butte,CISO,Natural Gas,4.2,0.5,0.0,0.0,2.0,0.0,0.0,0.0,1.7,0.0
58588,Sue Cleveland High School,35.313333,-106.657778,NM,Sandoval,PNM,Solar,1.0,0.0,0.0,0.0,0.0,0.0,0.0,0.0,1.0,0.0
58589,Rio Rancho High School,35.264444,-106.667778,NM,Sandoval,PNM,Solar,1.0,0.0,0.0,0.0,0.0,0.0,0.0,0.0,1.0,0.0
58590,Cascade Solar,34.157222,-116.234444,CA,San Bernardino,CISO,Solar,18.5,0.0,0.0,0.0,0.0,0.0,0.0,0.0,18.5,0.0
58591,POTB Digester,45.414444,-123.804167,OR,Tillamook,BPAT,Other,1.0,0.0,0.0,0.0,0.0,0.0,0.0,1.0,0.0,0.0
58592,Solar Gen 2 Solar Facility,33.08,-115.47,CA,Imperial,CISO,Solar,163.2,0.0,0.0,0.0,0.0,0.0,0.0,0.0,163.2,0.0
58593,DGS Central Utility Plant,38.573889,-121.501389,CA,Sacramento,BANC,Natural Gas,3.9,0.0,0.0,0.0,2.9,0.0,1.0,0.0,0.0,0.0
58597,HTW Plant 303 COGEN,40.763056,-111.841667,UT,Salt Lake,PACE,Natural Gas,7.4,0.0,0.0,0.0,7.4,0.0,0.0,0.0,0.0,0.0
58598,Beryl Solar Plant,37.639167,-113.645833,UT,Iron,PACE,Solar,3.0,0.0,0.0,0.0,0.0,0.0,0.0,0.0,3.0,0.0
58599,Cedar Valley Solar Plant,37.807778,-113.09,UT,Iron,PACE,Solar,3.0,0.0,0.0,0.0,0.0,0.0,0.0,0.0,3.0,0.0
58600,Buckhorn Solar Plant,38.023333,-112.731667,UT,Iron,PACE,Solar,3.0,0.0,0.0,0.0,0.0,0.0,0.0,0.0,3.0,0.0
58601,Milford Flat Solar Plant,38.291389,-113.008333,UT,Beaver,PACE,Solar,3.0,0.0,0.0,0.0,0.0,0.0,0.0,0.0,3.0,0.0
58602,Laho Solar Plant,38.291389,-113.035556,UT,Beaver,PACE,Solar,3.0,0.0,0.0,0.0,0.0,0.0,0.0,0.0,3.0,0.0
58603,Greenville Solar Plant,38.256111,-112.735833,UT,Beaver,PACE,Solar,2.2,0.0,0.0,0.0,0.0,0.0,0.0,0.0,2.2,0.0
58604,Granite Peak Solar Plant,38.402778,-112.988889,UT,Beaver,PACE,Solar,3.0,0.0,0.0,0.0,0.0,0.0,0.0,0.0,3.0,0.0
58607,One Market Plaza,37.793333,-122.394167,CA,San Francisco,CISO,Natural Gas,1.5,0.0,0.0,0.0,1.5,0.0,0.0,0.0,0.0,0.0
58609,Industry Solar Power Generation Station,34.553056,-117.456944,CA,San Bernardino,CISO,Solar,1.5,0.0,0.0,0.0,0.0,0.0,0.0,0.0,1.5,0.0
58610,Navajo Solar Power Generation Station 1,34.551111,-117.191111,CA,San Bernardino,CISO,Solar,1.5,0.0,0.0,0.0,0.0,0.0,0.0,0.0,1.5,0.0
58611,Powhatan Solar Power Generation Station,34.496944,-117.145,CA,San Bernardino,CISO,Solar,1.5,0.0,0.0,0.0,0.0,0.0,0.0,0.0,1.5,0.0
58612,Otoe Solar Power Generation Station 1 LL,34.545,-117.191944,CA,San Bernardino,CISO,Solar,1.5,0.0,0.0,0.0,0.0,0.0,0.0,0.0,1.5,0.0
58616,Westlands Solar PV Farm,36.138056,-120.075833,CA,Fresno,CISO,Solar,18.0,0.0,0.0,0.0,0.0,0.0,0.0,0.0,18.0,0.0
58619,Transamerica Pyramid,37.795556,-122.402778,CA,San Francisco,CISO,Natural Gas,1.0,0.0,0.0,0.0,1.0,0.0,0.0,0.0,0.0,0.0
58621,Sol Orchard El Centro PV,32.803333,-115.546389,CA,Imperial,IID,Solar,20.0,0.0,0.0,0.0,0.0,0.0,0.0,0.0,20.0,0.0
58622,Carter Hydro,40.324167,-105.208889,CO,Larimer,WACM,Hydro,2.6,0.0,0.0,2.6,0.0,0.0,0.0,0.0,0.0,0.0
58625,Santa Rita Jail Hybrid,37.719167,-121.886944,CA,Alameda,CISO,Solar,2.9,0.0,0.0,0.0,1.4,0.0,0.0,0.0,1.5,0.0
58626,Western Antelope Blue Sky Ranch A,34.681667,-118.324722,CA,Los Angeles,CISO,Solar,20.0,0.0,0.0,0.0,0.0,0.0,0.0,0.0,20.0,0.0
58627,Western Antelope Dry Ranch,34.688889,-118.320278,CA,Los Angeles,CISO,Solar,10.0,0.0,0.0,0.0,0.0,0.0,0.0,0.0,10.0,0.0
58629,Lightning Dock Geothermal,32.144722,-108.838333,NM,Hidalgo,PNM,Geothermal,19.2,0.0,19.2,0.0,0.0,0.0,0.0,0.0,0.0,0.0
58632,Actus Lend Lease DMAFB,32.1825,-110.863333,AZ,Pima,TEPC,Solar,3.0,0.0,0.0,0.0,0.0,0.0,0.0,0.0,3.0,0.0
58633,Monterey Regional Water Pollution Contro,36.721111,-121.787778,CA,Monterey,CISO,Solar,1.0,0.0,0.0,0.0,0.0,0.0,0.0,0.0,1.0,0.0
58634,Lancaster Baptist Church,34.695833,-118.058889,CA,Los Angeles,CISO,Solar,1.0,0.0,0.0,0.0,0.0,0.0,0.0,0.0,1.0,0.0
58636,Sacramento Fairbain Water Treatment Plan,38.554802,-121.416791,CA,Sacramento,BANC,Solar,1.0,0.0,0.0,0.0,0.0,0.0,0.0,0.0,1.0,0.0
58642,Tulare 1 and 2,36.2,-119.42,CA,Tulare,CISO,Solar,3.0,0.0,0.0,0.0,0.0,0.0,0.0,0.0,3.0,0.0
58644,Silver State Solar Power South,35.63,-115.32,NV,Clark,CISO,Solar,260.1,0.0,0.0,0.0,0.0,0.0,0.0,0.0,260.1,0.0
58646,Stateline Solar,35.6,-115.4,CA,San Bernardino,CISO,Solar,299.5,0.0,0.0,0.0,0.0,0.0,0.0,0.0,299.5,0.0
58660,Utah Red Hills Renewable Energy Park,37.882778,-112.904167,UT,Iron,PACE,Solar,80.0,0.0,0.0,0.0,0.0,0.0,0.0,0.0,80.0,0.0
58687,Finley Buttes Landfill Gas,45.69,-119.61,OR,Morrow,BPAT,Other,4.8,0.0,0.0,0.0,0.0,0.0,0.0,4.8,0.0,0.0
58688,LRI LFGTE Facility,46.975556,-122.290556,WA,Pierce,PSEI,Other,4.5,0.0,0.0,0.0,0.0,0.0,0.0,4.5,0.0,0.0
58689,Blue Sky One,36.907778,-105.985278,NM,Taos,PNM,Solar,1.3,0.0,0.0,0.0,0.0,0.0,0.0,0.0,1.3,0.0
58696,Nooksack Hydro,48.907778,-121.814167,WA,Whatcom,PSEI,Hydro,1.5,0.0,0.0,1.5,0.0,0.0,0.0,0.0,0.0,0.0
58698,Mira Loma,34.013056,-117.5375,CA,Riverside,CISO,Solar,3.0,0.0,0.0,0.0,0.0,0.0,0.0,0.0,3.0,0.0
58699,ABEC Bidart-Old River LLC,35.169722,-119.105556,CA,Kern,CISO,Other,2.0,0.0,0.0,0.0,0.0,0.0,0.0,2.0,0.0,0.0
58708,Phoenix Airport East Economy Lot,33.4345,-111.9842,AZ,Maricopa,AZPS,Solar,1.1,0.0,0.0,0.0,0.0,0.0,0.0,0.0,1.1,0.0
58709,Phoenix Airport Rental Car Center,33.43042,-112.04484,AZ,Maricopa,AZPS,Solar,1.6,0.0,0.0,0.0,0.0,0.0,0.0,0.0,1.6,0.0
58711,Lost Hills/Blackwell,35.62,-119.85,CA,Kern,CISO,Solar,32.0,0.0,0.0,0.0,0.0,0.0,0.0,0.0,32.0,0.0
58713,North Star Solar,36.73,-120.41,CA,Fresno,CISO,Solar,61.6,0.0,0.0,0.0,0.0,0.0,0.0,0.0,61.6,0.0
58718,Orion Solar I,35.150694,-118.875,CA,Kern,CISO,Solar,12.0,0.0,0.0,0.0,0.0,0.0,0.0,0.0,12.0,0.0
58721,Orion Solar II,35.150694,-118.875278,CA,Kern,CISO,Solar,8.0,0.0,0.0,0.0,0.0,0.0,0.0,0.0,8.0,0.0
58748,North Bay Solar 1,38.300556,-121.966389,CA,Solano,CISO,Solar,1.0,0.0,0.0,0.0,0.0,0.0,0.0,0.0,1.0,0.0
58750,Lancaster Dry Farm Ranch B,34.716944,-118.289444,CA,Los Angeles,CISO,Solar,5.0,0.0,0.0,0.0,0.0,0.0,0.0,0.0,5.0,0.0
58751,Rodeo Solar C2,34.713333,-118.289444,CA,Los Angeles,CISO,Solar,1.5,0.0,0.0,0.0,0.0,0.0,0.0,0.0,1.5,0.0
58752,Rodeo Solar D2,34.713333,-118.289444,CA,Los Angeles,CISO,Solar,1.5,0.0,0.0,0.0,0.0,0.0,0.0,0.0,1.5,0.0
58753,Summer Solar A2,34.723056,-118.289722,CA,Los Angeles,CISO,Solar,1.5,0.0,0.0,0.0,0.0,0.0,0.0,0.0,1.5,0.0
58754,Summer Solar B2,34.723056,-118.289722,CA,Los Angeles,CISO,Solar,1.5,0.0,0.0,0.0,0.0,0.0,0.0,0.0,1.5,0.0
58755,Summer Solar C2,34.723056,-118.289722,CA,Los Angeles,CISO,Solar,1.5,0.0,0.0,0.0,0.0,0.0,0.0,0.0,1.5,0.0
58756,Summer Solar D2,34.723056,-118.289722,CA,Los Angeles,CISO,Solar,1.0,0.0,0.0,0.0,0.0,0.0,0.0,0.0,1.0,0.0
58757,Summer North Solar,34.723056,-118.289722,CA,Los Angeles,CISO,Solar,6.5,0.0,0.0,0.0,0.0,0.0,0.0,0.0,6.5,0.0
58761,Expressway Solar A,34.582222,-117.341667,CA,San Bernardino,CISO,Solar,2.0,0.0,0.0,0.0,0.0,0.0,0.0,0.0,2.0,0.0
58762,Expressway Solar B,34.583333,-117.340278,CA,San Bernardino,CISO,Solar,2.0,0.0,0.0,0.0,0.0,0.0,0.0,0.0,2.0,0.0
58763,Expressway Solar C2,34.584444,-117.341389,CA,San Bernardino,CISO,Solar,1.5,0.0,0.0,0.0,0.0,0.0,0.0,0.0,1.5,0.0
58769,Spring Canyon Expansion Wind Energy Ctr,40.964167,-103.077222,CO,Logan,PSCO,Wind,62.6,0.0,0.0,0.0,0.0,0.0,0.0,0.0,0.0,62.6
58771,Roosevelt County,33.926111,-103.511111,NM,Roosevelt,SWPP,Wind,250.0,0.0,0.0,0.0,0.0,0.0,0.0,0.0,0.0,250.0
58783,South Canal Hydro-1,38.483333,-107.755,CO,Montrose,WACM,Hydro,4.0,0.0,0.0,4.0,0.0,0.0,0.0,0.0,0.0,0.0
58784,South Canal Hydro-3,38.470278,-107.771389,CO,Montrose,WACM,Hydro,3.5,0.0,0.0,3.5,0.0,0.0,0.0,0.0,0.0,0.0
58794,Storrie Lake Solar Project,35.656944,-105.183889,NM,San Miguel,PNM,Solar,1.5,0.0,0.0,0.0,0.0,0.0,0.0,0.0,1.5,0.0
58814,Shasta Solar Farm,41.031389,-121.4225,CA,Shasta,CISO,Solar,3.0,0.0,0.0,0.0,0.0,0.0,0.0,0.0,3.0,0.0
58831,Redcrest Solar Farm,35.321944,-118.812778,CA,Kern,CISO,Solar,16.6,0.0,0.0,0.0,0.0,0.0,0.0,0.0,16.6,0.0
58832,Cogenra - TEP,32.101944,-110.813333,AZ,Pima,TEPC,Solar,1.0,0.0,0.0,0.0,0.0,0.0,0.0,0.0,1.0,0.0
58833,Red Horse 2,32.286111,-110.088056,AZ,Cochise,TEPC,Solar,81.0,0.0,0.0,0.0,0.0,0.0,0.0,0.0,51.0,30.0
58842,"Gato Montes Solar, LLC",32.102778,-110.819722,AZ,Pima,TEPC,Solar,5.0,0.0,0.0,0.0,0.0,0.0,0.0,0.0,5.0,0.0
58889,ASTI,38.761389,-122.975278,CA,Sonoma,CISO,Solar,1.2,0.0,0.0,0.0,0.0,0.0,0.0,0.0,1.2,0.0
58890,Beringer,38.510833,-122.479722,CA,Sonoma,CISO,Solar,1.4,0.0,0.0,0.0,0.0,0.0,0.0,0.0,1.4,0.0
58899,Prosperity Energy Storage Facility Hybri,35.001944,-106.637222,NM,Bernalillo,PNM,Battery Storage,1.3,0.8,0.0,0.0,0.0,0.0,0.0,0.0,0.5,0.0
58901,Tri-County Water Hydropower Project,38.239167,-107.758056,CO,Ouray,WACM,Hydro,8.0,0.0,0.0,8.0,0.0,0.0,0.0,0.0,0.0,0.0
58906,Valley Center 1,33.234167,-117.001667,CA,San Diego,CISO,Solar,2.5,0.0,0.0,0.0,0.0,0.0,0.0,0.0,2.5,0.0
58907,Valley Center 2,33.234167,-117.001667,CA,San Diego,CISO,Solar,5.0,0.0,0.0,0.0,0.0,0.0,0.0,0.0,5.0,0.0
58909,Ramona 1,33.012222,-116.875,CA,San Diego,CISO,Solar,2.0,0.0,0.0,0.0,0.0,0.0,0.0,0.0,2.0,0.0
58911,Ramona 2,33.012222,-116.875,CA,San Diego,CISO,Solar,5.0,0.0,0.0,0.0,0.0,0.0,0.0,0.0,5.0,0.0
58912,Santa Fe Springs Rooftop Solar BLDG M,33.910833,-118.044444,CA,Los Angeles,CISO,Solar,1.8,0.0,0.0,0.0,0.0,0.0,0.0,0.0,1.8,0.0
58913,Santa Fe Springs Rooftop Solar BLDG H,33.910833,-118.044444,CA,Los Angeles,CISO,Solar,1.5,0.0,0.0,0.0,0.0,0.0,0.0,0.0,1.5,0.0
58914,MCAGCC Cogen Plant,34.237222,-116.054167,CA,San Bernardino,CISO,Natural Gas,16.4,0.0,0.0,0.0,16.4,0.0,0.0,0.0,0.0,0.0
58915,Copper Mountain Solar 3,35.889419,-114.957912,NV,Clark,LDWP,Solar,255.0,0.0,0.0,0.0,0.0,0.0,0.0,0.0,255.0,0.0
58918,2081 Terzian Solar Project,36.67,-119.415833,CA,Fresno,CISO,Solar,1.2,0.0,0.0,0.0,0.0,0.0,0.0,0.0,1.2,0.0
58919,2127 Harris Solar Project,39.291667,-121.669722,CA,Butte,CISO,Solar,1.3,0.0,0.0,0.0,0.0,0.0,0.0,0.0,1.3,0.0
58920,2097 Helton Solar Project,37.352222,-120.506944,CA,Merced,CISO,Solar,1.5,0.0,0.0,0.0,0.0,0.0,0.0,0.0,1.5,0.0
58939,Anderson Wind I,33.029444,-103.855833,NM,Chaves,SWPP,Wind,5.0,0.0,0.0,0.0,0.0,0.0,0.0,0.0,0.0,5.0
58940,Anderson Wind II,33.013889,-103.865,NM,Chaves,SWPP,Wind,10.0,0.0,0.0,0.0,0.0,0.0,0.0,0.0,0.0,10.0
58949,Cloverdale Solar I,38.773056,-123.017778,CA,Sonoma,CISO,Solar,1.5,0.0,0.0,0.0,0.0,0.0,0.0,0.0,1.5,0.0
58954,Intel Folsom Phase 2,38.643611,-121.163889,CA,Sacramento,BANC,Solar,1.0,0.0,0.0,0.0,0.0,0.0,0.0,0.0,1.0,0.0
58960,Laguna Water Reclamation Facility,38.368889,-122.765833,CA,Sonoma,CISO,Other,4.4,0.0,0.0,0.0,0.0,0.0,0.0,4.4,0.0,0.0
58961,Oregon University System OIT Klamath Fal,42.254167,-121.785,OR,Klamath,PACW,Solar,1.7,0.0,0.0,0.0,0.0,0.0,0.0,0.0,1.7,0.0
58963,Las Virgenes Municipal Water District,34.136111,-118.701944,CA,Los Angeles,CISO,Solar,1.0,0.0,0.0,0.0,0.0,0.0,0.0,0.0,1.0,0.0
58966,Fairfield Wind,47.723333,-111.965278,MT,Teton,NWMT,Wind,10.0,0.0,0.0,0.0,0.0,0.0,0.0,0.0,0.0,10.0
58972,Fort Huachuca Solar PV Project,31.555278,-110.35,AZ,Cochise,TEPC,Solar,17.7,0.0,0.0,0.0,0.0,0.0,0.0,0.0,17.7,0.0
58973,White River Solar 2,35.874722,-119.046111,CA,Tulare,CISO,Solar,19.8,0.0,0.0,0.0,0.0,0.0,0.0,0.0,19.8,0.0
58975,Henrietta Solar Project,36.218806,-119.805833,CA,Kings,CISO,Solar,102.0,0.0,0.0,0.0,0.0,0.0,0.0,0.0,102.0,0.0
58978,Central Valley Ag Power,37.719722,-120.898611,CA,Stanislaus,CISO,Other,1.5,0.0,0.0,0.0,0.0,0.0,0.0,1.5,0.0,0.0
58983,RE Camelot LLC,35.026667,-118.185556,CA,Kern,CISO,Solar,45.0,0.0,0.0,0.0,0.0,0.0,0.0,0.0,45.0,0.0
58984,"RE Adams East, LLC",36.6175,-120.290833,CA,Fresno,CISO,Solar,19.0,0.0,0.0,0.0,0.0,0.0,0.0,0.0,19.0,0.0
58985,"RE Kansas Solar, LLC",36.247778,-119.833889,CA,Kings,CISO,Solar,20.0,0.0,0.0,0.0,0.0,0.0,0.0,0.0,20.0,0.0
58986,"RE Old River One, LLC",35.223333,-119.088889,CA,Kern,CISO,Solar,20.0,0.0,0.0,0.0,0.0,0.0,0.0,0.0,20.0,0.0
58990,"RE Columbia Two, LLC",35.026667,-118.185556,CA,Kern,CISO,Solar,15.0,0.0,0.0,0.0,0.0,0.0,0.0,0.0,15.0,0.0
58991,"RE Kent South, LLC",36.226111,-119.905278,CA,Kings,CISO,Solar,20.0,0.0,0.0,0.0,0.0,0.0,0.0,0.0,20.0,0.0
59002,Carlsbad Energy Center,33.140507,-117.333916,CA,San Diego,CISO,Natural Gas,659.0,0.0,0.0,0.0,659.0,0.0,0.0,0.0,0.0,0.0
59003,Two Dot Wind Farm,46.449444,-110.087222,MT,Wheatland,NWMT,Wind,9.7,0.0,0.0,0.0,0.0,0.0,0.0,0.0,0.0,9.7
59008,Woodmere Solar Farm,35.323056,-118.821389,CA,Kern,CISO,Solar,15.0,0.0,0.0,0.0,0.0,0.0,0.0,0.0,15.0,0.0
59009,Hayworth Solar,35.325278,-118.878611,CA,Kern,CISO,Solar,27.0,0.0,0.0,0.0,0.0,0.0,0.0,0.0,27.0,0.0
59010,Macho Springs,32.57,-107.48,NM,Luna,EPE,Solar,55.0,0.0,0.0,0.0,0.0,0.0,0.0,0.0,55.0,0.0
59020,Gila Bend Hybrid,32.940833,-112.881389,AZ,Maricopa,AZPS,Solar,68.0,32.0,0.0,0.0,0.0,0.0,0.0,0.0,36.0,0.0
59044,Rio Rico Solar,31.5,-111.008056,AZ,Santa Cruz,TEPC,Solar,6.0,0.0,0.0,0.0,0.0,0.0,0.0,0.0,6.0,0.0
59058,Vacaville,38.399444,-121.960278,CA,Solano,CISO,Solar,1.0,0.0,0.0,0.0,0.0,0.0,0.0,0.0,1.0,0.0
59074,"SC 1 Data Center, Phase 2",37.361667,-121.943611,CA,Santa Clara,CISO,Oil,99.6,0.0,0.0,0.0,0.0,0.0,99.6,0.0,0.0,0.0
59076,Chopin Wind LLC,45.88,-118.463333,OR,Umatilla,PACW,Wind,10.0,0.0,0.0,0.0,0.0,0.0,0.0,0.0,0.0,10.0
59083,Limon III Wind LLC,39.353333,-103.474167,CO,Lincoln,PSCO,Wind,200.6,0.0,0.0,0.0,0.0,0.0,0.0,0.0,0.0,200.6
59086,"Cottonwood Solar, LLC (Goose Lake)",35.593611,-119.58,CA,Kern,CISO,Solar,12.0,0.0,0.0,0.0,0.0,0.0,0.0,0.0,12.0,0.0
59087,"Cottonwood Solar, LLC (City of Corcoran)",36.134444,-119.554444,CA,Kings,CISO,Solar,12.0,0.0,0.0,0.0,0.0,0.0,0.0,0.0,12.0,0.0
59088,Calipatria Solar Farm,33.165833,-115.532222,CA,Imperial,IID,Solar,20.0,0.0,0.0,0.0,0.0,0.0,0.0,0.0,20.0,0.0
59094,Division 1,34.708333,-118.130556,CA,Los Angeles,CISO,Solar,1.5,0.0,0.0,0.0,0.0,0.0,0.0,0.0,1.5,0.0
59095,Division 2,34.708333,-118.130556,CA,Los Angeles,CISO,Solar,1.0,0.0,0.0,0.0,0.0,0.0,0.0,0.0,1.0,0.0
59096,Division 3,34.708333,-118.130556,CA,Los Angeles,CISO,Solar,1.0,0.0,0.0,0.0,0.0,0.0,0.0,0.0,1.0,0.0
59098,Kettering Solar 1,34.700278,-118.123611,CA,Los Angeles,CISO,Solar,1.0,0.0,0.0,0.0,0.0,0.0,0.0,0.0,1.0,0.0
59099,Kettering Solar 2,34.700278,-118.123611,CA,Los Angeles,CISO,Solar,1.0,0.0,0.0,0.0,0.0,0.0,0.0,0.0,1.0,0.0
59122,Enerparc CA1 LLC,36.831667,-121.404167,CA,San Benito,CISO,Solar,1.5,0.0,0.0,0.0,0.0,0.0,0.0,0.0,1.5,0.0
59129,CSD 2- Freedom High,37.969722,-121.719444,CA,Contra Costa,CISO,Solar,0.9,0.0,0.0,0.0,0.0,0.0,0.0,0.0,0.9,0.0
59130,CSD 2 - Heritage High,37.921944,-121.755556,CA,Contra Costa,CISO,Solar,1.3,0.0,0.0,0.0,0.0,0.0,0.0,0.0,1.3,0.0
59132,EAFB - North Base,34.9325,-117.907222,CA,Kern,CISO,Solar,1.0,0.0,0.0,0.0,0.0,0.0,0.0,0.0,1.0,0.0
59133,EAFB - South Base,34.917222,-117.900278,CA,Kern,CISO,Solar,1.0,0.0,0.0,0.0,0.0,0.0,0.0,0.0,1.0,0.0
59138,SDCCD - Miramar,32.906111,-117.121389,CA,San Diego,CISO,Solar,1.0,0.0,0.0,0.0,0.0,0.0,0.0,0.0,1.0,0.0
59139,SDCWA - Twin Oaks,33.21,-117.170556,CA,San Diego,CISO,Solar,1.0,0.0,0.0,0.0,0.0,0.0,0.0,0.0,1.0,0.0
59143,Front Range Project,40.029444,-105.004722,CO,Weld,WACM,Other,3.2,0.0,0.0,0.0,0.0,0.0,0.0,3.2,0.0,0.0
59144,Brighton PV Solar Plant,39.9825,-104.940833,CO,Adams,WACM,Solar,1.8,0.0,0.0,0.0,0.0,0.0,0.0,0.0,1.8,0.0
59150,RE Mustang LLC,36.221667,-119.903056,CA,Kings,CISO,Solar,175.0,75.0,0.0,0.0,0.0,0.0,0.0,0.0,100.0,0.0
59167,Lancaster Solar 1,34.715,-118.095,CA,Los Angeles,CISO,Solar,1.5,0.0,0.0,0.0,0.0,0.0,0.0,0.0,1.5,0.0
59168,Avalon Solar,32.001389,-110.960556,AZ,Pima,TEPC,Solar,29.0,0.0,0.0,0.0,0.0,0.0,0.0,0.0,29.0,0.0
59169,Lancaster Solar 2,34.710556,-118.166111,CA,Los Angeles,CISO,Solar,1.5,0.0,0.0,0.0,0.0,0.0,0.0,0.0,1.5,0.0
59182,Hesperia,34.435,-117.378056,CA,San Bernardino,CISO,Solar,1.5,0.0,0.0,0.0,0.0,0.0,0.0,0.0,1.5,0.0
59183,"CID Solar, LLC",36.138056,-119.564722,CA,Kings,CISO,Solar,20.0,0.0,0.0,0.0,0.0,0.0,0.0,0.0,20.0,0.0
59198,Sterling PV 3,40.6316,-103.194694,CO,Logan,PSCO,Solar,1.6,0.0,0.0,0.0,0.0,0.0,0.0,0.0,1.6,0.0
59199,Mesa PV1,39.0672,-108.509139,CO,Mesa,PSCO,Solar,1.6,0.0,0.0,0.0,0.0,0.0,0.0,0.0,1.6,0.0
59203,Farmersville,36.19,-119.12,CA,Tulare,CISO,Solar,4.5,0.0,0.0,0.0,0.0,0.0,0.0,0.0,4.5,0.0
59219,Porterville 6 and 7,36.05,-119.02,CA,Tulare,CISO,Solar,3.0,0.0,0.0,0.0,0.0,0.0,0.0,0.0,3.0,0.0
59233,Cogeneration 2,32.240833,-110.948333,AZ,Pima,TEPC,Natural Gas,5.5,0.0,0.0,0.0,5.5,0.0,0.0,0.0,0.0,0.0
59235,Rising Tree Wind Farm II,35.088889,-118.206389,CA,Kern,CISO,Wind,19.8,0.0,0.0,0.0,0.0,0.0,0.0,0.0,0.0,19.8
59236,Rising Tree Wind Farm III,35.060556,-118.243333,CA,Kern,CISO,Wind,99.0,0.0,0.0,0.0,0.0,0.0,0.0,0.0,0.0,99.0
59237,Lone Valley Solar Park II LLC,34.408333,-116.8625,CA,San Bernardino,CISO,Solar,20.0,0.0,0.0,0.0,0.0,0.0,0.0,0.0,20.0,0.0
59239,Eagle Springs Solar LLC,39.526111,-107.696111,CO,Garfield,PSCO,Solar,1.0,0.0,0.0,0.0,0.0,0.0,0.0,0.0,1.0,0.0
59249,Rio Bravo Solar 1 LLC,35.416111,-119.6825,CA,Kern,CISO,Solar,20.0,0.0,0.0,0.0,0.0,0.0,0.0,0.0,20.0,0.0
59250,Rio Bravo Solar II LLC,35.4225,-119.629167,CA,Kern,CISO,Solar,20.0,0.0,0.0,0.0,0.0,0.0,0.0,0.0,20.0,0.0
59251,Caprock Solar 1 LLC,34.982778,-103.378333,NM,Quay,SWPP,Solar,25.0,0.0,0.0,0.0,0.0,0.0,0.0,0.0,25.0,0.0
59253,Wildwood Solar II,35.63,-119.573889,CA,Kern,CISO,Solar,15.0,0.0,0.0,0.0,0.0,0.0,0.0,0.0,15.0,0.0
59262,Lancaster Little Rock,34.599444,-117.932778,CA,Los Angeles,CISO,Solar,5.0,0.0,0.0,0.0,0.0,0.0,0.0,0.0,5.0,0.0
59265,Merced Solar LLC,37.267778,-120.484444,CA,Merced,CISO,Solar,1.5,0.0,0.0,0.0,0.0,0.0,0.0,0.0,1.5,0.0
59267,Mission Solar LLC,37.267778,-120.4825,CA,Merced,CISO,Solar,1.5,0.0,0.0,0.0,0.0,0.0,0.0,0.0,1.5,0.0
59268,Hollister Solar LLC,36.8625,-121.428889,CA,San Benito,CISO,Solar,1.5,0.0,0.0,0.0,0.0,0.0,0.0,0.0,1.5,0.0
59269,Victor Mesa Linda B2,34.512778,-117.387222,CA,San Bernardino,CISO,Solar,1.5,0.0,0.0,0.0,0.0,0.0,0.0,0.0,1.5,0.0
59270,Victor Mesa Linda C2,34.511389,-117.387222,CA,San Bernardino,CISO,Solar,1.5,0.0,0.0,0.0,0.0,0.0,0.0,0.0,1.5,0.0
59271,Victor Mesa Linda D2,34.509444,-117.387222,CA,San Bernardino,CISO,Solar,1.5,0.0,0.0,0.0,0.0,0.0,0.0,0.0,1.5,0.0
59272,Victor Mesa Linda E2,34.508056,-117.387222,CA,San Bernardino,CISO,Solar,1.5,0.0,0.0,0.0,0.0,0.0,0.0,0.0,1.5,0.0
59273,SEPV Palmdale East,34.613056,-117.938889,CA,Los Angeles,CISO,Solar,10.0,0.0,0.0,0.0,0.0,0.0,0.0,0.0,10.0,0.0
59279,Life Technologies - Pleasanton,37.643889,-121.884167,CA,Alameda,CISO,Natural Gas,1.1,0.0,0.0,0.0,1.1,0.0,0.0,0.0,0.0,0.0
59280,Kellogg's - San Jose,37.356389,-121.871944,CA,Santa Clara,CISO,Natural Gas,1.1,0.0,0.0,0.0,1.1,0.0,0.0,0.0,0.0,0.0
59283,California PV Energy at ISD WWTP,38.001111,-121.703889,CA,Contra Costa,CISO,Solar,1.0,0.0,0.0,0.0,0.0,0.0,0.0,0.0,1.0,0.0
59299,Waste Mangement Redwood LFGTE,38.160833,-122.565,CA,Marin,CISO,Other,4.0,0.0,0.0,0.0,0.0,0.0,0.0,4.0,0.0,0.0
59300,Hanford 1 and 2,36.306667,-119.629167,CA,Kings,CISO,Solar,3.0,0.0,0.0,0.0,0.0,0.0,0.0,0.0,3.0,0.0
59308,Beacon Solar Plant Site 5,35.248889,-118.034444,CA,Kern,LDWP,Solar,37.8,0.0,0.0,0.0,0.0,0.0,0.0,0.0,37.8,0.0
59309,Beacon Solar Plant Site 2,35.265833,-117.999167,CA,Kern,LDWP,Solar,47.3,0.0,0.0,0.0,0.0,0.0,0.0,0.0,47.3,0.0
59315,Hecate Energy Beacon Solar 1,35.269444,-118.014444,CA,Kern,LDWP,Solar,56.0,0.0,0.0,0.0,0.0,0.0,0.0,0.0,56.0,0.0
59316,Hecate Energy Beacon Solar 3,35.253056,-118.014722,CA,Kern,LDWP,Solar,56.0,0.0,0.0,0.0,0.0,0.0,0.0,0.0,56.0,0.0
59317,Hecate Energy Beacon Solar 4,35.253611,-118.026944,CA,Kern,LDWP,Solar,50.0,0.0,0.0,0.0,0.0,0.0,0.0,0.0,50.0,0.0
59322,Pumpjack Solar I,35.305556,-119.6225,CA,Kern,CISO,Solar,20.0,0.0,0.0,0.0,0.0,0.0,0.0,0.0,20.0,0.0
59323,Sacramento (SMUD),38.587222,-121.457778,CA,Sacramento,BANC,Solar,1.4,0.0,0.0,0.0,0.0,0.0,0.0,0.0,1.4,0.0
59328,Golden Acorn Casino,32.702107,-116.354587,CA,San Diego,CISO,Wind,1.0,0.0,0.0,0.0,0.0,0.0,0.0,0.0,0.0,1.0
59329,City of Soledad Water Reclamation,36.421111,-121.340278,CA,Monterey,CISO,Wind,1.0,0.0,0.0,0.0,0.0,0.0,0.0,0.0,0.0,1.0
59330,Taylor Farms,36.505,-121.451667,CA,Monterey,CISO,Wind,1.0,0.0,0.0,0.0,0.0,0.0,0.0,0.0,0.0,1.0
59331,Anheuser-Busch #2,38.233611,-122.0925,CA,Solano,CISO,Wind,1.6,0.0,0.0,0.0,0.0,0.0,0.0,0.0,0.0,1.6
59334,"Catalina Solar 2, LLC",34.812222,-118.352778,CA,Kern,CISO,Solar,18.0,0.0,0.0,0.0,0.0,0.0,0.0,0.0,18.0,0.0
59338,Gila River Power Block 1,32.975,-112.694444,AZ,Maricopa,SRP,Natural Gas,619.0,0.0,0.0,0.0,619.0,0.0,0.0,0.0,0.0,0.0
59339,Quinto Solar PV Project,37.130278,-121.052222,CA,Merced,CISO,Solar,108.0,0.0,0.0,0.0,0.0,0.0,0.0,0.0,108.0,0.0
59357,Dorena Hydro-Electric Facility,43.786667,-122.958056,OR,Lane,PACW,Hydro,7.5,0.0,0.0,7.5,0.0,0.0,0.0,0.0,0.0,0.0
59359,SCE-Snowline-Duncan Road (North),34.473889,-117.562778,CA,San Bernardino,CISO,Solar,1.5,0.0,0.0,0.0,0.0,0.0,0.0,0.0,1.5,0.0
59360,SCE-Snowline-Duncan Road (South),34.471389,-117.562222,CA,San Bernardino,CISO,Solar,1.0,0.0,0.0,0.0,0.0,0.0,0.0,0.0,1.0,0.0
59374,Old Mill Solar,42.203333,-121.046389,OR,Klamath,PACW,Solar,5.0,0.0,0.0,0.0,0.0,0.0,0.0,0.0,5.0,0.0
59380,"Wildwood Solar I, LLC",35.615833,-119.578333,CA,Kern,CISO,Solar,19.5,0.0,0.0,0.0,0.0,0.0,0.0,0.0,19.5,0.0
59382,Paisley Geothermal Generating Plant,42.695833,-120.557778,OR,Lake,PACW,Geothermal,3.7,0.0,3.7,0.0,0.0,0.0,0.0,0.0,0.0,0.0
59386,"Enterprise Solar, LLC",37.641111,-113.6125,UT,Iron,PACE,Solar,80.0,0.0,0.0,0.0,0.0,0.0,0.0,0.0,80.0,0.0
59387,"Escalante Solar I, LLC",38.524167,-113.033889,UT,Beaver,PACE,Solar,80.0,0.0,0.0,0.0,0.0,0.0,0.0,0.0,80.0,0.0
59388,"Escalante Solar II, LLC",38.500833,-113.03,UT,Beaver,PACE,Solar,80.0,0.0,0.0,0.0,0.0,0.0,0.0,0.0,80.0,0.0
59389,"Escalante Solar III, LLC",38.497778,-112.986944,UT,Beaver,PACE,Solar,80.0,0.0,0.0,0.0,0.0,0.0,0.0,0.0,80.0,0.0
59393,Eubank Landfill Solar Array,35.049167,-106.53,NM,Bernalillo,PNM,Solar,2.0,0.0,0.0,0.0,0.0,0.0,0.0,0.0,2.0,0.0
59395,City of Tulare Water Facility,36.185,-119.375,CA,Tulare,CISO,Solar,9.2,0.0,0.0,0.0,2.8,0.0,0.0,3.0,3.4,0.0
59404,Searchlight Solar,35.479722,-114.936111,NV,Clark,NEVP,Solar,17.5,0.0,0.0,0.0,0.0,0.0,0.0,0.0,17.5,0.0
59405,Diamond Valley Solar Project,33.713056,-117.0725,CA,Riverside,CISO,Solar,1.3,0.0,0.0,0.0,0.0,0.0,0.0,0.0,1.3,0.0
59408,Shafter Solar LLC,35.393333,-119.127778,CA,Kern,CISO,Solar,20.0,0.0,0.0,0.0,0.0,0.0,0.0,0.0,20.0,0.0
59409,"Madelyn Solar, LLC",34.768333,-117.323611,CA,San Bernardino,CISO,Solar,1.0,0.0,0.0,0.0,0.0,0.0,0.0,0.0,1.0,0.0
59410,"Rudy Solar, LLC",34.766389,-117.323611,CA,San Bernardino,CISO,Solar,1.5,0.0,0.0,0.0,0.0,0.0,0.0,0.0,1.5,0.0
59411,"Mitchell Solar, LLC",34.765,-117.323611,CA,San Bernardino,CISO,Solar,1.5,0.0,0.0,0.0,0.0,0.0,0.0,0.0,1.5,0.0
59412,Algonquin SKIC20 Solar LLC,35.126111,-119.243333,CA,Kern,CISO,Solar,20.0,0.0,0.0,0.0,0.0,0.0,0.0,0.0,20.0,0.0
59413,Corcoran Solar 2,36.141944,-119.581667,CA,Kings,CISO,Solar,19.8,0.0,0.0,0.0,0.0,0.0,0.0,0.0,19.8,0.0
59414,Atwell Island West Solar,35.815,-119.459722,CA,Tulare,CISO,Solar,20.0,0.0,0.0,0.0,0.0,0.0,0.0,0.0,20.0,0.0
59416,Anaheim Solar Energy Plant,33.8025,-117.919722,CA,Orange,CISO,Solar,2.1,0.0,0.0,0.0,0.0,0.0,0.0,0.0,2.1,0.0
59421,SCE-Snowline-White Road (South),34.413056,-117.470833,CA,San Bernardino,CISO,Solar,1.5,0.0,0.0,0.0,0.0,0.0,0.0,0.0,1.5,0.0
59422,SCE-Snowline-White Road (North),34.4175,-117.469722,CA,San Bernardino,CISO,Solar,1.5,0.0,0.0,0.0,0.0,0.0,0.0,0.0,1.5,0.0
59423,SCE-Snowline-White Rd (Central),34.415278,-117.47,CA,San Bernardino,CISO,Solar,1.5,0.0,0.0,0.0,0.0,0.0,0.0,0.0,1.5,0.0
59428,Baker Creek Hydroelectric,40.526389,-123.725556,CA,Humboldt,CISO,Hydro,1.5,0.0,0.0,1.5,0.0,0.0,0.0,0.0,0.0,0.0
59430,Solar Las Vegas MB-1,36.088611,-115.177778,NV,Clark,NEVP,Solar,4.9,0.0,0.0,0.0,0.0,0.0,0.0,0.0,4.9,0.0
59431,Sierra Solar Greenworks,34.703611,-118.334167,CA,Los Angeles,CISO,Solar,20.0,0.0,0.0,0.0,0.0,0.0,0.0,0.0,20.0,0.0
59440,"Adelanto Solar II, LLC",34.557222,-117.3775,CA,San Bernardino,CISO,Solar,7.0,0.0,0.0,0.0,0.0,0.0,0.0,0.0,7.0,0.0
59441,"Adelanto Solar, LLC",34.557222,-117.3775,CA,San Bernardino,CISO,Solar,20.0,0.0,0.0,0.0,0.0,0.0,0.0,0.0,20.0,0.0
59443,"TA-Acacia, LLC",34.689167,-118.324722,CA,Los Angeles,CISO,Solar,20.0,0.0,0.0,0.0,0.0,0.0,0.0,0.0,20.0,0.0
59444,Desert Star Hybrid,33.145,-112.66,AZ,Maricopa,AZPS,Battery Storage,20.0,10.0,0.0,0.0,0.0,0.0,0.0,0.0,10.0,0.0
59454,Valencia Solar,32.145833,-110.866944,AZ,Pima,TEPC,Solar,10.0,0.0,0.0,0.0,0.0,0.0,0.0,0.0,10.0,0.0
59455,Tech Park Solar,32.097884,-110.815696,AZ,Pima,TEPC,Solar,5.0,0.0,0.0,0.0,0.0,0.0,0.0,0.0,5.0,0.0
59456,P Plant,32.894722,-117.198056,CA,San Diego,CISO,Natural Gas,4.6,0.0,0.0,0.0,4.6,0.0,0.0,0.0,0.0,0.0
59457,Q Plant,32.904167,-117.201111,CA,San Diego,CISO,Natural Gas,4.6,0.0,0.0,0.0,4.6,0.0,0.0,0.0,0.0,0.0
59458,W Plant,32.903333,-117.195556,CA,San Diego,CISO,Natural Gas,4.6,0.0,0.0,0.0,4.6,0.0,0.0,0.0,0.0,0.0
59461,"Bowerman Power LFG, LLC",33.718889,-117.702222,CA,Orange,CISO,Other,23.8,0.0,0.0,0.0,0.0,0.0,0.0,23.8,0.0,0.0
59462,Denver Intl Airport IV Solar,39.902697,-104.673935,CO,Denver,SWPP,Solar,1.5,0.0,0.0,0.0,0.0,0.0,0.0,0.0,1.5,0.0
59469,Alamo Solar,34.682222,-117.3475,CA,San Bernardino,CISO,Solar,20.0,0.0,0.0,0.0,0.0,0.0,0.0,0.0,20.0,0.0
59472,Ft. Churchill PV,39.128056,-119.14,NV,Lyon,NEVP,Solar,19.9,0.0,0.0,0.0,0.0,0.0,0.0,0.0,19.9,0.0
59473,Apple Campus 2 PV,37.33,-122.01,CA,Santa Clara,CISO,Solar,14.4,0.0,0.0,0.0,0.0,0.0,0.0,0.0,14.4,0.0
59490,Jett Creek Windfarm (Burnt River),44.425,-117.273889,OR,Baker,IPCO,Wind,10.0,0.0,0.0,0.0,0.0,0.0,0.0,0.0,0.0,10.0
59491,Benson Creek Windfarm (Burnt River),44.366944,-117.343889,OR,Baker,IPCO,Wind,10.0,0.0,0.0,0.0,0.0,0.0,0.0,0.0,0.0,10.0
59492,Durbin Creek Windfarm (Burnt River),44.353056,-117.323056,OR,Baker,IPCO,Wind,10.0,0.0,0.0,0.0,0.0,0.0,0.0,0.0,0.0,10.0
59493,Prospector Windfarm (Burnt River),44.418056,-117.255,OR,Baker,IPCO,Wind,10.0,0.0,0.0,0.0,0.0,0.0,0.0,0.0,0.0,10.0
59494,Willow Spring Windfarm (Burnt River),44.381944,-117.273056,OR,Baker,IPCO,Wind,10.0,0.0,0.0,0.0,0.0,0.0,0.0,0.0,0.0,10.0
59496,BYUI Central Energy Facility,43.816944,-111.785833,ID,Madison,PACE,Natural Gas,5.6,0.0,0.0,0.0,5.6,0.0,0.0,0.0,0.0,0.0
59522,Giffen Solar Park,36.544722,-120.316111,CA,Fresno,CISO,Solar,20.0,0.0,0.0,0.0,0.0,0.0,0.0,0.0,20.0,0.0
59523,Five Points Solar Park,36.386944,-120.236667,CA,Fresno,CISO,Solar,60.0,0.0,0.0,0.0,0.0,0.0,0.0,0.0,60.0,0.0
59524,Blackwell Solar Park,35.612,-119.845,CA,Kern,CISO,Solar,20.0,0.0,0.0,0.0,0.0,0.0,0.0,0.0,20.0,0.0
59525,Wright Solar Park,37.009444,-120.957222,CA,Merced,CISO,Solar,200.0,0.0,0.0,0.0,0.0,0.0,0.0,0.0,200.0,0.0
59528,Solar Oasis LLC,34.648889,-118.076667,CA,Los Angeles,CISO,Solar,20.0,0.0,0.0,0.0,0.0,0.0,0.0,0.0,20.0,0.0
59529,Bannock County LFG to Energy,42.787778,-112.365556,ID,Bannock,IPCO,Other,3.2,0.0,0.0,0.0,0.0,0.0,0.0,3.2,0.0,0.0
59531,Borden Solar Farm,36.941111,-119.96,CA,Madera,CISO,Solar,50.0,0.0,0.0,0.0,0.0,0.0,0.0,0.0,50.0,0.0
59532,Springbok Solar Farm 1,35.249167,-117.955278,CA,Kern,LDWP,Solar,105.0,0.0,0.0,0.0,0.0,0.0,0.0,0.0,105.0,0.0
59536,Coronus Adelanto West 1,34.548056,-117.464444,CA,San Bernardino,CISO,Solar,1.5,0.0,0.0,0.0,0.0,0.0,0.0,0.0,1.5,0.0
59537,Coronus Adelanto West 2,34.548056,-117.464444,CA,San Bernardino,CISO,Solar,1.5,0.0,0.0,0.0,0.0,0.0,0.0,0.0,1.5,0.0
59539,Park Meridian #1,33.896111,-117.283611,CA,Riverside,CISO,Solar,1.5,0.0,0.0,0.0,0.0,0.0,0.0,0.0,1.5,0.0
59540,Rancho Cucamonga Dist #1,34.100278,-117.552778,CA,San Bernardino,CISO,Solar,1.8,0.0,0.0,0.0,0.0,0.0,0.0,0.0,1.8,0.0
59541,Terra Francesco,34.039722,-117.606667,CA,San Bernardino,CISO,Solar,1.5,0.0,0.0,0.0,0.0,0.0,0.0,0.0,1.5,0.0
59550,Putah Creek Solar Farm,38.521111,-121.993889,CA,Yolo,CISO,Solar,2.0,0.0,0.0,0.0,0.0,0.0,0.0,0.0,2.0,0.0
59555,Vega Solar,36.925833,-120.82,CA,Merced,CISO,Solar,20.0,0.0,0.0,0.0,0.0,0.0,0.0,0.0,20.0,0.0
59557,Apple Campus 2 Fuel Cell,37.33,-122.01,CA,Santa Clara,CISO,Other,4.0,0.0,0.0,0.0,0.0,0.0,0.0,4.0,0.0,0.0
59558,Sandoval Solar Energy Center,35.283611,-106.812778,NM,Sandoval,PNM,Solar,6.1,0.0,0.0,0.0,0.0,0.0,0.0,0.0,6.1,0.0
59560,Springer Solar 1,36.398056,-104.594167,NM,Colfax,PNM,Solar,1.0,0.0,0.0,0.0,0.0,0.0,0.0,0.0,1.0,0.0
59597,"Colton Solar One, LLC",34.093333,-117.319444,CA,San Bernardino,CISO,Solar,2.5,0.0,0.0,0.0,0.0,0.0,0.0,0.0,2.5,0.0
59598,"Colton Solar Two, LLC",34.042222,-117.361667,CA,San Bernardino,CISO,Solar,1.0,0.0,0.0,0.0,0.0,0.0,0.0,0.0,1.0,0.0
59599,Tropico Solar PV Plant,35.831944,-119.056111,CA,Tulare,CISO,Solar,14.0,0.0,0.0,0.0,0.0,0.0,0.0,0.0,14.0,0.0
59600,Nicolis Solar PV Plant,35.835833,-119.056111,CA,Tulare,CISO,Solar,20.0,0.0,0.0,0.0,0.0,0.0,0.0,0.0,20.0,0.0
59607,"Maricopa West Solar PV, LLC",35.115278,-119.317778,CA,Kern,CISO,Solar,20.0,0.0,0.0,0.0,0.0,0.0,0.0,0.0,20.0,0.0
59610,"AP North Lake I, LP",33.74,-117.010556,CA,Riverside,CISO,Solar,20.0,0.0,0.0,0.0,0.0,0.0,0.0,0.0,20.0,0.0
59618,Meadow Lake Solar Energy Center,34.81,-106.52,NM,Valencia,PNM,Solar,9.1,0.0,0.0,0.0,0.0,0.0,0.0,0.0,9.1,0.0
59619,Cibola,35.20115,-107.245156,NM,Cibola,PNM,Solar,7.6,0.0,0.0,0.0,0.0,0.0,0.0,0.0,7.6,0.0
59620,South Milford Solar Plant,38.311111,-113.053611,UT,Beaver,PACE,Solar,2.9,0.0,0.0,0.0,0.0,0.0,0.0,0.0,2.9,0.0
59633,Kettleman Solar -Centaurus,36.050833,-119.9475,CA,Kings,CISO,Solar,20.0,0.0,0.0,0.0,0.0,0.0,0.0,0.0,20.0,0.0
59634,Sandstone Solar,33.035556,-111.430278,AZ,Pinal,SRP,Solar,45.0,0.0,0.0,0.0,0.0,0.0,0.0,0.0,45.0,0.0
59638,Coronal Lost Hills,35.726667,-119.905833,CA,Kern,CISO,Solar,20.0,0.0,0.0,0.0,0.0,0.0,0.0,0.0,20.0,0.0
59651,"Forever 21 Retail, Inc.",34.071389,-118.196111,CA,Los Angeles,LDWP,Solar,1.3,0.0,0.0,0.0,0.0,0.0,0.0,0.0,1.3,0.0
59652,Nordhoff Place,34.236667,-118.565833,CA,Los Angeles,LDWP,Solar,0.9,0.0,0.0,0.0,0.0,0.0,0.0,0.0,0.9,0.0
59653,City of Truth or Consequences PV,33.121111,-107.287778,NM,Sierra,PNM,Solar,1.9,0.0,0.0,0.0,0.0,0.0,0.0,0.0,1.9,0.0
59656,Comanche Solar,38.205278,-104.566667,CO,Pueblo,PSCO,Solar,120.0,0.0,0.0,0.0,0.0,0.0,0.0,0.0,120.0,0.0
59657,"Imperial Valley Solar Co (IVSC) 2, LLC",33.252222,-115.4975,CA,Imperial,IID,Solar,20.0,0.0,0.0,0.0,0.0,0.0,0.0,0.0,20.0,0.0
59658,SPI Anderson 2,40.472283,-122.324205,CA,Shasta,CISO,Other,30.2,0.0,0.0,0.0,0.0,0.0,0.0,30.2,0.0,0.0
59660,Washington City Electric Generation,37.155,-113.439167,UT,Washington,PACE,Natural Gas,6.0,0.0,0.0,0.0,6.0,0.0,0.0,0.0,0.0,0.0
59687,Sun Harvest Solar NDP1,37.05758,-120.653625,CA,Merced,CISO,Solar,1.5,0.0,0.0,0.0,0.0,0.0,0.0,0.0,1.5,0.0
59695,"Mt. Home Solar 1, LLC",43.129,-115.752,ID,Elmore,IPCO,Solar,20.0,0.0,0.0,0.0,0.0,0.0,0.0,0.0,20.0,0.0
59702,"Pavant Solar, LLC",38.960519,-112.36327,UT,Millard,PACE,Solar,50.0,0.0,0.0,0.0,0.0,0.0,0.0,0.0,50.0,0.0
59703,"Cottonwood Solar, LLC Cottonwood Carport",38.129759,-122.568158,CA,Marin,CISO,Solar,1.0,0.0,0.0,0.0,0.0,0.0,0.0,0.0,1.0,0.0
59704,"Shell New Energies, Junction City",44.183526,-123.200454,OR,Lane,BPAT,Other,1.6,0.0,0.0,0.0,0.0,0.0,0.0,1.6,0.0,0.0
59722,Seville 1,33.1125,-116.0139,CA,Imperial,IID,Solar,20.0,0.0,0.0,0.0,0.0,0.0,0.0,0.0,20.0,0.0
59723,Seville 2,33.1101,-116.0059,CA,Imperial,IID,Solar,30.0,0.0,0.0,0.0,0.0,0.0,0.0,0.0,30.0,0.0
59730,SEPV 18,34.613602,-117.93439,CA,Los Angeles,CISO,Solar,2.0,0.0,0.0,0.0,0.0,0.0,0.0,0.0,2.0,0.0
59737,Aspiration G,36.552186,-120.352481,CA,Fresno,CISO,Solar,9.0,0.0,0.0,0.0,0.0,0.0,0.0,0.0,9.0,0.0
59738,Citizen B,36.723806,-120.432139,CA,Fresno,CISO,Solar,5.0,0.0,0.0,0.0,0.0,0.0,0.0,0.0,5.0,0.0
59739,Lancaster WAD B,34.780192,-118.19333,CA,Los Angeles,CISO,Solar,3.0,0.0,0.0,0.0,0.0,0.0,0.0,0.0,3.0,0.0
59740,SEPV Mojave West,35.022903,-118.282694,CA,Kern,CISO,Solar,20.0,0.0,0.0,0.0,0.0,0.0,0.0,0.0,20.0,0.0
59742,Sunnyside Ranch Community Solar Array,39.415027,-107.157188,CO,Garfield,PSCO,Solar,1.5,0.0,0.0,0.0,0.0,0.0,0.0,0.0,1.5,0.0
59746,DSH (CA) - Coalinga State Hospital,36.13726,-120.218453,CA,Fresno,CISO,Solar,2.0,0.0,0.0,0.0,0.0,0.0,0.0,0.0,2.0,0.0
59747,River Mountains Solar,36.031616,-114.929399,NV,Clark,NEVP,Solar,14.4,0.0,0.0,0.0,0.0,0.0,0.0,0.0,14.4,0.0
59748,CDCR (CA) - Pleasant Valley State Prison,36.137219,-120.224445,CA,Fresno,CISO,Solar,1.2,0.0,0.0,0.0,0.0,0.0,0.0,0.0,1.2,0.0
59757,Pryor Mountain Wind,45.165525,-108.693138,MT,Carbon,PACE,Wind,239.8,0.0,0.0,0.0,0.0,0.0,0.0,0.0,0.0,239.8
59779,Davis Monthan AFB (AZ) West Airfield,32.17356,-110.899734,AZ,Pima,TEPC,Solar,12.6,0.0,0.0,0.0,0.0,0.0,0.0,0.0,12.6,0.0
59784,Gila River Power Block 3,32.975,-112.6944,AZ,Maricopa,TEPC,Natural Gas,619.0,0.0,0.0,0.0,619.0,0.0,0.0,0.0,0.0,0.0
59786,Fiddler's Canyon #2,37.794678,-113.283666,UT,Iron,PACE,Solar,3.0,0.0,0.0,0.0,0.0,0.0,0.0,0.0,3.0,0.0
59787,Fiddler's Canyon #1,37.750268,-113.253724,UT,Iron,PACE,Solar,3.0,0.0,0.0,0.0,0.0,0.0,0.0,0.0,3.0,0.0
59790,Oregon University System Rabbit Field,44.573484,-123.31695,OR,Benton,PACW,Solar,1.2,0.0,0.0,0.0,0.0,0.0,0.0,0.0,1.2,0.0
59798,Colon PV,33.792694,-118.252407,CA,Los Angeles,LDWP,Solar,1.3,0.0,0.0,0.0,0.0,0.0,0.0,0.0,1.3,0.0
59802,Maxim,37.405689,-121.949416,CA,Santa Clara,CISO,Natural Gas,1.1,0.0,0.0,0.0,1.1,0.0,0.0,0.0,0.0,0.0
59803,Pixar - Emeryville,37.83286,-122.284003,CA,Alameda,CISO,Natural Gas,1.1,0.0,0.0,0.0,1.1,0.0,0.0,0.0,0.0,0.0
59807,Airport 1 Solar (DIA),39.899455,-104.674809,CO,Adams,SWPP,Solar,1.5,0.0,0.0,0.0,0.0,0.0,0.0,0.0,1.5,0.0
59814,"Copper Mountain Solar 4, LLC",35.78222,-114.975375,NV,Clark,CISO,Solar,93.6,0.0,0.0,0.0,0.0,0.0,0.0,0.0,93.6,0.0
59817,Tooele Army Depot(CSG),40.50303,-112.37059,UT,Tooele,PACE,Wind,5.7,1.0,0.0,0.0,0.0,0.0,0.0,0.0,1.5,3.2
59819,Mohave Electric at Fort Mohave,34.9843,-114.5565,AZ,Mohave,WALC,Solar,4.4,0.0,0.0,0.0,0.0,0.0,0.0,0.0,4.4,0.0
59826,Sunshine Valley Solar,36.518,-116.497,NV,Nye,CISO,Solar,103.5,0.0,0.0,0.0,0.0,0.0,0.0,0.0,103.5,0.0
59827,"Playa Solar 1, LLC",36.408,-114.908,NV,Clark,NEVP,Solar,79.0,0.0,0.0,0.0,0.0,0.0,0.0,0.0,79.0,0.0
59838,Milo Wind Project LLC,33.901781,-103.34675,NM,Roosevelt,SWPP,Wind,50.0,0.0,0.0,0.0,0.0,0.0,0.0,0.0,0.0,50.0
59840,Springbok Solar Farm 2,35.250031,-117.976847,CA,Kern,LDWP,Solar,155.0,0.0,0.0,0.0,0.0,0.0,0.0,0.0,155.0,0.0
59848,Pikes Peak Solar Garden 1 LLC CSG,38.7745,-104.7458,CO,El Paso,WACM,Solar,2.0,0.0,0.0,0.0,0.0,0.0,0.0,0.0,2.0,0.0
59849,Adams Community Solar Garden LLC,39.7876,-104.5859,CO,Adams,PSCO,Solar,1.2,0.0,0.0,0.0,0.0,0.0,0.0,0.0,1.2,0.0
59850,Adams Community Solar Garden III LLC,39.7867,-104.5877,CO,Adams,PSCO,Solar,1.2,0.0,0.0,0.0,0.0,0.0,0.0,0.0,1.2,0.0
59868,Kingbird A Solar LLC,34.819,-118.432,CA,Kern,CISO,Solar,20.0,0.0,0.0,0.0,0.0,0.0,0.0,0.0,20.0,0.0
59870,"Little Bear Solar 1, LLC",36.716,-120.415,CA,Fresno,CISO,Solar,40.0,0.0,0.0,0.0,0.0,0.0,0.0,0.0,40.0,0.0
59871,Desert Quartzite,33.565,-114.753,CA,Riverside,CISO,Solar,450.0,150.0,0.0,0.0,0.0,0.0,0.0,0.0,300.0,0.0
59872,UC Davis South Campus,38.55,-121.75,CA,Yolo,CISO,Solar,13.0,0.0,0.0,0.0,0.0,0.0,0.0,0.0,13.0,0.0
59877,Riverside RWQCP Fuel Cell,33.9617,-117.455897,CA,Riverside,CISO,Other,1.4,0.0,0.0,0.0,0.0,0.0,0.0,1.4,0.0,0.0
59878,Windhub Solar A LLC,35.0199,-118.2879,CA,Kern,CISO,Solar,20.0,0.0,0.0,0.0,0.0,0.0,0.0,0.0,20.0,0.0
59879,North Rosamond Solar LLC,34.862,-118.38,CA,Kern,CISO,Solar,151.1,0.0,0.0,0.0,0.0,0.0,0.0,0.0,151.1,0.0
59900,Corcoran Solar 3,36.15042,-119.58542,CA,Kings,CISO,Solar,20.0,0.0,0.0,0.0,0.0,0.0,0.0,0.0,20.0,0.0
59915,Oro Loma,36.876847,-120.667608,CA,Fresno,CISO,Solar,20.0,0.0,0.0,0.0,0.0,0.0,0.0,0.0,20.0,0.0
59916,SunE- E Philadelphia Ontario,34.03527,-117.5341,CA,San Bernardino,CISO,Solar,1.0,0.0,0.0,0.0,0.0,0.0,0.0,0.0,1.0,0.0
59919,Nellis Solar PV II,36.206672,-115.047703,NV,Clark,NEVP,Solar,15.0,0.0,0.0,0.0,0.0,0.0,0.0,0.0,15.0,0.0
59932,Fiddler's Canyon 3,37.731338,-113.216634,UT,Iron,PACE,Solar,3.0,0.0,0.0,0.0,0.0,0.0,0.0,0.0,3.0,0.0
59939,RE Tranquillity,36.581365,-120.40447,CA,Fresno,CISO,Solar,277.3,72.0,0.0,0.0,0.0,0.0,0.0,0.0,205.3,0.0
59940,"Great Valley Solar Portfolio Holdings, L",36.581182,-120.37957,CA,Fresno,CISO,Solar,202.5,0.0,0.0,0.0,0.0,0.0,0.0,0.0,202.5,0.0
59941,"Iron Springs Solar, LLC",37.7212,-113.1516,UT,Iron,PACE,Solar,80.0,0.0,0.0,0.0,0.0,0.0,0.0,0.0,80.0,0.0
59942,Morgan Lancaster 1,34.6608,-118.0836,CA,Los Angeles,CISO,Solar,1.5,0.0,0.0,0.0,0.0,0.0,0.0,0.0,1.5,0.0
59945,"Granite Mountain Solar West, LLC",37.7989,-113.322,UT,Iron,PACE,Solar,50.4,0.0,0.0,0.0,0.0,0.0,0.0,0.0,50.4,0.0
59946,"Granite Mountain Solar East, LLC",37.77509,-113.226403,UT,Iron,PACE,Solar,80.0,0.0,0.0,0.0,0.0,0.0,0.0,0.0,80.0,0.0
59948,Bakersfield 111,35.317551,-118.989894,CA,Kern,PACW,Solar,1.4,0.0,0.0,0.0,0.0,0.0,0.0,0.0,1.4,0.0
59952,Potrero Hills Energy Producers,38.216973,-121.979452,CA,Solano,CISO,Other,8.0,0.0,0.0,0.0,0.0,0.0,0.0,8.0,0.0,0.0
59958,Milford 2,38.388243,-112.990812,UT,Beaver,PACE,Solar,3.0,0.0,0.0,0.0,0.0,0.0,0.0,0.0,3.0,0.0
59961,Western Antelope Blue Sky B,34.73206,-118.313573,CA,Los Angeles,CISO,Solar,20.0,0.0,0.0,0.0,0.0,0.0,0.0,0.0,20.0,0.0
59962,North Lancaster Ranch,34.719538,-118.31301,CA,Los Angeles,CISO,Solar,20.0,0.0,0.0,0.0,0.0,0.0,0.0,0.0,20.0,0.0
59963,Central Antelope Dry Ranch C,34.720499,-118.30046,CA,Los Angeles,CISO,Solar,20.0,0.0,0.0,0.0,0.0,0.0,0.0,0.0,20.0,0.0
59964,Elevation Solar C,34.730263,-118.30425,CA,Los Angeles,CISO,Solar,40.0,0.0,0.0,0.0,0.0,0.0,0.0,0.0,40.0,0.0
59965,Latigo Wind Park,37.886706,-109.36839,UT,San Juan,PACE,Wind,62.1,0.0,0.0,0.0,0.0,0.0,0.0,0.0,0.0,62.1
59974,Golden West Power Partners LLC,38.935,-104.212,CO,El Paso,PSCO,Wind,250.0,0.0,0.0,0.0,0.0,0.0,0.0,0.0,0.0,250.0
59975,Carousel Wind Farm LLC,39.334,-102.173,CO,Kit Carson,PSCO,Wind,150.0,0.0,0.0,0.0,0.0,0.0,0.0,0.0,0.0,150.0
59976,RE Astoria,34.844226,-118.458466,CA,Kern,CISO,Solar,100.0,0.0,0.0,0.0,0.0,0.0,0.0,0.0,100.0,0.0
59977,RE Astoria 2,34.836649,-118.480204,CA,Kern,CISO,Solar,75.0,0.0,0.0,0.0,0.0,0.0,0.0,0.0,75.0,0.0
59978,"Adapture CA2, LLC",39.69898,-122.175583,CA,Glenn,PACW,Solar,1.5,0.0,0.0,0.0,0.0,0.0,0.0,0.0,1.5,0.0
59979,"Columbia Solar Energy, LLC",38.019671,-121.86506,CA,Contra Costa,CISO,Solar,19.2,0.0,0.0,0.0,0.0,0.0,0.0,0.0,19.2,0.0
60007,Morelos del Sol,35.731362,-119.818712,CA,Kern,CISO,Solar,15.0,0.0,0.0,0.0,0.0,0.0,0.0,0.0,15.0,0.0
60008,Hooper Solar,37.691863,-105.990812,CO,Alamosa,PSCO,Solar,52.0,0.0,0.0,0.0,0.0,0.0,0.0,0.0,52.0,0.0
60009,Murphy Flat Solar,43.213,-116.439,ID,Owyhee,IPCO,Solar,20.0,0.0,0.0,0.0,0.0,0.0,0.0,0.0,20.0,0.0
60010,Orchard Ranch Solar,43.467,-116.285,ID,Ada,IPCO,Solar,20.0,0.0,0.0,0.0,0.0,0.0,0.0,0.0,20.0,0.0
60011,American Falls Solar,42.824,-112.752,ID,Power,IPCO,Solar,20.0,0.0,0.0,0.0,0.0,0.0,0.0,0.0,20.0,0.0
60012,American Falls Solar II,42.824,-112.752,ID,Power,IPCO,Solar,20.0,0.0,0.0,0.0,0.0,0.0,0.0,0.0,20.0,0.0
60016,MESA 1,47.936194,-122.246917,WA,Snohomish,BPAT,Battery Storage,2.0,2.0,0.0,0.0,0.0,0.0,0.0,0.0,0.0,0.0
60023,SR Jenkins Ft Lupton,40.081444,-104.746661,CO,Weld,PSCO,Solar,13.0,0.0,0.0,0.0,0.0,0.0,0.0,0.0,13.0,0.0
60026,Little Rock Pham Solar,34.600231,-117.94751,CA,Los Angeles,LDWP,Solar,3.0,0.0,0.0,0.0,0.0,0.0,0.0,0.0,3.0,0.0
60027,Adera Solar,37.120586,-120.32488,CA,Madera,CISO,Solar,20.0,0.0,0.0,0.0,0.0,0.0,0.0,0.0,20.0,0.0
60032,SunE Rochester,34.097728,-117.544529,CA,San Bernardino,CISO,Solar,1.0,0.0,0.0,0.0,0.0,0.0,0.0,0.0,1.0,0.0
60033,"CA Flats Solar 130, LLC",35.615573,-120.404352,CA,San Luis Obispo,CISO,Solar,130.0,0.0,0.0,0.0,0.0,0.0,0.0,0.0,130.0,0.0
60034,"CA Flats Solar 150, LLC",35.615573,-120.404352,CA,San Luis Obispo,CISO,Solar,150.0,0.0,0.0,0.0,0.0,0.0,0.0,0.0,150.0,0.0
60035,Tequesquite Landfill Solar PV Project,33.97819,-117.38514,CA,Riverside,CISO,Solar,7.3,0.0,0.0,0.0,0.0,0.0,0.0,0.0,7.3,0.0
60039,Frontier Solar LLC,37.379919,-121.130661,CA,Stanislaus,CISO,Solar,20.0,0.0,0.0,0.0,0.0,0.0,0.0,0.0,20.0,0.0
60043,"Cuyama Solar, LLC",34.901,-119.596,CA,Santa Barbara,CISO,Solar,40.0,0.0,0.0,0.0,0.0,0.0,0.0,0.0,40.0,0.0
60049,Golden Hills Wind,37.713311,-121.640353,CA,Alameda,CISO,Wind,85.9,0.0,0.0,0.0,0.0,0.0,0.0,0.0,0.0,85.9
60057,"Steel Bridge Solar, LLC",45.068,-123.47,OR,Polk,PGE,Solar,2.3,0.0,0.0,0.0,0.0,0.0,0.0,0.0,2.3,0.0
60060,Lindberg FIeld Solar,32.729238,-117.207718,CA,San Diego,CISO,Solar,2.9,0.0,0.0,0.0,0.0,0.0,0.0,0.0,2.9,0.0
60062,Avalon Solar II,32.000854,-110.958427,AZ,Pima,TEPC,Solar,16.0,0.0,0.0,0.0,0.0,0.0,0.0,0.0,16.0,0.0
60068,Grand View Solar Two,42.989614,-116.093431,ID,Elmore,IPCO,Solar,80.0,0.0,0.0,0.0,0.0,0.0,0.0,0.0,80.0,0.0
60077,CED Avenal,35.996324,-120.15146,CA,Kings,CISO,Solar,15.8,0.0,0.0,0.0,0.0,0.0,0.0,0.0,15.8,0.0
60078,CED Ducor 1,35.856278,-119.068414,CA,Tulare,CISO,Solar,20.0,0.0,0.0,0.0,0.0,0.0,0.0,0.0,20.0,0.0
60079,CED Ducor 2,35.844167,-119.068069,CA,Tulare,CISO,Solar,20.0,0.0,0.0,0.0,0.0,0.0,0.0,0.0,20.0,0.0
60080,CED Ducor 3,35.845378,-119.056992,CA,Tulare,CISO,Solar,15.0,0.0,0.0,0.0,0.0,0.0,0.0,0.0,15.0,0.0
60081,CED Ducor 4,35.850403,-119.026992,CA,Tulare,CISO,Solar,20.0,0.0,0.0,0.0,0.0,0.0,0.0,0.0,20.0,0.0
60083,Fresno Solar,36.616846,-120.105144,CA,Fresno,CISO,Solar,3.0,0.0,0.0,0.0,0.0,0.0,0.0,0.0,3.0,0.0
60085,AVS Lancaster 1,34.748894,-117.973571,CA,Los Angeles,CISO,Solar,3.7,0.0,0.0,0.0,0.0,0.0,0.0,0.0,3.7,0.0
60086,US-TOPCO (Soccer Center),34.66072,-118.081152,CA,Los Angeles,CISO,Solar,3.0,0.0,0.0,0.0,0.0,0.0,0.0,0.0,3.0,0.0
60091,"Kingbird B Solar, LLC",34.824206,-118.438547,CA,Kern,CISO,Solar,20.0,0.0,0.0,0.0,0.0,0.0,0.0,0.0,20.0,0.0
60092,"Blythe Solar II, LLC",33.68,-114.73,CA,Riverside,CISO,Solar,246.2,115.0,0.0,0.0,0.0,0.0,0.0,0.0,131.2,0.0
60093,"Blythe Solar 110, LLC",33.68,-114.742,CA,Riverside,CISO,Solar,172.8,63.0,0.0,0.0,0.0,0.0,0.0,0.0,109.8,0.0
60094,"Blythe Solar III, LLC Hybrid",33.656,-114.742,CA,Riverside,CISO,Solar,251.8,115.0,0.0,0.0,0.0,0.0,0.0,0.0,136.8,0.0
60095,"Blythe Solar IV, LLC",33.682,-114.768,CA,Riverside,CISO,Solar,184.4,47.0,0.0,0.0,0.0,0.0,0.0,0.0,137.4,0.0
60112,Oregon Convention Center,45.528457,-122.66317,OR,Multnomah,PACW,Solar,1.4,0.0,0.0,0.0,0.0,0.0,0.0,0.0,1.4,0.0
60119,Granby Hydro,40.1464,-105.8683,CO,Grand,PSCO,Hydro,1.2,0.0,0.0,1.2,0.0,0.0,0.0,0.0,0.0,0.0
60130,Big Sand Draw Plant,42.7527,-108.1697,WY,Fremont,WACM,Natural Gas,8.0,0.0,0.0,0.0,8.0,0.0,0.0,0.0,0.0,0.0
60142,Lemoore 1,36.257938,-119.798139,CA,Kings,CISO,Solar,1.5,0.0,0.0,0.0,0.0,0.0,0.0,0.0,1.5,0.0
60143,Peak View Wind Farm,37.710444,-104.505464,CO,Huerfano,PSCO,Wind,60.8,0.0,0.0,0.0,0.0,0.0,0.0,0.0,0.0,60.8
60145,"Broadview Energy JN, LLC",34.734179,-103.108047,NM,Curry,GRIS,Wind,181.7,0.0,0.0,0.0,0.0,0.0,0.0,0.0,0.0,181.7
60151,Building F,33.914356,-118.050189,CA,Los Angeles,CISO,Solar,1.3,0.0,0.0,0.0,0.0,0.0,0.0,0.0,1.3,0.0
60152,"Broadview Energy KW, LLC",34.727007,-103.166771,NM,Curry,GRIS,Wind,142.6,0.0,0.0,0.0,0.0,0.0,0.0,0.0,0.0,142.6
60153,Building G,33.912917,-118.050561,CA,Los Angeles,CISO,Solar,1.2,0.0,0.0,0.0,0.0,0.0,0.0,0.0,1.2,0.0
60154,Buidling L,33.912917,-118.041944,CA,Los Angeles,CISO,Solar,1.0,0.0,0.0,0.0,0.0,0.0,0.0,0.0,1.0,0.0
60182,Dulles,34.030119,-117.517753,CA,Riverside,CISO,Solar,2.0,0.0,0.0,0.0,0.0,0.0,0.0,0.0,2.0,0.0
60183,Freeway Springs,33.892614,-118.037564,CA,Los Angeles,CISO,Solar,2.0,0.0,0.0,0.0,0.0,0.0,0.0,0.0,2.0,0.0
60185,Solverde 1,34.655694,-118.298166,CA,Los Angeles,CISO,Solar,85.0,0.0,0.0,0.0,0.0,0.0,0.0,0.0,85.0,0.0
60186,Antelope DSR 1,34.655556,-118.280722,CA,Los Angeles,CISO,Solar,50.0,0.0,0.0,0.0,0.0,0.0,0.0,0.0,50.0,0.0
60187,Antelope DSR 2,34.686944,-118.311722,CA,Los Angeles,CISO,Solar,5.0,0.0,0.0,0.0,0.0,0.0,0.0,0.0,5.0,0.0
60193,Whitethorn Solar LLC,37.691,-121.717,CA,Alameda,CISO,Solar,3.3,0.0,0.0,0.0,0.0,0.0,0.0,0.0,3.3,0.0
60195,South Valley Solar Energy Center,34.986073,-106.736129,NM,Bernalillo,PNM,Solar,10.0,0.0,0.0,0.0,0.0,0.0,0.0,0.0,10.0,0.0
60196,Santa Fe Solar Energy Center,35.587795,-106.060859,NM,Santa Fe,PNM,Solar,9.5,0.0,0.0,0.0,0.0,0.0,0.0,0.0,9.5,0.0
60197,Santolina Solar Energy Center,35.029719,-106.855498,NM,Bernalillo,PNM,Solar,10.5,0.0,0.0,0.0,0.0,0.0,0.0,0.0,10.5,0.0
60198,Rio Communities Solar Energy Center,34.582598,-106.682975,NM,Valencia,PNM,Solar,10.0,0.0,0.0,0.0,0.0,0.0,0.0,0.0,10.0,0.0
60219,Strata Roof 1,38.643527,-121.505506,CA,Sacramento,BANC,Solar,1.0,0.0,0.0,0.0,0.0,0.0,0.0,0.0,1.0,0.0
60220,Zero Waste Energy Development Co LLC,37.4325,-121.95285,CA,Santa Clara,CISO,Other,1.6,0.0,0.0,0.0,0.0,0.0,0.0,1.6,0.0,0.0
60223,Equinix San Jose,37.241713,-121.781363,CA,Santa Clara,CISO,Natural Gas,1.1,0.0,0.0,0.0,1.1,0.0,0.0,0.0,0.0,0.0
60224,Intel Santa Clara,37.384745,-121.963808,CA,Santa Clara,CISO,Natural Gas,1.1,0.0,0.0,0.0,1.1,0.0,0.0,0.0,0.0,0.0
60226,"Rancho Seco Solar, LLC",38.339857,-121.114494,CA,Sacramento,BANC,Solar,10.8,0.0,0.0,0.0,0.0,0.0,0.0,0.0,10.8,0.0
60230,Estrella Mountain PV,33.409803,-112.340297,AZ,Maricopa,AZPS,Solar,1.8,0.0,0.0,0.0,0.0,0.0,0.0,0.0,1.8,0.0
60231,Genentech-Oceanside Hybrid,33.211095,-117.299593,CA,San Diego,CISO,Solar,6.5,2.0,0.0,0.0,0.0,0.0,0.0,0.0,4.5,0.0
60233,RE Garland,34.825267,-118.524989,CA,Kern,CISO,Solar,273.1,88.0,0.0,0.0,0.0,0.0,0.0,0.0,185.1,0.0
60237,Midway Solar Farm II,33.162056,-115.531694,CA,Imperial,IID,Solar,30.0,0.0,0.0,0.0,0.0,0.0,0.0,0.0,30.0,0.0
60242,"Algonquin SKIC 10 Solar, LLC",35.126111,-119.243361,CA,Kern,CISO,Solar,10.0,0.0,0.0,0.0,0.0,0.0,0.0,0.0,10.0,0.0
60247,Valley View Solar,40.418786,-104.891944,CO,Weld,WACM,Solar,4.0,0.0,0.0,0.0,0.0,0.0,0.0,0.0,4.0,0.0
60248,Skylark,40.577889,-104.894792,CO,Weld,WACM,Solar,4.0,0.0,0.0,0.0,0.0,0.0,0.0,0.0,4.0,0.0
60249,Silicon Valley Clean Water,37.542619,-122.231119,CA,San Mateo,CISO,Other,2.2,1.0,0.0,0.0,0.0,0.0,0.0,1.2,0.0,0.0
60255,Weymouth Solar Plant,34.108618,-117.782246,CA,Los Angeles,CISO,Solar,3.0,0.0,0.0,0.0,0.0,0.0,0.0,0.0,3.0,0.0
60258,Alta Luna,32.572022,-107.486458,NM,Luna,PNM,Solar,28.1,0.0,0.0,0.0,0.0,0.0,0.0,0.0,28.1,0.0
60259,"Pioneer Wind Park, LLC",42.728198,-105.866765,WY,Converse,PACE,Wind,80.0,0.0,0.0,0.0,0.0,0.0,0.0,0.0,0.0,80.0
60261,Playa Solar 2,36.408,-114.908,NV,Clark,NEVP,Solar,100.0,0.0,0.0,0.0,0.0,0.0,0.0,0.0,100.0,0.0
60263,Durham AWTF,45.400524,-122.765822,OR,Washington,PGE,Other,1.6,0.0,0.0,0.0,0.0,0.0,0.0,1.6,0.0,0.0
60275,Westside Solar Power PV1,36.219,-119.907,CA,Kings,CISO,Solar,2.0,0.0,0.0,0.0,0.0,0.0,0.0,0.0,2.0,0.0
60277,Castor Solar,35.211044,-119.387258,CA,Kern,CISO,Solar,1.5,0.0,0.0,0.0,0.0,0.0,0.0,0.0,1.5,0.0
60279,Antelope Big Sky Ranch,34.694839,-118.28769,CA,Los Angeles,CISO,Solar,20.0,0.0,0.0,0.0,0.0,0.0,0.0,0.0,20.0,0.0
60280,Summer Solar LLC,34.714703,-118.311006,CA,Los Angeles,CISO,Solar,20.0,0.0,0.0,0.0,0.0,0.0,0.0,0.0,20.0,0.0
60281,Central Antelope Dry Ranch B LLC,34.705549,-118.301417,CA,Los Angeles,CISO,Solar,3.0,0.0,0.0,0.0,0.0,0.0,0.0,0.0,3.0,0.0
60283,SR Mavericks,40.23,-105.03,CO,Weld,WACM,Solar,7.8,0.0,0.0,0.0,0.0,0.0,0.0,0.0,7.8,0.0
60285,Red Horse III,32.13597,-110.05129,AZ,Cochise,TEPC,Solar,30.0,0.0,0.0,0.0,0.0,0.0,0.0,0.0,30.0,0.0
60301,Holloman Solar Facility,32.921261,-106.072411,NM,Otero,EPE,Solar,5.0,0.0,0.0,0.0,0.0,0.0,0.0,0.0,5.0,0.0
60304,"San Isabel Solar, LLC",37.372,-104.843,CO,Las Animas,PSCO,Solar,30.0,0.0,0.0,0.0,0.0,0.0,0.0,0.0,30.0,0.0
60307,"Mesquite Solar 2, LLC",33.332777,-112.911388,AZ,Maricopa,CISO,Solar,100.0,0.0,0.0,0.0,0.0,0.0,0.0,0.0,100.0,0.0
60308,"Mesquite Solar 3, LLC",33.347583,-112.936805,AZ,Maricopa,CISO,Solar,150.0,0.0,0.0,0.0,0.0,0.0,0.0,0.0,150.0,0.0
60310,"Portal Ridge Solar B, LLC",34.71647,-118.2821,CA,Los Angeles,CISO,Solar,20.0,0.0,0.0,0.0,0.0,0.0,0.0,0.0,20.0,0.0
60311,"Portal Ridge Solar C, LLC",34.71412,-118.2739,CA,Los Angeles,CISO,Solar,11.4,0.0,0.0,0.0,0.0,0.0,0.0,0.0,11.4,0.0
60315,Midway Solar Farm III,33.154761,-115.544918,CA,Imperial,IID,Solar,20.0,0.0,0.0,0.0,0.0,0.0,0.0,0.0,20.0,0.0
60317,"Grady Wind Energy Center, LLC",34.734142,-103.092227,NM,Curry,PNM,Wind,220.5,0.0,0.0,0.0,0.0,0.0,0.0,0.0,0.0,220.5
60320,Jeffco Community Solar Gardens LLC,39.859564,-105.149694,CO,Jefferson,PSCO,Solar,1.2,0.0,0.0,0.0,0.0,0.0,0.0,0.0,1.2,0.0
60324,"Willow Spring Solar, LLC",34.826697,-118.335211,CA,Kern,CISO,Solar,107.9,0.0,0.0,0.0,0.0,0.0,0.0,0.0,107.9,0.0
60330,"Grove Solar Center, LLC",43.936687,-117.381214,OR,Malheur,IPCO,Solar,6.0,0.0,0.0,0.0,0.0,0.0,0.0,0.0,6.0,0.0
60331,"Hyline Solar Center, LLC",44.151256,-117.000071,OR,Malheur,IPCO,Solar,9.0,0.0,0.0,0.0,0.0,0.0,0.0,0.0,9.0,0.0
60332,"Open Range Solar Center, LLC",43.796766,-117.065311,OR,Malheur,IPCO,Solar,10.0,0.0,0.0,0.0,0.0,0.0,0.0,0.0,10.0,0.0
60333,"Railroad Solar Center, LLC",43.998019,-117.10118,OR,Malheur,IPCO,Solar,4.5,0.0,0.0,0.0,0.0,0.0,0.0,0.0,4.5,0.0
60334,"Thunderegg Solar Center, LLC",43.93097,-116.987626,OR,Malheur,IPCO,Solar,10.0,0.0,0.0,0.0,0.0,0.0,0.0,0.0,10.0,0.0
60335,"Vale Air Solar Center, LLC",43.965031,-117.25806,OR,Malheur,IPCO,Solar,10.0,0.0,0.0,0.0,0.0,0.0,0.0,0.0,10.0,0.0
60336,Midway Solar Farm 1,33.176627,-115.572788,CA,Imperial,IID,Solar,50.0,0.0,0.0,0.0,0.0,0.0,0.0,0.0,50.0,0.0
60341,Wal-Mart Truth or Consequences PV,33.1526,-107.249831,NM,Sierra,PNM,Solar,1.0,0.0,0.0,0.0,0.0,0.0,0.0,0.0,1.0,0.0
60349,"Hill AFB LFG Facility, Bldg #737",41.12902,-111.964147,UT,Davis,PACE,Other,2.3,0.0,0.0,0.0,0.0,0.0,0.0,2.3,0.0,0.0
60350,"Solar Las Vegas MB 2, LLC",36.087426,-115.175381,NV,Clark,NEVP,Solar,1.5,0.0,0.0,0.0,0.0,0.0,0.0,0.0,1.5,0.0
60351,Bison Solar LLC,40.863809,-105.0111,CO,Larimer,PSCO,Solar,30.0,0.0,0.0,0.0,0.0,0.0,0.0,0.0,30.0,0.0
60352,"Boulder Solar Power, LLC",35.348,-114.97,NV,Clark,NEVP,Solar,100.0,0.0,0.0,0.0,0.0,0.0,0.0,0.0,100.0,0.0
60381,Sulphur Springs,32.0628,-109.919283,AZ,Cochise,WALC,Solar,20.0,0.0,0.0,0.0,0.0,0.0,0.0,0.0,20.0,0.0
60385,Santa Rita Jail Fuel Cell,37.719166,-121.886944,CA,Alameda,CISO,Natural Gas,1.4,0.0,0.0,0.0,1.4,0.0,0.0,0.0,0.0,0.0
60386,RE Garland A,34.821453,-118.497406,CA,Kern,CISO,Solar,20.2,0.0,0.0,0.0,0.0,0.0,0.0,0.0,20.2,0.0
60389,RE Barren Ridge 1,35.20473,-118.06875,CA,Kern,LDWP,Solar,60.0,0.0,0.0,0.0,0.0,0.0,0.0,0.0,60.0,0.0
60405,"Chaves Solar, LLC",33.45,-104.456,NM,Chaves,SWPP,Solar,70.0,0.0,0.0,0.0,0.0,0.0,0.0,0.0,70.0,0.0
60406,"Roswell Solar, LLC",33.45293,-104.461074,NM,Chaves,SWPP,Solar,70.0,0.0,0.0,0.0,0.0,0.0,0.0,0.0,70.0,0.0
60412,Munro Valley Solar,36.2647,-117.9955,CA,Inyo,CISO,Solar,4.0,0.0,0.0,0.0,0.0,0.0,0.0,0.0,4.0,0.0
60413,Bonnybrooke PV,33.053,-111.34,AZ,Pinal,SRP,Solar,50.0,0.0,0.0,0.0,0.0,0.0,0.0,0.0,50.0,0.0
60418,Calligan Creek Hydroelectric Project,47.6008,-121.68861,WA,King,PSEI,Hydro,6.0,0.0,0.0,6.0,0.0,0.0,0.0,0.0,0.0,0.0
60419,Don A Campbell 2 Geothermal,38.835836,-118.325339,NV,Mineral,NEVP,Geothermal,20.0,0.0,20.0,0.0,0.0,0.0,0.0,0.0,0.0,0.0
60421,Veyo Heat Recovery Project,37.348,-113.765,UT,Washington,PACE,Other,9.5,0.0,0.0,0.0,0.0,0.0,0.0,9.5,0.0,0.0
60426,RCWD PV Project,33.5226,-117.1815,CA,Riverside,CISO,Solar,4.1,0.0,0.0,0.0,0.0,0.0,0.0,0.0,4.1,0.0
60428,CA Dept of Public Health at Richmond,37.92,-122.344,CA,Contra Costa,CISO,Solar,2.2,0.0,0.0,0.0,0.0,0.0,0.0,0.0,2.2,0.0
60432,Three Peaks Power,37.827082,-113.137082,UT,Iron,PACE,Solar,80.0,0.0,0.0,0.0,0.0,0.0,0.0,0.0,80.0,0.0
60444,Glacier Battery Storage,48.88804,-121.9462,WA,Whatcom,PSEI,Battery Storage,2.0,2.0,0.0,0.0,0.0,0.0,0.0,0.0,0.0,0.0
60445,ID Solar,43.444,-116.333,ID,Ada,IPCO,Solar,40.0,0.0,0.0,0.0,0.0,0.0,0.0,0.0,40.0,0.0
60446,E&B Resources,35.534584,-119.060029,CA,Kern,CISO,Solar,1.0,0.0,0.0,0.0,0.0,0.0,0.0,0.0,1.0,0.0
60449,Pavant Solar II LLC,39.1625,-112.343,UT,Millard,PACE,Solar,50.0,0.0,0.0,0.0,0.0,0.0,0.0,0.0,50.0,0.0
60450,Corcoran,36.102307,-119.566516,CA,Kings,CISO,Solar,1.1,0.0,0.0,0.0,0.0,0.0,0.0,0.0,1.1,0.0
60466,Waterman Turnout Hydroelectric,34.172625,-117.278033,CA,San Bernardino,CISO,Hydro,1.0,0.0,0.0,1.0,0.0,0.0,0.0,0.0,0.0,0.0
60467,Red Rock,32.551026,-111.289232,AZ,Maricopa,AZPS,Solar,84.9,41.0,0.0,0.0,0.0,0.0,0.0,0.0,43.9,0.0
60474,"Bayshore Solar B, LLC",34.678305,-118.302649,CA,Los Angeles,CISO,Solar,20.0,0.0,0.0,0.0,0.0,0.0,0.0,0.0,20.0,0.0
60475,"Bayshore Solar C, LLC",34.681338,-118.314087,CA,Los Angeles,CISO,Solar,20.0,0.0,0.0,0.0,0.0,0.0,0.0,0.0,20.0,0.0
60481,"Bayshore Solar A, LLC",34.667817,-118.298089,CA,Los Angeles,CISO,Solar,20.0,0.0,0.0,0.0,0.0,0.0,0.0,0.0,20.0,0.0
60485,"Longboat Solar, LLC",34.541,-117.061,CA,San Bernardino,CISO,Solar,20.0,0.0,0.0,0.0,0.0,0.0,0.0,0.0,20.0,0.0
60486,Greenfield Wind - MT,47.723,-111.963,MT,Teton,NWMT,Wind,25.0,0.0,0.0,0.0,0.0,0.0,0.0,0.0,0.0,25.0
60490,Redwood 4 Solar Farm,35.314198,-118.81192,CA,Kern,CISO,Solar,20.0,0.0,0.0,0.0,0.0,0.0,0.0,0.0,20.0,0.0
60491,Springbok 3 Solar Farm Hybrid,35.171153,-118.001652,CA,Kern,LDWP,Solar,91.5,1.5,0.0,0.0,0.0,0.0,0.0,0.0,90.0,0.0
60497,SR Skylark B,40.579472,-104.895675,CO,Weld,WACM,Solar,2.0,0.0,0.0,0.0,0.0,0.0,0.0,0.0,2.0,0.0
60509,Valley Center,33.2503,-117.0226,CA,San Diego,CISO,Solar,2.3,0.0,0.0,0.0,0.0,0.0,0.0,0.0,2.3,0.0
60511,Clear Spring Ranch PV Project,38.602102,-104.694688,CO,El Paso,WACM,Solar,10.0,0.0,0.0,0.0,0.0,0.0,0.0,0.0,10.0,0.0
60516,NLP Granger,33.2704,-117.0588,CA,San Diego,CISO,Solar,3.0,0.0,0.0,0.0,0.0,0.0,0.0,0.0,3.0,0.0
60517,Hancock Creek Hydroelectric Project,47.5722,-121.6897,WA,King,PSEI,Hydro,6.0,0.0,0.0,6.0,0.0,0.0,0.0,0.0,0.0,0.0
60548,"NorWest Energy 2, LLC",44.06803,-121.22838,OR,Deschutes,PACW,Solar,9.9,0.0,0.0,0.0,0.0,0.0,0.0,0.0,9.9,0.0
60558,Solar Blythe 2,33.618678,-114.696182,CA,Riverside,CISO,Solar,20.0,0.0,0.0,0.0,0.0,0.0,0.0,0.0,20.0,0.0
60565,Borrego Springs Energy Storage,33.27011,-116.3496,CA,San Diego,CISO,Battery Storage,1.5,1.5,0.0,0.0,0.0,0.0,0.0,0.0,0.0,0.0
60566,Pala Energy Storage Yard,33.35651,-117.113599,CA,San Diego,CISO,Battery Storage,1.0,1.0,0.0,0.0,0.0,0.0,0.0,0.0,0.0,0.0
60567,Ortega Highway Energy Storage,33.562061,-117.543777,CA,Orange,CISO,Battery Storage,2.0,2.0,0.0,0.0,0.0,0.0,0.0,0.0,0.0,0.0
60568,Canyon Crest Academy,32.95907,-117.191622,CA,San Diego,CISO,Battery Storage,1.0,1.0,0.0,0.0,0.0,0.0,0.0,0.0,0.0,0.0
60569,El Cajon Energy Storage,32.8115,-117.050546,CA,San Diego,CISO,Battery Storage,7.5,7.5,0.0,0.0,0.0,0.0,0.0,0.0,0.0,0.0
60570,Escondido Energy Storage,33.124446,-117.114274,CA,San Diego,CISO,Battery Storage,30.0,30.0,0.0,0.0,0.0,0.0,0.0,0.0,0.0,0.0
60571,North City - Landfill Gas Engine North,32.877822,-117.197788,CA,San Diego,CISO,Other,1.6,0.0,0.0,0.0,0.0,0.0,0.0,1.6,0.0,0.0
60572,White Wing Solar,32.994056,-113.508806,AZ,Yuma,CISO,Solar,179.0,0.0,0.0,0.0,0.0,0.0,0.0,0.0,179.0,0.0
60590,"Golden Fields Solar I, LLC",34.839012,-118.386843,CA,Kern,CISO,Solar,54.0,0.0,0.0,0.0,0.0,0.0,0.0,0.0,54.0,0.0
60591,"Solar Star California, XLI, LLC",34.839012,-118.386843,CA,Kern,CISO,Solar,54.0,0.0,0.0,0.0,0.0,0.0,0.0,0.0,54.0,0.0
60594,Voyager Wind I,35.046061,-118.28273,CA,Kern,CISO,Wind,131.1,0.0,0.0,0.0,0.0,0.0,0.0,0.0,0.0,131.1
60603,Jacobson 5 MW Solar,35.304528,-114.01183,AZ,Mohave,TEPC,Solar,4.4,0.0,0.0,0.0,0.0,0.0,0.0,0.0,4.4,0.0
60616,BC Solar,42.175,-120.3598,OR,Lake,PACW,Solar,8.0,0.0,0.0,0.0,0.0,0.0,0.0,0.0,8.0,0.0
60619,Rush Creek Wind,39.172111,-103.845358,CO,Elbert,PSCO,Wind,600.0,0.0,0.0,0.0,0.0,0.0,0.0,0.0,0.0,600.0
60641,Henrietta D Energy Storage LLC,36.228872,-119.904686,CA,Kings,CISO,Battery Storage,10.0,10.0,0.0,0.0,0.0,0.0,0.0,0.0,0.0,0.0
60654,Townsite Solar Project Hybrid,35.937336,-114.883999,NV,Clark,WALC,Solar,270.0,90.0,0.0,0.0,0.0,0.0,0.0,0.0,180.0,0.0
60661,Mira Loma Energy Storage Facility,34.006125,-117.560934,CA,San Bernardino,CISO,Battery Storage,20.0,20.0,0.0,0.0,0.0,0.0,0.0,0.0,0.0,0.0
60678,San Joaquin Solar,36.527,-120.149,CA,Fresno,CISO,Solar,21.3,0.0,0.0,0.0,0.0,0.0,0.0,0.0,21.3,0.0
60684,Amphitheater High School Solar,32.269,-110.975,AZ,Pima,TEPC,Solar,1.0,0.0,0.0,0.0,0.0,0.0,0.0,0.0,1.0,0.0
60685,Canyon Del Oro High School Solar,32.374,-110.974,AZ,Pima,TEPC,Solar,4.4,0.0,0.0,0.0,0.0,0.0,0.0,0.0,4.4,0.0
60696,Nodal Power,31.811078,-106.59326,NM,Dona Ana,EPE,Other,3.2,0.0,0.0,0.0,0.0,0.0,0.0,3.2,0.0,0.0
60698,Stanton Energy Reliability Center Hybrid,33.806801,-117.985758,CA,Orange,CISO,Natural Gas,161.0,20.0,0.0,0.0,141.0,0.0,0.0,0.0,0.0,0.0
60720,Weld 1 Community Solar Array,40.232146,-104.791865,CO,Weld,PSCO,Solar,1.5,0.0,0.0,0.0,0.0,0.0,0.0,0.0,1.5,0.0
60722,Logan 1 Community Solar Array,40.609968,-103.145084,CO,Logan,PSCO,Solar,1.5,0.0,0.0,0.0,0.0,0.0,0.0,0.0,1.5,0.0
60723,Conejos 1 Community Solar Array,37.195886,-105.982424,CO,Conejos,PSCO,Solar,1.5,0.0,0.0,0.0,0.0,0.0,0.0,0.0,1.5,0.0
60724,Arapahoe 3 Community Solar Array,39.638358,-104.674249,CO,Arapahoe,PSCO,Solar,1.8,0.0,0.0,0.0,0.0,0.0,0.0,0.0,1.8,0.0
60725,Xcel Adams 2 Community Solar Array,39.784937,-104.583391,CO,Adams,PSCO,Solar,1.5,0.0,0.0,0.0,0.0,0.0,0.0,0.0,1.5,0.0
60726,Xcel Adams 1 Community Solar Array,39.765479,-104.588631,CO,Adams,PSCO,Solar,1.8,0.0,0.0,0.0,0.0,0.0,0.0,0.0,1.8,0.0
60744,SEPV Imperial Dixieland West,32.79411,-115.779317,CA,Imperial,IID,Solar,3.0,0.0,0.0,0.0,0.0,0.0,0.0,0.0,3.0,0.0
60745,SEPV Imperial Dixieland East,32.792038,-115.773448,CA,Imperial,IID,Solar,2.0,0.0,0.0,0.0,0.0,0.0,0.0,0.0,2.0,0.0
60748,Simcoe Solar,43.288439,-115.955371,ID,Elmore,IPCO,Solar,20.0,0.0,0.0,0.0,0.0,0.0,0.0,0.0,20.0,0.0
60760,PPA Grand,33.691,-117.833,CA,Orange,CISO,Battery Storage,2.0,2.0,0.0,0.0,0.0,0.0,0.0,0.0,0.0,0.0
60764,Victory Solar LLC,39.795,-104.433,CO,Adams,PSCO,Solar,12.8,0.0,0.0,0.0,0.0,0.0,0.0,0.0,12.8,0.0
60768,Gila River Power Block 2,32.975,-112.694444,AZ,Maricopa,SRP,Natural Gas,619.0,0.0,0.0,0.0,619.0,0.0,0.0,0.0,0.0,0.0
60777,"American Kings Solar, LLC",36.24,-119.898,CA,Kings,CISO,Solar,128.0,0.0,0.0,0.0,0.0,0.0,0.0,0.0,128.0,0.0
60785,Tungsten Mountain,39.667002,-117.693658,NV,Churchill,NEVP,Geothermal,74.8,0.0,62.5,0.0,0.0,0.0,0.0,0.0,12.3,0.0
60790,"PVN Milliken, LLC",34.038433,-117.565802,CA,San Bernardino,CISO,Solar,3.0,0.0,0.0,0.0,0.0,0.0,0.0,0.0,3.0,0.0
60791,SunAnza,33.555267,-116.639647,CA,Riverside,CISO,Battery Storage,7.8,4.4,0.0,0.0,0.0,0.0,0.0,0.0,3.4,0.0
60792,"Republic Services Renewable Energy, LLC",36.35867,-114.87483,NV,Clark,NEVP,Other,12.0,0.0,0.0,0.0,0.0,0.0,0.0,12.0,0.0,0.0
60801,"CEC Solar #1117, LLC",38.284425,-104.523951,CO,Pueblo,PSCO,Solar,1.5,0.0,0.0,0.0,0.0,0.0,0.0,0.0,1.5,0.0
60813,Cloverdale Solar Center,38.769581,-123.020724,CA,Sonoma,CISO,Solar,1.0,0.0,0.0,0.0,0.0,0.0,0.0,0.0,1.0,0.0
60821,Weber State University - Davis Campus PV,41.098957,-111.982167,UT,Davis,WACM,Solar,1.3,0.0,0.0,0.0,0.0,0.0,0.0,0.0,1.3,0.0
60822,Intel - Ocotillo Campus Solar,33.243261,-111.892354,AZ,Maricopa,AZPS,Solar,4.2,0.0,0.0,0.0,0.0,0.0,0.0,0.0,4.2,0.0
60824,Valley Sanitary District WTP Solar,33.708661,-116.198885,CA,Riverside,LDWP,Solar,1.0,0.0,0.0,0.0,0.0,0.0,0.0,0.0,1.0,0.0
60825,Colgreen North Shore Solar Farm,33.540124,-115.974771,CA,Riverside,IID,Solar,74.8,0.0,0.0,0.0,0.0,0.0,0.0,0.0,74.8,0.0
60827,"Sun Streams, LLC",33.34884,-112.8348,AZ,Maricopa,CISO,Solar,160.0,0.0,0.0,0.0,0.0,0.0,0.0,0.0,160.0,0.0
60844,Genentech Vacaville Meter #1,38.390756,-121.94777,CA,Solano,CISO,Solar,6.1,0.0,0.0,0.0,0.0,0.0,0.0,0.0,6.1,0.0
60846,US GSA - Sacramento,38.601354,-121.397929,CA,Sacramento,BANC,Solar,1.1,0.0,0.0,0.0,0.0,0.0,0.0,0.0,1.1,0.0
60861,Dept of General Services -FTB,38.565,-121.343,CA,Sacramento,BANC,Solar,2.7,0.0,0.0,0.0,0.0,0.0,0.0,0.0,2.7,0.0
60868,Timothy Lake Powerhouse,45.370546,-121.756527,OR,Clackamas,PGE,Hydro,1.2,0.0,0.0,1.2,0.0,0.0,0.0,0.0,0.0,0.0
60869,"Solar Star California, XLIV, LLC",34.511889,-117.922819,CA,Los Angeles,CISO,Solar,9.5,0.0,0.0,0.0,0.0,0.0,0.0,0.0,9.5,0.0
60885,"Boulder Solar II, LLC",35.85,-114.944,NV,Clark,NEVP,Solar,50.0,0.0,0.0,0.0,0.0,0.0,0.0,0.0,50.0,0.0
60886,Pavant Solar III,39.154474,-112.359849,UT,Millard,PACE,Solar,20.0,0.0,0.0,0.0,0.0,0.0,0.0,0.0,20.0,0.0
60914,Westmont 300B,33.766067,-118.284733,CA,Los Angeles,LDWP,Solar,3.0,0.0,0.0,0.0,0.0,0.0,0.0,0.0,3.0,0.0
60918,Verwey-Hanford Dairy Digester #1,36.18519,-119.681495,CA,Kings,CISO,Other,1.0,0.0,0.0,0.0,0.0,0.0,0.0,1.0,0.0,0.0
60947,Jacumba Solar Farm,32.6212,-116.12896,CA,San Diego,CISO,Solar,20.0,0.0,0.0,0.0,0.0,0.0,0.0,0.0,20.0,0.0
60953,Owens Valley Solar Project 11,36.275144,-118.012151,CA,Inyo,LDWP,Solar,1.0,0.0,0.0,0.0,0.0,0.0,0.0,0.0,1.0,0.0
60960,Hyperion Treatment Plant CHP Plant,33.9254,-118.4298,CA,Los Angeles,LDWP,Other,33.0,0.0,0.0,0.0,0.0,0.0,0.0,33.0,0.0,0.0
60964,Apache Solar I,32.068141,-109.890379,AZ,Cochise,WALC,Battery Storage,40.0,20.0,0.0,0.0,0.0,0.0,0.0,0.0,20.0,0.0
60974,Glendale Battery Energy Storage System,34.162327,-118.283684,CA,Los Angeles,LDWP,Battery Storage,2.0,2.0,0.0,0.0,0.0,0.0,0.0,0.0,0.0,0.0
60975,Whitney Point Solar,36.376889,-120.138472,CA,Fresno,CISO,Solar,20.0,0.0,0.0,0.0,0.0,0.0,0.0,0.0,20.0,0.0
60976,"OSLH, LLC",44.061,-121.228,OR,Deschutes,PACW,Solar,9.9,0.0,0.0,0.0,0.0,0.0,0.0,0.0,9.9,0.0
60978,CSUF State College,33.87912,-117.8887,CA,Orange,CISO,Solar,1.0,0.0,0.0,0.0,0.0,0.0,0.0,0.0,1.0,0.0
60979,CSUF Nutwood Solar,33.87912,-117.8887,CA,Orange,CISO,Solar,1.9,0.0,0.0,0.0,0.0,0.0,0.0,0.0,1.9,0.0
60981,NextEra Westside PV,36.381775,-120.134486,CA,Fresno,CISO,Solar,20.0,0.0,0.0,0.0,0.0,0.0,0.0,0.0,20.0,0.0
60984,Lindberg Field Solar 2,32.729444,-117.205083,CA,San Diego,CISO,Solar,1.9,0.0,0.0,0.0,0.0,0.0,0.0,0.0,1.9,0.0
60991,Sterling I Wind Farm,33.3596,-103.25058,NM,Lea,SWPP,Wind,29.9,0.0,0.0,0.0,0.0,0.0,0.0,0.0,0.0,29.9
60995,Ramona Solar Energy,33.018486,-116.860713,CA,San Diego,CISO,Solar,4.3,0.0,0.0,0.0,0.0,0.0,0.0,0.0,4.3,0.0
60996,Iron Horse Battery Storage Hybrid,32.098492,-110.819119,AZ,Pima,TEPC,Battery Storage,12.0,10.0,0.0,0.0,0.0,0.0,0.0,0.0,2.0,0.0
61006,SCDA Solar 1,38.690186,-121.586514,CA,Sacramento,CISO,Solar,7.0,0.0,0.0,0.0,0.0,0.0,0.0,0.0,7.0,0.0
61013,Marin Clean Energy Solar One,37.945296,-122.377202,CA,Contra Costa,CISO,Solar,10.5,0.0,0.0,0.0,0.0,0.0,0.0,0.0,10.5,0.0
61040,Twin Buttes II Wind,37.773,-102.546,CO,Prowers,WACM,Wind,75.0,0.0,0.0,0.0,0.0,0.0,0.0,0.0,0.0,75.0
61044,La Joya NM,34.81,-105.74,NM,Torrance,PNM,Wind,306.2,0.0,0.0,0.0,0.0,0.0,0.0,0.0,0.0,306.2
61048,Solar Star Oregon II,44.1843,-120.918,OR,Crook,PACW,Solar,56.3,0.0,0.0,0.0,0.0,0.0,0.0,0.0,56.3,0.0
61066,Foundation CDCR LAC,34.691,-118.221,CA,Los Angeles,CISO,Wind,1.9,0.0,0.0,0.0,0.0,0.0,0.0,0.0,0.0,1.9
61067,Foundation Scheid Vineyards,36.274508,-121.191589,CA,Monterey,CISO,Wind,1.9,0.0,0.0,0.0,0.0,0.0,0.0,0.0,0.0,1.9
61084,Luning Energy,38.546947,-118.19156,NV,Mineral,NEVP,Solar,50.0,0.0,0.0,0.0,0.0,0.0,0.0,0.0,50.0,0.0
61098,Battle Mountain Solar Project,40.718433,-117.06143,NV,Humboldt,NEVP,Solar,126.0,25.0,0.0,0.0,0.0,0.0,0.0,0.0,101.0,0.0
61104,Pima Community College - East Campus,32.146142,-110.990639,AZ,Pima,TEPC,Solar,1.3,0.0,0.0,0.0,0.0,0.0,0.0,0.0,1.3,0.0
61107,Vanadium Redox Flow Battery Plant,32.682506,-116.988781,CA,San Diego,CISO,Battery Storage,2.0,2.0,0.0,0.0,0.0,0.0,0.0,0.0,0.0,0.0
61115,Manteca Land PV,37.84013,-121.216191,CA,San Joaquin,CISO,Solar,1.0,0.0,0.0,0.0,0.0,0.0,0.0,0.0,1.0,0.0
61116,Delano Land 1,35.761217,-119.344408,CA,Kern,CISO,Solar,1.0,0.0,0.0,0.0,0.0,0.0,0.0,0.0,1.0,0.0
61117,Bakersfield PV 1,35.324982,-118.981522,CA,Kern,CISO,Solar,5.3,0.0,0.0,0.0,0.0,0.0,0.0,0.0,5.3,0.0
61118,Bakersfield Industrial PV 1,35.330032,-118.993119,CA,Kern,CISO,Solar,1.0,0.0,0.0,0.0,0.0,0.0,0.0,0.0,1.0,0.0
61119,Quichapa 1,37.658223,-113.216679,UT,Iron,PACE,Solar,3.0,0.0,0.0,0.0,0.0,0.0,0.0,0.0,3.0,0.0
61120,Quichapa 2,37.666772,-113.188953,UT,Iron,PACE,Solar,3.0,0.0,0.0,0.0,0.0,0.0,0.0,0.0,3.0,0.0
61121,Quichapa 3,37.649816,-113.236928,UT,Iron,PACE,Solar,3.0,0.0,0.0,0.0,0.0,0.0,0.0,0.0,3.0,0.0
61152,Intel Folsom Phase 3,38.645961,-121.162623,CA,Sacramento,BANC,Solar,5.2,0.0,0.0,0.0,0.0,0.0,0.0,0.0,5.2,0.0
61153,AT&T Holger,37.417638,-121.94453,CA,Santa Clara,CISO,Natural Gas,1.3,0.0,0.0,0.0,1.3,0.0,0.0,0.0,0.0,0.0
61154,AT&T Anaheim,33.836439,-117.916893,CA,Orange,CISO,Natural Gas,1.3,0.0,0.0,0.0,1.3,0.0,0.0,0.0,0.0,0.0
61155,Big Timber Wind Farm,45.855428,-109.649167,MT,Sweet Grass,NWMT,Wind,25.0,0.0,0.0,0.0,0.0,0.0,0.0,0.0,0.0,25.0
61165,Columbus Solar Project,31.86673,-107.587513,NM,Luna,PNM,Solar,1.9,0.0,0.0,0.0,0.0,0.0,0.0,0.0,1.9,0.0
61168,"Eland Solar & Storage Center, Phase 1 Hy",35.2237,-117.977,CA,Kern,LDWP,Solar,459.6,150.0,0.0,0.0,0.0,0.0,0.0,0.0,309.6,0.0
61189,Shavano Falls Hydro,38.491966,-108.002283,CO,Montrose,WACM,Hydro,2.8,0.0,0.0,2.8,0.0,0.0,0.0,0.0,0.0,0.0
61190,Shavano Falls Hydro Drop 4,38.450483,-107.776727,CO,Montrose,WACM,Hydro,4.8,0.0,0.0,4.8,0.0,0.0,0.0,0.0,0.0,0.0
61191,Drop 5,38.404377,-107.810213,CO,Montrose,WACM,Hydro,2.4,0.0,0.0,2.4,0.0,0.0,0.0,0.0,0.0,0.0
61193,IKEA Las Vegas 462,36.068926,-115.280825,NV,Clark,NEVP,Solar,1.0,0.0,0.0,0.0,0.0,0.0,0.0,0.0,1.0,0.0
61197,Pima Energy Storage System,32.251647,-110.991333,AZ,Pima,TEPC,Battery Storage,10.0,10.0,0.0,0.0,0.0,0.0,0.0,0.0,0.0,0.0
61199,T0588 Phoenix - AZ,33.447225,-112.217664,AZ,Maricopa,SRP,Solar,1.2,0.0,0.0,0.0,0.0,0.0,0.0,0.0,1.2,0.0
61200,"OR Solar 2, LLC",42.542084,-122.781338,OR,Jackson,PACW,Solar,10.0,0.0,0.0,0.0,0.0,0.0,0.0,0.0,10.0,0.0
61201,"OR Solar 3, LLC",42.022336,-121.418873,OR,Klamath,PACW,Solar,10.0,0.0,0.0,0.0,0.0,0.0,0.0,0.0,10.0,0.0
61202,Mount Signal Solar Farm V,32.678805,-115.56721,CA,Imperial,CISO,Solar,252.3,0.0,0.0,0.0,0.0,0.0,0.0,0.0,252.3,0.0
61204,"AES ES Alamitos, LLC",33.770202,-118.099665,CA,Los Angeles,CISO,Battery Storage,100.0,100.0,0.0,0.0,0.0,0.0,0.0,0.0,0.0,0.0
61209,Sacramento Regional County Sanitation PV,38.448604,-121.46369,CA,Sacramento,BANC,Solar,3.5,0.0,0.0,0.0,0.0,0.0,0.0,0.0,3.5,0.0
61215,Green Beanworks C PV,34.597,-117.931,CA,Los Angeles,CISO,Solar,3.0,0.0,0.0,0.0,0.0,0.0,0.0,0.0,3.0,0.0
61216,Green Beanworks D PV,34.654976,-118.08215,CA,Los Angeles,CISO,Solar,3.0,0.0,0.0,0.0,0.0,0.0,0.0,0.0,3.0,0.0
61217,Head of U Canal Hydro Project,42.7628,-114.3958,ID,Jerome,IPCO,Hydro,1.2,0.0,0.0,1.2,0.0,0.0,0.0,0.0,0.0,0.0
61222,Golden Hills North Wind Energy Center,37.769189,-121.630163,CA,Alameda,CISO,Wind,46.0,0.0,0.0,0.0,0.0,0.0,0.0,0.0,0.0,46.0
61249,Westmont 300A,33.766067,-118.288925,CA,Los Angeles,LDWP,Solar,2.9,0.0,0.0,0.0,0.0,0.0,0.0,0.0,2.9,0.0
61250,USPS PV,33.977922,-118.2587,CA,Los Angeles,CISO,Solar,7.4,0.0,0.0,0.0,0.0,0.0,0.0,0.0,7.4,0.0
61264,Antelope Expansion 2,34.744977,-118.309153,CA,Los Angeles,CISO,Solar,105.0,0.0,0.0,0.0,0.0,0.0,0.0,0.0,105.0,0.0
61265,Antelope DSR 3,34.736859,-118.304071,CA,Los Angeles,CISO,Solar,20.0,0.0,0.0,0.0,0.0,0.0,0.0,0.0,20.0,0.0
61268,Kayenta Solar Project,36.771944,-110.263889,AZ,Navajo,WALC,Solar,55.3,0.0,0.0,0.0,0.0,0.0,0.0,0.0,55.3,0.0
61272,Gray Hawk Solar,35.3635,-113.8978,AZ,Mohave,TEPC,Solar,55.0,0.0,0.0,0.0,0.0,0.0,0.0,0.0,55.0,0.0
61281,Bear Creek Solar Center,44.060814,-121.237203,OR,Deschutes,PACW,Solar,10.0,0.0,0.0,0.0,0.0,0.0,0.0,0.0,10.0,0.0
61289,"River Bend Solar, LLC",45.703779,-109.565219,MT,Stillwater,NWMT,Solar,2.0,0.0,0.0,0.0,0.0,0.0,0.0,0.0,2.0,0.0
61290,"South Mills Solar, LLC",45.730113,-107.632624,MT,Big Horn,NWMT,Solar,3.0,0.0,0.0,0.0,0.0,0.0,0.0,0.0,3.0,0.0
61291,"Green Meadow Solar, LLC",46.694488,-112.063623,MT,Lewis and Clark,NWMT,Solar,3.0,0.0,0.0,0.0,0.0,0.0,0.0,0.0,3.0,0.0
61314,SR Kersey,40.386197,-104.55095,CO,Weld,WACM,Solar,3.5,0.0,0.0,0.0,0.0,0.0,0.0,0.0,3.5,0.0
61319,Port of LA Solar FiT Project,33.727977,-118.280032,CA,Los Angeles,LDWP,Solar,1.1,0.0,0.0,0.0,0.0,0.0,0.0,0.0,1.1,0.0
61335,"Great Divide Solar, LLC",46.805739,-112.249048,MT,Lewis and Clark,NWMT,Solar,3.0,0.0,0.0,0.0,0.0,0.0,0.0,0.0,3.0,0.0
61336,"Black Eagle Solar, LLC",47.547466,-111.253974,MT,Cascade,NWMT,Solar,3.0,0.0,0.0,0.0,0.0,0.0,0.0,0.0,3.0,0.0
61337,"Magpie Solar, LLC",46.291439,-108.937935,MT,Golden Valley,NWMT,Solar,3.0,0.0,0.0,0.0,0.0,0.0,0.0,0.0,3.0,0.0
61338,Mill Creek Solar (OR),45.16964,-123.13633,OR,Yamhill,PGE,Solar,2.2,0.0,0.0,0.0,0.0,0.0,0.0,0.0,2.2,0.0
61339,Green Beanworks B PV,34.688042,-117.989541,CA,Los Angeles,CISO,Solar,3.0,0.0,0.0,0.0,0.0,0.0,0.0,0.0,3.0,0.0
61345,WyEast Solar,45.5846,-120.59994,OR,Sherman,AVRN,Solar,10.0,0.0,0.0,0.0,0.0,0.0,0.0,0.0,10.0,0.0
61348,Westmont 400A,33.764227,-118.288925,CA,Los Angeles,LDWP,Solar,2.3,0.0,0.0,0.0,0.0,0.0,0.0,0.0,2.3,0.0
61349,Westmont 400B,33.764227,-118.284733,CA,Los Angeles,LDWP,Solar,2.2,0.0,0.0,0.0,0.0,0.0,0.0,0.0,2.2,0.0
61353,Mount Signal Solar Farm II,32.6685,-115.6292,CA,Imperial,CISO,Solar,153.5,0.0,0.0,0.0,0.0,0.0,0.0,0.0,153.5,0.0
61365,Fallbrook Energy Storage,33.384244,-117.235322,CA,San Diego,CISO,Battery Storage,40.0,40.0,0.0,0.0,0.0,0.0,0.0,0.0,0.0,0.0
61366,Top Gun Energy Storage,32.876198,-117.167791,CA,San Diego,CISO,Battery Storage,30.0,30.0,0.0,0.0,0.0,0.0,0.0,0.0,0.0,0.0
61369,Sweetwater Solar,41.629056,-109.683472,WY,Sweetwater,PACE,Solar,92.0,0.0,0.0,0.0,0.0,0.0,0.0,0.0,92.0,0.0
61377,Amazon - Patterson PV,37.468888,-121.166326,CA,Stanislaus,BANC,Solar,2.5,0.0,0.0,0.0,0.0,0.0,0.0,0.0,2.5,0.0
61418,Valencia 1 Solar CA,33.04358,-115.62779,CA,Imperial,IID,Solar,3.0,0.0,0.0,0.0,0.0,0.0,0.0,0.0,3.0,0.0
61419,One Ten Partners PV,34.615622,-117.936594,CA,Los Angeles,CISO,Solar,2.0,0.0,0.0,0.0,0.0,0.0,0.0,0.0,2.0,0.0
61420,Merced 1 PV,36.989475,-120.878081,CA,Merced,CISO,Solar,3.0,0.0,0.0,0.0,0.0,0.0,0.0,0.0,3.0,0.0
61421,Madera 1 PV,37.056468,-120.167021,CA,Madera,CISO,Solar,1.5,0.0,0.0,0.0,0.0,0.0,0.0,0.0,1.5,0.0
61423,"OR Solar 5, LLC",42.030332,-121.611565,OR,Klamath,PACW,Solar,8.0,0.0,0.0,0.0,0.0,0.0,0.0,0.0,8.0,0.0
61424,"OR Solar 8, LLC",42.238888,-121.585833,OR,Klamath,PACW,Solar,10.0,0.0,0.0,0.0,0.0,0.0,0.0,0.0,10.0,0.0
61425,Coyote Ridge Community Solar,40.500969,-105.13143,CO,Larimer,WACM,Solar,1.5,0.0,0.0,0.0,0.0,0.0,0.0,0.0,1.5,0.0
61430,"OR Solar 6, LLC",42.208988,-120.367807,OR,Lake,PACW,Solar,10.0,0.0,0.0,0.0,0.0,0.0,0.0,0.0,10.0,0.0
61431,Beacon BESS 1,35.256526,-118.027519,CA,Kern,LDWP,Battery Storage,20.0,20.0,0.0,0.0,0.0,0.0,0.0,0.0,0.0,0.0
61439,Panasonic Carport Solar Hybrid,39.808719,-104.781494,CO,Adams,PSCO,Solar,1.3,0.0,0.0,0.0,0.0,0.0,0.0,0.0,1.3,0.0
61442,Foundation California Training Facility,36.464,-121.382,CA,Monterey,CISO,Wind,1.8,0.0,0.0,0.0,0.0,0.0,0.0,0.0,0.0,1.8
61443,Foundation Mann Packing,36.504,-121.454,CA,Monterey,CISO,Wind,1.8,0.0,0.0,0.0,0.0,0.0,0.0,0.0,0.0,1.8
61444,Foundation SaIinas Valley State Prison,36.474,-121.371,CA,Monterey,CISO,Wind,1.8,0.0,0.0,0.0,0.0,0.0,0.0,0.0,0.0,1.8
61445,Gaskell West 1 Solar Facility,34.832786,-118.563578,CA,Kern,CISO,Solar,20.0,0.0,0.0,0.0,0.0,0.0,0.0,0.0,20.0,0.0
61446,RE Gaskell West 2 LLC,34.834944,-118.551181,CA,Kern,CISO,Solar,45.0,0.0,0.0,0.0,0.0,0.0,0.0,0.0,45.0,0.0
61447,RE Gaskell West 3 LLC,34.834944,-118.551181,CA,Kern,CISO,Solar,20.0,0.0,0.0,0.0,0.0,0.0,0.0,0.0,20.0,0.0
61448,RE Gaskell West 4 LLC,34.827873,-118.568178,CA,Kern,CISO,Solar,20.0,0.0,0.0,0.0,0.0,0.0,0.0,0.0,20.0,0.0
61449,RE Gaskell West 5 LLC,34.834944,-118.551181,CA,Kern,CISO,Solar,20.0,0.0,0.0,0.0,0.0,0.0,0.0,0.0,20.0,0.0
61462,SR Platte Solar Farm,40.181742,-104.692067,CO,Weld,PSCO,Solar,16.0,0.0,0.0,0.0,0.0,0.0,0.0,0.0,16.0,0.0
61463,Vandenberg Solar Project,34.749708,-120.509982,CA,Santa Barbara,CISO,Solar,25.3,0.0,0.0,0.0,0.0,0.0,0.0,0.0,25.3,0.0
61464,"CoreSite Real Estate 2972 Stender, L.P.",37.376248,-121.970706,CA,Santa Clara,CISO,Oil,12.0,0.0,0.0,0.0,0.0,0.0,12.0,0.0,0.0,0.0
61472,San Luis Solar Garden,37.068132,-106.018925,CO,Conejos,PSCO,Solar,1.2,0.0,0.0,0.0,0.0,0.0,0.0,0.0,1.2,0.0
61474,CoreSite Real Estate 55 S. Market Street,37.334151,-121.891622,CA,Santa Clara,CISO,Oil,8.0,0.0,0.0,0.0,0.0,0.0,8.0,0.0,0.0,0.0
61475,"CoreSite Real Estate 1656 McCarthy, L.P.",37.405727,-121.916248,CA,Santa Clara,CISO,Oil,5.0,0.0,0.0,0.0,0.0,0.0,5.0,0.0,0.0,0.0
61476,"CoreSite Real Estate 2901 Coronado, L.P.",37.375089,-121.971728,CA,Santa Clara,CISO,Oil,10.0,0.0,0.0,0.0,0.0,0.0,10.0,0.0,0.0,0.0
61482,"CoreSite Real Estate 3032 Coronado, L.P.",37.376181,-121.973097,CA,Santa Clara,CISO,Oil,39.0,0.0,0.0,0.0,0.0,0.0,39.0,0.0,0.0,0.0
61496,Adams Solar Center,44.675,-121.122,OR,Jefferson,PACW,Solar,10.0,0.0,0.0,0.0,0.0,0.0,0.0,0.0,10.0,0.0
61497,Elbe Solar Center,44.618,-121.205,OR,Jefferson,PACW,Solar,10.0,0.0,0.0,0.0,0.0,0.0,0.0,0.0,10.0,0.0
61501,ABEC #2 dba West-Star Dairy,35.472113,-119.432866,CA,Kern,CISO,Other,1.0,0.0,0.0,0.0,0.0,0.0,0.0,1.0,0.0,0.0
61502,ABEC #3 dba Lakeview Dairy,35.21426,-119.202974,CA,Kern,CISO,Other,1.0,0.0,0.0,0.0,0.0,0.0,0.0,1.0,0.0,0.0
61503,ABEC #4 dba CE&S Dairy,35.17306,-119.116384,CA,Kern,CISO,Other,1.0,0.0,0.0,0.0,0.0,0.0,0.0,1.0,0.0,0.0
61508,Provo Power Plant,40.2427,-111.66298,UT,Utah,PACE,Natural Gas,12.0,0.0,0.0,0.0,12.0,0.0,0.0,0.0,0.0,0.0
61553,Klamath Falls Solar 2 CSG,42.183,-121.764,OR,Klamath,PACW,Solar,2.9,0.0,0.0,0.0,0.0,0.0,0.0,0.0,2.9,0.0
61556,Facebook 1 Solar Energy Center,34.831,-106.762,NM,Valencia,PNM,Solar,10.0,0.0,0.0,0.0,0.0,0.0,0.0,0.0,10.0,0.0
61557,Facebook 2 Solar Energy Center,35.08,-106.865,NM,Bernalillo,PNM,Solar,10.0,0.0,0.0,0.0,0.0,0.0,0.0,0.0,10.0,0.0
61558,Facebook 3 Solar Energy Center,35.075,-106.865,NM,Bernalillo,PNM,Solar,10.0,0.0,0.0,0.0,0.0,0.0,0.0,0.0,10.0,0.0
61559,Woodline Solar,42.236443,-121.57766,OR,Klamath,PACW,Solar,8.0,0.0,0.0,0.0,0.0,0.0,0.0,0.0,8.0,0.0
61560,Eagle Point Solar,42.400814,-122.82917,OR,Jackson,PACW,Solar,9.9,0.0,0.0,0.0,0.0,0.0,0.0,0.0,9.9,0.0
61563,Denver Metro Solar,39.759298,-104.621139,CO,Adams,PSCO,Solar,1.6,0.0,0.0,0.0,0.0,0.0,0.0,0.0,1.6,0.0
61580,"Tumbleweed Solar, LLC",44.192575,-121.233106,OR,Deschutes,PACW,Solar,9.9,0.0,0.0,0.0,0.0,0.0,0.0,0.0,9.9,0.0
61582,Voyager Wind II,35.073377,-118.268616,CA,Kern,CISO,Wind,128.7,0.0,0.0,0.0,0.0,0.0,0.0,0.0,0.0,128.7
61583,Voyager Wind III,35.060768,-118.264734,CA,Kern,CISO,Wind,43.2,0.0,0.0,0.0,0.0,0.0,0.0,0.0,0.0,43.2
61584,Voyager Wind IV,35.077872,-118.2497,CA,Kern,CISO,Wind,21.6,0.0,0.0,0.0,0.0,0.0,0.0,0.0,0.0,21.6
61593,Westmont 301,33.763012,-118.286558,CA,Los Angeles,LDWP,Solar,1.8,0.0,0.0,0.0,0.0,0.0,0.0,0.0,1.8,0.0
61594,Westmont 401,33.762421,-118.288214,CA,Los Angeles,LDWP,Solar,2.9,0.0,0.0,0.0,0.0,0.0,0.0,0.0,2.9,0.0
61605,San Luis Valley Solar Array,37.777,-106.22,CO,Saguache,PSCO,Solar,2.7,0.0,0.0,0.0,0.0,0.0,0.0,0.0,2.7,0.0
61606,Vilas Solar Array,37.384,-102.466,CO,Baca,PSCO,Solar,4.0,0.0,0.0,0.0,0.0,0.0,0.0,0.0,4.0,0.0
61607,Stenner Creek Solar,35.32,-120.691,CA,San Luis Obispo,CISO,Solar,4.5,0.0,0.0,0.0,0.0,0.0,0.0,0.0,4.5,0.0
61611,Techren Solar I LLC,35.851336,-114.974386,NV,Clark,NEVP,Solar,100.0,0.0,0.0,0.0,0.0,0.0,0.0,0.0,100.0,0.0
61619,CDCR (CA) - Solano State Prison,38.32272,-121.97062,CA,Solano,CISO,Solar,1.1,0.0,0.0,0.0,0.0,0.0,0.0,0.0,1.1,0.0
61620,CDCR (CA) - Corcoran State Prison,36.06502,-119.55756,CA,Kings,CISO,Solar,5.0,0.0,0.0,0.0,0.0,0.0,0.0,0.0,5.0,0.0
61621,CDCR (CA) - Wasco State Prison,35.60053,-119.40366,CA,Kern,CISO,Solar,1.5,0.0,0.0,0.0,0.0,0.0,0.0,0.0,1.5,0.0
61628,Kilroy Solar,32.936137,-117.234157,CA,San Diego,CISO,Solar,1.1,0.0,0.0,0.0,0.0,0.0,0.0,0.0,1.1,0.0
61631,"Chiloquin Solar, LLC",42.610732,-121.861248,OR,Klamath,PACW,Solar,9.9,0.0,0.0,0.0,0.0,0.0,0.0,0.0,9.9,0.0
61661,Vista Energy Storage System ,33.203977,-117.253852,CA,San Diego,CISO,Battery Storage,40.0,40.0,0.0,0.0,0.0,0.0,0.0,0.0,0.0,0.0
61662,Carrizozo Solar,33.610306,-105.747825,NM,Lincoln,PNM,Solar,3.0,0.0,0.0,0.0,0.0,0.0,0.0,0.0,3.0,0.0
61678,Pinal Central Energy Center Hybrid,32.875697,-111.551111,AZ,Pinal,SRP,Solar,30.0,10.0,0.0,0.0,0.0,0.0,0.0,0.0,20.0,0.0
61681,Middle Daisy,32.978636,-103.371284,NM,Lea,SWPP,Solar,5.0,0.0,0.0,0.0,0.0,0.0,0.0,0.0,5.0,0.0
61682,USG 1,32.79278,-115.857336,CA,Imperial,IID,Solar,1.0,0.0,0.0,0.0,0.0,0.0,0.0,0.0,1.0,0.0
61683,USG 2,32.790403,-115.863214,CA,Imperial,IID,Solar,1.0,0.0,0.0,0.0,0.0,0.0,0.0,0.0,1.0,0.0
61688,North Gooding Main Hydro,43.0451,-114.5588,ID,Gooding,IPCO,Hydro,1.3,0.0,0.0,1.3,0.0,0.0,0.0,0.0,0.0,0.0
61692,IVC Solar,32.83186,-115.506629,CA,Imperial,IID,Solar,3.0,0.0,0.0,0.0,0.0,0.0,0.0,0.0,3.0,0.0
61698,Folsom SP and CSP Sacramento,38.687,-121.16,CA,Sacramento,BANC,Solar,1.3,0.0,0.0,0.0,0.0,0.0,0.0,0.0,1.3,0.0
61718,Aerolease,34.189857,-118.451355,CA,Los Angeles,LDWP,Solar,1.3,0.0,0.0,0.0,0.0,0.0,0.0,0.0,1.3,0.0
61721,Baldwin,33.669266,-117.646846,CA,Orange,CISO,Battery Storage,1.0,1.0,0.0,0.0,0.0,0.0,0.0,0.0,0.0,0.0
61722,HEBT Irvine 1,33.713489,-117.852086,CA,Orange,CISO,Battery Storage,5.5,5.5,0.0,0.0,0.0,0.0,0.0,0.0,0.0,0.0
61723,HEBT Irvine 2,33.665246,-117.768222,CA,Orange,CISO,Battery Storage,5.8,5.8,0.0,0.0,0.0,0.0,0.0,0.0,0.0,0.0
61750,Wistaria Ranch Solar,32.676,-115.619,CA,Imperial,CISO,Solar,106.7,0.0,0.0,0.0,0.0,0.0,0.0,0.0,106.7,0.0
61752,Quincy II Solar Garden,39.638409,-104.662508,CO,Arapahoe,PSCO,Solar,1.5,0.0,0.0,0.0,0.0,0.0,0.0,0.0,1.5,0.0
61753,Imboden Solar Garden,39.786769,-104.583574,CO,Adams,PSCO,Solar,3.0,0.0,0.0,0.0,0.0,0.0,0.0,0.0,3.0,0.0
61754,SunSelect1,35.096709,-118.602184,CA,Kern,CISO,Natural Gas,6.6,0.0,0.0,0.0,6.6,0.0,0.0,0.0,0.0,0.0
61761,Douglas County Forest Products,43.2898,-123.361638,OR,Douglas,PACW,Other,6.3,0.0,0.0,0.0,0.0,0.0,0.0,6.3,0.0,0.0
61791,Stage Gulch Solar,38.216841,-122.542866,CA,Sonoma,CISO,Solar,1.0,0.0,0.0,0.0,0.0,0.0,0.0,0.0,1.0,0.0
61792,Lavio Solar,38.194599,-122.663388,CA,Sonoma,CISO,Solar,1.0,0.0,0.0,0.0,0.0,0.0,0.0,0.0,1.0,0.0
61795,Pacific Union College BESS,38.570028,-122.444028,CA,Napa,CISO,Battery Storage,1.0,1.0,0.0,0.0,0.0,0.0,0.0,0.0,0.0,0.0
61801,"Cascade Energy Storage, LLC",37.920124,-121.239242,CA,San Joaquin,CISO,Battery Storage,25.0,25.0,0.0,0.0,0.0,0.0,0.0,0.0,0.0,0.0
61809,Stillwater Solar PV II,39.542041,-118.560147,NV,Churchill,NEVP,Solar,20.0,0.0,0.0,0.0,0.0,0.0,0.0,0.0,20.0,0.0
61811,Titan Solar,39.68646,-104.01398,CO,Arapahoe,PSCO,Solar,50.0,0.0,0.0,0.0,0.0,0.0,0.0,0.0,50.0,0.0
61824,RPUWD Scheuer Well Solar Project,34.11193,-117.27326,CA,San Bernardino,CISO,Solar,3.0,0.0,0.0,0.0,0.0,0.0,0.0,0.0,3.0,0.0
61825,Dignity - Siena Campus,36.004293,-115.115305,NV,Clark,NEVP,Solar,1.4,0.0,0.0,0.0,0.0,0.0,0.0,0.0,1.4,0.0
61827,Dayton Cutoff Solar,45.17,-123.135,OR,Yamhill,PGE,Solar,2.2,0.0,0.0,0.0,0.0,0.0,0.0,0.0,2.2,0.0
61828,Valley Creek Solar,45.033,-123.094,OR,Polk,PGE,Solar,2.2,0.0,0.0,0.0,0.0,0.0,0.0,0.0,2.2,0.0
61829,Silverton Solar,45.014,-122.807,OR,Marion,PGE,Solar,2.2,0.0,0.0,0.0,0.0,0.0,0.0,0.0,2.2,0.0
61830,Sheep Solar,44.826,-122.949,OR,Marion,PGE,Solar,2.2,0.0,0.0,0.0,0.0,0.0,0.0,0.0,2.2,0.0
61831,Colton Solar,45.17,-122.473,OR,Clackamas,PGE,Solar,2.2,0.0,0.0,0.0,0.0,0.0,0.0,0.0,2.2,0.0
61832,Interstate Solar,45.129,-122.899,OR,Marion,PGE,Solar,2.2,0.0,0.0,0.0,0.0,0.0,0.0,0.0,2.2,0.0
61834,Soboba Community Solar Project,33.767061,-116.905874,CA,Riverside,CISO,Solar,2.0,0.0,0.0,0.0,0.0,0.0,0.0,0.0,2.0,0.0
61835,Grand Ronde Solar,45.054,-123.61,OR,Polk,PGE,Solar,2.2,0.0,0.0,0.0,0.0,0.0,0.0,0.0,2.2,0.0
61843,SeaWorld Aquatica,32.586536,-117.004884,CA,San Diego,CISO,Solar,1.1,0.0,0.0,0.0,0.0,0.0,0.0,0.0,1.1,0.0
61844,Brush Solar Center,44.465334,-118.204075,OR,Baker,IPCO,Solar,2.8,0.0,0.0,0.0,0.0,0.0,0.0,0.0,2.8,0.0
61846,Tulare BioMAT Fuel Cell,36.187138,-119.375097,CA,Tulare,CISO,Natural Gas,2.8,0.0,0.0,0.0,2.8,0.0,0.0,0.0,0.0,0.0
61852,Eagle Shadow Mountain Solar Farm,36.629761,-114.684033,NV,Clark,NEVP,Solar,300.0,0.0,0.0,0.0,0.0,0.0,0.0,0.0,300.0,0.0
61853,Jordanelle Dam Hydroelectric Project,40.596605,-111.423589,UT,Wasatch,PACE,Hydro,13.0,0.0,0.0,13.0,0.0,0.0,0.0,0.0,0.0,0.0
61854,Baker City Solar,44.702418,-117.763482,OR,Baker,IPCO,Solar,15.0,0.0,0.0,0.0,0.0,0.0,0.0,0.0,15.0,0.0
61855,Morgan Solar Center,43.951376,-117.07478,OR,Malheur,IPCO,Solar,3.0,0.0,0.0,0.0,0.0,0.0,0.0,0.0,3.0,0.0
61856,Vale Solar Center,44.157874,-117.44434,OR,Malheur,IPCO,Solar,3.0,0.0,0.0,0.0,0.0,0.0,0.0,0.0,3.0,0.0
61858,"Stillwater Wind, LLC",45.86584,-109.476647,MT,Stillwater,NWMT,Wind,79.7,0.0,0.0,0.0,0.0,0.0,0.0,0.0,0.0,79.7
61860,Ontario Solar Center,44.112841,-117.028093,OR,Malheur,IPCO,Solar,3.0,0.0,0.0,0.0,0.0,0.0,0.0,0.0,3.0,0.0
61861,AES ES GILBERT,33.446804,-111.956261,AZ,Maricopa,SRP,Battery Storage,10.0,10.0,0.0,0.0,0.0,0.0,0.0,0.0,0.0,0.0
61862,Dignity - San Martin,36.057181,-115.272131,NV,Clark,NEVP,Solar,1.7,0.0,0.0,0.0,0.0,0.0,0.0,0.0,1.7,0.0
61886,Bar D,39.923679,-108.462709,CO,Rio Blanco,WACM,Solar,4.0,0.0,0.0,0.0,0.0,0.0,0.0,0.0,4.0,0.0
61894,National Raisin,36.624512,-119.673088,CA,Fresno,CISO,Solar,2.9,0.0,0.0,0.0,0.0,0.0,0.0,0.0,2.9,0.0
61912,McGinness Hills 3,39.5963,-116.8942,NV,Lander,NEVP,Geothermal,98.8,0.0,98.8,0.0,0.0,0.0,0.0,0.0,0.0,0.0
61925,Casa Mesa Wind Energy Center Hybrid,34.604989,-103.966089,NM,Quay,PNM,Wind,51.9,1.0,0.0,0.0,0.0,0.0,0.0,0.0,0.0,50.9
61930,Techren Solar II LLC,35.867258,-114.956428,NV,Clark,NEVP,Solar,200.0,0.0,0.0,0.0,0.0,0.0,0.0,0.0,200.0,0.0
61931,Techren Solar III LLC,35.844106,-114.9713,NV,Clark,NEVP,Solar,25.0,0.0,0.0,0.0,0.0,0.0,0.0,0.0,25.0,0.0
61932,Techren Solar IV LLC,35.892658,-114.936525,NV,Clark,NEVP,Solar,25.0,0.0,0.0,0.0,0.0,0.0,0.0,0.0,25.0,0.0
61933,Adams Nielson Solar,46.95528,-118.621244,WA,Adams,AVA,Solar,19.2,0.0,0.0,0.0,0.0,0.0,0.0,0.0,19.2,0.0
61989,Pacific Ethanol Madera Solar Array,36.916111,-119.97138,CA,Madera,CISO,Solar,4.3,0.0,0.0,0.0,0.0,0.0,0.0,0.0,4.3,0.0
61991,"Pioneer Solar (CO), LLC",39.761569,-104.45903,CO,Adams,PSCO,Solar,80.0,0.0,0.0,0.0,0.0,0.0,0.0,0.0,80.0,0.0
61993,Gavilan Community College Solar Project,37.003832,-121.593567,CA,Santa Clara,CISO,Solar,1.9,0.5,0.0,0.0,0.0,0.0,0.0,0.0,1.4,0.0
61995,UC Merced Solar Hybrid,37.365688,-120.432228,CA,Merced,CISO,Solar,5.0,0.5,0.0,0.0,0.0,0.0,0.0,0.0,4.5,0.0
62004,San Pablo Raceway,34.723748,-118.280345,CA,Los Angeles,CISO,Solar,100.0,0.0,0.0,0.0,0.0,0.0,0.0,0.0,100.0,0.0
62015,Mustang Two,36.216806,-119.896389,CA,Kings,CISO,Solar,150.0,0.0,0.0,0.0,0.0,0.0,0.0,0.0,150.0,0.0
62016,UC Riverside Lots 30 & 32,33.97036,-117.33099,CA,Riverside,CISO,Solar,4.0,0.0,0.0,0.0,0.0,0.0,0.0,0.0,4.0,0.0
62020,Stanford Campus Solar,37.43434,-122.16077,CA,Santa Clara,CISO,Solar,3.4,0.0,0.0,0.0,0.0,0.0,0.0,0.0,3.4,0.0
62028,CSU Long Beach Lots 7 & 14,33.78104,-118.11357,CA,Los Angeles,CISO,Solar,4.5,0.0,0.0,0.0,0.0,0.0,0.0,0.0,4.5,0.0
62039,Santa Rosa Junior College Petaluma Solar,38.46905,-122.72188,CA,Sonoma,CISO,Solar,1.2,0.0,0.0,0.0,0.0,0.0,0.0,0.0,1.2,0.0
62052,Citizens Imperial Solar,33.191661,-115.433783,CA,Imperial,IID,Solar,30.0,0.0,0.0,0.0,0.0,0.0,0.0,0.0,30.0,0.0
62056,Lancaster,34.743383,-117.972222,CA,Los Angeles,CISO,Solar,3.0,0.0,0.0,0.0,0.0,0.0,0.0,0.0,3.0,0.0
62067,Urtica Solar Project,47.10754,-120.68974,WA,Kittitas,PSEI,Solar,5.0,0.0,0.0,0.0,0.0,0.0,0.0,0.0,5.0,0.0
62069,Penstemon Solar Project,46.95931,-120.50905,WA,Kittitas,PSEI,Solar,5.0,0.0,0.0,0.0,0.0,0.0,0.0,0.0,5.0,0.0
62071,Camas Solar Project,46.95931,-120.50905,WA,Kittitas,PSEI,Solar,5.0,0.0,0.0,0.0,0.0,0.0,0.0,0.0,5.0,0.0
62075,Pima Community College,32.166494,-110.816669,AZ,Pima,TEPC,Solar,1.1,0.0,0.0,0.0,0.0,0.0,0.0,0.0,1.1,0.0
62077,Blue Shld Of Cal- El Dorado Hlls Mtr B,38.650627,-121.074115,CA,El Dorado,BANC,Solar,1.5,0.0,0.0,0.0,0.0,0.0,0.0,0.0,1.5,0.0
62113,Strauss Wind Farm,34.579835,-120.56428,CA,Santa Barbara,CISO,Wind,95.3,0.0,0.0,0.0,0.0,0.0,0.0,0.0,0.0,95.3
62115,AES Alamitos Energy Center,33.767229,-118.100194,CA,Los Angeles,CISO,Natural Gas,678.0,0.0,0.0,0.0,678.0,0.0,0.0,0.0,0.0,0.0
62116,AES Huntington Beach Energy Project,33.645618,-117.979372,CA,Orange,CISO,Natural Gas,699.2,0.0,0.0,0.0,699.2,0.0,0.0,0.0,0.0,0.0
62149,Syncarpha Eagle Nest,36.544166,-105.2772,NM,Colfax,PNM,Solar,1.0,0.0,0.0,0.0,0.0,0.0,0.0,0.0,1.0,0.0
62150,Chaffey College Rancho Cucamonga Campus,34.148139,-117.570404,CA,San Bernardino,CISO,Solar,4.0,0.0,0.0,0.0,0.0,0.0,0.0,0.0,4.0,0.0
62151,Clif Bar Bakery of Twin Falls,42.540968,-114.412523,ID,Twin Falls,IPCO,Solar,1.6,0.0,0.0,0.0,0.0,0.0,0.0,0.0,1.6,0.0
62169,Boring Solar LLC,45.431,-122.285,OR,Clackamas,PGE,Solar,2.2,0.0,0.0,0.0,0.0,0.0,0.0,0.0,2.2,0.0
62170,Ballston Solar LLC,45.077,-123.395,OR,Yamhill,PGE,Solar,2.2,0.0,0.0,0.0,0.0,0.0,0.0,0.0,2.2,0.0
62171,Labish Solar LLC,45.023,-122.922,OR,Marion,PGE,Solar,2.2,0.0,0.0,0.0,0.0,0.0,0.0,0.0,2.2,0.0
62175,Diablo Energy Storage,38.028792,-121.900596,CA,Contra Costa,CISO,Battery Storage,200.0,200.0,0.0,0.0,0.0,0.0,0.0,0.0,0.0,0.0
62176,Berry NMW Cogens,35.307555,-119.611551,CA,Kern,CISO,Natural Gas,11.4,0.0,0.0,0.0,11.4,0.0,0.0,0.0,0.0,0.0
62177,"Desert Harvest, LLC",33.8,-115.38,CA,Riverside,CISO,Solar,80.0,0.0,0.0,0.0,0.0,0.0,0.0,0.0,80.0,0.0
62178,"Maverick Solar, LLC",33.7,-115.38,CA,Riverside,CISO,Solar,125.0,0.0,0.0,0.0,0.0,0.0,0.0,0.0,125.0,0.0
62191,CNMEC Solar Energy Center,34.783205,-106.051092,NM,Torrance,PNM,Solar,2.0,0.0,0.0,0.0,0.0,0.0,0.0,0.0,2.0,0.0
62224,Oak Leaf Solar XXVII LLC,40.44,-104.64,CO,Weld,PSCO,Solar,1.5,0.0,0.0,0.0,0.0,0.0,0.0,0.0,1.5,0.0
62239,Oak Leaf Solar XXX LLC (CSG),37.453381,-105.878021,CO,Alamosa,PSCO,Solar,1.5,0.0,0.0,0.0,0.0,0.0,0.0,0.0,1.5,0.0
62241,NorWest Energy 9 LLC,45.917,-119.343,OR,Umatilla,PACW,Solar,6.0,0.0,0.0,0.0,0.0,0.0,0.0,0.0,6.0,0.0
62242,County of San Diego SBRC,32.63266,-117.07775,CA,San Diego,CISO,Solar,1.3,0.0,0.0,0.0,0.0,0.0,0.0,0.0,1.3,0.0
62243,Oak Leaf Solar XXI (CSG),39.638,-104.604,CO,Arapahoe,PSCO,Solar,1.5,0.0,0.0,0.0,0.0,0.0,0.0,0.0,1.5,0.0
62244,Oak Leaf Solar XXXI LLC (CSG),39.145,-108.32,CO,Mesa,PSCO,Solar,1.5,0.0,0.0,0.0,0.0,0.0,0.0,0.0,1.5,0.0
62245,Oak Leaf Solar XXV LLC (CSG),39.637,-104.529,CO,Arapahoe,PSCO,Solar,1.5,0.0,0.0,0.0,0.0,0.0,0.0,0.0,1.5,0.0
62246,Target Woodland Solar Project,38.682746,-121.723451,CA,Yolo,CISO,Solar,2.3,0.0,0.0,0.0,0.0,0.0,0.0,0.0,2.3,0.0
62248,Arrow Canyon Solar Hybrid,36.459259,-114.844386,NV,Clark,NEVP,Solar,275.0,75.0,0.0,0.0,0.0,0.0,0.0,0.0,200.0,0.0
62251,Oak Leaf Solar XXXII (CSG),39.523,-107.815,CO,Garfield,PSCO,Solar,1.5,0.0,0.0,0.0,0.0,0.0,0.0,0.0,1.5,0.0
62252,Oak Leaf Solar XXII LLC (CSG),39.903806,-104.667473,CO,Adams,PSCO,Solar,1.5,0.0,0.0,0.0,0.0,0.0,0.0,0.0,1.5,0.0
62253,Oak Leaf Solar XXIV LLC (CSG),39.637,-104.561,CO,Arapahoe,PSCO,Solar,1.5,0.0,0.0,0.0,0.0,0.0,0.0,0.0,1.5,0.0
62254,Oak Leaf Solar XXVI LLC,39.899959,-104.73453,CO,Adams,PSCO,Solar,1.5,0.0,0.0,0.0,0.0,0.0,0.0,0.0,1.5,0.0
62255,Oak Leaf Solar XXVIII LLC (CSG),40.237,-104.779,CO,Weld,PSCO,Solar,1.5,0.0,0.0,0.0,0.0,0.0,0.0,0.0,1.5,0.0
62256,Oak Leaf Solar XXIII LLC (CSG),39.80165,-104.62146,CO,Adams,PSCO,Solar,1.5,0.0,0.0,0.0,0.0,0.0,0.0,0.0,1.5,0.0
62260,Trout Creek Solar,38.8151,-106.1104,CO,Chaffee,PSCO,Solar,2.0,0.0,0.0,0.0,0.0,0.0,0.0,0.0,2.0,0.0
62268,"NorWest Energy 4, LLC",42.695,-121.614,OR,Klamath,PACW,Solar,5.6,0.0,0.0,0.0,0.0,0.0,0.0,0.0,5.6,0.0
62272,Bly Solar Center,42.392193,-121.024494,OR,Klamath,PACW,Solar,8.0,0.0,0.0,0.0,0.0,0.0,0.0,0.0,8.0,0.0
62274,Liberty HS Solar Project,35.364408,-119.127496,CA,Kern,CISO,Solar,1.5,0.0,0.0,0.0,0.0,0.0,0.0,0.0,1.5,0.0
62275,Frontier HS Solar Project,35.41824,-119.14888,CA,Kern,CISO,Solar,1.4,0.0,0.0,0.0,0.0,0.0,0.0,0.0,1.4,0.0
62286,Xebec 1,34.224041,-118.392921,CA,Los Angeles,LDWP,Solar,1.9,0.0,0.0,0.0,0.0,0.0,0.0,0.0,1.9,0.0
62287,Francisco St. Solar,33.8482,-118.3055,CA,Los Angeles,LDWP,Solar,1.2,0.0,0.0,0.0,0.0,0.0,0.0,0.0,1.2,0.0
62288,"Valentine Solar, LLC",34.90422,-118.384341,CA,Kern,CISO,Solar,111.2,0.0,0.0,0.0,0.0,0.0,0.0,0.0,111.2,0.0
62319,Western Sugar Cooperative - Billings,45.765346,-108.499232,MT,Yellowstone,NWMT,Other,1.5,0.0,0.0,0.0,0.0,0.0,0.0,1.5,0.0,0.0
62320,Antelope Expansion 1B,34.71611,-118.259161,CA,Los Angeles,CISO,Solar,17.0,0.0,0.0,0.0,0.0,0.0,0.0,0.0,17.0,0.0
62373,I25 Battery Storage,40.140285,-104.978012,CO,Weld,WACM,Battery Storage,4.0,4.0,0.0,0.0,0.0,0.0,0.0,0.0,0.0,0.0
62376,Grazing Yak Solar,38.977759,-104.252715,CO,El Paso,WACM,Solar,35.0,0.0,0.0,0.0,0.0,0.0,0.0,0.0,35.0,0.0
62378,CFW Solar X LLC - Vaughn,34.277355,-118.429836,CA,Los Angeles,LDWP,Solar,1.6,0.0,0.0,0.0,0.0,0.0,0.0,0.0,1.6,0.0
62379,Spanish Peaks Solar,37.378,-104.475,CO,Las Animas,PSCO,Solar,140.0,0.0,0.0,0.0,0.0,0.0,0.0,0.0,140.0,0.0
62399,Sage Solar I-III,41.77,-111.06,UT,Rich,PACE,Solar,57.6,0.0,0.0,0.0,0.0,0.0,0.0,0.0,57.6,0.0
62406,City of Gallup Solar,35.52236,-108.778791,NM,McKinley,PNM,Solar,8.0,0.0,0.0,0.0,0.0,0.0,0.0,0.0,8.0,0.0
62418,Verwey-Hanford Dairy Digester #2,36.18519,-119.681495,CA,Kings,CISO,Other,1.0,0.0,0.0,0.0,0.0,0.0,0.0,1.0,0.0,0.0
62419,Verwey-Hanford Dairy Digester #3,36.18519,-119.681495,CA,Kings,CISO,Other,1.0,0.0,0.0,0.0,0.0,0.0,0.0,1.0,0.0,0.0
62440,Techren Solar V,35.899694,-114.92625,NV,Clark,NEVP,Solar,50.0,0.0,0.0,0.0,0.0,0.0,0.0,0.0,50.0,0.0
62441,Kearny Mesa Storage LLC,32.815256,-117.126079,CA,San Diego,CISO,Battery Storage,1.0,1.0,0.0,0.0,0.0,0.0,0.0,0.0,0.0,0.0
62445,Busch Ranch II Wind Farm,37.766416,-104.42945,CO,Huerfano,PSCO,Wind,59.4,0.0,0.0,0.0,0.0,0.0,0.0,0.0,0.0,59.4
62458,Ratkovich Alhambra,34.08145,-118.15191,CA,Los Angeles,CISO,Natural Gas,1.0,0.0,0.0,0.0,1.0,0.0,0.0,0.0,0.0,0.0
62459,Micro Santa Clara,37.378422,-121.899969,CA,Santa Clara,CISO,Natural Gas,3.0,0.0,0.0,0.0,3.0,0.0,0.0,0.0,0.0,0.0
62460,DESI-2 Battery Storage Facility,33.7357,-117.915286,CA,Orange,CISO,Battery Storage,1.4,1.4,0.0,0.0,0.0,0.0,0.0,0.0,0.0,0.0
62463,Little Bear 3,36.716,-120.415,CA,Fresno,CISO,Solar,20.0,0.0,0.0,0.0,0.0,0.0,0.0,0.0,20.0,0.0
62464,Little Bear 4,36.716,-120.415,CA,Fresno,CISO,Solar,50.0,0.0,0.0,0.0,0.0,0.0,0.0,0.0,50.0,0.0
62465,Little Bear 5,36.716,-120.415,CA,Fresno,CISO,Solar,50.0,0.0,0.0,0.0,0.0,0.0,0.0,0.0,50.0,0.0
62467,Vista Solar Energy Center,34.741,-106.655,NM,Valencia,PNM,Solar,10.0,0.0,0.0,0.0,0.0,0.0,0.0,0.0,10.0,0.0
62469,Cove Mountain Solar,37.623123,-113.619219,UT,Iron,PACE,Solar,58.0,0.0,0.0,0.0,0.0,0.0,0.0,0.0,58.0,0.0
62470,Cove Mountain Solar 2,37.638602,-113.637097,UT,Iron,PACE,Solar,122.0,0.0,0.0,0.0,0.0,0.0,0.0,0.0,122.0,0.0
62489,Crossing Trails Wind Power Project LLC.,39.046623,-102.822377,CO,Kit Carson,WACM,Wind,104.0,0.0,0.0,0.0,0.0,0.0,0.0,0.0,0.0,104.0
62495,Palmer Solar,38.6299,-104.6526,CO,El Paso,WACM,Solar,60.0,0.0,0.0,0.0,0.0,0.0,0.0,0.0,60.0,0.0
62497,Orange County Energy Storage 2,33.715536,-117.854314,CA,Orange,CISO,Battery Storage,9.0,9.0,0.0,0.0,0.0,0.0,0.0,0.0,0.0,0.0
62499,Orange County Energy Storage 3,33.714896,-117.85431,CA,Orange,CISO,Battery Storage,6.0,6.0,0.0,0.0,0.0,0.0,0.0,0.0,0.0,0.0
62516,TB Flats,42.177245,-106.234141,WY,Carbon,PACE,Wind,503.2,0.0,0.0,0.0,0.0,0.0,0.0,0.0,0.0,503.2
62545,Renew Solar ABC Sacramento LLC,38.39945,-121.29319,CA,Sacramento,BANC,Solar,1.7,0.0,0.0,0.0,0.0,0.0,0.0,0.0,1.7,0.0
62546,Almond,36.21222,-119.91,CA,Kings,CISO,Solar,19.9,0.0,0.0,0.0,0.0,0.0,0.0,0.0,19.9,0.0
62547,Aquamarine,36.189722,-119.904166,CA,Kings,CISO,Solar,250.0,0.0,0.0,0.0,0.0,0.0,0.0,0.0,250.0,0.0
62560,Airport Solar,42.170176,-120.402317,OR,Lake,PACW,Solar,47.3,0.0,0.0,0.0,0.0,0.0,0.0,0.0,47.3,0.0
62564,Elkhorn Battery Energy Storage System,36.808039,-121.781788,CA,Monterey,CISO,Battery Storage,182.5,182.5,0.0,0.0,0.0,0.0,0.0,0.0,0.0,0.0
62571,Disney Prospect,34.083387,-118.43378,CA,Los Angeles,LDWP,Natural Gas,1.0,0.0,0.0,0.0,1.0,0.0,0.0,0.0,0.0,0.0
62573,ATT Kelvin,33.684675,-117.836821,CA,Orange,CISO,Natural Gas,1.0,0.0,0.0,0.0,1.0,0.0,0.0,0.0,0.0,0.0
62574,ATT Van Nyus,34.196324,-118.448225,CA,Los Angeles,LDWP,Natural Gas,1.0,0.0,0.0,0.0,1.0,0.0,0.0,0.0,0.0,0.0
62575,FLEX Gibraltar,37.417288,-121.894109,CA,Santa Clara,CISO,Natural Gas,1.5,0.0,0.0,0.0,1.5,0.0,0.0,0.0,0.0,0.0
62578,Preferred Freezer San Leandro,37.711995,-122.150665,CA,Alameda,CISO,Solar,2.0,0.0,0.0,0.0,0.0,0.0,0.0,0.0,2.0,0.0
62591,Ekola Flats,41.932405,-106.35843,WY,Carbon,PACE,Wind,250.9,0.0,0.0,0.0,0.0,0.0,0.0,0.0,0.0,250.9
62597,Rio De Oro Solar Energy Center,34.692,-106.688,NM,Valencia,PNM,Solar,10.0,0.0,0.0,0.0,0.0,0.0,0.0,0.0,10.0,0.0
62611,PFMG Solar Grossmont Helix LLC,32.753281,-117.035241,CA,San Diego,CISO,Solar,1.2,0.0,0.0,0.0,0.0,0.0,0.0,0.0,1.2,0.0
62643,AZ State University - Tempe Campus Solar,33.424279,-111.92822,AZ,Maricopa,AZPS,Solar,2.4,0.0,0.0,0.0,0.0,0.0,0.0,0.0,2.4,0.0
62649,SFDK Solar,38.132245,-122.231965,CA,Solano,CISO,Solar,6.3,0.0,0.0,0.0,0.0,0.0,0.0,0.0,6.3,0.0
62654,Foundation Dole Fresh Vegetables,36.459294,-121.350083,CA,Monterey,CISO,Wind,5.6,0.0,0.0,0.0,0.0,0.0,0.0,0.0,0.0,5.6
62655,HL Solar,40.373,-120.262,CA,Lassen,CISO,Solar,7.6,0.0,0.0,0.0,0.0,0.0,0.0,0.0,7.6,0.0
62656,Hunter Solar LLC (UT),39.142217,-111.051111,UT,Emery,PACE,Solar,100.0,0.0,0.0,0.0,0.0,0.0,0.0,0.0,100.0,0.0
62663,Gilcrest Solar,40.289366,-104.783613,CO,Weld,WACM,Solar,1.5,0.0,0.0,0.0,0.0,0.0,0.0,0.0,1.5,0.0
62664,Quincy Solar,39.63838,-104.562645,CO,Arapahoe,WACM,Solar,1.5,0.0,0.0,0.0,0.0,0.0,0.0,0.0,1.5,0.0
62666,Sigurd Solar LLC,38.850544,-112.005212,UT,Sevier,PACE,Solar,80.0,0.0,0.0,0.0,0.0,0.0,0.0,0.0,80.0,0.0
62667,Lafayette Horizon Solar CSG LLC,39.981606,-105.063747,CO,Boulder,PSCO,Solar,1.6,0.0,0.0,0.0,0.0,0.0,0.0,0.0,1.6,0.0
62671,Equinix Caspian Dr. Fuel Cell,37.415092,-122.05211,CA,Santa Clara,CISO,Natural Gas,4.8,0.0,0.0,0.0,4.8,0.0,0.0,0.0,0.0,0.0
62673,Antelope Expansion 3A,34.728902,-118.322051,CA,Los Angeles,CISO,Solar,15.0,0.0,0.0,0.0,0.0,0.0,0.0,0.0,15.0,0.0
62674,Antelope Expansion 3B,34.720162,-118.322532,CA,Los Angeles,CISO,Solar,5.0,0.0,0.0,0.0,0.0,0.0,0.0,0.0,5.0,0.0
62687,American Canyon Solar,38.160858,-122.214014,CA,Napa,CISO,Solar,3.0,0.0,0.0,0.0,0.0,0.0,0.0,0.0,3.0,0.0
62688,Malech Solar Farm,37.228736,-121.738616,CA,Santa Clara,CISO,Solar,3.1,0.0,0.0,0.0,0.0,0.0,0.0,0.0,3.1,0.0
62689,Hellyer Solar Farm,37.286958,-121.81508,CA,Santa Clara,CISO,Solar,2.2,0.0,0.0,0.0,0.0,0.0,0.0,0.0,2.2,0.0
62690,Guadalupe Solar Farm,37.269039,-121.861079,CA,Santa Clara,CISO,Solar,1.7,0.0,0.0,0.0,0.0,0.0,0.0,0.0,1.7,0.0
62697,Mission College Blvd. Fuel Cell,37.38633,-121.96238,CA,Santa Clara,CISO,Natural Gas,5.0,0.0,0.0,0.0,5.0,0.0,0.0,0.0,0.0,0.0
62698,Kaiser East La Palma Ave. Fuel Cell,33.85098,-117.84531,CA,Orange,CISO,Natural Gas,2.2,0.0,0.0,0.0,2.2,0.0,0.0,0.0,0.0,0.0
62699,Kaiser Deer Valley Rd. Fuel Cell,37.95169,-121.77182,CA,Contra Costa,CISO,Natural Gas,1.4,0.0,0.0,0.0,1.4,0.0,0.0,0.0,0.0,0.0
62700,Kaiser Owens Dr. Fuel Cell,37.69923,-121.89419,CA,Alameda,CISO,Natural Gas,1.0,0.0,0.0,0.0,1.0,0.0,0.0,0.0,0.0,0.0
62701,Kaiser Napa Valley Corporate Dr Fuel Cel,38.25477,-122.27305,CA,Napa,CISO,Natural Gas,4.8,0.0,0.0,0.0,4.8,0.0,0.0,0.0,0.0,0.0
62702,Equinix Great Oaks Blvd. Fuel Cell,37.24097,-121.78259,CA,Santa Clara,CISO,Natural Gas,4.5,0.0,0.0,0.0,4.5,0.0,0.0,0.0,0.0,0.0
62703,Equinix Lundy Ave. Fuel Cell,37.38846,-121.88896,CA,Santa Clara,CISO,Natural Gas,4.9,0.0,0.0,0.0,4.9,0.0,0.0,0.0,0.0,0.0
62704,Equinix Douglas St. Fuel Cell,33.9212,-118.38453,CA,Los Angeles,CISO,Natural Gas,2.0,0.0,0.0,0.0,2.0,0.0,0.0,0.0,0.0,0.0
62705,Equinix Maple Ave. Fuel Cell,33.92542,-118.39463,CA,Los Angeles,CISO,Natural Gas,2.0,0.0,0.0,0.0,2.0,0.0,0.0,0.0,0.0,0.0
62718,Mesa CSG 2 Massicotte,39.044814,-108.419672,CO,Mesa,PSCO,Solar,1.5,0.0,0.0,0.0,0.0,0.0,0.0,0.0,1.5,0.0
62719,Mesa CSG 1 Murdock,39.108785,-108.64387,CO,Mesa,PSCO,Solar,1.5,0.0,0.0,0.0,0.0,0.0,0.0,0.0,1.5,0.0
62732,"Solar Star Palo Alto I, LLC",37.411011,-122.148864,CA,Santa Clara,CISO,Solar,1.3,0.0,0.0,0.0,0.0,0.0,0.0,0.0,1.3,0.0
62745,Wheatridge Hybrid,45.55975,-119.6338,OR,Morrow,BPAT,Wind,280.0,30.0,0.0,0.0,0.0,0.0,0.0,0.0,50.0,200.0
62754,San Diego International Airport BESS,32.7338,-117.1933,CA,San Diego,CISO,Battery Storage,2.0,2.0,0.0,0.0,0.0,0.0,0.0,0.0,0.0,0.0
62756,RC Energy AA LLC Solar Facility,35.152721,-106.547222,NM,Bernalillo,PNM,Solar,1.0,0.0,0.0,0.0,0.0,0.0,0.0,0.0,1.0,0.0
62801,Vallecito,34.407086,-119.511547,CA,Santa Barbara,CISO,Battery Storage,10.0,10.0,0.0,0.0,0.0,0.0,0.0,0.0,0.0,0.0
62805,Bloomington Solar I,37.043828,-113.627523,UT,Washington,PACE,Solar,2.0,0.0,0.0,0.0,0.0,0.0,0.0,0.0,2.0,0.0
62806,Shelter Creek Condominiums Solar,37.61909,-122.4289,CA,San Mateo,CISO,Solar,1.9,0.0,0.0,0.0,0.0,0.0,0.0,0.0,1.9,0.0
62812,Milford Solar 1,38.490667,-113.018283,UT,Beaver,PACE,Solar,99.0,0.0,0.0,0.0,0.0,0.0,0.0,0.0,99.0,0.0
62840,"Mountain Breeze Wind, LLC",40.960618,-104.003174,CO,Weld,PSCO,Wind,171.7,0.0,0.0,0.0,0.0,0.0,0.0,0.0,0.0,171.7
62874,Acorn I Energy Storage LLC,34.196505,-118.931898,CA,Ventura,CISO,Battery Storage,2.0,2.0,0.0,0.0,0.0,0.0,0.0,0.0,0.0,0.0
62875,Wildcat I Energy Storage LLC,33.807988,-116.489835,CA,Riverside,CISO,Battery Storage,3.0,3.0,0.0,0.0,0.0,0.0,0.0,0.0,0.0,0.0
62877,Amazon Denver DEN3,39.885061,-104.982339,CO,Adams,PSCO,Solar,4.6,0.0,0.0,0.0,0.0,0.0,0.0,0.0,4.6,0.0
62889,Hecate Energy Johanna Facility,33.714672,-117.853061,CA,Orange,CISO,Battery Storage,20.0,20.0,0.0,0.0,0.0,0.0,0.0,0.0,0.0,0.0
62899,East Line Solar,32.84703,-111.565072,AZ,Pinal,SRP,Solar,100.0,0.0,0.0,0.0,0.0,0.0,0.0,0.0,100.0,0.0
62902,Windsor Floating Solar,38.53917,-122.81508,CA,Sonoma,CISO,Solar,1.5,0.0,0.0,0.0,0.0,0.0,0.0,0.0,1.5,0.0
62935,"Orchard Windfarm 1, LLC",45.38,-119.3332,OR,Morrow,PACW,Wind,10.0,0.0,0.0,0.0,0.0,0.0,0.0,0.0,0.0,10.0
62936,Rattlesnake Flat,46.941015,-118.567136,WA,Adams,AVA,Wind,144.0,0.0,0.0,0.0,0.0,0.0,0.0,0.0,0.0,144.0
62939,South Peak Wind,47.329911,-110.614592,MT,Judith Basin,NWMT,Wind,80.0,0.0,0.0,0.0,0.0,0.0,0.0,0.0,0.0,80.0
62952,Cheyenne Ridge Wind Farm,39.016944,-102.2113,CO,Cheyenne,PSCO,Wind,498.4,0.0,0.0,0.0,0.0,0.0,0.0,0.0,0.0,498.4
62964,El Sol BESS,33.568,-112.305917,AZ,Maricopa,AZPS,Battery Storage,50.0,50.0,0.0,0.0,0.0,0.0,0.0,0.0,0.0,0.0
62980,Turquoise Liberty Solar,39.59,-119.52,NV,Washoe,NEVP,Solar,10.0,0.0,0.0,0.0,0.0,0.0,0.0,0.0,10.0,0.0
62987,Grossmont HS Solar Project,32.816542,-116.999589,CA,San Diego,CISO,Solar,1.4,0.0,0.0,0.0,0.0,0.0,0.0,0.0,1.4,0.0
62988,Wildflower Solar 1,38.705,-121.477,CA,Sacramento,BANC,Solar,13.0,0.0,0.0,0.0,0.0,0.0,0.0,0.0,13.0,0.0
62994,Bluewater CDEC 1,35.24102,-107.952296,NM,Cibola,PNM,Solar,2.4,0.0,0.0,0.0,0.0,0.0,0.0,0.0,2.4,0.0
62995,Grants CDEC 2,35.14,-107.821,NM,Cibola,PNM,Solar,4.5,0.0,0.0,0.0,0.0,0.0,0.0,0.0,4.5,0.0
63001,Whitegrass No. 1,39.163279,-119.180472,NV,Lyon,NEVP,Geothermal,6.4,0.0,6.4,0.0,0.0,0.0,0.0,0.0,0.0,0.0
63021,SCCCD - Clovis Community College,36.885463,-119.731899,CA,Fresno,CISO,Solar,1.2,0.0,0.0,0.0,0.0,0.0,0.0,0.0,1.2,0.0
63022,Fort Carson Battery Energy Storage Syste,38.745474,-104.777675,CO,El Paso,WACM,Battery Storage,4.2,4.2,0.0,0.0,0.0,0.0,0.0,0.0,0.0,0.0
63049,Prineville Solar Energy LLC,44.163296,-120.524077,OR,Crook,PACW,Solar,40.0,0.0,0.0,0.0,0.0,0.0,0.0,0.0,40.0,0.0
63050,Millican Solar Energy LLC,44.154107,-120.53409,OR,Crook,PACW,Solar,70.0,0.0,0.0,0.0,0.0,0.0,0.0,0.0,70.0,0.0
63054,CalCity Solar 1,35.141374,-117.965748,CA,Kern,CISO,Solar,3.0,0.0,0.0,0.0,0.0,0.0,0.0,0.0,3.0,0.0
63061,Clover Creek Solar Community Solar,39.840652,-111.887656,UT,Juab,PACE,Solar,80.0,0.0,0.0,0.0,0.0,0.0,0.0,0.0,80.0,0.0
63068,SCCCD - Fresno Community College,36.76655,-119.79858,CA,Fresno,CISO,Solar,2.2,0.0,0.0,0.0,0.0,0.0,0.0,0.0,2.2,0.0
63074,Reedley Community College Solar,36.60563,-119.4577,CA,Fresno,CISO,Solar,2.6,0.0,0.0,0.0,0.0,0.0,0.0,0.0,2.6,0.0
63078,Eagle Creek,35.214023,-119.39522,CA,Kern,CISO,Solar,3.0,0.0,0.0,0.0,0.0,0.0,0.0,0.0,3.0,0.0
63080,Harry Allen Solar Energy LLC,36.43395,-114.9471,NV,Clark,NEVP,Solar,100.0,0.0,0.0,0.0,0.0,0.0,0.0,0.0,100.0,0.0
63081,San Miguel I Solar Energy Center,35.63457,-105.1784,NM,San Miguel,PNM,Solar,10.0,0.0,0.0,0.0,0.0,0.0,0.0,0.0,10.0,0.0
63082,San Miguel II Solar Energy Center,35.63471,-105.1732,NM,San Miguel,PNM,Solar,10.0,0.0,0.0,0.0,0.0,0.0,0.0,0.0,10.0,0.0
63092,Riverview Solar,40.66583,-103.132442,CO,Logan,WACM,Solar,1.5,0.0,0.0,0.0,0.0,0.0,0.0,0.0,1.5,0.0
63094,Santa Barbara ReSource Center,34.482175,-120.123485,CA,Santa Barbara,CISO,Other,2.2,0.0,0.0,0.0,0.0,0.0,0.0,2.2,0.0,0.0
63114,Mohave County Wind Farm,35.791142,-114.504504,AZ,Mohave,WALC,Wind,350.0,0.0,0.0,0.0,0.0,0.0,0.0,0.0,0.0,350.0
63123,Syncarpha Taos,36.371326,-105.660152,NM,Taos,PNM,Solar,3.1,0.0,0.0,0.0,0.0,0.0,0.0,0.0,3.1,0.0
63124,Syncarpha El Rito,36.331724,-106.190105,NM,Rio Arriba,PNM,Solar,1.6,0.0,0.0,0.0,0.0,0.0,0.0,0.0,1.6,0.0
63125,Syncarpha Questa,36.810668,-105.588421,NM,Taos,PNM,Solar,1.6,0.0,0.0,0.0,0.0,0.0,0.0,0.0,1.6,0.0
63127,Drew Solar LLC,32.687195,-115.665593,CA,Imperial,CISO,Solar,100.0,0.0,0.0,0.0,0.0,0.0,0.0,0.0,100.0,0.0
63133,Roundhouse Wind Energy Project,41.095126,-105.107423,WY,Laramie,WACM,Wind,226.0,0.0,0.0,0.0,0.0,0.0,0.0,0.0,0.0,226.0
63163,Tom Sifers Solar,39.959166,-105.846,CO,Grand,WACM,Solar,1.0,0.0,0.0,0.0,0.0,0.0,0.0,0.0,1.0,0.0
63164,Whiskey Hill Solar,40.8125,-106.289722,CO,Jackson,WACM,Solar,1.0,0.0,0.0,0.0,0.0,0.0,0.0,0.0,1.0,0.0
63172,Arroyo Solar Energy Storage Hybrid,35.970349,-107.563075,NM,McKinley,PNM,Solar,450.0,150.0,0.0,0.0,0.0,0.0,0.0,0.0,300.0,0.0
63184,Rio Rancho Solar Energy Center,35.10476,-106.48237,NM,Bernalillo,PNM,Solar,10.0,0.0,0.0,0.0,0.0,0.0,0.0,0.0,10.0,0.0
63189,Bio-Rad,38.022486,-122.273663,CA,Contra Costa,CISO,Solar,2.3,0.0,0.0,0.0,0.0,0.0,0.0,0.0,2.3,0.0
63204,CID Solar (CA),36.140764,-119.566896,CA,Kings,CISO,Solar,2.0,0.0,0.0,0.0,0.0,0.0,0.0,0.0,2.0,0.0
63205,Skookumchuck Wind Facility,46.85074,-122.664447,WA,Thurston,PSEI,Wind,136.0,0.0,0.0,0.0,0.0,0.0,0.0,0.0,0.0,136.0
63206,Rafael Solar,44.859838,-123.007913,OR,Marion,PGE,Solar,2.2,0.0,0.0,0.0,0.0,0.0,0.0,0.0,2.2,0.0
63207,Case Creek Solar,45.172,-122.912,OR,Marion,PGE,Solar,2.2,0.0,0.0,0.0,0.0,0.0,0.0,0.0,2.2,0.0
63208,Kale Patch Solar,45.083,-122.904,OR,Marion,PGE,Solar,2.2,0.0,0.0,0.0,0.0,0.0,0.0,0.0,2.2,0.0
63235,O'Neill Creek Solar,45.472,-123.129,OR,Washington,PGE,Solar,2.2,0.0,0.0,0.0,0.0,0.0,0.0,0.0,2.2,0.0
63276,Mtn. Solar 1,39.777621,-104.58591,CO,Adams,PSCO,Solar,1.5,0.0,0.0,0.0,0.0,0.0,0.0,0.0,1.5,0.0
63277,Mtn. Solar 2,39.766772,-104.59054,CO,Adams,PSCO,Solar,1.5,0.0,0.0,0.0,0.0,0.0,0.0,0.0,1.5,0.0
63278,CO LI CSG 1 - Kamerra,39.784879,-104.583391,CO,Adams,PSCO,Solar,1.5,0.0,0.0,0.0,0.0,0.0,0.0,0.0,1.5,0.0
63285,Valero Wilmington Cogeneration Plant,33.778655,-118.23853,CA,Los Angeles,LDWP,Natural Gas,33.5,0.0,0.0,0.0,33.5,0.0,0.0,0.0,0.0,0.0
63300,Athos Solar Project,33.751283,-115.35499,CA,Riverside,CISO,Solar,250.0,0.0,0.0,0.0,0.0,0.0,0.0,0.0,250.0,0.0
63301,Garrett Solar,42.16,-120.4,OR,Lake,PACW,Solar,10.0,0.0,0.0,0.0,0.0,0.0,0.0,0.0,10.0,0.0
63303,Alticor Inc - Solar Project,33.878585,-117.99608,CA,Orange,CISO,Solar,1.2,0.0,0.0,0.0,0.0,0.0,0.0,0.0,1.2,0.0
63325,Yorktown Battery Energy Storage Facility,34.00467,-118.068418,CA,Los Angeles,CISO,Battery Storage,3.0,3.0,0.0,0.0,0.0,0.0,0.0,0.0,0.0,0.0
63326,Cadillac Battery Energy Storage Facility,34.00469,-118.068407,CA,Los Angeles,CISO,Battery Storage,3.5,3.5,0.0,0.0,0.0,0.0,0.0,0.0,0.0,0.0
63330,"Duus Solar, LLC",45.318,-122.331,OR,Clackamas,PGE,Solar,10.0,0.0,0.0,0.0,0.0,0.0,0.0,0.0,10.0,0.0
63331,"Firwood Solar, LLC",45.35,-122.25,OR,Clackamas,PGE,Solar,10.0,0.0,0.0,0.0,0.0,0.0,0.0,0.0,10.0,0.0
63344,Starvation,43.50222,-119.14852,OR,Harney,BPAT,Solar,9.9,0.0,0.0,0.0,0.0,0.0,0.0,0.0,9.9,0.0
63349,OE_AZ1,33.776667,-113.656111,AZ,La Paz,WALC,Solar,32.5,0.0,0.0,0.0,0.0,0.0,0.0,0.0,32.5,0.0
63352,Gemini Solar Hybrid,36.4678,-114.806,NV,Clark,NEVP,Solar,1070.0,380.0,0.0,0.0,0.0,0.0,0.0,0.0,690.0,0.0
63361,Medline Ind. Phase 2 Tracy,37.734761,-121.508945,CA,San Joaquin,CISO,Solar,1.0,0.0,0.0,0.0,0.0,0.0,0.0,0.0,1.0,0.0
63363,Niagara Bottling Stockton,37.894817,-121.24891,CA,San Joaquin,CISO,Solar,1.0,0.0,0.0,0.0,0.0,0.0,0.0,0.0,1.0,0.0
63365,Soda Lake 3,39.5545,-118.85,NV,Churchill,NEVP,Geothermal,26.0,0.0,26.0,0.0,0.0,0.0,0.0,0.0,0.0,0.0
63376,Phelan Pinon Hills CSD Solar,34.57654,-117.58281,CA,San Bernardino,CISO,Solar,1.2,0.0,0.0,0.0,0.0,0.0,0.0,0.0,1.2,0.0
63379,Mtn. Solar 3 CSG,40.280904,-103.61911,CO,Morgan,PSCO,Solar,1.5,0.0,0.0,0.0,0.0,0.0,0.0,0.0,1.5,0.0
63385,SCV Water - Gladbach Water Treatment Plant Phases I and II,34.433332,-118.510837,CA,Los Angeles,CISO,Solar,4.5,0.0,0.0,0.0,0.0,0.0,0.0,0.0,4.5,0.0
63387,"Rancho Seco Solar II, LLC",38.346814,-121.119839,CA,Sacramento,BANC,Solar,160.0,0.0,0.0,0.0,0.0,0.0,0.0,0.0,160.0,0.0
63391,City of Rio Rancho WWTP,35.179889,-106.806583,NM,Sandoval,PNM,Solar,1.2,0.0,0.0,0.0,0.0,0.0,0.0,0.0,1.2,0.0
63414,IOS II-LAX9,34.09,-117.45,CA,San Bernardino,CISO,Solar,4.0,0.0,0.0,0.0,0.0,0.0,0.0,0.0,4.0,0.0
63416,Sierra Pacific Industries (2042-RD),40.121389,-122.191944,CA,Tehama,CISO,Solar,8.4,0.0,0.0,0.0,0.0,0.0,0.0,0.0,8.4,0.0
63418,DGS Wasco State Prison,35.593903,-119.407215,CA,Kern,CISO,Solar,2.3,0.0,0.0,0.0,0.0,0.0,0.0,0.0,2.3,0.0
63419,DGS Central California Womens Facility,37.089701,-120.149966,CA,Madera,CISO,Solar,2.0,0.0,0.0,0.0,0.0,0.0,0.0,0.0,2.0,0.0
63420,Fresno Bullard High School Hybrid,36.818646,-119.810408,CA,Fresno,CISO,Solar,1.6,0.4,0.0,0.0,0.0,0.0,0.0,0.0,1.2,0.0
63421,Fresno Hoover High School Hybrid,36.817816,-119.770709,CA,Fresno,CISO,Solar,1.4,0.2,0.0,0.0,0.0,0.0,0.0,0.0,1.2,0.0
63422,Fresno Sunnyside High School Hybrid,36.734014,-119.717809,CA,Fresno,CISO,Solar,1.8,0.3,0.0,0.0,0.0,0.0,0.0,0.0,1.5,0.0
63423,BYU Central Heating Plant,40.24724,-111.6462,UT,Utah,PACE,Natural Gas,16.5,0.0,0.0,0.0,16.5,0.0,0.0,0.0,0.0,0.0
63436,Corriedale Wind Energy,41.1133,-104.984011,WY,Laramie,WACM,Wind,52.5,0.0,0.0,0.0,0.0,0.0,0.0,0.0,0.0,52.5
63439,Central CA Fuel Cell 1,36.18347,-119.374348,CA,Tulare,CISO,Natural Gas,2.8,0.0,0.0,0.0,2.8,0.0,0.0,0.0,0.0,0.0
63440,Sun Streams 2,33.320406,-112.816771,AZ,Maricopa,CISO,Solar,150.0,0.0,0.0,0.0,0.0,0.0,0.0,0.0,150.0,0.0
63441,Montague Solar,45.54,-120.18,OR,Gilliam,AVRN,Solar,162.0,0.0,0.0,0.0,0.0,0.0,0.0,0.0,162.0,0.0
63442,Tickle Creek Solar,45.375,-122.265,OR,Clackamas,PGE,Solar,1.9,0.0,0.0,0.0,0.0,0.0,0.0,0.0,1.9,0.0
63443,Thomas Creek Solar,45.131407,-122.619475,OR,Clackamas,PGE,Solar,2.2,0.0,0.0,0.0,0.0,0.0,0.0,0.0,2.2,0.0
63455,RE-VFO LLC,36.353675,-119.400823,CA,Tulare,CISO,Solar,1.0,0.0,0.0,0.0,0.0,0.0,0.0,0.0,1.0,0.0
63456,St Louis Solar,45.11994,-122.9361,OR,Marion,PGE,Solar,2.2,0.0,0.0,0.0,0.0,0.0,0.0,0.0,2.2,0.0
63462,Pika Solar,45.089244,-122.7705,OR,Marion,PGE,Solar,2.2,0.0,0.0,0.0,0.0,0.0,0.0,0.0,2.2,0.0
63464,Brush Creek Solar,44.984217,-122.813127,OR,Marion,PGE,Solar,2.2,0.0,0.0,0.0,0.0,0.0,0.0,0.0,2.2,0.0
63465,Minke Solar,45.172332,-122.622665,OR,Clackamas,PGE,Solar,2.2,0.0,0.0,0.0,0.0,0.0,0.0,0.0,2.2,0.0
63466,Drift Creek Solar,44.970572,-122.803509,OR,Marion,PGE,Solar,2.2,0.0,0.0,0.0,0.0,0.0,0.0,0.0,2.2,0.0
63467,Bighorn Solar,44.965702,-122.954234,OR,Marion,PGE,Solar,2.2,0.0,0.0,0.0,0.0,0.0,0.0,0.0,2.2,0.0
63476,Saint Solar,32.866276,-111.502402,AZ,Pinal,SRP,Solar,100.0,0.0,0.0,0.0,0.0,0.0,0.0,0.0,100.0,0.0
63477,Alcalde Solar Array,36.091143,-106.040879,NM,Rio Arriba,PNM,Solar,2.4,0.0,0.0,0.0,0.0,0.0,0.0,0.0,2.4,0.0
63482,Point Wind,35.080833,-118.361389,CA,Kern,CISO,Wind,64.5,0.0,0.0,0.0,0.0,0.0,0.0,0.0,0.0,64.5
63486,D'Arrigo Brothers - Phase 4,36.616,-121.636,CA,Monterey,CISO,Solar,2.2,0.5,0.0,0.0,0.0,0.0,0.0,0.0,1.7,0.0
63487,Wister Solar,33.269426,-115.502954,CA,Imperial,IID,Solar,20.0,0.0,0.0,0.0,0.0,0.0,0.0,0.0,20.0,0.0
63490,CD4,37.646053,-118.915794,CA,Mono,CISO,Geothermal,44.4,0.0,44.4,0.0,0.0,0.0,0.0,0.0,0.0,0.0
63491,North Valley,40.37294,-119.4625,NV,Washoe,NEVP,Geothermal,37.0,0.0,31.5,0.0,0.0,0.0,0.0,0.0,5.5,0.0
63493,PSREC/SIAD Solar,40.15006,-120.123352,CA,Lassen,CISO,Solar,2.5,0.0,0.0,0.0,0.0,0.0,0.0,0.0,2.5,0.0
63502,Oso Grande Wind Farm,32.9323,-103.6664,NM,Lea,TEPC,Wind,249.8,0.0,0.0,0.0,0.0,0.0,0.0,0.0,0.0,249.8
63504,"Copper Mountain Solar 5, LLC",35.776286,-114.973676,NV,Clark,NEVP,Solar,252.0,0.0,0.0,0.0,0.0,0.0,0.0,0.0,252.0,0.0
63509,Lund Hill Solar,45.888,-120.355,WA,Klickitat,AVRN,Solar,150.0,0.0,0.0,0.0,0.0,0.0,0.0,0.0,150.0,0.0
63510,Walnut Unified School District Walnut HS,34.02188,-117.85051,CA,Los Angeles,CISO,Solar,2.3,0.5,0.0,0.0,0.0,0.0,0.0,0.0,1.8,0.0
63514,Moonlight Packing - Phase 2,36.585794,-119.469986,CA,Fresno,CISO,Solar,1.4,0.0,0.0,0.0,0.0,0.0,0.0,0.0,1.4,0.0
63516,California City,35.157,-117.981,CA,Kern,CISO,Solar,1.9,0.0,0.0,0.0,0.0,0.0,0.0,0.0,1.9,0.0
63527,Lafayette 2 - Internal Services Dept,34.05,-118.18,CA,Los Angeles,CISO,Solar,1.9,0.0,0.0,0.0,0.0,0.0,0.0,0.0,1.9,0.0
63531,Pima Community College NW,32.343491,-111.02786,AZ,Pima,TEPC,Solar,1.3,0.0,0.0,0.0,0.0,0.0,0.0,0.0,1.3,0.0
63536,Amazon DEN2 Solar Project,39.75,-104.75,CO,Adams,PSCO,Solar,1.2,0.0,0.0,0.0,0.0,0.0,0.0,0.0,1.2,0.0
63545,Chevron - Lost Hills Hybrid,35.62,-119.69,CA,Kern,CISO,Solar,30.0,0.0,0.0,0.0,0.0,0.0,0.0,0.0,30.0,0.0
63554,Mohave Electric Cooperative at Joy Lane,34.9843,-114.5565,AZ,Mohave,WALC,Battery Storage,25.9,15.0,0.0,0.0,0.0,0.0,0.0,0.0,10.9,0.0
63578,Sagamore Wind,33.938421,-103.184611,NM,Roosevelt,SWPP,Wind,522.0,0.0,0.0,0.0,0.0,0.0,0.0,0.0,0.0,522.0
63579,Britton Solar Energy Center,35.016,-106.098,NM,Torrance,PNM,Solar,50.0,0.0,0.0,0.0,0.0,0.0,0.0,0.0,50.0,0.0
63586,SR Kersey II,40.386223,-104.554038,CO,Weld,WACM,Solar,1.0,0.0,0.0,0.0,0.0,0.0,0.0,0.0,1.0,0.0
63587,SR Skylark C,40.575118,-104.89577,CO,Weld,WACM,Solar,1.1,0.0,0.0,0.0,0.0,0.0,0.0,0.0,1.1,0.0
63603,Illumina Way SD,32.87302,-117.19968,CA,San Diego,CISO,Natural Gas,3.5,0.0,0.0,0.0,3.5,0.0,0.0,0.0,0.0,0.0
63605,ATT North Watney,38.236257,-122.077759,CA,Solano,CISO,Natural Gas,2.0,0.0,0.0,0.0,2.0,0.0,0.0,0.0,0.0,0.0
63606,ATT Ventura Blvd,34.152191,-118.456078,CA,Los Angeles,LDWP,Natural Gas,1.0,0.0,0.0,0.0,1.0,0.0,0.0,0.0,0.0,0.0
63609,Allergan,33.67239,-117.85381,CA,Orange,CISO,Battery Storage,1.5,1.5,0.0,0.0,0.0,0.0,0.0,0.0,0.0,0.0
63610,Baker,33.656528,-117.68412,CA,Orange,CISO,Battery Storage,1.2,1.2,0.0,0.0,0.0,0.0,0.0,0.0,0.0,0.0
63611,CSU Long Beach,33.78383,-118.10796,CA,Los Angeles,CISO,Battery Storage,2.5,2.5,0.0,0.0,0.0,0.0,0.0,0.0,0.0,0.0
63612,DATS,33.70731,-117.89108,CA,Orange,CISO,Battery Storage,1.0,1.0,0.0,0.0,0.0,0.0,0.0,0.0,0.0,0.0
63613,Downey,33.919368,-118.128919,CA,Los Angeles,CISO,Battery Storage,2.0,2.0,0.0,0.0,0.0,0.0,0.0,0.0,0.0,0.0
63614,LAWRP,33.63778,-117.71377,CA,Orange,CISO,Battery Storage,1.0,1.0,0.0,0.0,0.0,0.0,0.0,0.0,0.0,0.0
63615,Long Beach Convention Center,33.765236,-118.189377,CA,Los Angeles,CISO,Battery Storage,1.5,1.5,0.0,0.0,0.0,0.0,0.0,0.0,0.0,0.0
63616,OCSD,33.693129,-117.9409,CA,Orange,CISO,Battery Storage,4.9,4.9,0.0,0.0,0.0,0.0,0.0,0.0,0.0,0.0
63617,SOCCD,33.676445,-117.777312,CA,Orange,CISO,Battery Storage,1.3,1.3,0.0,0.0,0.0,0.0,0.0,0.0,0.0,0.0
63623,Lafayette 2 - MLK Jr. Hospital (MLK),33.92,-118.24,CA,Los Angeles,CISO,Solar,1.7,0.0,0.0,0.0,0.0,0.0,0.0,0.0,1.7,0.0
63636,Fort Rock I,43.320081,-121.003496,OR,Lake,BPAT,Solar,9.9,0.0,0.0,0.0,0.0,0.0,0.0,0.0,9.9,0.0
63638,Tracy 210,37.72201,-121.53097,CA,San Joaquin,CISO,Natural Gas,2.6,0.0,0.0,0.0,2.6,0.0,0.0,0.0,0.0,0.0
63642,Dunn Road Solar,45.431,-122.286,OR,Clackamas,PGE,Solar,1.8,0.0,0.0,0.0,0.0,0.0,0.0,0.0,1.8,0.0
63651,North Kern State Prison Phase II,35.780407,-119.30875,CA,Kern,CISO,Solar,4.0,0.0,0.0,0.0,0.0,0.0,0.0,0.0,4.0,0.0
63663,Mt Hope Solar,45.12795,-122.61382,OR,Clackamas,PGE,Solar,2.5,0.0,0.0,0.0,0.0,0.0,0.0,0.0,2.5,0.0
63664,Williams Acres Solar,45.137,-122.799,OR,Marion,PGE,Solar,2.5,0.0,0.0,0.0,0.0,0.0,0.0,0.0,2.5,0.0
63665,River Valley Solar,45.128,-122.828,OR,Marion,PGE,Solar,1.9,0.0,0.0,0.0,0.0,0.0,0.0,0.0,1.9,0.0
63674,Dedeaux,34.013113,-118.241894,CA,Los Angeles,LDWP,Solar,0.9,0.0,0.0,0.0,0.0,0.0,0.0,0.0,0.9,0.0
63681,Oak Leaf Solar XXXIII LLC (Lantz),38.5357,-106.0753,CO,Chaffee,PSCO,Solar,3.0,0.0,0.0,0.0,0.0,0.0,0.0,0.0,3.0,0.0
63685,Luna Storage,34.68325,-118.3053,CA,Los Angeles,CISO,Battery Storage,100.0,100.0,0.0,0.0,0.0,0.0,0.0,0.0,0.0,0.0
63694,"Butler Solar, LLC",45.101804,-123.410102,OR,Yamhill,PGE,Solar,4.0,0.0,0.0,0.0,0.0,0.0,0.0,0.0,4.0,0.0
63699,AGT000 Stevens Creek Fuel Cell,37.32489,-121.99894,CA,Santa Clara,CISO,Natural Gas,2.2,0.0,0.0,0.0,2.2,0.0,0.0,0.0,0.0,0.0
63701,CST001 McCarthy Fuel Cell,37.40553,-121.91676,CA,Santa Clara,CISO,Natural Gas,1.2,0.0,0.0,0.0,1.2,0.0,0.0,0.0,0.0,0.0
63704,EQX010 Great Oaks Fuel Cell,37.24212,-121.78308,CA,Santa Clara,CISO,Natural Gas,2.4,0.0,0.0,0.0,2.4,0.0,0.0,0.0,0.0,0.0
63705,EQX011 Duane Fuel Cell,37.37816,-121.95495,CA,Santa Clara,CISO,Natural Gas,5.2,0.0,0.0,0.0,5.2,0.0,0.0,0.0,0.0,0.0
63708,EQX015 Great Oaks Fuel Cell,37.24187,-121.7816,CA,Santa Clara,CISO,Natural Gas,4.0,0.0,0.0,0.0,4.0,0.0,0.0,0.0,0.0,0.0
63710,Golden Hill Wind,45.562715,-120.708464,OR,Sherman,AVRN,Wind,201.3,0.0,0.0,0.0,0.0,0.0,0.0,0.0,0.0,201.3
63711,JSR000 N Mathilda Fuel Cell,37.4124,-122.024,CA,Santa Clara,CISO,Natural Gas,1.1,0.0,0.0,0.0,1.1,0.0,0.0,0.0,0.0,0.0
63712,KSR028 Merced Fuel Cell,37.70649,-122.16471,CA,Alameda,CISO,Natural Gas,2.0,0.0,0.0,0.0,2.0,0.0,0.0,0.0,0.0,0.0
63714,GEN005 Antibody Fuel Cell,33.21086,-117.299,CA,San Diego,CISO,Natural Gas,2.5,0.0,0.0,0.0,2.5,0.0,0.0,0.0,0.0,0.0
63715,SCU000 El Camino Real Fuel Cell,37.34994,-121.94064,CA,Santa Clara,CISO,Natural Gas,1.5,0.0,0.0,0.0,1.5,0.0,0.0,0.0,0.0,0.0
63716,KSR053 Cantara Fuel Cell,33.7902,-118.29431,CA,Los Angeles,CISO,Natural Gas,1.6,0.0,0.0,0.0,1.6,0.0,0.0,0.0,0.0,0.0
63717,TLR000 Hansen Fuel Cell,36.65676,-121.62428,CA,Monterey,CISO,Natural Gas,3.0,0.0,0.0,0.0,3.0,0.0,0.0,0.0,0.0,0.0
63722,Rawhide Prairie Solar Hybrid,40.857978,-105.015561,CO,Larimer,PSCO,Solar,23.0,1.0,0.0,0.0,0.0,0.0,0.0,0.0,22.0,0.0
63727,Slate Hybrid,36.226955,-119.8948,CA,Kings,CISO,Solar,440.3,140.3,0.0,0.0,0.0,0.0,0.0,0.0,300.0,0.0
63728,Taos Mesa Energy Facility Hybrid,36.44,-105.62,NM,Taos,PNM,Solar,27.5,12.5,0.0,0.0,0.0,0.0,0.0,0.0,15.0,0.0
63731,Neptune Energy Center Hybrid,38.330263,-104.414155,CO,Pueblo,PSCO,Solar,450.0,125.0,0.0,0.0,0.0,0.0,0.0,0.0,325.0,0.0
63735,Silverstrand Grid Energy Storage System,34.20774,-119.079813,CA,Ventura,CISO,Battery Storage,11.0,11.0,0.0,0.0,0.0,0.0,0.0,0.0,0.0,0.0
63753,"Platteville Solar CSG, LLC",40.22833,-104.77471,CO,Weld,PSCO,Solar,1.3,0.0,0.0,0.0,0.0,0.0,0.0,0.0,1.3,0.0
63755,Milner Butte LFGE,42.466911,-114.004567,ID,Cassia,IPCO,Other,3.9,0.0,0.0,0.0,0.0,0.0,0.0,3.9,0.0,0.0
63758,Kroger La Habra,33.922141,-117.939096,CA,Orange,CISO,Solar,1.2,0.0,0.0,0.0,0.0,0.0,0.0,0.0,1.2,0.0
63761,Soscol Ferry Solar,38.237422,-122.275184,CA,Napa,CISO,Solar,2.0,0.0,0.0,0.0,0.0,0.0,0.0,0.0,2.0,0.0
63762,Silveira Ranch Road Solar,38.153474,-122.56565,CA,Marin,CISO,Solar,3.0,0.0,0.0,0.0,0.0,0.0,0.0,0.0,3.0,0.0
63770,Bighorn Solar 1,38.207518,-104.596708,CO,Pueblo,PSCO,Solar,240.0,0.0,0.0,0.0,0.0,0.0,0.0,0.0,240.0,0.0
63776,Thunder Wolf Energy Center Hybrid,38.1899,-104.39804,CO,Pueblo,PSCO,Solar,348.0,100.0,0.0,0.0,0.0,0.0,0.0,0.0,248.0,0.0
63778,"Suntex Solar, LLC",43.56149,-119.68621,OR,Harney,BPAT,Solar,10.0,0.0,0.0,0.0,0.0,0.0,0.0,0.0,10.0,0.0
63779,"Rock Garden Solar, LLC",43.39691,-120.93038,OR,Lake,BPAT,Solar,10.0,0.0,0.0,0.0,0.0,0.0,0.0,0.0,10.0,0.0
63795,"Alkali Solar, LLC",43.31942,-121.0035,OR,Lake,BPAT,Solar,10.0,0.0,0.0,0.0,0.0,0.0,0.0,0.0,10.0,0.0
63796,"West Hines Solar I, LLC",43.50259,-119.14713,OR,Harney,BPAT,Solar,10.0,0.0,0.0,0.0,0.0,0.0,0.0,0.0,10.0,0.0
63803,"Bronco Plains Wind, LLC",39.088845,-103.025074,CO,Kit Carson,PSCO,Wind,300.0,0.0,0.0,0.0,0.0,0.0,0.0,0.0,0.0,300.0
63834,Gateway Energy Storage System,32.570556,-116.910556,CA,San Diego,CISO,Battery Storage,250.0,250.0,0.0,0.0,0.0,0.0,0.0,0.0,0.0,0.0
63843,"Johanna Energy Center, LLC",33.715016,-117.853984,CA,Orange,CISO,Battery Storage,80.0,80.0,0.0,0.0,0.0,0.0,0.0,0.0,0.0,0.0
63848,Solar Blue,36.173967,-119.904349,CA,Kings,CISO,Solar,475.0,225.0,0.0,0.0,0.0,0.0,0.0,0.0,250.0,0.0
63849,Chestnut,36.160164,-119.904936,CA,Kings,CISO,Solar,285.6,135.0,0.0,0.0,0.0,0.0,0.0,0.0,150.6,0.0
63859,"Golden Field Solar III, LLC",34.847,-118.395,CA,Kern,CISO,Solar,339.0,147.0,0.0,0.0,0.0,0.0,0.0,0.0,192.0,0.0
63860,Encino Solar Energy Center,35.354,-106.858,NM,Sandoval,PNM,Solar,55.0,0.0,0.0,0.0,0.0,0.0,0.0,0.0,55.0,0.0
63869,IBM Solar,40.038266,-105.244892,CO,Boulder,PSCO,Solar,8.1,0.0,0.0,0.0,0.0,0.0,0.0,0.0,8.1,0.0
63870,Camp San Luis Obispo,35.322043,-120.732275,CA,San Luis Obispo,CISO,Solar,1.2,0.0,0.0,0.0,0.0,0.0,0.0,0.0,1.2,0.0
63875,Kern Valley SP,35.764049,-119.313756,CA,Kern,CISO,Solar,3.0,0.0,0.0,0.0,0.0,0.0,0.0,0.0,3.0,0.0
63891,Saticoy,34.256691,-119.15726,CA,Ventura,CISO,Battery Storage,100.0,100.0,0.0,0.0,0.0,0.0,0.0,0.0,0.0,0.0
63906,"Turquoise Nevada, LLC",39.57395,-119.5242,NV,Washoe,NEVP,Solar,60.0,0.0,0.0,0.0,0.0,0.0,0.0,0.0,60.0,0.0
63908,SulusSolar17,45.34891,-122.433515,OR,Clackamas,PGE,Solar,3.1,0.0,0.0,0.0,0.0,0.0,0.0,0.0,3.1,0.0
63913,Dodge Flat,40.713024,-119.467217,NV,Washoe,NEVP,Solar,250.0,50.0,0.0,0.0,0.0,0.0,0.0,0.0,200.0,0.0
63914,Cedar Springs I,43.019714,-105.472139,WY,Converse,PACE,Wind,200.0,0.0,0.0,0.0,0.0,0.0,0.0,0.0,0.0,200.0
63915,Cedar Springs II,42.969007,-105.365616,WY,Converse,PACE,Wind,200.0,0.0,0.0,0.0,0.0,0.0,0.0,0.0,0.0,200.0
63916,Cedar Springs III,43.076692,-105.584352,WY,Converse,PACE,Wind,133.0,0.0,0.0,0.0,0.0,0.0,0.0,0.0,0.0,133.0
63925,Riley,43.5559,-119.6852,OR,Harney,BPAT,Solar,10.0,0.0,0.0,0.0,0.0,0.0,0.0,0.0,10.0,0.0
63926,Fort Rock IV,43.38988,-120.956087,OR,Lake,BPAT,Solar,10.0,0.0,0.0,0.0,0.0,0.0,0.0,0.0,10.0,0.0
63928,Vacaville Hospital,38.38867,-121.93864,CA,Solano,CISO,Solar,1.5,0.0,0.0,0.0,0.0,0.0,0.0,0.0,1.5,0.0
63930,Cal Flats BESS,35.866665,-120.329439,CA,Monterey,CISO,Battery Storage,60.0,60.0,0.0,0.0,0.0,0.0,0.0,0.0,0.0,0.0
63932,Titan Solar 1 (CA),33.125786,-115.911059,CA,Imperial,CISO,Solar,70.0,0.0,0.0,0.0,0.0,0.0,0.0,0.0,70.0,0.0
63933,Dry Lake Solar Energy Center,36.42726,-114.890721,NV,Clark,NEVP,Solar,250.0,100.0,0.0,0.0,0.0,0.0,0.0,0.0,150.0,0.0
63940,Central 40,37.246,-121.104,CA,Stanislaus,CISO,Solar,40.0,0.0,0.0,0.0,0.0,0.0,0.0,0.0,40.0,0.0
63941,Oasis Alta,35.059166,-118.291944,CA,Kern,CISO,Wind,14.4,0.0,0.0,0.0,0.0,0.0,0.0,0.0,0.0,14.4
63943,Coso Battery Storage,36.006945,-117.810636,CA,Inyo,CISO,Battery Storage,60.0,60.0,0.0,0.0,0.0,0.0,0.0,0.0,0.0,0.0
63947,DGS Valley State Prison,37.10117,-120.153072,CA,Madera,CISO,Solar,2.3,0.0,0.0,0.0,0.0,0.0,0.0,0.0,2.3,0.0
63956,"Palmer Creek Solar, LLC",45.18484,-123.10175,OR,Yamhill,PGE,Solar,2.3,0.0,0.0,0.0,0.0,0.0,0.0,0.0,2.3,0.0
63957,"Day Hill Solar, LLC",45.26866,-122.32942,OR,Clackamas,PGE,Solar,2.3,0.0,0.0,0.0,0.0,0.0,0.0,0.0,2.3,0.0
63958,"SSD Marion 3, LLC",44.985,-122.938,OR,Marion,PGE,Solar,2.0,0.0,0.0,0.0,0.0,0.0,0.0,0.0,2.0,0.0
63959,"SSD Marion 5, LLC",45.11601,-122.793791,OR,Marion,PGE,Solar,2.0,0.0,0.0,0.0,0.0,0.0,0.0,0.0,2.0,0.0
63960,"SSD Marion 6, LLC",45.254,-122.806,OR,Marion,PGE,Solar,2.0,0.0,0.0,0.0,0.0,0.0,0.0,0.0,2.0,0.0
63961,"SSD Clackamas 1, LLC",45.42,-122.333,OR,Clackamas,PGE,Solar,4.0,0.0,0.0,0.0,0.0,0.0,0.0,0.0,4.0,0.0
63962,"SSD Clackamas 4, LLC",45.102,-122.662,OR,Clackamas,PGE,Solar,2.0,0.0,0.0,0.0,0.0,0.0,0.0,0.0,2.0,0.0
63963,"SSD Clackamas 7, LLC",45.182,-122.591,OR,Clackamas,PGE,Solar,2.0,0.0,0.0,0.0,0.0,0.0,0.0,0.0,2.0,0.0
63964,"SSD Marion 1, LLC",45.139507,-122.904499,OR,Marion,PGE,Solar,2.0,0.0,0.0,0.0,0.0,0.0,0.0,0.0,2.0,0.0
63969,SulusSolar35,45.140551,-122.649655,OR,Clackamas,PGE,Solar,3.0,0.0,0.0,0.0,0.0,0.0,0.0,0.0,3.0,0.0
63981,Red Cloud Wind LLC,34.274062,-105.42291,NM,Lincoln,PNM,Wind,350.0,0.0,0.0,0.0,0.0,0.0,0.0,0.0,0.0,350.0
63983,"Rocket Solar, LLC",41.63628,-112.4441,UT,Box Elder,PACE,Solar,80.0,0.0,0.0,0.0,0.0,0.0,0.0,0.0,80.0,0.0
63984,"Horseshoe Solar, LLC",40.71828,-112.6658,UT,Tooele,PACE,Solar,75.0,0.0,0.0,0.0,0.0,0.0,0.0,0.0,75.0,0.0
63986,Rialto - High School,34.090318,-117.355604,CA,San Bernardino,CISO,Solar,0.9,0.0,0.0,0.0,0.0,0.0,0.0,0.0,0.9,0.0
63993,FTF-PackingShed,36.546901,-119.430179,CA,Tulare,CISO,Solar,1.0,0.0,0.0,0.0,0.0,0.0,0.0,0.0,1.0,0.0
63994,Firebaugh-CCS-PV-1,36.734667,-120.612773,CA,Fresno,CISO,Solar,1.0,0.0,0.0,0.0,0.0,0.0,0.0,0.0,1.0,0.0
64005,Toyota Long Beach Trigen,33.780852,-118.222435,CA,Los Angeles,CISO,Other,2.8,0.0,0.0,0.0,0.0,0.0,0.0,2.8,0.0,0.0
64006,SulusSolar33,45.08,-123.4,OR,Yamhill,PGE,Solar,3.0,0.0,0.0,0.0,0.0,0.0,0.0,0.0,3.0,0.0
64007,SulusSolar28,45.1,-123.52,OR,Yamhill,PGE,Solar,3.0,0.0,0.0,0.0,0.0,0.0,0.0,0.0,3.0,0.0
64008,MilfordSolar OR,45.57,-123.05,OR,Washington,PGE,Solar,3.0,0.0,0.0,0.0,0.0,0.0,0.0,0.0,3.0,0.0
64009,BristolSolar,45.15,-122.79,OR,Marion,PGE,Solar,3.0,0.0,0.0,0.0,0.0,0.0,0.0,0.0,3.0,0.0
64021,Alden Solar CSG LLC,40.45633,-104.58107,CO,Weld,PSCO,Solar,1.6,0.0,0.0,0.0,0.0,0.0,0.0,0.0,1.6,0.0
64022,SulusSolar22,44.97,-122.78,OR,Marion,PGE,Solar,3.0,0.0,0.0,0.0,0.0,0.0,0.0,0.0,3.0,0.0
64024,"Monte Vista Solar 2 CSG, LLC",37.57176,-106.09988,CO,Rio Grande,PSCO,Solar,1.6,0.0,0.0,0.0,0.0,0.0,0.0,0.0,1.6,0.0
64027,SB Water Reclamation Fuel Cell,34.075594,-117.287339,CA,San Bernardino,CISO,Other,1.4,0.0,0.0,0.0,0.0,0.0,0.0,1.4,0.0,0.0
64028,San Diego - EMDF at San Diego,32.590258,-116.91949,CA,San Diego,CISO,Solar,2.9,0.0,0.0,0.0,0.0,0.0,0.0,0.0,2.9,0.0
64031,"Fremont CO 1, LLC",38.46446,-105.21246,CO,Fremont,PSCO,Solar,1.8,0.0,0.0,0.0,0.0,0.0,0.0,0.0,1.8,0.0
64032,MTSUN,45.856,-108.602,MT,Yellowstone,NWMT,Solar,80.0,0.0,0.0,0.0,0.0,0.0,0.0,0.0,80.0,0.0
64033,GreenparkSolar,44.879414,-122.937451,OR,Marion,PGE,Solar,1.3,0.0,0.0,0.0,0.0,0.0,0.0,0.0,1.3,0.0
64034,SulusSolar25,45.27,-122.82,OR,Marion,PGE,Solar,2.2,0.0,0.0,0.0,0.0,0.0,0.0,0.0,2.2,0.0
64048,SulusSolar29,45.46,-122.29,OR,Clackamas,PGE,Solar,2.6,0.0,0.0,0.0,0.0,0.0,0.0,0.0,2.6,0.0
64049,San Diego - NCRC at Vista,33.190283,-117.255584,CA,San Diego,CISO,Solar,1.8,0.0,0.0,0.0,0.0,0.0,0.0,0.0,1.8,0.0
64051,"Orchard Windfarm 2, LLC",45.38,-119.3332,OR,Morrow,BPAT,Wind,10.0,0.0,0.0,0.0,0.0,0.0,0.0,0.0,0.0,10.0
64052,"Orchard Windfarm 3, LLC",45.38,-119.3332,OR,Morrow,BPAT,Wind,10.0,0.0,0.0,0.0,0.0,0.0,0.0,0.0,0.0,10.0
64053,"Orchard Windfarm 4, LLC",45.38,-119.33322,OR,Morrow,PACW,Wind,10.0,0.0,0.0,0.0,0.0,0.0,0.0,0.0,0.0,10.0
64054,Clines Corners Wind Farm LLC,34.35655,-105.43676,NM,Torrance,PNM,Wind,325.0,0.0,0.0,0.0,0.0,0.0,0.0,0.0,0.0,325.0
64055,Wonderful Orchards - New Columbia,36.8249,-120.317876,CA,Madera,CISO,Solar,5.0,0.0,0.0,0.0,0.0,0.0,0.0,0.0,5.0,0.0
64057,Wheatridge 1,45.55975,-119.6338,OR,Morrow,BPAT,Wind,100.0,0.0,0.0,0.0,0.0,0.0,0.0,0.0,0.0,100.0
64065,Duran Mesa LLC,34.390679,-105.492126,NM,Lincoln,PNM,Wind,105.0,0.0,0.0,0.0,0.0,0.0,0.0,0.0,0.0,105.0
64066,Tecolote Wind LLC,34.36,-105.44,NM,Lincoln,PNM,Wind,272.0,0.0,0.0,0.0,0.0,0.0,0.0,0.0,0.0,272.0
64076,"Route 66 Energy Center, LLC",35.098417,-107.614552,NM,Cibola,PNM,Solar,49.5,0.0,0.0,0.0,0.0,0.0,0.0,0.0,49.5,0.0
64098,Tesla Reno GigaFactory,39.539511,-119.439158,NV,Storey,NEVP,Solar,6.7,0.0,0.0,0.0,0.0,0.0,0.0,0.0,6.7,0.0
64103,Desert Harvest II LLC,33.8,-115.38,CA,Riverside,CISO,Solar,105.0,35.0,0.0,0.0,0.0,0.0,0.0,0.0,70.0,0.0
64104,"Maverick Solar 4, LLC",33.7,-115.38,CA,Riverside,CISO,Solar,100.0,0.0,0.0,0.0,0.0,0.0,0.0,0.0,100.0,0.0
64105,"Maverick Solar 6, LLC",33.7,-115.38,CA,Riverside,CISO,Solar,150.0,50.0,0.0,0.0,0.0,0.0,0.0,0.0,100.0,0.0
64106,"Maverick Solar 7, LLC",33.7,-115.38,CA,Riverside,CISO,Solar,132.0,0.0,0.0,0.0,0.0,0.0,0.0,0.0,132.0,0.0
64123,James W. Broderick Hydropower Plant,38.27,-104.72,CO,Pueblo,PACE,Hydro,7.5,0.0,0.0,7.5,0.0,0.0,0.0,0.0,0.0,0.0
64141,Still Water Power,36.398796,-119.524252,CA,Kings,CISO,Other,1.0,0.0,0.0,0.0,0.0,0.0,0.0,1.0,0.0,0.0
64148,Fish Springs,40.074741,-119.974166,NV,Washoe,NEVP,Solar,125.0,25.0,0.0,0.0,0.0,0.0,0.0,0.0,100.0,0.0
64152,SR Rattlesnake,40.105427,-104.413144,CO,Weld,WACM,Solar,6.0,0.0,0.0,0.0,0.0,0.0,0.0,0.0,6.0,0.0
64186,Graphite Solar I,39.54844,-110.71209,UT,Carbon,PACE,Solar,80.0,0.0,0.0,0.0,0.0,0.0,0.0,0.0,80.0,0.0
64189,Apex Solar,45.236,-112.746,MT,Beaverhead,NWMT,Solar,80.0,0.0,0.0,0.0,0.0,0.0,0.0,0.0,80.0,0.0
64197,"Fifth Standard Solar PV, LLC (Hybrid)",36.153193,-120.104476,CA,Fresno,CISO,Solar,287.0,137.0,0.0,0.0,0.0,0.0,0.0,0.0,150.0,0.0
64198,"Horn Rapids Solar, Storage and Training",46.3529,-119.3222,WA,Benton,BPAT,Solar,4.2,1.0,0.0,0.0,0.0,0.0,0.0,0.0,3.2,0.0
64200,Jack's Solar Garden,40.122552,-105.130321,CO,Boulder,PSCO,Solar,1.0,0.0,0.0,0.0,0.0,0.0,0.0,0.0,1.0,0.0
64212,Pike Solar Hybrid,38.6217,-104.5814,CO,El Paso,PSCO,Solar,175.0,0.0,0.0,0.0,0.0,0.0,0.0,0.0,175.0,0.0
64220,Wonderful Orchards - Westside,35.73277,-119.74523,CA,Kern,CISO,Solar,5.0,0.0,0.0,0.0,0.0,0.0,0.0,0.0,5.0,0.0
64221,Wonderful Orchards - Belridge,35.50012,-119.74935,CA,Kern,CISO,Solar,5.0,0.0,0.0,0.0,0.0,0.0,0.0,0.0,5.0,0.0
64264,Las Virgenes,34.1265,-118.70404,CA,Los Angeles,LDWP,Solar,3.0,0.0,0.0,0.0,0.0,0.0,0.0,0.0,3.0,0.0
64265,Rock Creek 2 CSG,37.39955,-105.90341,CO,Alamosa,WACM,Solar,1.6,0.0,0.0,0.0,0.0,0.0,0.0,0.0,1.6,0.0
64266,Alamosa Solar South CSG,37.4512,-105.85916,CO,Alamosa,PSCO,Solar,1.6,0.0,0.0,0.0,0.0,0.0,0.0,0.0,1.6,0.0
64267,Valencia 2,33.0218,-115.52641,CA,Imperial,IID,Solar,3.0,0.0,0.0,0.0,0.0,0.0,0.0,0.0,3.0,0.0
64270,"ESCA-LL-COLTON, LLC",34.03925,-117.36056,CA,San Bernardino,CISO,Solar,2.6,0.0,0.0,0.0,0.0,0.0,0.0,0.0,2.6,0.0
64290,"SE Athos II, LLC",33.751283,-115.35499,CA,Riverside,CISO,Solar,200.0,0.0,0.0,0.0,0.0,0.0,0.0,0.0,200.0,0.0
64308,"Dissigno Healdsburg FPV, LLC",38.584405,-122.866189,CA,Sonoma,CISO,Solar,3.0,0.0,0.0,0.0,0.0,0.0,0.0,0.0,3.0,0.0
64323,Coachella Hills Wind,33.9077,-116.5797,CA,Riverside,CISO,Wind,61.2,0.0,0.0,0.0,0.0,0.0,0.0,0.0,0.0,61.2
64326,Summit Winds,37.761151,-121.69067,CA,Alameda,CISO,Wind,57.5,0.0,0.0,0.0,0.0,0.0,0.0,0.0,0.0,57.5
64332,Two Dot Wind Broadview East LLC,46.10265,-108.806609,MT,Yellowstone,NWMT,Wind,1.8,0.0,0.0,0.0,0.0,0.0,0.0,0.0,0.0,1.8
64352,Mtn Solar 6 LLC (CSG),40.613557,-103.233735,CO,Logan,WACM,Solar,2.0,0.0,0.0,0.0,0.0,0.0,0.0,0.0,2.0,0.0
64353,NSE Camber Solar PS11 LLC (CSG),40.613557,-103.233735,CO,Logan,WACM,Solar,2.0,0.0,0.0,0.0,0.0,0.0,0.0,0.0,2.0,0.0
64355,"NSE Camber BH CSG 2, LLC",38.209158,-103.747306,CO,Crowley,WACM,Solar,2.0,0.0,0.0,0.0,0.0,0.0,0.0,0.0,2.0,0.0
64356,NSE Camber Solar PS13 LLC (CSG),40.619084,-103.158886,CO,Logan,WACM,Solar,2.0,0.0,0.0,0.0,0.0,0.0,0.0,0.0,2.0,0.0
64357,NSE Camber Solar PS6 LLC CSG,40.260736,-104.824172,CO,Weld,WACM,Solar,2.0,0.0,0.0,0.0,0.0,0.0,0.0,0.0,2.0,0.0
64358,NSE Camber Solar PS5 LLC (CSG),40.250222,-104.839513,CO,Weld,WACM,Solar,2.0,0.0,0.0,0.0,0.0,0.0,0.0,0.0,2.0,0.0
64359,Pivot Solar 12 LLC(CSG),40.613557,-103.233735,CO,Logan,WACM,Solar,1.0,0.0,0.0,0.0,0.0,0.0,0.0,0.0,1.0,0.0
64376,Tranquillity ID,36.648026,-120.24594,CA,Fresno,CISO,Solar,1.3,0.0,0.0,0.0,0.0,0.0,0.0,0.0,1.3,0.0
64384,Amazon TUS2,32.129416,-110.838888,AZ,Pima,TEPC,Solar,2.6,0.0,0.0,0.0,0.0,0.0,0.0,0.0,2.6,0.0
64386,Gilcrest V CSG,40.317966,-104.770747,CO,Weld,PSCO,Solar,4.8,0.0,0.0,0.0,0.0,0.0,0.0,0.0,4.8,0.0
64388,TruStile Doors - Denver,39.825708,-104.97312,CO,Adams,PSCO,Solar,1.2,0.0,0.0,0.0,0.0,0.0,0.0,0.0,1.2,0.0
64391,Firestone Walker Brewery - Phase 1,35.595877,-120.694306,CA,San Luis Obispo,CISO,Solar,1.6,0.0,0.0,0.0,0.0,0.0,0.0,0.0,1.6,0.0
64396,EMWD - Perris Valley RWRF,33.75998,-117.18766,CA,Riverside,CISO,Solar,3.4,0.0,0.0,0.0,0.0,0.0,0.0,0.0,3.4,0.0
64397,EMWD - San Jacinto RWRF NEM,33.798547,-117.016588,CA,Riverside,CISO,Solar,1.3,0.0,0.0,0.0,0.0,0.0,0.0,0.0,1.3,0.0
64398,EMWD - Sun City RWRF,33.696146,-117.218621,CA,Riverside,CISO,Solar,1.6,0.0,0.0,0.0,0.0,0.0,0.0,0.0,1.6,0.0
64399,EMWD - San Jacinto RES BCT,33.802869,-117.023567,CA,Riverside,CISO,Solar,4.2,0.0,0.0,0.0,0.0,0.0,0.0,0.0,4.2,0.0
64401,CSU San Jose State University,37.334,-121.884,CA,Santa Clara,CISO,Solar,1.7,0.0,0.0,0.0,0.0,0.0,0.0,0.0,1.7,0.0
64402,El Dorado County,38.698145,-120.828256,CA,El Dorado,CISO,Solar,1.5,0.0,0.0,0.0,0.0,0.0,0.0,0.0,1.5,0.0
64403,California State Univ at Channel Islands,34.162058,-119.043375,CA,Ventura,CISO,Solar,3.7,0.0,0.0,0.0,0.0,0.0,0.0,0.0,3.7,0.0
64404,Mesa Carport PV,33.347,-111.602,AZ,Maricopa,SRP,Solar,4.6,0.0,0.0,0.0,0.0,0.0,0.0,0.0,4.6,0.0
64406,EMWD - Moreno Valley RWRF,33.868252,-117.214055,CA,Riverside,CISO,Solar,2.4,0.0,0.0,0.0,0.0,0.0,0.0,0.0,2.4,0.0
64418,Big Bear,34.015287,-118.192851,CA,Los Angeles,LDWP,Solar,5.5,0.0,0.0,0.0,0.0,0.0,0.0,0.0,5.5,0.0
64426,Wilmot Energy Center LLC,32.043502,-110.892676,AZ,Pima,TEPC,Solar,160.0,30.0,0.0,0.0,0.0,0.0,0.0,0.0,130.0,0.0
64427,Copperton Solar Plant No. 1,40.57664,-112.08461,UT,Salt Lake,PACE,Solar,5.0,0.0,0.0,0.0,0.0,0.0,0.0,0.0,5.0,0.0
64429,Amazon - Stockton - Roof (SCK1) - (CA),37.911715,-121.19865,CA,San Joaquin,CISO,Solar,2.6,0.0,0.0,0.0,0.0,0.0,0.0,0.0,2.6,0.0
64438,Vallecitos Water District,33.212535,-117.177029,CA,San Diego,CISO,Solar,1.4,0.0,0.0,0.0,0.0,0.0,0.0,0.0,1.4,0.0
64441,Valencia 3,32.88567,-115.53765,CA,Imperial,IID,Solar,3.0,0.0,0.0,0.0,0.0,0.0,0.0,0.0,3.0,0.0
64446,Arlington Microgrid,48.15614,-122.1502,WA,Snohomish,BPAT,Battery Storage,1.5,1.0,0.0,0.0,0.0,0.0,0.0,0.0,0.5,0.0
64471,Byron Highway Solar,37.847114,-121.617308,CA,Contra Costa,CISO,Solar,5.0,0.0,0.0,0.0,0.0,0.0,0.0,0.0,5.0,0.0
64481,Arlington Energy Center II,33.69088,-114.774944,CA,Riverside,CISO,Solar,365.0,132.0,0.0,0.0,0.0,0.0,0.0,0.0,233.0,0.0
64489,Resurgence Solar,35.00656,-117.54484,CA,San Bernardino,CISO,Solar,165.0,75.0,0.0,0.0,0.0,0.0,0.0,0.0,90.0,0.0
64505,Flathead Landfill to Gas Energy Facility,48.313067,-114.342137,MT,Flathead,BPAT,Other,3.2,0.0,0.0,0.0,0.0,0.0,0.0,3.2,0.0,0.0
64517,Department of Justice,38.548056,-121.44855,CA,Sacramento,BANC,Solar,2.4,0.0,0.0,0.0,0.0,0.0,0.0,0.0,2.4,0.0
64518,CA Institute for Women,33.949722,-117.636427,CA,San Bernardino,CISO,Solar,1.0,0.0,0.0,0.0,0.0,0.0,0.0,0.0,1.0,0.0
64519,Centinela State Prison,32.825833,-115.782916,CA,Imperial,IID,Solar,6.0,0.0,0.0,0.0,0.0,0.0,0.0,0.0,6.0,0.0
64521,Calipatria State Prison,33.163055,-115.484805,CA,Imperial,IID,Solar,6.0,0.0,0.0,0.0,0.0,0.0,0.0,0.0,6.0,0.0
64523,Atascadero State Hospital,35.463333,-120.634011,CA,San Luis Obispo,CISO,Solar,1.1,0.0,0.0,0.0,0.0,0.0,0.0,0.0,1.1,0.0
64524,SoCore Clovis 1,34.423035,-103.254078,NM,Curry,SWPP,Solar,2.0,0.0,0.0,0.0,0.0,0.0,0.0,0.0,2.0,0.0
64564,Arlington Energy Center III,33.69088,-114.774944,CA,Riverside,CISO,Solar,241.0,110.0,0.0,0.0,0.0,0.0,0.0,0.0,131.0,0.0
64566,"Central Line Solar, LLC",32.834322,-111.56803,AZ,Pinal,SRP,Solar,100.0,0.0,0.0,0.0,0.0,0.0,0.0,0.0,100.0,0.0
64579,Broadway 2 - UC Riverside,33.97034,-117.33101,CA,Riverside,CISO,Solar,3.0,0.0,0.0,0.0,0.0,0.0,0.0,0.0,3.0,0.0
64580,Broadway 2 - Tucson Phase II,32.24817,-111.2611,AZ,Pima,TEPC,Solar,3.0,0.0,0.0,0.0,0.0,0.0,0.0,0.0,3.0,0.0
64600,Prologis L.P,37.725044,-121.529783,CA,San Joaquin,CISO,Solar,3.0,0.0,0.0,0.0,0.0,0.0,0.0,0.0,3.0,0.0
64601,County of San Diego COC Hybrid,32.833645,-117.131123,CA,San Diego,CISO,Solar,2.1,0.4,0.0,0.0,0.0,0.0,0.0,0.0,1.7,0.0
64607,MC6 Hydro Facility,43.485529,-116.355047,ID,Ada,IPCO,Hydro,2.3,0.0,0.0,2.3,0.0,0.0,0.0,0.0,0.0,0.0
64611,SEPV Sierra,34.733011,-118.138525,CA,Los Angeles,CISO,Battery Storage,11.3,8.3,0.0,0.0,0.0,0.0,0.0,0.0,3.0,0.0
64612,Kearny North Energy Storage,32.83347,-117.13443,CA,San Diego,CISO,Battery Storage,10.0,10.0,0.0,0.0,0.0,0.0,0.0,0.0,0.0,0.0
64614,Kearny South Energy Storage,32.832886,-117.132292,CA,San Diego,CISO,Battery Storage,10.0,10.0,0.0,0.0,0.0,0.0,0.0,0.0,0.0,0.0
64622,Diamond H Dairy Power,37.01618,-120.37279,CA,Madera,CISO,Other,2.0,0.0,0.0,0.0,0.0,0.0,0.0,2.0,0.0,0.0
64624,Hudson - High Desert Hybrid,34.6365,-117.3724,CA,San Bernardino,CISO,Solar,150.0,50.0,0.0,0.0,0.0,0.0,0.0,0.0,100.0,0.0
64630,"Rabbitbrush Solar, LLC",34.83,-118.32,CA,Kern,CISO,Solar,120.0,20.0,0.0,0.0,0.0,0.0,0.0,0.0,100.0,0.0
64638,"Borderlands Wind, LLC",34.159842,-108.894458,NM,Catron,TEPC,Wind,100.0,0.0,0.0,0.0,0.0,0.0,0.0,0.0,0.0,100.0
64648,Pivot Solar 4 LLC (CSG),40.228419,-104.777024,CO,Weld,WACM,Solar,2.0,0.0,0.0,0.0,0.0,0.0,0.0,0.0,2.0,0.0
64649,Pivot Solar 1 LLC (CSG),39.414671,-108.090731,CO,Garfield,WACM,Solar,1.0,0.0,0.0,0.0,0.0,0.0,0.0,0.0,1.0,0.0
64650,Pivot Solar 14 LLC (CSG),40.266898,-103.657514,CO,Morgan,WACM,Solar,2.0,0.0,0.0,0.0,0.0,0.0,0.0,0.0,2.0,0.0
64651,Pivot Solar 2 LLC (CSG),40.266898,-103.657514,CO,Morgan,WACM,Solar,2.0,0.0,0.0,0.0,0.0,0.0,0.0,0.0,2.0,0.0
64652,Pivot Solar 15 LLC (CSG),40.266856,-103.65937,CO,Morgan,WACM,Solar,1.0,0.0,0.0,0.0,0.0,0.0,0.0,0.0,1.0,0.0
64653,Pivot Solar 7 LLC (CSG),39.523107,-107.815344,CO,Garfield,WACM,Solar,2.0,0.0,0.0,0.0,0.0,0.0,0.0,0.0,2.0,0.0
64654,Pivot Solar 3 LLC (CSG),39.414671,-108.090731,CO,Garfield,WACM,Solar,2.0,0.0,0.0,0.0,0.0,0.0,0.0,0.0,2.0,0.0
64655,Pivot Solar 8 LLC (CSG),40.241166,-104.771384,CO,Weld,WACM,Solar,2.0,0.0,0.0,0.0,0.0,0.0,0.0,0.0,2.0,0.0
64663,WLWPCF Cogeneration Facility,45.00812,-123.05286,OR,Marion,PGE,Other,1.2,0.0,0.0,0.0,0.0,0.0,0.0,1.2,0.0,0.0
64676,Lake Herman,38.0971,-122.1417,CA,Solano,CISO,Solar,5.0,0.0,0.0,0.0,0.0,0.0,0.0,0.0,5.0,0.0
64687,Van der Hoek Solar Array/ Dairy,36.504015,-120.098148,CA,Fresno,CISO,Solar,2.4,0.0,0.0,0.0,0.0,0.0,0.0,0.0,2.4,0.0
64693,Dos Palos,36.981755,-120.625358,CA,Merced,CISO,Solar,1.0,0.0,0.0,0.0,0.0,0.0,0.0,0.0,1.0,0.0
64695,Angel Fire Energy Facility,36.416867,-105.280664,NM,Colfax,PNM,Solar,11.2,3.7,0.0,0.0,0.0,0.0,0.0,0.0,7.5,0.0
64700,"El Dorado Solar, LLC",38.637,-121.059,CA,El Dorado,CISO,Solar,1.5,0.0,0.0,0.0,0.0,0.0,0.0,0.0,1.5,0.0
64701,LeConte Energy Storage,32.677208,-115.670203,CA,Imperial,CISO,Battery Storage,125.0,125.0,0.0,0.0,0.0,0.0,0.0,0.0,0.0,0.0
64712,Sanborn BESS 1,35.027264,-118.139236,CA,Kern,CISO,Battery Storage,100.0,100.0,0.0,0.0,0.0,0.0,0.0,0.0,0.0,0.0
64713,Sanborn BESS 2,35.027264,-118.140078,CA,Kern,CISO,Battery Storage,100.0,100.0,0.0,0.0,0.0,0.0,0.0,0.0,0.0,0.0
64739,"Elektron Solar, LLC",40.868271,-112.703424,UT,Tooele,PACE,Solar,80.0,0.0,0.0,0.0,0.0,0.0,0.0,0.0,80.0,0.0
64740,"Castle Solar, LLC",39.334418,-110.990711,UT,Emery,PACE,Solar,40.0,0.0,0.0,0.0,0.0,0.0,0.0,0.0,40.0,0.0
64743,Tierra Buena Energy Storage,39.17133,-121.66209,CA,Sutter,CISO,Battery Storage,5.0,5.0,0.0,0.0,0.0,0.0,0.0,0.0,0.0,0.0
64751,Amazon PSP1,33.92624,-116.99442,CA,Riverside,CISO,Solar,3.8,0.0,0.0,0.0,0.0,0.0,0.0,0.0,3.8,0.0
64766,Redwood Coast Airport Microgrid,40.967222,-124.104444,CA,Humboldt,CISO,Battery Storage,4.4,2.2,0.0,0.0,0.0,0.0,0.0,0.0,2.2,0.0
64830,"Brightwood Solar, LLC",45.384949,-122.084421,OR,Clackamas,PGE,Solar,10.0,0.0,0.0,0.0,0.0,0.0,0.0,0.0,10.0,0.0
64831,Oak Leaf Solar XVIII LLC,39.892563,-104.668494,CO,Adams,SWPP,Solar,9.0,0.0,0.0,0.0,0.0,0.0,0.0,0.0,9.0,0.0
64836,Catalina Express,33.749947,-118.278469,CA,Los Angeles,CISO,Solar,1.0,0.0,0.0,0.0,0.0,0.0,0.0,0.0,1.0,0.0
64837,Marina South,33.717993,-118.275617,CA,Los Angeles,CISO,Solar,1.0,0.0,0.0,0.0,0.0,0.0,0.0,0.0,1.0,0.0
64846,Prairie,34.239244,-118.583575,CA,Los Angeles,LDWP,Solar,1.8,0.0,0.0,0.0,0.0,0.0,0.0,0.0,1.8,0.0
64851,Daggett 2,34.860918,-116.855281,CA,San Bernardino,CISO,Solar,313.0,131.0,0.0,0.0,0.0,0.0,0.0,0.0,182.0,0.0
64852,Daggett 3,34.860918,-116.855281,CA,San Bernardino,CISO,Solar,449.0,149.0,0.0,0.0,0.0,0.0,0.0,0.0,300.0,0.0
64861,Deer Creek 2,38.628,-120.984,CA,El Dorado,CISO,Solar,1.3,0.0,0.0,0.0,0.0,0.0,0.0,0.0,1.3,0.0
64872,"Panorama Wind, LLC",40.952057,-103.907562,CO,Weld,WACM,Wind,145.0,0.0,0.0,0.0,0.0,0.0,0.0,0.0,0.0,145.0
64877,Edwards Sanborn E3,34.946324,-118.126489,CA,Kern,CISO,Solar,38.1,11.0,0.0,0.0,0.0,0.0,0.0,0.0,27.1,0.0
64878,Edwards Sanborn E1A,34.961922,-118.124208,CA,Kern,CISO,Solar,293.3,144.0,0.0,0.0,0.0,0.0,0.0,0.0,149.3,0.0
64879,Edwards Sanborn E2,34.941507,-118.129025,CA,Kern,CISO,Solar,257.8,120.0,0.0,0.0,0.0,0.0,0.0,0.0,137.8,0.0
64880,Venture 1 - 1A CSG,39.752297,-104.667388,CO,Adams,PSCO,Solar,1.5,0.0,0.0,0.0,0.0,0.0,0.0,0.0,1.5,0.0
64881,NMSU Solar and Storage,32.286048,-106.744529,NM,Dona Ana,EPE,Solar,4.0,1.0,0.0,0.0,0.0,0.0,0.0,0.0,3.0,0.0
64903,"Cuba 2.5ac, LLC",36.017438,-106.945963,NM,Sandoval,PNM,Solar,2.5,0.0,0.0,0.0,0.0,0.0,0.0,0.0,2.5,0.0
64908,Scarlet Solar (CA),36.597542,-120.362336,CA,Fresno,CISO,Solar,240.0,40.0,0.0,0.0,0.0,0.0,0.0,0.0,200.0,0.0
64909,Luciana,35.823716,-119.062255,CA,Tulare,CISO,Solar,55.8,0.0,0.0,0.0,0.0,0.0,0.0,0.0,55.8,0.0
64914,Trona Solar III,35.804953,-117.350572,CA,Inyo,CISO,Solar,2.0,0.0,0.0,0.0,0.0,0.0,0.0,0.0,2.0,0.0
64928,Edwards Sanborn S3,35.01644,-118.1225,CA,Kern,CISO,Solar,70.7,33.0,0.0,0.0,0.0,0.0,0.0,0.0,37.7,0.0
64929,Edwards Sanborn S1,35.02769,-118.13284,CA,Kern,CISO,Solar,84.6,40.0,0.0,0.0,0.0,0.0,0.0,0.0,44.6,0.0
64993,"BigBeau Solar, LLC",34.907041,-118.344077,CA,Kern,CISO,Solar,168.0,40.0,0.0,0.0,0.0,0.0,0.0,0.0,128.0,0.0
64994,Sacramento Point West Medical Offices,38.596314,-121.428022,CA,Sacramento,BANC,Solar,1.3,0.0,0.0,0.0,0.0,0.0,0.0,0.0,1.3,0.0
65002,SSI West Riverside Landfill LLC,33.980601,-117.375494,CA,Riverside,LDWP,Solar,2.5,0.0,0.0,0.0,0.0,0.0,0.0,0.0,2.5,0.0
65032,Sun Mountain Solar 1,38.180331,-104.518529,CO,Pueblo,PSCO,Solar,200.0,0.0,0.0,0.0,0.0,0.0,0.0,0.0,200.0,0.0
65053,Blythe Mesa Solar II,33.640813,-114.680261,CA,Riverside,CISO,Solar,335.6,112.0,0.0,0.0,0.0,0.0,0.0,0.0,223.6,0.0
65059,"Niyol Wind, LLC",40.613364,-102.9526,CO,Logan,WACM,Wind,205.6,0.0,0.0,0.0,0.0,0.0,0.0,0.0,0.0,205.6
65072,Fremont CA AutoFactory,37.49254,-121.94458,CA,Alameda,CISO,Solar,0.3,0.0,0.0,0.0,0.0,0.0,0.0,0.0,0.3,0.0
65073,Berrenda Mesa Water District,35.613342,-119.866763,CA,Kern,CISO,Solar,6.4,0.0,0.0,0.0,0.0,0.0,0.0,0.0,6.4,0.0
65084,Pitkin County Solar,39.247705,-106.876811,CO,Pitkin,WACM,Solar,5.0,0.0,0.0,0.0,0.0,0.0,0.0,0.0,5.0,0.0
65089,Foothill Sanitary Landfill - Solar Array,38.042352,-120.933761,CA,San Joaquin,PACW,Solar,3.6,0.0,0.0,0.0,0.0,0.0,0.0,0.0,3.6,0.0
65091,IGS KSBD,34.10535,-117.23477,CA,San Bernardino,CISO,Solar,4.3,0.0,0.0,0.0,0.0,0.0,0.0,0.0,4.3,0.0
65103,Jicarilla Solar 2,36.141053,-107.171233,NM,Rio Arriba,PNM,Solar,50.0,0.0,0.0,0.0,0.0,0.0,0.0,0.0,50.0,0.0
65104,CA - DGS RFP - RJ Donovan State Prison,35.582,-116.924,CA,San Bernardino,CISO,Solar,2.0,0.0,0.0,0.0,0.0,0.0,0.0,0.0,2.0,0.0
65105,CA-DGS-California Correctional Inst,35.1135,-118.569,CA,Kern,CISO,Solar,4.0,0.0,0.0,0.0,0.0,0.0,0.0,0.0,4.0,0.0
65131,Fremont - Kato Rd,37.479188,-121.932263,CA,Alameda,CISO,Solar,1.4,0.0,0.0,0.0,0.0,0.0,0.0,0.0,1.4,0.0
65132,University of the Pacific,37.980054,-121.312418,CA,San Joaquin,CISO,Solar,5.5,1.0,0.0,0.0,0.0,0.0,0.0,0.0,4.5,0.0
65140,Crimson,33.57345,-114.814541,CA,Riverside,CISO,Battery Storage,350.0,350.0,0.0,0.0,0.0,0.0,0.0,0.0,0.0,0.0
65168,Five H Farms Solar Array,37.120446,-120.292797,CA,Merced,CISO,Solar,1.0,0.0,0.0,0.0,0.0,0.0,0.0,0.0,1.0,0.0
65169,Van der Kooi Dairy Solar Array,36.29169,-120.022439,CA,Fresno,CISO,Solar,1.0,0.0,0.0,0.0,0.0,0.0,0.0,0.0,1.0,0.0
65177,Donaghy-Stockton,37.909523,-121.194893,CA,San Joaquin,CISO,Solar,1.1,0.0,0.0,0.0,0.0,0.0,0.0,0.0,1.1,0.0
65178,Mtn. Solar 4 (CSG),39.727586,-105.113057,CO,Jefferson,PSCO,Solar,1.5,0.0,0.0,0.0,0.0,0.0,0.0,0.0,1.5,0.0
65182,CSP Los Angeles,34.694314,-118.227759,CA,Los Angeles,CISO,Solar,2.3,0.0,0.0,0.0,0.0,0.0,0.0,0.0,2.3,0.0
65185,Broadway 3 - Tucson Phase I,32.24817,-111.26111,AZ,Pima,TEPC,Solar,1.0,0.0,0.0,0.0,0.0,0.0,0.0,0.0,1.0,0.0
65186,Broadway 3 - UC Merced 1,37.36448,-120.43108,CA,Merced,CISO,Solar,1.0,0.0,0.0,0.0,0.0,0.0,0.0,0.0,1.0,0.0
65187,Broadway 3 - UCSB Lot 38,34.41974,-119.85637,CA,Santa Barbara,CISO,Solar,1.8,0.0,0.0,0.0,0.0,0.0,0.0,0.0,1.8,0.0
65188,Broadway 4 - Target Shafter,35.46331,-119.18912,CA,Kern,CISO,Solar,1.6,0.0,0.0,0.0,0.0,0.0,0.0,0.0,1.6,0.0
65189,West Village Solar - Array 1Community So,38.542791,-121.77752,CA,Yolo,CISO,Solar,1.2,0.0,0.0,0.0,0.0,0.0,0.0,0.0,1.2,0.0
65190,West Village Solar - Array 2 Community S,38.542747,-121.77659,CA,Yolo,CISO,Solar,1.3,0.0,0.0,0.0,0.0,0.0,0.0,0.0,1.3,0.0
65191,University of San Diego,32.771701,-117.191589,CA,San Diego,CISO,Natural Gas,1.0,0.0,0.0,0.0,1.0,0.0,0.0,0.0,0.0,0.0
65193,CalTech - Pasadena (PPA),34.139368,-118.121488,CA,Los Angeles,CISO,Natural Gas,1.0,0.0,0.0,0.0,1.0,0.0,0.0,0.0,0.0,0.0
65196,SCC - San Jose,37.35106,-121.90551,CA,Santa Clara,CISO,Natural Gas,1.0,0.0,0.0,0.0,1.0,0.0,0.0,0.0,0.0,0.0
65199,Keysight - Santa Rosa,38.481931,-122.711104,CA,Sonoma,CISO,Natural Gas,4.5,0.0,0.0,0.0,4.5,0.0,0.0,0.0,0.0,0.0
65200,DirecTV - Los Angeles,33.983377,-118.42517,CA,Los Angeles,CISO,Natural Gas,1.0,0.0,0.0,0.0,1.0,0.0,0.0,0.0,0.0,0.0
65203,Beckton Dickenson - San Jose,37.39789,-121.88594,CA,Santa Clara,CISO,Natural Gas,1.0,0.0,0.0,0.0,1.0,0.0,0.0,0.0,0.0,0.0
65204,AT&T - Redwood City,37.480769,-122.200408,CA,San Mateo,CISO,Natural Gas,1.0,0.0,0.0,0.0,1.0,0.0,0.0,0.0,0.0,0.0
65205,AT&T - Gardena,33.874969,-118.289798,CA,Los Angeles,CISO,Natural Gas,1.0,0.0,0.0,0.0,1.0,0.0,0.0,0.0,0.0,0.0
65206,AT&T - Hawthorne,33.92429,-118.320597,CA,Los Angeles,CISO,Natural Gas,1.0,0.0,0.0,0.0,1.0,0.0,0.0,0.0,0.0,0.0
65208,AT&T - Hayward,37.659879,-122.09685,CA,Alameda,CISO,Natural Gas,1.0,0.0,0.0,0.0,1.0,0.0,0.0,0.0,0.0,0.0
65210,Enloe Medical - Chico,39.742597,-121.849688,CA,Butte,CISO,Natural Gas,1.7,0.0,0.0,0.0,1.7,0.0,0.0,0.0,0.0,0.0
65211,Comcast - Universal City,34.137717,-118.36082,CA,Los Angeles,CISO,Natural Gas,1.0,0.0,0.0,0.0,1.0,0.0,0.0,0.0,0.0,0.0
65228,Red Prairie Solar,45.087389,-123.417361,OR,Yamhill,PGE,Solar,2.2,0.0,0.0,0.0,0.0,0.0,0.0,0.0,2.2,0.0
65229,OK Produce Fresno Carport,36.723488,-119.774411,CA,Fresno,CISO,Solar,2.0,0.0,0.0,0.0,0.0,0.0,0.0,0.0,2.0,0.0
65231,"Hunter Solar, LLC (CO)",39.626617,-104.465038,CO,Arapahoe,PSCO,Solar,75.0,0.0,0.0,0.0,0.0,0.0,0.0,0.0,75.0,0.0
65235,Venture 2 - 1B,39.752244,-104.66509,CO,Adams,PSCO,Solar,1.5,0.0,0.0,0.0,0.0,0.0,0.0,0.0,1.5,0.0
65236,Venture 3 - 1C,39.750499,-104.66733,CO,Adams,PSCO,Solar,1.5,0.0,0.0,0.0,0.0,0.0,0.0,0.0,1.5,0.0
65237,Venture 4 - 1D,39.752334,-104.66733,CO,Adams,PSCO,Solar,1.5,0.0,0.0,0.0,0.0,0.0,0.0,0.0,1.5,0.0
65238,Chambers 4 - Eastvale LGB3,33.99848,-117.55289,CA,Riverside,CISO,Solar,2.4,0.0,0.0,0.0,0.0,0.0,0.0,0.0,2.4,0.0
65251,Chambers 4 - Redland LGB4,34.08041,-117.20138,CA,San Bernardino,CISO,Solar,1.9,0.0,0.0,0.0,0.0,0.0,0.0,0.0,1.9,0.0
65252,Chambers 4 - Riverside LGB6 ,33.88102,-117.30036,CA,Riverside,CISO,Solar,2.4,0.0,0.0,0.0,0.0,0.0,0.0,0.0,2.4,0.0
65253,Chambers 4 - Rialto LGB8,34.12937,-117.40554,CA,San Bernardino,CISO,Solar,2.2,0.0,0.0,0.0,0.0,0.0,0.0,0.0,2.2,0.0
65254,Chambers 4 - Sacramento SMF1,38.68251,-121.57434,CA,Sacramento,BANC,Solar,2.7,0.0,0.0,0.0,0.0,0.0,0.0,0.0,2.7,0.0
65255,Chambers 4 - Eastvale DCA2,33.99347,-117.55391,CA,Riverside,CISO,Solar,1.5,0.0,0.0,0.0,0.0,0.0,0.0,0.0,1.5,0.0
65256,Chambers 4 - San Bernardino SNA7,34.07752,-117.27257,CA,San Bernardino,CISO,Solar,2.0,0.0,0.0,0.0,0.0,0.0,0.0,0.0,2.0,0.0
65277,Wonderful Huller & Shellling,35.57609,-119.78885,CA,Kern,CISO,Solar,1.5,0.0,0.0,0.0,0.0,0.0,0.0,0.0,1.5,0.0
65278,Wonderful Lost Hills,35.66934,-119.87658,CA,Kern,CISO,Solar,17.1,0.0,0.0,0.0,0.0,0.0,0.0,0.0,17.1,0.0
65311,"Cedar Creek Wind, LLC",43.327609,-112.057718,ID,Bingham,PACE,Wind,160.0,0.0,0.0,0.0,0.0,0.0,0.0,0.0,0.0,160.0
65330,"8500 Balboa PV, LLC",34.22379,-118.49974,CA,Los Angeles,LDWP,Solar,3.2,0.0,0.0,0.0,0.0,0.0,0.0,0.0,3.2,0.0
65331,"20333 Normandie PV, LLC",33.84614,-118.30019,CA,Los Angeles,LDWP,Solar,2.6,0.0,0.0,0.0,0.0,0.0,0.0,0.0,2.6,0.0
65360,AT&T - San Diego Trade Street,32.88758,-117.16682,CA,San Diego,CISO,Natural Gas,1.0,0.0,0.0,0.0,1.0,0.0,0.0,0.0,0.0,0.0
65361,CalTech - Pasadena Wilson Ave,34.13818,-118.12841,CA,Los Angeles,CISO,Natural Gas,2.2,0.0,0.0,0.0,2.2,0.0,0.0,0.0,0.0,0.0
65364,Danell Bros Inc,36.267574,-119.631577,CA,Kings,CISO,Solar,2.6,0.0,0.0,0.0,0.0,0.0,0.0,0.0,2.6,0.0
65365,CA - Ventura Co CCD - Moorpark College,34.299721,-118.833462,CA,Ventura,CISO,Solar,2.6,0.0,0.0,0.0,0.0,0.0,0.0,0.0,2.6,0.0
65380,Solomon Generating Facility,37.030051,-113.563394,UT,Washington,PACE,Natural Gas,14.9,0.0,0.0,0.0,14.9,0.0,0.0,0.0,0.0,0.0
65382,Lincoln WWTF Hybrid,38.859,-121.346,CA,Placer,CISO,Solar,4.0,1.0,0.0,0.0,0.0,0.0,0.0,0.0,3.0,0.0
65383,Bodega Avenue Solar LLC,38.26147,-122.7373,CA,Sonoma,CISO,Solar,2.0,0.0,0.0,0.0,0.0,0.0,0.0,0.0,2.0,0.0
65384,Rancho Cordova Medical Offices,38.576571,-121.291035,CA,Sacramento,BANC,Solar,1.1,0.0,0.0,0.0,0.0,0.0,0.0,0.0,1.1,0.0
65397,Santa Paula Energy Storage LLC,34.35716,-119.05499,CA,Ventura,CISO,Battery Storage,30.0,30.0,0.0,0.0,0.0,0.0,0.0,0.0,0.0,0.0
65403,Boswell Wind,41.919,-105.869,WY,Albany,PACE,Wind,329.8,0.0,0.0,0.0,0.0,0.0,0.0,0.0,0.0,329.8
65408,Gilead Oceanside Solar Project,33.213138,-117.304166,CA,San Diego,CISO,Solar,2.2,0.7,0.0,0.0,0.0,0.0,0.0,0.0,1.5,0.0
65409,Gilead Foster City Solar Project,37.568597,-122.27797,CA,San Mateo,CISO,Solar,1.6,0.5,0.0,0.0,0.0,0.0,0.0,0.0,1.1,0.0
65447,CA-Ventura Co CCD-Oxnard College Canopy,34.165905,-119.156765,CA,Ventura,CISO,Solar,1.5,0.0,0.0,0.0,0.0,0.0,0.0,0.0,1.5,0.0
65456,Separator (Etiwanda) BESS,34.09211,-117.53402,CA,San Bernardino,CISO,Battery Storage,112.5,112.5,0.0,0.0,0.0,0.0,0.0,0.0,0.0,0.0
65457,Cathode (Hinson) BESS,33.7763,-118.20028,CA,Los Angeles,CISO,Battery Storage,200.0,200.0,0.0,0.0,0.0,0.0,0.0,0.0,0.0,0.0
65464,"Laredo Detention Facility - Solar 2, 3",35.510942,-119.109941,CA,Kern,CISO,Solar,5.2,0.0,0.0,0.0,0.0,0.0,0.0,0.0,5.2,0.0
65469,Sealed Air Madera Solar Project,36.945582,-120.056016,CA,Madera,CISO,Solar,3.8,0.8,0.0,0.0,0.0,0.0,0.0,0.0,3.0,0.0
65472,Chukar Battery Energy Storage System,39.55636,-119.43665,NV,Storey,NEVP,Battery Storage,10.0,10.0,0.0,0.0,0.0,0.0,0.0,0.0,0.0,0.0
65485,Graniterock Quarry,36.878164,-121.6028,CA,San Benito,CISO,Solar,4.4,0.0,0.0,0.0,0.0,0.0,0.0,0.0,4.4,0.0
65510,Sierra Pacific Chinese Camp,37.883393,-120.454433,CA,Tuolumne,CISO,Solar,3.6,0.0,0.0,0.0,0.0,0.0,0.0,0.0,3.6,0.0
65517,Abel Road Bioenergy,39.145608,-122.118591,CA,Colusa,CISO,Other,4.0,0.0,0.0,0.0,0.0,0.0,0.0,4.0,0.0,0.0
65520,Vasquez V CSG,40.231806,-104.79894,CO,Weld,PSCO,Solar,4.0,0.0,0.0,0.0,0.0,0.0,0.0,0.0,4.0,0.0
65523,CA-DGS-California Men's Colony,35.32554,-120.69346,CA,San Luis Obispo,CISO,Solar,2.2,0.0,0.0,0.0,0.0,0.0,0.0,0.0,2.2,0.0
65524,CA-DGS- RFP-Correctional Training Fac,36.46767,-121.38462,CA,Monterey,CISO,Solar,1.6,0.0,0.0,0.0,0.0,0.0,0.0,0.0,1.6,0.0
65525,CA-DGS RFP-Salinas Valley State Prison,36.467471,-121.384486,CA,Monterey,CISO,Solar,3.3,0.0,0.0,0.0,0.0,0.0,0.0,0.0,3.3,0.0
65526,CA-DGS RFP-Pleasant Valley State Prison,36.130814,-120.252862,CA,Fresno,CISO,Solar,2.0,0.0,0.0,0.0,0.0,0.0,0.0,0.0,2.0,0.0
65528,CA - Fresno County - Juvenile Hall,36.661113,-119.725975,CA,Fresno,CISO,Solar,2.8,0.0,0.0,0.0,0.0,0.0,0.0,0.0,2.8,0.0
65562,Amazon Bakersfield 1 Solar Project,35.446616,-119.05089,CA,Kern,CISO,Solar,5.9,1.6,0.0,0.0,0.0,0.0,0.0,0.0,4.3,0.0
65564,Calibrant Bakersfield LLC,35.442085,-119.093214,CA,Kern,CISO,Solar,1.3,0.0,0.0,0.0,0.0,0.0,0.0,0.0,1.3,0.0
65568,Google Moffett Park Solar Project,37.405313,-122.017498,CA,Santa Clara,CISO,Solar,2.2,0.6,0.0,0.0,0.0,0.0,0.0,0.0,1.6,0.0
65569,Gilead Sciences La Verne Rooftop Solar,34.09623,-117.781867,CA,Los Angeles,CISO,Solar,2.8,1.1,0.0,0.0,0.0,0.0,0.0,0.0,1.7,0.0
65570,West Valley Mission CCD Solar Project,37.264377,-122.006021,CA,Santa Clara,CISO,Solar,3.6,0.9,0.0,0.0,0.0,0.0,0.0,0.0,2.7,0.0
65577,Clearwater Wind I,46.81771,-106.378853,MT,Rosebud,PSEI,Wind,365.5,0.0,0.0,0.0,0.0,0.0,0.0,0.0,0.0,365.5
65609,Gilcrest Sun CSG,40.293752,-104.806202,CO,Weld,PSCO,Solar,1.8,0.0,0.0,0.0,0.0,0.0,0.0,0.0,1.8,0.0
65614,Orange Coast College PH2 Solar Project,33.672565,-117.91246,CA,Orange,CISO,Solar,5.2,2.1,0.0,0.0,0.0,0.0,0.0,0.0,3.1,0.0
65615,CA - Madera USD - Madera South HS,36.95,-120.05,CA,Madera,CISO,Solar,1.2,0.0,0.0,0.0,0.0,0.0,0.0,0.0,1.2,0.0
65617,BBARWA,34.267795,-116.815428,CA,San Bernardino,CISO,Solar,1.9,0.0,0.0,0.0,0.0,0.0,0.0,0.0,1.9,0.0
65618,Gunnison Solar,39.16743,-111.80102,UT,Sanpete,PACE,Solar,1.5,0.0,0.0,0.0,0.0,0.0,0.0,0.0,1.5,0.0
65652,Niagara Bottling - Rialto,34.126094,-117.418451,CA,San Bernardino,CISO,Solar,4.2,0.0,0.0,0.0,0.0,0.0,0.0,0.0,4.2,0.0
65663,Sandrini Solar 200,35.1026,-119.054119,CA,Kern,CISO,Solar,200.0,0.0,0.0,0.0,0.0,0.0,0.0,0.0,200.0,0.0
65664,Sandrini Solar 100,35.113189,-119.110453,CA,Kern,CISO,Solar,100.0,0.0,0.0,0.0,0.0,0.0,0.0,0.0,100.0,0.0
65672,Sanborn BESS 3,35.027031,-118.139528,CA,Kern,CISO,Battery Storage,169.0,169.0,0.0,0.0,0.0,0.0,0.0,0.0,0.0,0.0
65673,Sanborn BESS 4,34.958108,-118.107842,CA,Kern,CISO,Battery Storage,47.0,47.0,0.0,0.0,0.0,0.0,0.0,0.0,0.0,0.0
65674,Edwards Sanborn E1B,34.964033,-118.094144,CA,Kern,CISO,Solar,290.4,136.0,0.0,0.0,0.0,0.0,0.0,0.0,154.4,0.0
65675,Edwards Sanborn E4,34.943575,-118.087989,CA,Kern,CISO,Solar,248.9,100.0,0.0,0.0,0.0,0.0,0.0,0.0,148.9,0.0
65676,Edwards Sanborn E5,34.965275,-118.0773,CA,Kern,CISO,Solar,115.0,47.0,0.0,0.0,0.0,0.0,0.0,0.0,68.0,0.0
65677,Edwards Sanborn S4,35.012467,-118.119264,CA,Kern,CISO,Solar,60.0,18.8,0.0,0.0,0.0,0.0,0.0,0.0,41.2,0.0
65678,Appaloosa Solar I,37.840158,-113.135897,UT,Iron,PACE,Solar,200.0,0.0,0.0,0.0,0.0,0.0,0.0,0.0,200.0,0.0
65706,POM Juice Solar,36.392479,-119.351133,CA,Fresno,CISO,Solar,1.5,0.0,0.0,0.0,0.0,0.0,0.0,0.0,1.5,0.0
65707,POM Beverage Solar,36.39026,-119.35792,CA,Fresno,CISO,Solar,1.8,0.0,0.0,0.0,0.0,0.0,0.0,0.0,1.8,0.0
65711,Vikings Energy Farm,32.803363,-115.27174,CA,Imperial,IID,Battery Storage,286.8,150.0,0.0,0.0,0.0,0.0,0.0,0.0,136.8,0.0
65734,Oberon Solar Project,33.72899,-115.38238,CA,Riverside,CISO,Solar,375.0,125.0,0.0,0.0,0.0,0.0,0.0,0.0,250.0,0.0
65735,Oberon II Solar Project,33.72899,-115.38238,CA,Riverside,CISO,Solar,375.0,125.0,0.0,0.0,0.0,0.0,0.0,0.0,250.0,0.0
65737,Schumann Wind Farm,45.90676,-118.4973,OR,Umatilla,PACW,Wind,8.0,0.0,0.0,0.0,0.0,0.0,0.0,0.0,0.0,8.0
65740,"Canal Energy S23, LLC",36.1761,-119.5604,CA,Kings,CISO,Solar,4.1,0.0,0.0,0.0,0.0,0.0,0.0,0.0,4.1,0.0
65743,Victory Pass,33.701001,-115.316292,CA,Riverside,CISO,Solar,250.0,50.0,0.0,0.0,0.0,0.0,0.0,0.0,200.0,0.0
65744,Arica Solar,33.701001,-115.316292,CA,Riverside,CISO,Solar,399.0,136.0,0.0,0.0,0.0,0.0,0.0,0.0,263.0,0.0
65745,Carnes Creek Solar (CSG),45.075205,-122.92771,OR,Marion,PGE,Solar,2.5,0.0,0.0,0.0,0.0,0.0,0.0,0.0,2.5,0.0
65746,Cosper Creek Solar (CSG),45.058,-123.499,OR,Polk,PGE,Solar,2.5,0.0,0.0,0.0,0.0,0.0,0.0,0.0,2.5,0.0
65747,Fruitland Creek Solar (CSG),44.93013,-122.9375,OR,Marion,PGE,Solar,1.8,0.0,0.0,0.0,0.0,0.0,0.0,0.0,1.8,0.0
65748,Kaiser Creek Solar (CSG),45.143,-122.609,OR,Clackamas,PGE,Solar,2.0,0.0,0.0,0.0,0.0,0.0,0.0,0.0,2.0,0.0
65749,Linkville Solar (CSG),42.207661,-121.81457,OR,Klamath,PACW,Solar,2.8,0.0,0.0,0.0,0.0,0.0,0.0,0.0,2.8,0.0
65750,Sandy River Solar (CSG),45.431055,-122.29516,OR,Clackamas,PGE,Solar,1.9,0.0,0.0,0.0,0.0,0.0,0.0,0.0,1.9,0.0
65751,Sesqui-C Solar (CSG),45.32543,-123.1769,OR,Yamhill,PGE,Solar,2.5,0.0,0.0,0.0,0.0,0.0,0.0,0.0,2.5,0.0
65766,Dover Dairy,36.415526,-119.553653,CA,Kings,CISO,Solar,1.1,0.0,0.0,0.0,0.0,0.0,0.0,0.0,1.1,0.0
65770,Ventura Solar,34.399199,-118.901987,CA,Ventura,CISO,Solar,2.9,0.0,0.0,0.0,0.0,0.0,0.0,0.0,2.9,0.0
65773,Star Peak Geothermal Plant,40.532133,-118.272015,NV,Pershing,NEVP,Geothermal,21.9,0.0,21.9,0.0,0.0,0.0,0.0,0.0,0.0,0.0
65778,"Jackpot Solar, LLC",42.189,-114.6218,ID,Twin Falls,IPCO,Solar,120.0,0.0,0.0,0.0,0.0,0.0,0.0,0.0,120.0,0.0
65783,Wonderful Nursery,35.617738,-119.392378,CA,Kern,CISO,Solar,2.3,0.0,0.0,0.0,0.0,0.0,0.0,0.0,2.3,0.0
65794,"20701 Plummer PV, LLC",34.243444,-118.58517,CA,Los Angeles,LDWP,Solar,1.5,0.0,0.0,0.0,0.0,0.0,0.0,0.0,1.5,0.0
65806,DIA 8,39.903739,-104.663383,CO,Adams,PSCO,Solar,4.5,0.0,0.0,0.0,0.0,0.0,0.0,0.0,4.5,0.0
65820,Ocotillo Wells,33.074673,-116.091228,CA,San Diego,CISO,Solar,50.0,0.0,0.0,0.0,0.0,0.0,0.0,0.0,50.0,0.0
65857,Sunlight Storage,33.803,-115.402,CA,Riverside,CISO,Battery Storage,230.0,230.0,0.0,0.0,0.0,0.0,0.0,0.0,0.0,0.0
65898,Gaylord Rockies CHP,39.82,-104.75,CO,Adams,PSCO,Natural Gas,4.0,0.0,0.0,0.0,4.0,0.0,0.0,0.0,0.0,0.0
65933,Sagebrush ESS,35.0477,-118.2628,CA,Kern,CISO,Battery Storage,80.0,80.0,0.0,0.0,0.0,0.0,0.0,0.0,0.0,0.0
65956,Storey Solar and Storage,32.8882,-111.4978,AZ,Pinal,SRP,Solar,210.0,88.0,0.0,0.0,0.0,0.0,0.0,0.0,122.0,0.0
65962,"Mesquite Solar 4, LLC",33.326467,-112.91895,AZ,Maricopa,CISO,Solar,62.5,10.0,0.0,0.0,0.0,0.0,0.0,0.0,52.5,0.0
65963,"Mesquite Solar 5, LLC",33.3252,-112.918,AZ,Maricopa,AZPS,Battery Storage,120.0,60.0,0.0,0.0,0.0,0.0,0.0,0.0,60.0,0.0
65965,"Java Solar, LLC",36.233522,-119.81634,CA,Kings,CISO,Solar,13.5,0.0,0.0,0.0,0.0,0.0,0.0,0.0,13.5,0.0
65970,Sheep Creek Community Solar Farm,34.571845,-117.576176,CA,San Bernardino,CISO,Solar,3.0,0.0,0.0,0.0,0.0,0.0,0.0,0.0,3.0,0.0
65972,Raptor Ridge,32.146944,-110.878056,AZ,Pima,TEPC,Solar,12.5,0.0,0.0,0.0,0.0,0.0,0.0,0.0,12.5,0.0
65980,CED West Side Canal Battery Storage,32.729364,-115.718589,CA,Imperial,CISO,Battery Storage,131.0,131.0,0.0,0.0,0.0,0.0,0.0,0.0,0.0,0.0
65987,Desert Peak Energy Storage I,33.9311,-116.5719,CA,Riverside,CISO,Battery Storage,325.0,325.0,0.0,0.0,0.0,0.0,0.0,0.0,0.0,0.0
65988,Desert Peak Energy Storage II,33.9311,-116.5719,CA,Riverside,CISO,Battery Storage,75.0,75.0,0.0,0.0,0.0,0.0,0.0,0.0,0.0,0.0
65990,USS Giveback Solar LLC (CSG),38.14347,-104.25341,CO,Pueblo,PSCO,Solar,2.0,0.0,0.0,0.0,0.0,0.0,0.0,0.0,2.0,0.0
66001,Chevelon Butte Wind Farm,34.681496,-110.801732,AZ,Coconino,AZPS,Wind,238.2,0.0,0.0,0.0,0.0,0.0,0.0,0.0,0.0,238.2
66014,"Bronco Plains Wind II, LLC",39.184,-102.97,CO,Kit Carson,PSCO,Wind,200.0,0.0,0.0,0.0,0.0,0.0,0.0,0.0,0.0,200.0
66023,Grossmont-Cuyamaca-Cuyamaca Col. Solar &,32.7466,-116.9389,CA,San Diego,CISO,Solar,2.4,1.0,0.0,0.0,0.0,0.0,0.0,0.0,1.4,0.0
66035,IGS SBD1,34.038735,-117.38485,CA,San Bernardino,LDWP,Solar,2.6,0.0,0.0,0.0,0.0,0.0,0.0,0.0,2.6,0.0
66039,IGS SBD2,34.073555,-117.281419,CA,San Bernardino,LDWP,Solar,2.5,0.0,0.0,0.0,0.0,0.0,0.0,0.0,2.5,0.0
66050,Lancaster Area Battery,34.6864,-118.3045,CA,Los Angeles,CISO,Battery Storage,127.0,127.0,0.0,0.0,0.0,0.0,0.0,0.0,0.0,0.0
66088,Putah Creek Solar Farm North,38.524531,-121.99531,CA,Yolo,CISO,Solar,3.0,0.0,0.0,0.0,0.0,0.0,0.0,0.0,3.0,0.0
66095,"Cortez Solar 1, LLC",37.361706,-108.524683,CO,Montezuma,WACM,Solar,2.2,0.0,0.0,0.0,0.0,0.0,0.0,0.0,2.2,0.0
66098,IGS VGT,36.270668,-115.046487,NV,Clark,NEVP,Solar,1.0,0.0,0.0,0.0,0.0,0.0,0.0,0.0,1.0,0.0
66099,IGS LAS1,35.967777,-115.14679,NV,Clark,NEVP,Solar,1.0,0.0,0.0,0.0,0.0,0.0,0.0,0.0,1.0,0.0
66110,Babbitt Ranch Energy Center,35.627731,-111.867942,AZ,Coconino,SRP,Wind,163.0,0.0,0.0,0.0,0.0,0.0,0.0,0.0,0.0,163.0
66125,"West Line Solar, LLC",32.7559,-111.5548,AZ,Pinal,SRP,Solar,100.0,0.0,0.0,0.0,0.0,0.0,0.0,0.0,100.0,0.0
66141,"Cortez Solar 3, LLC",37.303925,-108.579549,CO,Montezuma,WACM,Solar,2.0,0.0,0.0,0.0,0.0,0.0,0.0,0.0,2.0,0.0
66142,Kaiser - Harbor City,33.788034,-118.295496,CA,Los Angeles,CISO,Natural Gas,2.1,0.0,0.0,0.0,2.1,0.0,0.0,0.0,0.0,0.0
66143,San Diego Community College,32.805901,-117.167738,CA,San Diego,CISO,Natural Gas,1.0,0.0,0.0,0.0,1.0,0.0,0.0,0.0,0.0,0.0
66144,Smithfield 1,38.3881,-112.9946,UT,Beaver,WACM,Solar,5.0,0.0,0.0,0.0,0.0,0.0,0.0,0.0,5.0,0.0
66145,Life Technologies - Fremont,37.487027,-121.93942,CA,Alameda,CISO,Natural Gas,1.3,0.0,0.0,0.0,1.3,0.0,0.0,0.0,0.0,0.0
66146,Kaiser - LA,34.099359,-118.29571,CA,Los Angeles,CISO,Natural Gas,4.5,0.0,0.0,0.0,4.5,0.0,0.0,0.0,0.0,0.0
66147,Smithfield 3,38.2245,-113.10542,UT,Beaver,WACM,Solar,2.0,0.0,0.0,0.0,0.0,0.0,0.0,0.0,2.0,0.0
66148,Kaiser - Woodland Hills,34.173105,-118.590273,CA,Los Angeles,CISO,Natural Gas,3.1,0.0,0.0,0.0,3.1,0.0,0.0,0.0,0.0,0.0
66163,Jicarilla Solar 1 LLC,36.316748,-107.277627,NM,Rio Arriba,PNM,Solar,70.0,20.0,0.0,0.0,0.0,0.0,0.0,0.0,50.0,0.0
66169,"Cortez Solar 2, LLC",37.378286,-108.614935,CO,Montezuma,WACM,Solar,5.0,0.0,0.0,0.0,0.0,0.0,0.0,0.0,5.0,0.0
66183,Clearwater Wind East,46.789608,-106.002086,MT,Custer,NWMT,Wind,207.9,0.0,0.0,0.0,0.0,0.0,0.0,0.0,0.0,207.9
66184,Clearwater Wind II,46.818828,-106.194583,MT,Rosebud,NWMT,Wind,102.8,0.0,0.0,0.0,0.0,0.0,0.0,0.0,0.0,102.8
66188,POM Plant 1,36.657094,-119.585697,CA,Fresno,CISO,Solar,2.4,0.0,0.0,0.0,0.0,0.0,0.0,0.0,2.4,0.0
66189,POM Plant 2,36.656664,-119.592219,CA,Fresno,CISO,Solar,1.6,0.0,0.0,0.0,0.0,0.0,0.0,0.0,1.6,0.0
66208,North Central Valley,38.015291,-121.017836,CA,San Joaquin,CISO,Battery Storage,132.0,132.0,0.0,0.0,0.0,0.0,0.0,0.0,0.0,0.0
66242,Lake Elsinore Canopies - Lakeside HS,33.668,-117.383,CA,Riverside,CISO,Solar,1.0,0.0,0.0,0.0,0.0,0.0,0.0,0.0,1.0,0.0
66247,"Ash Mesa Solar, LLC",38.663372,-107.996652,CO,Montrose,PSCO,Solar,7.8,0.0,0.0,0.0,0.0,0.0,0.0,0.0,7.8,0.0
66263,Eleven Mile Solar Center,32.86097,-111.59191,AZ,Pinal,SRP,Battery Storage,600.0,300.0,0.0,0.0,0.0,0.0,0.0,0.0,300.0,0.0
66265,Paradise Energy Storage,32.70363,-117.04981,CA,San Diego,CISO,Battery Storage,10.0,10.0,0.0,0.0,0.0,0.0,0.0,0.0,0.0,0.0
66266,Clairemont Energy Storage,32.825604,-117.183245,CA,San Diego,CISO,Battery Storage,10.0,10.0,0.0,0.0,0.0,0.0,0.0,0.0,0.0,0.0
66267,Steel Solar LLC,41.88605,-112.18171,UT,Box Elder,WAUW,Solar,80.0,0.0,0.0,0.0,0.0,0.0,0.0,0.0,80.0,0.0
66270,Proxima,37.40035,-121.16284,CA,Stanislaus,CISO,Solar,352.0,162.0,0.0,0.0,0.0,0.0,0.0,0.0,190.0,0.0
66271,Ameresco HCE Solar LLC,39.46647,-107.234767,CO,Garfield,PSCO,Battery Storage,10.3,5.8,0.0,0.0,0.0,0.0,0.0,0.0,4.5,0.0
66278,Elliott Energy Storage,32.81638,-117.08891,CA,San Diego,CISO,Battery Storage,10.0,10.0,0.0,0.0,0.0,0.0,0.0,0.0,0.0,0.0
66279,Boulevard Energy Storage,32.66184,-116.2734,CA,San Diego,CISO,Battery Storage,10.0,10.0,0.0,0.0,0.0,0.0,0.0,0.0,0.0,0.0
66280,Pala Gomez Creek BESS,33.357667,-117.111661,CA,San Diego,CISO,Battery Storage,10.0,10.0,0.0,0.0,0.0,0.0,0.0,0.0,0.0,0.0
66281,Melrose BESS,33.207233,-117.252822,CA,San Diego,CISO,Battery Storage,20.0,20.0,0.0,0.0,0.0,0.0,0.0,0.0,0.0,0.0
66285,Condor Energy Storage LLC,34.020478,-117.332383,CA,San Bernardino,CISO,Battery Storage,200.0,200.0,0.0,0.0,0.0,0.0,0.0,0.0,0.0,0.0
66287,"NMRD Data Center III, LLC",35.3709,-106.854,NM,Sandoval,PNM,Solar,50.0,0.0,0.0,0.0,0.0,0.0,0.0,0.0,50.0,0.0
66326,Black Mesa BESS,42.908446,-115.181316,ID,Elmore,IPCO,Battery Storage,40.0,40.0,0.0,0.0,0.0,0.0,0.0,0.0,0.0,0.0
66331,Wonderful Firebaugh,36.835981,-120.3205,CA,Madera,CISO,Solar,5.4,0.0,0.0,0.0,0.0,0.0,0.0,0.0,5.4,0.0
66332,Wonderful Kings,35.769028,-119.868469,CA,Kern,CISO,Solar,3.5,0.0,0.0,0.0,0.0,0.0,0.0,0.0,3.5,0.0
66333,Superstition Energy Storage,33.35898,-111.83111,AZ,Maricopa,SRP,Battery Storage,90.0,90.0,0.0,0.0,0.0,0.0,0.0,0.0,0.0,0.0
66334,Sierra Estrella Energy Storage,33.410802,-112.3138,AZ,Maricopa,SRP,Battery Storage,250.0,250.0,0.0,0.0,0.0,0.0,0.0,0.0,0.0,0.0
66349,Green Solar LLC (CSG),44.487289,-121.249736,OR,Jefferson,BPAT,Solar,2.9,0.0,0.0,0.0,0.0,0.0,0.0,0.0,2.9,0.0
66351,Marble Solar LLC (CSG),44.629783,-123.021292,OR,Linn,BPAT,Solar,2.9,0.0,0.0,0.0,0.0,0.0,0.0,0.0,2.9,0.0
66354,Sheridan Solar LLC (CSG),45.101889,-123.409189,OR,Yamhill,PGE,Solar,3.0,0.0,0.0,0.0,0.0,0.0,0.0,0.0,3.0,0.0
66355,Wallace Solar LLC (CSG),45.028153,-123.096858,OR,Polk,PGE,Solar,3.0,0.0,0.0,0.0,0.0,0.0,0.0,0.0,3.0,0.0
66357,Yellow Pine Solar,36.066269,-115.775139,NV,Clark,NEVP,Solar,190.0,65.0,0.0,0.0,0.0,0.0,0.0,0.0,125.0,0.0
66368,NSE Astoria - Skyward,45.418564,-122.277905,OR,Clackamas,PGE,Solar,2.5,0.0,0.0,0.0,0.0,0.0,0.0,0.0,2.5,0.0
66378,Auburn Solar LLC (CSG),45.392661,-122.342658,OR,Clackamas,PGE,Solar,2.9,0.0,0.0,0.0,0.0,0.0,0.0,0.0,2.9,0.0
66394,"Goleta Energy Storage, LLC",34.432367,-119.868084,CA,Santa Barbara,CISO,Battery Storage,60.0,60.0,0.0,0.0,0.0,0.0,0.0,0.0,0.0,0.0
66395,Alta Sea,33.719111,-118.272621,CA,Los Angeles,LDWP,Solar,1.8,0.0,0.0,0.0,0.0,0.0,0.0,0.0,1.8,0.0
66404,Red Mesa Solar Project,37.120814,-109.411511,UT,San Juan,PACE,Solar,72.0,0.0,0.0,0.0,0.0,0.0,0.0,0.0,72.0,0.0
66405,Chaves County Solar II,33.434335,-104.447561,NM,Chaves,SWPP,Solar,30.0,0.0,0.0,0.0,0.0,0.0,0.0,0.0,30.0,0.0
66406,"AJMS, LLC",42.962333,-114.517194,ID,Lincoln,IPCO,Hydro,1.2,0.0,0.0,1.2,0.0,0.0,0.0,0.0,0.0,0.0
66408,Buena Vista Energy Center,32.066593,-106.285301,NM,Otero,EPE,Solar,170.0,50.0,0.0,0.0,0.0,0.0,0.0,0.0,120.0,0.0
66412,Hayhurst New Mexico Solar,32.070736,-104.161647,NM,Eddy,SWPP,Solar,20.0,0.0,0.0,0.0,0.0,0.0,0.0,0.0,20.0,0.0
66413,Spanish Fork Community Solar,40.127951,-111.63336,UT,Utah,PACE,Solar,4.0,0.0,0.0,0.0,0.0,0.0,0.0,0.0,4.0,0.0
66423,Stanton Battery Energy Storage,33.806779,-117.988626,CA,Orange,CISO,Battery Storage,68.8,68.8,0.0,0.0,0.0,0.0,0.0,0.0,0.0,0.0
66432,USS Fruita Solar LLC CSG,39.09194,-108.42313,CO,Mesa,WACM,Solar,2.0,0.0,0.0,0.0,0.0,0.0,0.0,0.0,2.0,0.0
66436,USS Cogburn Solar LLC (CSG),40.464272,-104.610156,CO,Weld,PSCO,Solar,2.4,0.0,0.0,0.0,0.0,0.0,0.0,0.0,2.4,0.0
66456,Anheuser Busch - Fairfield,38.235224,-122.092666,CA,Solano,CISO,Natural Gas,2.6,0.0,0.0,0.0,2.6,0.0,0.0,0.0,0.0,0.0
66458,Redlands Community Hospital,34.03625,-117.206211,CA,San Bernardino,CISO,Natural Gas,1.1,0.0,0.0,0.0,1.1,0.0,0.0,0.0,0.0,0.0
66459,Taylor Farms - Schilling Place,36.65388,-121.62369,CA,Monterey,CISO,Natural Gas,1.0,0.0,0.0,0.0,1.0,0.0,0.0,0.0,0.0,0.0
66461,Beaumont BESS,33.92444,-116.98763,CA,Riverside,CISO,Battery Storage,116.6,116.6,0.0,0.0,0.0,0.0,0.0,0.0,0.0,0.0
66462,Placerita ESS,34.41,-118.45,CA,Los Angeles,CISO,Battery Storage,88.0,88.0,0.0,0.0,0.0,0.0,0.0,0.0,0.0,0.0
66466,"Blue Skies Solar, LLC",34.98809,-118.908812,CA,Kern,PACW,Solar,1.0,0.0,0.0,0.0,0.0,0.0,0.0,0.0,1.0,0.0
66468,Clovis High School,36.817101,-119.681918,CA,Fresno,CISO,Solar,1.0,0.0,0.0,0.0,0.0,0.0,0.0,0.0,1.0,0.0
66469,Clovis East High School,36.799669,-119.640598,CA,Fresno,CISO,Solar,1.0,0.0,0.0,0.0,0.0,0.0,0.0,0.0,1.0,0.0
66470,Clovis North High School,36.890115,-119.736674,CA,Fresno,CISO,Solar,1.0,0.0,0.0,0.0,0.0,0.0,0.0,0.0,1.0,0.0
66472,San Manuel Central Plant Cogens,34.151193,-117.23025,CA,San Bernardino,CISO,Natural Gas,5.4,0.0,0.0,0.0,5.4,0.0,0.0,0.0,0.0,0.0
66476,CA Jurupa Valley 3251 De Forest Circle,34.026711,-117.521139,CA,Riverside,CISO,Solar,4.5,0.0,0.0,0.0,0.0,0.0,0.0,0.0,4.5,0.0
66492,Henry Miller RD,37.0543,-120.63523,CA,Merced,CISO,Solar,1.5,0.0,0.0,0.0,0.0,0.0,0.0,0.0,1.5,0.0
66494,Menifee Power Bank,33.739005,-117.1698,CA,Riverside,CISO,Battery Storage,620.0,620.0,0.0,0.0,0.0,0.0,0.0,0.0,0.0,0.0
66500,Valley Center 85,33.227236,-117.017744,CA,San Diego,CISO,Battery Storage,85.0,85.0,0.0,0.0,0.0,0.0,0.0,0.0,0.0,0.0
66502,Valley Center 54,33.227236,-117.017744,CA,San Diego,CISO,Battery Storage,54.0,54.0,0.0,0.0,0.0,0.0,0.0,0.0,0.0,0.0
66505,EnerSmart Chula Vista Sub Station,32.5945,-117.050694,CA,San Diego,CISO,Battery Storage,6.0,6.0,0.0,0.0,0.0,0.0,0.0,0.0,0.0,0.0
66506,West Tambo Clean Power II,37.360955,-120.719395,CA,Merced,CISO,Solar,2.0,0.0,0.0,0.0,0.0,0.0,0.0,0.0,2.0,0.0
66509,CA Manteca 730 Spreckels Ave,37.788679,-121.194505,CA,San Joaquin,CISO,Battery Storage,3.0,1.5,0.0,0.0,0.0,0.0,0.0,0.0,1.5,0.0
66532,BCE Los Alamitos 2,33.7841,-118.0509,CA,Orange,CISO,Battery Storage,20.0,10.0,0.0,0.0,0.0,0.0,0.0,0.0,10.0,0.0
66533,BCE Los Alamitos 1,33.7899,-118.0639,CA,Orange,CISO,Battery Storage,20.0,10.0,0.0,0.0,0.0,0.0,0.0,0.0,10.0,0.0
66569,"Black Mesa Solar, LLC",42.90741,-115.181539,ID,Elmore,IPCO,Solar,40.0,0.0,0.0,0.0,0.0,0.0,0.0,0.0,40.0,0.0
66574,San Juan Solar I,36.842533,-108.351358,NM,San Juan,PNM,Solar,300.0,100.0,0.0,0.0,0.0,0.0,0.0,0.0,200.0,0.0
66575,Sunlight Storage II,33.809536,-115.793889,CA,Riverside,CISO,Battery Storage,230.0,230.0,0.0,0.0,0.0,0.0,0.0,0.0,0.0,0.0
66598,Baldy Mesa Solar & Storage,34.609183,-117.454264,CA,San Bernardino,CISO,Solar,225.0,75.0,0.0,0.0,0.0,0.0,0.0,0.0,150.0,0.0
66603,IGS OXR1,34.212521,-119.129688,CA,Ventura,CISO,Solar,4.8,0.0,0.0,0.0,0.0,0.0,0.0,0.0,4.8,0.0
66617,Cald BESS,33.955872,-118.2321,CA,Los Angeles,CISO,Battery Storage,100.0,100.0,0.0,0.0,0.0,0.0,0.0,0.0,0.0,0.0
66619,Lakeview Battery Storage Facility,35.095124,-119.065909,CA,Kern,CISO,Battery Storage,1.2,1.2,0.0,0.0,0.0,0.0,0.0,0.0,0.0,0.0
66620,Resurgence Solar II,35.00656,-117.54484,CA,San Bernardino,CISO,Solar,88.0,40.0,0.0,0.0,0.0,0.0,0.0,0.0,48.0,0.0
66622,9150 Hermosa Solar GM,34.0878,-117.5872,CA,San Bernardino,CISO,Solar,1.3,0.0,0.0,0.0,0.0,0.0,0.0,0.0,1.3,0.0
66627,Sonoran Solar Energy,33.248767,-112.542402,AZ,Maricopa,SRP,Solar,750.0,260.0,0.0,0.0,0.0,0.0,0.0,0.0,490.0,0.0
66636,McFarland A Solar and Storage,32.951288,-113.490521,AZ,Yuma,CISO,Solar,300.0,100.0,0.0,0.0,0.0,0.0,0.0,0.0,200.0,0.0
66637,McFarland B Solar and Storage,32.957479,-113.475962,AZ,Yuma,CISO,Solar,450.0,150.0,0.0,0.0,0.0,0.0,0.0,0.0,300.0,0.0
66638,Enchanted Rock Lodi,38.147724,-121.299694,CA,San Joaquin,CISO,Natural Gas,48.0,0.0,0.0,0.0,48.0,0.0,0.0,0.0,0.0,0.0
66650,Bear Canyon,38.762781,-122.692786,CA,Lake,CISO,Battery Storage,13.0,13.0,0.0,0.0,0.0,0.0,0.0,0.0,0.0,0.0
66666,Tumbleweed Energy Storage,34.83427,-118.33898,CA,Kern,CISO,Battery Storage,125.0,125.0,0.0,0.0,0.0,0.0,0.0,0.0,0.0,0.0
66667,City of Rosamond (CA),34.835677,-118.146832,CA,Kern,CISO,Solar,1.0,0.0,0.0,0.0,0.0,0.0,0.0,0.0,1.0,0.0
66669,West Ford Flat,38.788111,-122.721828,CA,Lake,CISO,Battery Storage,25.0,25.0,0.0,0.0,0.0,0.0,0.0,0.0,0.0,0.0
66676,Kings CSG 3 LLC Community Solar,36.24918,-119.8852,CA,Kings,CISO,Solar,3.0,0.0,0.0,0.0,0.0,0.0,0.0,0.0,3.0,0.0
66677,Visalia CSG LLC,36.30677,-119.23999,CA,Tulare,CISO,Solar,3.0,0.0,0.0,0.0,0.0,0.0,0.0,0.0,3.0,0.0
66679,Tulare CSG LLC,35.98738,-119.48043,CA,Tulare,CISO,Solar,3.0,0.0,0.0,0.0,0.0,0.0,0.0,0.0,3.0,0.0
66680,Enchanted Rock Turlock Irrigation Distri,37.435853,-121.131037,CA,Stanislaus,TIDC,Natural Gas,46.8,0.0,0.0,0.0,46.8,0.0,0.0,0.0,0.0,0.0
66694,Atrisco Energy Storage,35.197003,-106.912536,NM,Bernalillo,PNM,Battery Storage,300.0,300.0,0.0,0.0,0.0,0.0,0.0,0.0,0.0,0.0
66699,Lockhart Solar PV II,35.04351,-117.3489,CA,San Bernardino,CISO,Solar,84.4,0.0,0.0,0.0,0.0,0.0,0.0,0.0,84.4,0.0
66713,Wheeler Ridge,35.082,-119.316,CA,Kern,CISO,Solar,4.5,0.0,0.0,0.0,0.0,0.0,0.0,0.0,4.5,0.0
66714,Crystal Farms Local Solar,36.633807,-120.177104,CA,Fresno,CISO,Solar,3.5,0.0,0.0,0.0,0.0,0.0,0.0,0.0,3.5,0.0
66715,Fresno Community Solar,36.696,-119.885,CA,Fresno,CISO,Solar,10.0,0.0,0.0,0.0,0.0,0.0,0.0,0.0,10.0,0.0
66716,Saint Energy Storage II LLC,32.86951,-111.514226,AZ,Pinal,SRP,Battery Storage,100.0,100.0,0.0,0.0,0.0,0.0,0.0,0.0,0.0,0.0
66726,Inland Empire Energy Storage,34.137674,-117.41597,CA,San Bernardino,CISO,Battery Storage,70.0,70.0,0.0,0.0,0.0,0.0,0.0,0.0,0.0,0.0
66733,Lost Hills Oilfield,35.65,-119.85,CA,Kern,CISO,Solar,1.9,0.0,0.0,0.0,0.0,0.0,0.0,0.0,1.9,0.0
66736,Oak Leaf - CSG Portfolio (OL 36),39.6517,-104.5315,CO,Arapahoe,SWPP,Solar,1.5,0.0,0.0,0.0,0.0,0.0,0.0,0.0,1.5,0.0
66737,Oak Leaf - CSG Portfolio (OL 37),39.7854,-104.5913,CO,Adams,SWPP,Solar,1.5,0.0,0.0,0.0,0.0,0.0,0.0,0.0,1.5,0.0
66738,Oak Leaf - CSG Portfolio (OL 38),39.7854,-104.5913,CO,Adams,SWPP,Solar,1.5,0.0,0.0,0.0,0.0,0.0,0.0,0.0,1.5,0.0
66739,Oak Leaf - CSG Portfolio (OL 39),39.65528,-104.52848,CO,Arapahoe,SWPP,Solar,1.5,0.0,0.0,0.0,0.0,0.0,0.0,0.0,1.5,0.0
66740,Oak Leaf - CSG Portfolio (OL 44),39.78308,-104.58385,CO,Adams,SWPP,Solar,1.5,0.0,0.0,0.0,0.0,0.0,0.0,0.0,1.5,0.0
66757,Bottleneck Energy Storage,35.838361,-119.088374,CA,Tulare,CISO,Battery Storage,80.0,80.0,0.0,0.0,0.0,0.0,0.0,0.0,0.0,0.0
66772,Estrella Solar & Storage,34.807789,-118.316504,CA,Los Angeles,CISO,Solar,84.0,28.0,0.0,0.0,0.0,0.0,0.0,0.0,56.0,0.0
66773,Raceway Solar & Storage,34.842388,-118.286187,CA,Los Angeles,CISO,Solar,205.0,80.0,0.0,0.0,0.0,0.0,0.0,0.0,125.0,0.0
66797,Agriculture Capital - Legacy Packing,36.49466,-119.46698,CA,Tulare,CISO,Solar,1.6,0.0,0.0,0.0,0.0,0.0,0.0,0.0,1.6,0.0
66799,Bishop Ranch - BR 1-Y,37.76217,-121.9579,CA,Contra Costa,CISO,Solar,1.8,0.7,0.0,0.0,0.0,0.0,0.0,0.0,1.1,0.0
66800,Bishop Ranch - BR 8-P,37.76819,-121.9666,CA,Contra Costa,CISO,Solar,1.5,0.5,0.0,0.0,0.0,0.0,0.0,0.0,1.0,0.0
66806,Vulcan San Emidio Solar,35.049,-119.1812,CA,Kern,CISO,Solar,1.4,0.0,0.0,0.0,0.0,0.0,0.0,0.0,1.4,0.0
66807,SEPV Cuyama Hybrid,34.904711,-119.584995,CA,Santa Barbara,CISO,Battery Storage,4.6,3.0,0.0,0.0,0.0,0.0,0.0,0.0,1.6,0.0
66809,Avenue 26 Solar,37.125754,-120.178792,CA,Madera,CISO,Solar,7.6,0.0,0.0,0.0,0.0,0.0,0.0,0.0,7.6,0.0
66811,Clearwater Wind III,46.818828,-106.194583,MT,Rosebud,AVA,Wind,100.0,0.0,0.0,0.0,0.0,0.0,0.0,0.0,0.0,100.0
66814,Sky Ranch Solar,34.781625,-106.776858,NM,Valencia,PNM,Solar,240.0,50.0,0.0,0.0,0.0,0.0,0.0,0.0,190.0,0.0
66863,Blackjack Solar,36.181538,-121.026685,CA,Monterey,CISO,Solar,4.0,0.0,0.0,0.0,0.0,0.0,0.0,0.0,4.0,0.0
66885,Baldy Mesa 2_Silver Peak Hybrid,34.609137,-117.453663,CA,San Bernardino,CISO,Solar,75.0,25.0,0.0,0.0,0.0,0.0,0.0,0.0,50.0,0.0
66888,Escalante (NM),35.4077,-108.0812,NM,McKinley,PNM,Solar,200.0,0.0,0.0,0.0,0.0,0.0,0.0,0.0,200.0,0.0
66925,SR McNeal,31.5551,-109.7013,AZ,Cochise,TEPC,Battery Storage,40.0,20.0,0.0,0.0,0.0,0.0,0.0,0.0,20.0,0.0
66942,Skysol,42.047765,-121.49212,OR,Klamath,PACW,Solar,61.2,0.0,0.0,0.0,0.0,0.0,0.0,0.0,61.2,0.0
66945,East Victory Way Solar,40.51313,-107.50183,CO,Moffat,PSCO,Solar,4.0,0.0,0.0,0.0,0.0,0.0,0.0,0.0,4.0,0.0
66946,"Lockhart ESS, LLC",35.032461,-117.35673,CA,San Bernardino,CISO,Battery Storage,45.0,45.0,0.0,0.0,0.0,0.0,0.0,0.0,0.0,0.0
66949,Sagebrush Solar 2 ESS 40,35.0477,-118.2628,CA,Kern,CISO,Battery Storage,40.0,40.0,0.0,0.0,0.0,0.0,0.0,0.0,0.0,0.0
66950,Sagebrush Solar 2 ESS 59,35.0477,-118.2628,CA,Kern,CISO,Battery Storage,59.0,59.0,0.0,0.0,0.0,0.0,0.0,0.0,0.0,0.0
66951,Scarlet II Hybrid,36.60369,-120.375732,CA,Fresno,CISO,Solar,350.0,150.0,0.0,0.0,0.0,0.0,0.0,0.0,200.0,0.0
66983,MDU / NVSS-II,36.274825,-115.972367,NV,Nye,NEVP,Solar,13.5,0.0,0.0,0.0,0.0,0.0,0.0,0.0,13.5,0.0
67000,Cawelo Water District Solar,35.049,-119.1812,CA,Kern,CISO,Solar,2.5,0.0,0.0,0.0,0.0,0.0,0.0,0.0,2.5,0.0
67001,"Sunny Cow Solar, LLC",35.2581,-119.1492,CA,Kern,CISO,Solar,2.0,0.0,0.0,0.0,0.0,0.0,0.0,0.0,2.0,0.0
67003,Atrisco Solar LLC,35.189061,-106.860498,NM,Bernalillo,PNM,Solar,300.0,0.0,0.0,0.0,0.0,0.0,0.0,0.0,300.0,0.0
67026,Roundhouse Renewable Energy II,41.054692,-104.995383,WY,Laramie,WACM,Wind,105.7,0.0,0.0,0.0,0.0,0.0,0.0,0.0,0.0,105.7
67030,Elkhorn Dairy,36.47229,-119.346653,CA,Tulare,CISO,Solar,1.0,0.0,0.0,0.0,0.0,0.0,0.0,0.0,1.0,0.0
67069,IPC 25 Solar,37.739193,-121.536855,CA,San Joaquin,CISO,Solar,2.4,0.0,0.0,0.0,0.0,0.0,0.0,0.0,2.4,0.0
67073,"Case Vander Eyk, Jr Dairy Solar",35.972788,-119.394323,CA,Tulare,CISO,Solar,1.2,0.0,0.0,0.0,0.0,0.0,0.0,0.0,1.2,0.0
67091,Yellow Pine II,36.075505,-115.791286,NV,Clark,NEVP,Solar,210.0,85.0,0.0,0.0,0.0,0.0,0.0,0.0,125.0,0.0
67092,Paulsell,37.374065,-121.135202,CA,Stanislaus,CISO,Solar,35.0,15.0,0.0,0.0,0.0,0.0,0.0,0.0,20.0,0.0
67093,Mojave 16/17/18 BESS,35.044166,-118.275556,CA,Kern,CISO,Battery Storage,77.0,77.0,0.0,0.0,0.0,0.0,0.0,0.0,0.0,0.0
67147,South Cheyenne Solar,41.027211,-104.775972,WY,Laramie,WACM,Solar,150.0,0.0,0.0,0.0,0.0,0.0,0.0,0.0,150.0,0.0
67160,Springfield Wind,37.21444,-102.3933,CO,Baca,PSCO,Wind,1.5,0.0,0.0,0.0,0.0,0.0,0.0,0.0,0.0,1.5
67170,Amazon SAN3 Solar Project,32.566208,-116.933468,CA,San Diego,CISO,Solar,7.0,2.4,0.0,0.0,0.0,0.0,0.0,0.0,4.6,0.0
67176,Chevelon Butte Phase 2,34.6821,-110.803,AZ,Coconino,AZPS,Wind,216.0,0.0,0.0,0.0,0.0,0.0,0.0,0.0,0.0,216.0
67178,Mohave Energy - Hybrid,34.99333,-114.548432,AZ,Mohave,WALC,Solar,32.6,15.0,0.0,0.0,0.0,0.0,0.0,0.0,17.6,0.0
67179,Cabrillo College,36.987452,-121.922414,CA,Santa Cruz,CISO,Solar,2.4,0.0,0.0,0.0,0.0,0.0,0.0,0.0,2.4,0.0
67190,Franklin Solar Hybrid,42.2042,-114.6099,ID,Twin Falls,IPCO,Solar,100.0,0.0,0.0,0.0,0.0,0.0,0.0,0.0,100.0,0.0
67193,Anticline Wind,43.146077,-106.347251,WY,Natrona,WACM,Wind,124.3,0.0,0.0,0.0,0.0,0.0,0.0,0.0,0.0,124.3
67201,DIA 9,39.84666,-104.664338,CO,Adams,PSCO,Solar,9.8,0.0,0.0,0.0,0.0,0.0,0.0,0.0,9.8,0.0
67238,SF Auto T1,41.730687,-112.179606,UT,Box Elder,WACM,Solar,3.1,0.0,0.0,0.0,0.0,0.0,0.0,0.0,3.1,0.0
67247,Mesa Wind Repower,33.9461,-116.6769,CA,Riverside,CISO,Wind,30.0,0.0,0.0,0.0,0.0,0.0,0.0,0.0,0.0,30.0
67261,Goose Prairie Solar,46.52923,-120.23953,WA,Yakima,BPAT,Solar,80.0,0.0,0.0,0.0,0.0,0.0,0.0,0.0,80.0,0.0
67285,Sun Streams 3,33.331667,-112.811944,AZ,Maricopa,AZPS,Battery Storage,430.0,215.0,0.0,0.0,0.0,0.0,0.0,0.0,215.0,0.0
67300,Rattlesnake Ridge Battery Storage,40.197388,-104.608011,CO,Weld,WACM,Battery Storage,11.8,11.8,0.0,0.0,0.0,0.0,0.0,0.0,0.0,0.0
67301,Parkway Battery Storage,39.985694,-105.010444,CO,Broomfield,PSCO,Battery Storage,7.8,7.8,0.0,0.0,0.0,0.0,0.0,0.0,0.0,0.0
67302,Frederick Battery Storage,40.10462,-104.984515,CO,Weld,WACM,Battery Storage,7.8,7.8,0.0,0.0,0.0,0.0,0.0,0.0,0.0,0.0
67303,Mead Battery Storage,40.219394,-104.942166,CO,Weld,WACM,Battery Storage,7.8,7.8,0.0,0.0,0.0,0.0,0.0,0.0,0.0,0.0
67304,Davis Battery Storage,40.144366,-104.745068,CO,Weld,WACM,Battery Storage,11.8,11.8,0.0,0.0,0.0,0.0,0.0,0.0,0.0,0.0
67305,Bromley Battery Storage,39.978775,-104.768675,CO,Adams,WACM,Battery Storage,11.8,11.8,0.0,0.0,0.0,0.0,0.0,0.0,0.0,0.0
67306,Keenesburg Battery Storage,40.146214,-104.548727,CO,Weld,WACM,Battery Storage,11.8,11.8,0.0,0.0,0.0,0.0,0.0,0.0,0.0,0.0
67307,Platte Valley Battery Storage,39.988332,-104.845127,CO,Weld,PSCO,Battery Storage,7.8,7.8,0.0,0.0,0.0,0.0,0.0,0.0,0.0,0.0
67365,Tejon Castac Water District Solar,35.0009,-118.8983,CA,Kern,CISO,Solar,1.3,0.0,0.0,0.0,0.0,0.0,0.0,0.0,1.3,0.0
67380,ERock MID Claribel Generation Station,37.710268,-120.968543,CA,Stanislaus,BANC,Natural Gas,48.0,0.0,0.0,0.0,48.0,0.0,0.0,0.0,0.0,0.0
67419,CSWIND America Inc.,38.169473,-104.618971,CO,Pueblo,WACM,Solar,12.3,0.0,0.0,0.0,0.0,0.0,0.0,0.0,12.3,0.0
67432,Double J Dairy Array,36.362673,-119.426019,CA,Tulare,CISO,Solar,4.0,0.0,0.0,0.0,0.0,0.0,0.0,0.0,4.0,0.0
67436,West Point RNG,42.75,-114.646,ID,Gooding,IPCO,Other,3.2,0.0,0.0,0.0,0.0,0.0,0.0,3.2,0.0,0.0
67441,Pivot Solar 9,39.72736,-104.76954,CO,Arapahoe,PSCO,Solar,1.7,0.0,0.0,0.0,0.0,0.0,0.0,0.0,1.7,0.0
67446,Pivot Solar 10,39.72883,-104.77063,CO,Arapahoe,PSCO,Solar,1.7,0.0,0.0,0.0,0.0,0.0,0.0,0.0,1.7,0.0
67465,"CBEP Solar 1, LLC",40.665825,-103.203525,CO,Logan,PSCO,Solar,5.0,0.0,0.0,0.0,0.0,0.0,0.0,0.0,5.0,0.0
67466,"CBEP Solar 4, LLC",40.319191,-104.836243,CO,Weld,PSCO,Solar,4.0,0.0,0.0,0.0,0.0,0.0,0.0,0.0,4.0,0.0
67467,"CBEP Solar 5, LLC",40.340485,-104.881674,CO,Weld,PSCO,Solar,5.0,0.0,0.0,0.0,0.0,0.0,0.0,0.0,5.0,0.0
67485,Union Sanitary District Cogen,37.589632,-122.090716,CA,Alameda,CISO,Other,1.8,0.0,0.0,0.0,0.0,0.0,0.0,1.8,0.0,0.0
67509,Grossmont College,32.816578,-117.006302,CA,San Diego,CISO,Solar,2.6,0.0,0.0,0.0,0.0,0.0,0.0,0.0,2.6,0.0
67512,Lone Oak,36.270566,-119.518202,CA,Kings,CISO,Solar,2.9,0.0,0.0,0.0,0.0,0.0,0.0,0.0,2.9,0.0
67516,CSU Sacramento I,38.553,-121.422,CA,Sacramento,BANC,Solar,1.3,0.0,0.0,0.0,0.0,0.0,0.0,0.0,1.3,0.0
67533,RB Inyokern Solar WDAT 1203 (CSG),35.655806,-117.810322,CA,Kern,CISO,Solar,19.9,0.0,0.0,0.0,0.0,0.0,0.0,0.0,19.9,0.0
67534,RB Inyokern Solar WDAT 1281 (CSG),35.659913,-117.810322,CA,Kern,CISO,Solar,11.9,0.0,0.0,0.0,0.0,0.0,0.0,0.0,11.9,0.0
67579,AES ES Alamitos 2 LLC,33.770287,-118.099995,CA,Los Angeles,CISO,Battery Storage,82.0,82.0,0.0,0.0,0.0,0.0,0.0,0.0,0.0,0.0
67602,Zonneveld Oak Grove,36.457362,-119.763582,CA,Fresno,CISO,Solar,1.5,0.0,0.0,0.0,0.0,0.0,0.0,0.0,1.5,0.0
67603,River Ranch Dairy,36.249006,-119.582893,CA,Kings,CISO,Solar,4.0,0.0,0.0,0.0,0.0,0.0,0.0,0.0,4.0,0.0
67695,Holtville,32.813389,-115.388667,CA,Imperial,CISO,Battery Storage,30.0,30.0,0.0,0.0,0.0,0.0,0.0,0.0,0.0,0.0
67698,Coffee Creek BESS,45.341676,-122.781457,OR,Washington,PGE,Battery Storage,17.0,17.0,0.0,0.0,0.0,0.0,0.0,0.0,0.0,0.0
67712,Constable BESS,45.559046,-122.943674,OR,Washington,PGE,Battery Storage,75.0,75.0,0.0,0.0,0.0,0.0,0.0,0.0,0.0,0.0
67743,Bishop Ranch BR 1-X,37.759761,-121.955956,CA,Contra Costa,CISO,Solar,1.4,0.5,0.0,0.0,0.0,0.0,0.0,0.0,0.9,0.0
67766,Yellowstone County Generating Station,45.65992,-108.760833,MT,Yellowstone,NWMT,Natural Gas,207.0,0.0,0.0,0.0,207.0,0.0,0.0,0.0,0.0,0.0
67793,Open Sky Ranch Inc,36.46052,-120.030549,CA,Fresno,CISO,Solar,1.7,0.0,0.0,0.0,0.0,0.0,0.0,0.0,1.7,0.0
67794,City of Atwater NEM,37.274,-120.629,CA,Merced,CISO,Solar,1.5,0.0,0.0,0.0,0.0,0.0,0.0,0.0,1.5,0.0
67799,Brittlebush Solar,32.925808,-111.490475,AZ,Pinal,SRP,Solar,200.0,0.0,0.0,0.0,0.0,0.0,0.0,0.0,200.0,0.0
67820,Dixie Creek Dairy Solar,36.29907,-119.500218,CA,Kings,CISO,Solar,2.9,0.0,0.0,0.0,0.0,0.0,0.0,0.0,2.9,0.0
67821,TJX Tucson,32.125,-110.913919,AZ,Pima,TEPC,Solar,1.0,0.0,0.0,0.0,0.0,0.0,0.0,0.0,1.0,0.0
67824,TJX Phoenix,33.418481,-112.178067,AZ,Maricopa,SRP,Solar,2.9,0.0,0.0,0.0,0.0,0.0,0.0,0.0,2.9,0.0
67825,TJX Las Vegas,36.251,-115.0816,NV,Clark,NEVP,Solar,1.0,0.0,0.0,0.0,0.0,0.0,0.0,0.0,1.0,0.0
67835,Costa View Farms,36.99,-120.308,CA,Madera,CISO,Solar,5.0,0.0,0.0,0.0,0.0,0.0,0.0,0.0,5.0,0.0
67853,Delta Electronics Fremont,37.48963,-121.949,CA,Alameda,CISO,Solar,1.0,0.0,0.0,0.0,0.0,0.0,0.0,0.0,1.0,0.0
67855,Westwing,33.7131,-112.3242,AZ,Maricopa,AZPS,Battery Storage,82.0,82.0,0.0,0.0,0.0,0.0,0.0,0.0,0.0,0.0
67863,TWC,36.122809,-119.447658,CA,Tulare,CISO,Solar,1.2,0.0,0.0,0.0,0.0,0.0,0.0,0.0,1.2,0.0
67866,Paso Robles - Municipal Airport,35.679378,-120.635889,CA,San Luis Obispo,CISO,Solar,3.0,0.0,0.0,0.0,0.0,0.0,0.0,0.0,3.0,0.0
67868,Harris Farms Solar Facility,36.253184,-120.229268,CA,Fresno,CISO,Solar,1.3,0.0,0.0,0.0,0.0,0.0,0.0,0.0,1.3,0.0
67869,Sundial (Troutdale) BESS,45.559753,-122.4201,OR,Multnomah,PGE,Battery Storage,200.0,200.0,0.0,0.0,0.0,0.0,0.0,0.0,0.0,0.0
67913,Wonderful Orchards - West Valley,35.658203,-119.972953,CA,Kern,CISO,Solar,3.0,0.0,0.0,0.0,0.0,0.0,0.0,0.0,3.0,0.0
67916,Foote Creek Rim,41.6283,-106.2013,WY,Carbon,PACE,Wind,134.8,0.0,0.0,0.0,0.0,0.0,0.0,0.0,0.0,134.8
67952,LPEA Sunnyside Solar 1 Facility,37.124087,-107.860243,CO,La Plata,WACM,Solar,1.7,0.0,0.0,0.0,0.0,0.0,0.0,0.0,1.7,0.0
67964,Agave,33.32389,-112.83972,AZ,Maricopa,AZPS,Solar,150.0,0.0,0.0,0.0,0.0,0.0,0.0,0.0,150.0,0.0
67994,City of Long Beach Airport Lot A & B,33.81516,-118.141168,CA,Los Angeles,LDWP,Solar,1.8,0.0,0.0,0.0,0.0,0.0,0.0,0.0,1.8,0.0
68016,Hollister Wastewater Facility,36.857193,-121.445858,CA,San Benito,CISO,Solar,1.0,0.0,0.0,0.0,0.0,0.0,0.0,0.0,1.0,0.0
68027,Lemoore West,36.30018,-119.82142,CA,Kings,CISO,Solar,7.9,0.0,0.0,0.0,0.0,0.0,0.0,0.0,7.9,0.0
68038,KDC Solar Madera LLC,36.926,-120.104,CA,Madera,BANC,Solar,10.0,0.0,0.0,0.0,0.0,0.0,0.0,0.0,10.0,0.0
68041,Overland,40.135008,-104.645395,CO,Weld,PSCO,Solar,11.0,0.0,0.0,0.0,0.0,0.0,0.0,0.0,11.0,0.0
68058,Prairie Center Energy LLC,39.930281,-104.794297,CO,Adams,WACM,Battery Storage,35.4,35.4,0.0,0.0,0.0,0.0,0.0,0.0,0.0,0.0
68064,CA- US Foods- Livermore,37.711625,-121.708508,CA,Alameda,CISO,Battery Storage,2.4,1.2,0.0,0.0,0.0,0.0,0.0,0.0,1.2,0.0
68151,Mountain View Ind Park 1-sline001,34.050209,-117.460361,CA,San Bernardino,CISO,Solar,1.1,0.0,0.0,0.0,0.0,0.0,0.0,0.0,1.1,0.0
68220,North Kern 2,35.4678,-119.1536,CA,Kern,CISO,Solar,2.5,0.0,0.0,0.0,0.0,0.0,0.0,0.0,2.5,0.0
68221,North Kern 1,35.4691,-119.169,CA,Kern,CISO,Solar,2.5,0.0,0.0,0.0,0.0,0.0,0.0,0.0,2.5,0.0
68234,Vinelands Power Plant,39.101686,-108.345744,CO,Mesa,PSCO,Hydro,4.5,0.0,0.0,4.5,0.0,0.0,0.0,0.0,0.0,0.0
68260,GCC Trident Solar Project,45.93728,-111.463734,MT,Gallatin,NWMT,Solar,2.0,0.0,0.0,0.0,0.0,0.0,0.0,0.0,2.0,0.0
68265,South County Detention Center Solar,36.039,-119.061,CA,Tulare,CISO,Solar,1.1,0.0,0.0,0.0,0.0,0.0,0.0,0.0,1.1,0.0
68266,North Juvenile Detention Center Solar,36.461,-119.32,CA,Tulare,CISO,Solar,1.4,0.3,0.0,0.0,0.0,0.0,0.0,0.0,1.1,0.0
68267,Government Plaza Solar,36.278,-119.317,CA,Tulare,CISO,Solar,1.1,0.0,0.0,0.0,0.0,0.0,0.0,0.0,1.1,0.0
68268,Tulare Akers Professional Center,36.322,-119.351,CA,Tulare,CISO,Solar,1.0,0.0,0.0,0.0,0.0,0.0,0.0,0.0,1.0,0.0
68269,Bob Wiley Detention Center,36.454,-119.312,CA,Tulare,CISO,Solar,1.8,0.0,0.0,0.0,0.0,0.0,0.0,0.0,1.8,0.0
68270,Civic Center East,36.33,-119.317,CA,Tulare,CISO,Solar,1.5,0.0,0.0,0.0,0.0,0.0,0.0,0.0,1.5,0.0
68320,Blackwell Creek Solar,42.404138,-123.008306,OR,Jackson,PACW,Solar,1.4,0.0,0.0,0.0,0.0,0.0,0.0,0.0,1.4,0.0
68338,Verde Light Community Solar,44.03604,-117.00367,OR,Malheur,IPCO,Solar,3.0,0.0,0.0,0.0,0.0,0.0,0.0,0.0,3.0,0.0
68395,Wheeler Ridge 2,34.9846,-118.9085,CA,Kern,CISO,Solar,5.0,0.0,0.0,0.0,0.0,0.0,0.0,0.0,5.0,0.0
68409,"VS RXI Mason-Chatsworth, LLC",34.235,-118.579,CA,Los Angeles,LDWP,Solar,1.8,0.0,0.0,0.0,0.0,0.0,0.0,0.0,1.8,0.0
68433,Banner Solar Ironwood,33.213142,-111.566901,AZ,Pinal,AZPS,Solar,1.4,0.0,0.0,0.0,0.0,0.0,0.0,0.0,1.4,0.0
68440,Sutter Santa Rosa Solar,38.494525,-122.751988,CA,Sonoma,CISO,Solar,1.3,0.0,0.0,0.0,0.0,0.0,0.0,0.0,1.3,0.0
68444,Antelope Creek,42.468,-122.833,OR,Jackson,PACW,Solar,2.3,0.0,0.0,0.0,0.0,0.0,0.0,0.0,2.3,0.0
68445,OR - Green Key - Gun Club,45.267312,-123.014082,OR,Yamhill,PGE,Solar,2.5,0.0,0.0,0.0,0.0,0.0,0.0,0.0,2.5,0.0
68446,OR - Green Key - Marquam,45.082793,-122.667312,OR,Clackamas,PGE,Solar,1.9,0.0,0.0,0.0,0.0,0.0,0.0,0.0,1.9,0.0
68448,OR - Solops - SPI 18 - Clayfield,45.262227,-122.346626,OR,Clackamas,PGE,Solar,2.6,0.0,0.0,0.0,0.0,0.0,0.0,0.0,2.6,0.0
68449,OR -Solops - SPI 18 - Cork,45.127552,-122.55742,OR,Clackamas,PGE,Solar,1.3,0.0,0.0,0.0,0.0,0.0,0.0,0.0,1.3,0.0
68450,OR - Solops - SPI 18 - Dover,45.208889,-122.675834,OR,Clackamas,PGE,Solar,2.0,0.0,0.0,0.0,0.0,0.0,0.0,0.0,2.0,0.0
68451,OR - Solops - SPI 18 - Belvedere,45.055682,-122.803442,OR,Marion,PGE,Solar,3.0,0.0,0.0,0.0,0.0,0.0,0.0,0.0,3.0,0.0
68464,Round Lake,42.128,-121.907,OR,Klamath,PACW,Solar,1.0,0.0,0.0,0.0,0.0,0.0,0.0,0.0,1.0,0.0
68471,Open Sky Dairy,36.459935,-120.029831,CA,Fresno,CISO,Solar,1.7,0.0,0.0,0.0,0.0,0.0,0.0,0.0,1.7,0.0
68508,Zena Solar,45.02015,-123.09845,OR,Polk,PGE,Solar,2.5,0.0,0.0,0.0,0.0,0.0,0.0,0.0,2.5,0.0
68521,JD Foods - JD Foods,36.70185,-119.74588,CA,Fresno,CISO,Solar,1.5,0.0,0.0,0.0,0.0,0.0,0.0,0.0,1.5,0.0
68532,Pivot Energy PPA 22,36.347335,-119.395705,CA,Tulare,CISO,Solar,1.3,0.0,0.0,0.0,0.0,0.0,0.0,0.0,1.3,0.0
68533,Blue Moon Farms,36.028854,-119.40154,CA,Tulare,CISO,Solar,1.0,0.0,0.0,0.0,0.0,0.0,0.0,0.0,1.0,0.0
68547,Tipton 1 - (CA),36.050157,-119.314715,CA,Tulare,CISO,Solar,5.2,1.0,0.0,0.0,0.0,0.0,0.0,0.0,4.2,0.0
68548,Tipton 2 - (CA),36.050157,-119.314715,CA,Tulare,CISO,Solar,2.8,0.7,0.0,0.0,0.0,0.0,0.0,0.0,2.1,0.0
68575,Visalia Solar,36.36139,-119.39255,CA,Tulare,CISO,Solar,3.6,1.1,0.0,0.0,0.0,0.0,0.0,0.0,2.5,0.0
68599,North Kern 3,35.5768,-119.1536,CA,Kern,CISO,Solar,5.0,0.0,0.0,0.0,0.0,0.0,0.0,0.0,5.0,0.0
68614,Kern Del Oro,35.297931,-118.980874,CA,Kern,CISO,Solar,1.2,0.0,0.0,0.0,0.0,0.0,0.0,0.0,1.2,0.0
68623,Amazon Goodyear,33.494749,-112.431115,AZ,Maricopa,AZPS,Solar,2.4,0.0,0.0,0.0,0.0,0.0,0.0,0.0,2.4,0.0
68624,Sutter Home Winery GIR,38.193407,-122.260435,CA,Napa,CISO,Solar,1.1,0.0,0.0,0.0,0.0,0.0,0.0,0.0,1.1,0.0
68630,Sutter Home Winery TCC,35.735606,-120.685274,CA,San Luis Obispo,CISO,Solar,1.1,0.0,0.0,0.0,0.0,0.0,0.0,0.0,1.1,0.0
68634,Avalon Dairy,35.716444,-119.430362,CA,Kern,CISO,Solar,3.1,0.0,0.0,0.0,0.0,0.0,0.0,0.0,3.1,0.0
68639,CBEP Solar 7,40.34036,-104.87889,CO,Weld,PSCO,Solar,5.0,0.0,0.0,0.0,0.0,0.0,0.0,0.0,5.0,0.0
68640,ECA CO Greeley,40.481029,-104.715909,CO,Weld,PSCO,Solar,3.3,0.0,0.0,0.0,0.0,0.0,0.0,0.0,3.3,0.0
68749,Superior Almond Hulling,36.442188,-120.387422,CA,Fresno,CISO,Solar,2.1,0.0,0.0,0.0,0.0,0.0,0.0,0.0,2.1,0.0
68798,Lockheed Martin Palmdale Solar PV,34.608,-118.109,CA,Los Angeles,CISO,Solar,20.9,0.0,0.0,0.0,0.0,0.0,0.0,0.0,20.9,0.0
68808,Dos Palos Cooperative Gin,37.083909,-120.63443,CA,Merced,CISO,Solar,1.0,0.0,0.0,0.0,0.0,0.0,0.0,0.0,1.0,0.0
68840,Da Silva Dairy,37.858452,-121.012951,CA,Merced,CISO,Solar,1.0,0.0,0.0,0.0,0.0,0.0,0.0,0.0,1.0,0.0
68844,CalPorlland Company Mojave Wind,35.035989,-118.340011,CA,Kern,CISO,Wind,23.5,0.0,0.0,0.0,0.0,0.0,0.0,0.0,0.0,23.5
68849,SF Auto O1,41.207,-112.004,UT,Weber,WACM,Solar,3.4,0.0,0.0,0.0,0.0,0.0,0.0,0.0,3.4,0.0
68887,PAC Aviation Solar,34.214543,-118.500571,CA,Los Angeles,LDWP,Solar,2.5,0.0,0.0,0.0,0.0,0.0,0.0,0.0,2.5,0.0
68889,"CoreSite Real Estate 3045 Stender, LP",37.3772,-121.971721,CA,Santa Clara,CISO,Oil,27.0,0.0,0.0,0.0,0.0,0.0,27.0,0.0,0.0,0.0
68890,P66 Rodeo Solar,38.035,-122.247,CA,Contra Costa,CISO,Solar,30.2,0.0,0.0,0.0,0.0,0.0,0.0,0.0,30.2,0.0
